customer_id,merchant_id,recency_days,frequency,monetary_value,avg_order_value,min_order_value,max_order_value,distinct_products_bought,distinct_categories_bought,customer_tenure_days,avg_purchase_interval_days,weekend_tx_ratio,evening_tx_ratio,target_segment,churn_risk_score,split
cust-00001,m-001,52,9,1011.79,112.42,61.38,245.24,6,1,350,37.2,0.444,0.111,AT_RISK,33.31,TRAIN
cust-00002,m-001,39,12,1494.62,124.55,35.57,391.86,7,1,300,23.7,0.583,0.417,AT_RISK,32.67,TEST
cust-00003,m-001,44,12,1160.82,96.74,35.19,261.24,9,1,362,28.9,0.333,0.083,AT_RISK,31.74,TRAIN
cust-00004,m-001,65,7,646.01,92.29,35.19,166.41,6,1,353,48.0,0.714,0.286,INACTIVE,39.27,TRAIN
cust-00005,m-001,46,12,1288.14,107.35,35.19,184.14,9,1,332,26.0,0.333,0.25,AT_RISK,40.36,TEST
cust-00006,m-001,32,16,1491.09,93.19,35.19,339.54,9,1,332,20.0,0.375,0.312,AT_RISK,25.21,TEST
cust-00007,m-001,45,11,993.33,90.3,35.57,391.86,8,1,345,30.0,0.182,0.273,AT_RISK,32.25,TRAIN
cust-00008,m-001,74,13,1781.98,137.08,35.19,426.9,8,1,341,22.2,0.538,0.231,INACTIVE,93.93,TRAIN
cust-00009,m-001,35,9,756.75,84.08,47.84,142.3,7,1,358,40.4,0.222,0.556,AT_RISK,7.31,TRAIN
cust-00010,m-001,123,8,781.15,97.64,35.57,261.24,7,1,293,24.3,0.25,0.125,INACTIVE,100.0,TEST
cust-00011,m-001,33,17,1699.32,99.96,37.64,284.6,8,1,356,20.2,0.412,0.294,AT_RISK,26.13,TRAIN
cust-00012,m-001,33,10,945.05,94.5,37.64,145.56,8,1,334,33.4,0.5,0.4,AT_RISK,7.39,VALIDATION
cust-00013,m-001,63,11,1215.0,110.45,50.53,245.52,8,1,288,22.5,0.273,0.182,INACTIVE,77.1,TRAIN
cust-00014,m-001,59,9,938.21,104.25,35.19,261.24,7,1,343,35.5,0.333,0.222,AT_RISK,48.11,VALIDATION
cust-00015,m-001,60,14,1620.72,115.77,47.84,426.9,9,1,352,22.5,0.643,0.071,AT_RISK,69.0,TRAIN
cust-00016,m-001,162,13,1473.38,113.34,35.19,367.86,9,1,331,14.1,0.231,0.077,INACTIVE,100.0,TRAIN
cust-00017,m-001,33,11,1055.56,95.96,35.57,284.6,9,1,317,28.4,0.636,0.182,AT_RISK,14.68,VALIDATION
cust-00018,m-001,51,9,697.4,77.49,35.19,113.18,6,1,296,30.6,0.556,0.444,AT_RISK,43.48,TRAIN
cust-00019,m-001,119,8,965.96,120.74,35.57,426.9,7,1,349,32.9,0.125,0.0,INACTIVE,100.0,TRAIN
cust-00020,m-001,86,12,819.21,68.27,35.19,113.18,7,1,359,24.8,0.333,0.333,INACTIVE,100.0,TRAIN
cust-00021,m-001,113,8,966.15,120.77,55.47,367.86,6,1,360,35.3,0.125,0.25,INACTIVE,100.0,VALIDATION
cust-00022,m-001,31,14,2204.74,157.48,35.57,569.2,10,1,323,22.5,0.5,0.143,AT_RISK,19.93,VALIDATION
cust-00023,m-001,72,14,1820.67,130.05,37.64,284.6,10,1,350,21.4,0.071,0.286,INACTIVE,91.28,VALIDATION
cust-00024,m-001,41,15,1690.25,112.68,35.57,426.9,9,1,363,23.0,0.133,0.267,AT_RISK,35.45,TRAIN
cust-00025,m-001,78,8,961.74,120.22,36.39,245.52,5,1,319,34.4,0.375,0.5,INACTIVE,83.68,TRAIN
cust-00026,m-001,41,9,612.31,68.03,35.19,151.59,6,1,333,36.5,0.222,0.556,AT_RISK,15.96,TRAIN
cust-00027,m-001,35,16,1419.0,88.69,35.19,142.3,10,1,362,21.8,0.375,0.562,AT_RISK,27.03,TRAIN
cust-00028,m-001,32,10,1146.16,114.62,55.47,166.44,8,1,331,33.2,0.3,0.2,AT_RISK,7.23,VALIDATION
cust-00029,m-001,31,17,1977.78,116.34,35.19,339.54,12,1,361,20.6,0.294,0.353,AT_RISK,22.02,TRAIN
cust-00030,m-001,74,10,1034.89,103.49,36.39,226.36,9,1,217,15.9,0.3,0.4,INACTIVE,100.0,TRAIN
cust-00031,m-001,45,15,1475.05,98.34,35.19,202.12,9,1,339,21.0,0.2,0.267,AT_RISK,45.93,TRAIN
cust-00032,m-001,35,6,1047.89,174.65,61.38,391.86,6,1,354,63.8,0.333,0.5,AT_RISK,7.39,TRAIN
cust-00033,m-001,63,6,881.09,146.85,35.57,490.48,5,1,270,41.4,0.333,0.333,INACTIVE,49.84,TRAIN
cust-00034,m-001,50,13,1351.03,103.93,35.19,202.12,11,1,361,25.9,0.308,0.615,AT_RISK,46.51,TRAIN
cust-00035,m-001,43,14,1960.78,140.06,35.19,391.86,11,1,288,18.8,0.5,0.357,AT_RISK,47.46,TRAIN
cust-00036,m-001,44,9,961.25,106.81,35.19,332.88,6,1,228,23.0,0.222,0.333,AT_RISK,45.91,VALIDATION
cust-00037,m-001,40,15,1953.0,130.2,36.39,490.48,9,1,258,15.6,0.133,0.133,AT_RISK,48.18,TRAIN
cust-00038,m-001,51,13,1320.75,101.6,35.19,339.54,10,1,336,23.8,0.308,0.231,AT_RISK,52.15,TRAIN
cust-00039,m-001,49,12,1356.77,113.06,37.64,284.6,6,1,363,28.5,0.25,0.25,AT_RISK,40.85,TEST
cust-00040,m-001,40,10,1289.69,128.97,36.39,522.48,7,1,286,27.3,0.5,0.2,AT_RISK,29.5,TRAIN
cust-00041,m-001,40,15,1275.28,85.02,35.19,166.44,10,1,289,17.8,0.2,0.267,AT_RISK,43.64,TRAIN
cust-00042,m-001,54,7,748.67,106.95,37.64,184.14,7,1,354,50.0,0.571,0.143,AT_RISK,17.41,TRAIN
cust-00043,m-001,75,8,769.75,96.22,35.19,166.44,8,1,348,39.0,0.625,0.25,INACTIVE,70.12,VALIDATION
cust-00044,m-001,48,11,850.02,77.27,35.19,142.3,11,1,315,26.7,0.182,0.455,AT_RISK,43.34,TRAIN
cust-00045,m-001,147,14,1442.48,103.03,35.19,268.53,11,1,363,16.6,0.5,0.429,INACTIVE,100.0,TRAIN
cust-00046,m-001,33,14,2029.24,144.95,36.39,452.72,11,1,307,21.1,0.429,0.429,AT_RISK,25.89,TRAIN
cust-00047,m-001,84,6,1474.06,245.68,89.51,452.72,5,1,337,50.6,0.167,0.5,INACTIVE,68.74,TRAIN
cust-00048,m-001,81,8,739.4,92.42,35.19,261.24,7,1,337,36.6,0.5,0.5,INACTIVE,84.57,TRAIN
cust-00049,m-001,52,12,1226.63,102.22,35.19,226.36,7,1,358,27.8,0.167,0.333,AT_RISK,47.16,TRAIN
cust-00050,m-001,53,12,1252.4,104.37,37.64,339.54,7,1,361,28.0,0.5,0.583,AT_RISK,48.48,TRAIN
cust-00051,m-001,44,10,1541.8,154.18,36.39,452.72,8,1,296,28.0,0.5,0.3,AT_RISK,35.11,TRAIN
cust-00052,m-001,36,11,1256.95,114.27,36.39,332.88,8,1,355,31.9,0.455,0.182,AT_RISK,13.73,TRAIN
cust-00053,m-001,92,11,1115.53,101.41,50.53,184.14,6,1,358,26.6,0.364,0.182,INACTIVE,100.0,TRAIN
cust-00054,m-001,99,5,1233.79,246.76,184.14,332.88,5,1,359,65.0,0.0,0.6,INACTIVE,71.62,TRAIN
cust-00055,m-001,43,11,1714.89,155.9,35.57,490.48,7,1,345,30.2,0.273,0.273,AT_RISK,28.52,TEST
cust-00056,m-001,42,8,993.16,124.14,89.51,221.88,7,1,270,32.6,0.75,0.25,AT_RISK,25.72,TEST
cust-00057,m-001,74,11,1463.4,133.04,47.84,268.53,10,1,331,25.7,0.364,0.091,INACTIVE,89.17,TRAIN
cust-00058,m-001,50,10,1169.44,116.94,36.39,367.86,9,1,338,32.0,0.3,0.1,AT_RISK,38.06,TRAIN
cust-00059,m-001,36,13,1160.95,89.3,35.19,245.24,7,1,362,27.2,0.308,0.308,AT_RISK,20.64,TRAIN
cust-00060,m-001,33,19,1504.96,79.21,35.57,191.36,10,1,360,18.2,0.316,0.105,AT_RISK,29.06,TRAIN
cust-00061,m-001,31,9,1316.39,146.27,35.57,391.86,7,1,347,39.5,0.444,0.444,AT_RISK,6.68,TEST
cust-00062,m-001,48,12,2047.96,170.66,37.64,452.72,7,1,361,28.5,0.25,0.333,AT_RISK,39.19,TRAIN
cust-00063,m-001,35,7,720.38,102.91,37.64,166.44,7,1,312,46.2,0.429,0.429,AT_RISK,8.39,TRAIN
cust-00064,m-001,165,3,396.96,132.32,47.84,226.36,3,1,294,64.5,0.333,0.667,INACTIVE,100.0,TRAIN
cust-00065,m-001,54,9,866.21,96.25,35.19,142.3,7,1,277,27.9,0.444,0.333,AT_RISK,53.72,TEST
cust-00066,m-001,31,9,908.05,100.89,35.19,245.24,8,1,360,41.1,0.333,0.222,AT_RISK,6.44,TRAIN
cust-00067,m-001,48,13,1730.88,133.14,35.57,569.2,9,1,364,26.3,0.077,0.231,AT_RISK,42.41,VALIDATION
cust-00068,m-001,32,12,1118.46,93.2,35.19,221.88,7,1,338,27.8,0.5,0.333,AT_RISK,13.38,TRAIN
cust-00069,m-001,118,11,1167.66,106.15,35.19,339.54,8,1,289,17.1,0.091,0.364,INACTIVE,100.0,TRAIN
cust-00070,m-001,61,7,819.71,117.1,35.19,261.24,6,1,359,49.7,0.429,0.286,INACTIVE,29.66,TRAIN
cust-00071,m-001,118,15,2109.7,140.65,36.39,426.9,10,1,331,15.2,0.2,0.2,INACTIVE,100.0,TRAIN
cust-00072,m-001,31,15,2112.75,140.85,35.57,522.48,7,1,348,22.6,0.467,0.267,AT_RISK,19.26,TRAIN
cust-00073,m-001,65,9,1063.78,118.2,37.64,569.2,7,1,294,28.6,0.333,0.222,INACTIVE,71.13,VALIDATION
cust-00074,m-001,42,12,1352.48,112.71,35.19,452.72,10,1,298,23.3,0.25,0.25,AT_RISK,38.59,TRAIN
cust-00075,m-001,43,11,1483.62,134.87,36.39,426.9,9,1,326,28.3,0.273,0.727,AT_RISK,31.91,TEST
cust-00076,m-001,88,11,1270.32,115.48,36.39,339.54,7,1,363,27.5,0.273,0.273,INACTIVE,100.0,TRAIN
cust-00077,m-001,61,21,1826.69,86.99,35.57,261.24,11,1,329,13.4,0.429,0.524,INACTIVE,85.26,TRAIN
cust-00078,m-001,118,11,1575.16,143.2,35.19,332.88,9,1,361,24.3,0.455,0.091,INACTIVE,100.0,TEST
cust-00079,m-001,111,16,1809.8,113.11,35.19,367.86,10,1,353,16.1,0.125,0.25,INACTIVE,100.0,VALIDATION
cust-00080,m-001,127,8,1124.97,140.62,36.39,261.24,6,1,340,30.4,0.25,0.625,INACTIVE,100.0,TRAIN
cust-00081,m-001,37,10,1181.24,118.12,36.39,284.6,7,1,363,36.2,0.3,0.4,AT_RISK,8.82,TRAIN
cust-00082,m-001,53,10,1493.17,149.32,35.19,452.72,8,1,340,31.9,0.5,0.3,AT_RISK,43.31,TRAIN
cust-00083,m-001,92,13,1350.28,103.87,35.19,179.02,10,1,356,22.0,0.462,0.308,INACTIVE,100.0,TRAIN
cust-00084,m-001,85,12,890.44,74.2,35.19,142.3,9,1,354,24.5,0.417,0.5,INACTIVE,100.0,TRAIN
cust-00085,m-001,39,11,1486.56,135.14,36.39,569.2,10,1,361,32.2,0.455,0.364,AT_RISK,18.28,TRAIN
cust-00086,m-001,67,6,791.39,131.9,35.57,261.24,4,1,297,46.0,0.667,0.167,INACTIVE,48.36,TRAIN
cust-00087,m-001,49,12,1213.37,101.11,35.19,452.72,8,1,341,26.5,0.333,0.25,AT_RISK,44.5,TRAIN
cust-00088,m-001,50,12,978.83,81.57,35.57,142.3,8,1,331,25.5,0.5,0.167,AT_RISK,48.05,TRAIN
cust-00089,m-001,32,9,896.65,99.63,35.19,142.3,7,1,348,39.5,0.333,0.111,AT_RISK,6.88,TRAIN
cust-00090,m-001,33,13,1482.47,114.04,35.57,426.9,9,1,360,27.2,0.308,0.308,AT_RISK,15.56,VALIDATION
cust-00091,m-001,62,12,1309.68,109.14,35.19,191.36,8,1,354,26.5,0.333,0.583,INACTIVE,66.35,TRAIN
cust-00092,m-001,35,9,1703.84,189.32,61.38,569.2,5,1,331,37.0,0.111,0.222,AT_RISK,7.91,TRAIN
cust-00093,m-001,33,11,1175.6,106.87,35.57,245.24,9,1,243,21.0,0.364,0.091,AT_RISK,28.14,TRAIN
cust-00094,m-001,132,6,623.65,103.94,35.57,245.52,4,1,297,33.0,0.0,0.5,INACTIVE,100.0,TRAIN
cust-00095,m-001,77,8,1306.23,163.28,47.84,522.48,6,1,332,36.4,0.375,0.375,INACTIVE,78.24,TEST
cust-00096,m-001,54,5,539.54,107.91,37.64,179.02,4,1,302,62.0,0.4,0.0,AT_RISK,13.37,TRAIN
cust-00097,m-001,51,11,1203.96,109.45,37.64,339.54,8,1,328,27.7,0.182,0.273,AT_RISK,46.58,TRAIN
cust-00098,m-001,32,16,2283.02,142.69,35.19,452.72,12,1,331,19.9,0.438,0.5,AT_RISK,25.38,VALIDATION
cust-00099,m-001,154,2,136.25,68.12,35.19,101.06,2,1,272,118.0,0.0,0.0,INACTIVE,96.31,TEST
cust-00100,m-001,33,13,1545.03,118.85,35.57,245.24,9,1,319,23.8,0.385,0.308,AT_RISK,21.53,TRAIN
cust-00101,m-001,31,7,484.35,69.19,35.19,142.3,6,1,297,44.3,0.143,0.143,AT_RISK,7.8,TRAIN
cust-00102,m-001,59,13,976.69,75.13,35.57,122.62,9,1,284,18.8,0.385,0.154,AT_RISK,75.83,TRAIN
cust-00103,m-001,43,6,899.72,149.95,50.53,284.6,5,1,341,59.6,0.5,0.333,AT_RISK,9.43,TRAIN
cust-00104,m-001,71,16,1643.9,102.74,35.19,226.36,11,1,360,19.3,0.312,0.438,INACTIVE,92.3,TRAIN
cust-00105,m-001,57,13,815.31,62.72,35.19,179.02,8,1,359,25.2,0.231,0.538,AT_RISK,59.58,TRAIN
cust-00106,m-001,110,8,624.02,78.0,35.19,142.3,6,1,357,35.3,0.5,0.25,INACTIVE,100.0,VALIDATION
cust-00107,m-001,70,8,834.2,104.28,35.57,245.24,6,1,354,40.6,0.25,0.5,INACTIVE,58.89,TRAIN
cust-00108,m-001,62,10,823.24,82.32,35.57,142.3,7,1,346,31.6,0.1,0.5,INACTIVE,59.0,TRAIN
cust-00109,m-001,66,10,1190.05,119.0,35.57,391.86,7,1,330,29.3,0.4,0.2,INACTIVE,70.0,TRAIN
cust-00110,m-001,51,16,1653.97,103.37,36.39,284.6,10,1,328,18.5,0.312,0.25,AT_RISK,60.38,TRAIN
cust-00111,m-001,55,16,1636.97,102.31,35.19,261.24,10,1,351,19.7,0.375,0.438,AT_RISK,64.67,TRAIN
cust-00112,m-001,77,9,835.5,92.83,35.19,179.02,7,1,352,34.4,0.111,0.222,INACTIVE,80.26,TRAIN
cust-00113,m-001,50,11,952.01,86.55,35.57,221.88,7,1,344,29.4,0.182,0.182,AT_RISK,41.77,TRAIN
cust-00114,m-001,56,9,1136.96,126.33,35.57,367.86,7,1,334,34.8,0.444,0.444,AT_RISK,44.34,TRAIN
cust-00115,m-001,88,8,701.49,87.69,37.64,151.59,6,1,332,34.9,0.375,0.25,INACTIVE,99.47,TRAIN
cust-00116,m-001,37,12,1324.21,110.35,35.19,284.6,9,1,353,28.7,0.333,0.167,AT_RISK,20.29,TRAIN
cust-00117,m-001,52,12,1327.09,110.59,35.57,284.6,9,1,364,28.4,0.167,0.333,AT_RISK,46.08,TEST
cust-00118,m-001,31,10,1818.35,181.83,47.84,522.48,8,1,343,34.7,0.6,0.4,AT_RISK,6.76,TEST
cust-00119,m-001,40,10,986.62,98.66,35.19,332.88,8,1,352,34.7,0.3,0.2,AT_RISK,16.45,TRAIN
cust-00120,m-001,88,7,1258.4,179.77,35.19,426.9,5,1,305,36.2,0.571,0.571,INACTIVE,99.27,TRAIN
cust-00121,m-001,68,12,1842.46,153.54,47.84,367.86,7,1,350,25.6,0.333,0.333,INACTIVE,78.13,TRAIN
cust-00122,m-001,35,17,1973.64,116.1,35.19,391.86,8,1,355,20.0,0.353,0.353,AT_RISK,29.87,TRAIN
cust-00123,m-001,38,13,1185.87,91.22,35.19,339.54,10,1,356,26.5,0.154,0.077,AT_RISK,25.23,TRAIN
cust-00124,m-001,47,8,838.86,104.86,36.39,268.53,7,1,234,26.7,0.375,0.25,AT_RISK,45.45,TRAIN
cust-00125,m-001,47,9,884.75,98.31,37.64,226.36,7,1,357,38.8,0.444,0.222,AT_RISK,22.15,TRAIN
cust-00126,m-001,38,10,1245.57,124.56,35.19,245.24,9,1,312,30.4,0.6,0.6,AT_RISK,20.51,TEST
cust-00127,m-001,40,8,1516.86,189.61,35.57,522.48,6,1,361,45.9,0.625,0.25,AT_RISK,8.29,TEST
cust-00128,m-001,37,12,2153.71,179.48,36.39,569.2,8,1,327,26.4,0.333,0.333,AT_RISK,24.36,TRAIN
cust-00129,m-001,32,15,2014.81,134.32,35.19,284.6,12,1,315,20.2,0.333,0.267,AT_RISK,25.29,VALIDATION
cust-00130,m-001,84,7,855.52,122.22,50.53,142.3,5,1,361,46.2,0.286,0.286,INACTIVE,74.1,VALIDATION
cust-00131,m-001,33,11,957.88,87.08,35.19,166.44,7,1,348,31.5,0.364,0.364,AT_RISK,9.34,TEST
cust-00132,m-001,56,13,2163.09,166.39,37.64,452.72,9,1,320,22.0,0.308,0.462,AT_RISK,64.08,TRAIN
cust-00133,m-001,48,11,1347.16,122.47,35.19,284.6,8,1,329,28.1,0.273,0.455,AT_RISK,40.76,TRAIN
cust-00134,m-001,38,13,1054.31,81.1,35.19,130.62,9,1,333,24.6,0.308,0.308,AT_RISK,28.63,TEST
cust-00135,m-001,66,13,1425.5,109.65,36.39,332.88,6,1,344,23.2,0.385,0.077,INACTIVE,78.55,TRAIN
cust-00136,m-001,33,11,876.4,79.67,36.39,151.59,7,1,337,30.4,0.364,0.364,AT_RISK,11.22,TRAIN
cust-00137,m-001,33,14,1270.18,90.73,35.19,261.24,11,1,360,25.2,0.286,0.214,AT_RISK,18.56,TRAIN
cust-00138,m-001,82,9,969.12,107.68,35.57,490.48,8,1,275,24.1,0.444,0.556,INACTIVE,100.0,TEST
cust-00139,m-001,61,7,504.89,72.13,35.57,130.62,7,1,364,50.5,0.571,0.143,INACTIVE,28.28,TRAIN
cust-00140,m-001,72,14,1934.35,138.17,35.57,391.86,8,1,336,20.3,0.357,0.214,INACTIVE,93.57,TRAIN
cust-00141,m-001,44,11,1515.51,137.77,35.57,522.48,7,1,364,32.0,0.273,0.273,AT_RISK,27.04,VALIDATION
cust-00142,m-001,48,17,1034.22,60.84,35.19,122.76,8,1,363,19.7,0.294,0.353,AT_RISK,52.34,TRAIN
cust-00143,m-001,40,12,794.74,66.23,35.57,122.62,8,1,297,23.4,0.25,0.333,AT_RISK,34.97,TRAIN
cust-00144,m-001,68,16,1929.06,120.57,35.19,391.86,11,1,354,19.1,0.312,0.312,INACTIVE,87.72,TRAIN
cust-00145,m-001,71,9,1271.61,141.29,35.57,490.48,8,1,322,31.4,0.444,0.444,INACTIVE,75.89,TRAIN
cust-00146,m-001,52,11,1536.47,139.68,35.57,426.9,8,1,346,29.4,0.273,0.182,AT_RISK,45.14,TEST
cust-00147,m-001,50,11,1518.73,138.07,35.19,452.72,7,1,347,29.7,0.364,0.364,AT_RISK,41.23,TRAIN
cust-00148,m-001,65,9,732.88,81.43,35.19,130.62,6,1,333,33.5,0.333,0.222,INACTIVE,61.85,VALIDATION
cust-00149,m-001,42,19,1407.16,74.06,35.57,226.36,11,1,349,17.1,0.368,0.421,AT_RISK,46.35,VALIDATION
cust-00150,m-001,103,7,603.41,86.2,36.39,245.24,5,1,342,39.8,0.286,0.429,INACTIVE,100.0,TRAIN
cust-00151,m-001,80,7,787.14,112.45,37.64,261.24,6,1,284,34.0,0.429,0.143,INACTIVE,90.05,TRAIN
cust-00152,m-001,35,15,2245.9,149.73,37.64,426.9,10,1,347,22.3,0.533,0.267,AT_RISK,26.59,TRAIN
cust-00153,m-001,59,15,1375.85,91.72,35.19,202.12,10,1,341,20.1,0.333,0.333,AT_RISK,71.29,TRAIN
cust-00154,m-001,50,9,747.31,83.03,35.19,143.52,8,1,351,37.6,0.444,0.222,AT_RISK,29.25,TEST
cust-00155,m-001,80,17,2572.58,151.33,36.39,490.48,11,1,362,17.6,0.176,0.412,INACTIVE,100.0,TEST
cust-00156,m-001,33,10,991.2,99.12,35.19,268.53,7,1,340,34.1,0.4,0.3,AT_RISK,7.26,TRAIN
cust-00157,m-001,58,15,2325.17,155.01,37.64,391.86,9,1,320,18.7,0.4,0.267,AT_RISK,72.5,TRAIN
cust-00158,m-001,42,12,1178.1,98.18,35.57,268.53,9,1,331,26.3,0.25,0.417,AT_RISK,33.04,TRAIN
cust-00159,m-001,50,7,696.81,99.54,37.64,142.3,6,1,340,48.3,0.429,0.429,AT_RISK,13.55,VALIDATION
cust-00160,m-001,78,14,1791.6,127.97,55.47,249.66,8,1,361,21.8,0.5,0.071,INACTIVE,100.0,TRAIN
cust-00161,m-001,144,5,629.84,125.97,47.84,261.24,3,1,347,50.8,0.6,0.6,INACTIVE,100.0,TRAIN
cust-00162,m-001,38,8,808.64,101.08,37.64,179.02,5,1,289,35.9,0.125,0.25,AT_RISK,12.98,TEST
cust-00163,m-001,36,23,2438.78,106.03,35.57,339.54,12,1,361,14.8,0.391,0.217,AT_RISK,39.26,VALIDATION
cust-00164,m-001,55,9,1204.84,133.87,35.19,367.86,7,1,313,32.2,0.444,0.222,AT_RISK,47.34,VALIDATION
cust-00165,m-001,50,11,1883.44,171.22,36.39,569.2,8,1,350,30.0,0.273,0.273,AT_RISK,40.68,TRAIN
cust-00166,m-001,85,10,1536.19,153.62,35.57,452.72,8,1,360,30.6,0.5,0.5,INACTIVE,99.26,TRAIN
cust-00167,m-001,97,11,820.6,74.6,35.57,122.62,7,1,350,25.3,0.364,0.364,INACTIVE,100.0,TRAIN
cust-00168,m-001,50,12,1306.48,108.87,35.57,522.48,7,1,361,28.3,0.5,0.083,AT_RISK,42.91,TRAIN
cust-00169,m-001,76,11,784.78,71.34,35.57,142.3,8,1,348,27.2,0.364,0.364,INACTIVE,89.53,TRAIN
cust-00170,m-001,39,20,2056.88,102.84,35.19,339.54,8,1,352,16.5,0.35,0.3,AT_RISK,42.04,TRAIN
cust-00171,m-001,44,16,2222.07,138.88,35.57,426.9,9,1,361,21.1,0.375,0.25,AT_RISK,43.47,TRAIN
cust-00172,m-001,45,7,1292.98,184.71,55.47,452.72,6,1,362,52.8,0.429,0.714,AT_RISK,9.3,TRAIN
cust-00173,m-001,68,12,1101.05,91.75,35.57,284.6,9,1,295,20.6,0.5,0.333,INACTIVE,88.33,TRAIN
cust-00174,m-001,73,11,829.57,75.42,35.57,179.02,8,1,346,27.3,0.182,0.455,INACTIVE,84.33,TRAIN
cust-00175,m-001,80,9,1064.63,118.29,35.57,284.6,7,1,305,28.1,0.333,0.222,INACTIVE,97.46,TRAIN
cust-00176,m-001,51,9,593.89,65.99,35.19,113.18,6,1,294,30.4,0.222,0.444,AT_RISK,43.87,TRAIN
cust-00177,m-001,40,16,1894.01,118.38,35.57,261.24,12,1,341,20.1,0.188,0.438,AT_RISK,38.62,TRAIN
cust-00178,m-001,35,8,709.38,88.67,35.57,179.02,6,1,354,45.6,0.375,0.25,AT_RISK,7.39,TRAIN
cust-00179,m-001,122,8,939.04,117.38,35.19,284.6,7,1,356,33.4,0.25,0.25,INACTIVE,100.0,TRAIN
cust-00180,m-001,110,8,1061.64,132.71,35.57,452.72,5,1,339,32.7,0.75,0.25,INACTIVE,100.0,TRAIN
cust-00181,m-001,146,14,1093.81,78.13,35.57,142.3,8,1,314,12.9,0.143,0.214,INACTIVE,100.0,TRAIN
cust-00182,m-001,65,10,862.82,86.28,37.64,184.14,8,1,305,26.7,0.2,0.5,INACTIVE,73.38,TRAIN
cust-00183,m-001,45,8,845.67,105.71,36.39,142.3,6,1,340,42.1,0.25,0.25,AT_RISK,14.25,TRAIN
cust-00184,m-001,123,7,717.78,102.54,37.64,179.02,6,1,361,39.7,0.286,0.143,INACTIVE,100.0,TRAIN
cust-00185,m-001,122,7,629.31,89.9,36.39,249.66,6,1,364,40.3,0.429,0.429,INACTIVE,100.0,TRAIN
cust-00186,m-001,56,10,1061.16,106.12,36.39,226.36,8,1,336,31.1,0.3,0.5,AT_RISK,49.81,TRAIN
cust-00187,m-001,74,14,1240.74,88.62,35.57,142.3,9,1,359,21.9,0.143,0.429,INACTIVE,93.57,TRAIN
cust-00188,m-001,57,14,1296.58,92.61,35.19,245.52,8,1,352,22.7,0.357,0.357,AT_RISK,63.56,TRAIN
cust-00189,m-001,120,10,1215.41,121.54,35.57,452.72,7,1,336,24.0,0.2,0.3,INACTIVE,100.0,TRAIN
cust-00190,m-001,55,7,1135.07,162.15,35.57,391.86,5,1,361,51.0,0.286,0.286,AT_RISK,17.4,TEST
cust-00191,m-001,73,9,788.29,87.59,35.19,166.44,8,1,349,34.5,0.333,0.111,INACTIVE,73.39,TEST
cust-00192,m-001,60,11,1130.48,102.77,35.19,391.86,8,1,345,28.5,0.364,0.273,AT_RISK,60.26,TRAIN
cust-00193,m-001,43,16,1556.21,97.26,35.19,332.88,9,1,346,20.2,0.375,0.312,AT_RISK,43.49,TRAIN
cust-00194,m-001,44,13,1306.91,100.53,35.19,245.52,8,1,311,22.2,0.385,0.462,AT_RISK,43.28,TRAIN
cust-00195,m-001,45,17,1426.65,83.92,35.19,249.66,10,1,357,19.5,0.235,0.176,AT_RISK,47.68,TRAIN
cust-00196,m-001,51,8,1000.63,125.08,36.39,284.6,7,1,331,40.0,0.625,0.375,AT_RISK,28.02,TRAIN
cust-00197,m-001,47,11,1172.56,106.6,35.57,284.6,9,1,344,29.7,0.364,0.273,AT_RISK,36.17,TRAIN
cust-00198,m-001,46,17,1987.54,116.91,35.19,391.86,9,1,356,19.4,0.353,0.412,AT_RISK,49.56,TEST
cust-00199,m-001,33,14,1603.13,114.51,37.64,426.9,7,1,355,24.8,0.357,0.286,AT_RISK,19.25,TRAIN
cust-00200,m-001,70,9,876.01,97.33,35.19,284.6,8,1,339,33.6,0.556,0.333,INACTIVE,70.04,TRAIN
cust-00201,m-001,37,7,563.96,80.57,35.19,142.3,7,1,362,54.2,0.286,0.571,AT_RISK,7.64,TRAIN
cust-00202,m-001,39,12,1366.73,113.89,35.57,367.86,8,1,352,28.5,0.417,0.167,AT_RISK,24.04,TRAIN
cust-00203,m-001,60,13,1505.61,115.82,35.19,268.53,9,1,364,25.3,0.385,0.154,AT_RISK,64.38,TEST
cust-00204,m-001,84,10,781.56,78.16,35.19,151.59,8,1,300,24.0,0.1,0.6,INACTIVE,100.0,TRAIN
cust-00205,m-001,40,17,2039.2,119.95,47.84,284.6,11,1,356,19.8,0.471,0.353,AT_RISK,38.7,VALIDATION
cust-00206,m-001,46,12,1457.25,121.44,37.64,261.24,8,1,359,28.5,0.417,0.25,AT_RISK,35.83,TRAIN
cust-00207,m-001,36,7,955.43,136.49,35.19,284.6,5,1,312,46.0,0.143,0.429,AT_RISK,8.63,TEST
cust-00208,m-001,48,7,681.99,97.43,35.19,332.88,5,1,364,52.7,0.429,0.571,AT_RISK,9.86,VALIDATION
cust-00209,m-001,42,14,1406.81,100.49,36.39,284.6,8,1,348,23.5,0.357,0.357,AT_RISK,36.78,TRAIN
cust-00210,m-001,75,10,1446.8,144.68,35.19,522.48,8,1,339,29.3,0.3,0.2,INACTIVE,85.09,TRAIN
cust-00211,m-001,33,15,2076.07,138.4,35.19,490.48,8,1,364,23.6,0.2,0.333,AT_RISK,20.88,TRAIN
cust-00212,m-001,171,6,810.52,135.09,37.64,261.24,5,1,326,31.0,0.167,0.167,INACTIVE,100.0,TRAIN
cust-00213,m-001,43,11,918.42,83.49,35.57,122.76,6,1,362,31.9,0.182,0.273,AT_RISK,25.53,TRAIN
cust-00214,m-001,36,8,921.13,115.14,36.39,261.24,5,1,342,43.7,0.5,0.125,AT_RISK,7.87,TEST
cust-00215,m-001,31,14,1667.58,119.11,35.19,358.04,8,1,363,25.5,0.429,0.286,AT_RISK,14.64,TRAIN
cust-00216,m-001,71,14,1846.69,131.91,35.57,426.9,7,1,357,22.0,0.571,0.357,INACTIVE,88.37,TRAIN
cust-00217,m-001,37,14,1208.15,86.3,35.19,150.56,11,1,360,24.8,0.429,0.214,AT_RISK,25.99,TRAIN
cust-00218,m-001,114,8,1222.13,152.77,47.84,339.54,5,1,359,35.0,0.25,0.375,INACTIVE,100.0,TRAIN
cust-00219,m-001,39,6,833.21,138.87,35.19,202.12,6,1,331,58.4,0.333,0.0,AT_RISK,8.81,TRAIN
cust-00220,m-001,80,9,1218.92,135.44,35.19,332.88,8,1,334,31.8,0.667,0.444,INACTIVE,90.21,TRAIN
cust-00221,m-001,65,11,1081.6,98.33,35.57,130.62,6,1,337,27.2,0.273,0.0,INACTIVE,71.12,TRAIN
cust-00222,m-001,40,10,1185.67,118.57,35.19,284.6,8,1,300,28.9,0.2,0.3,AT_RISK,26.62,TRAIN
cust-00223,m-001,59,11,1338.19,121.65,35.19,426.9,5,1,359,30.0,0.091,0.182,AT_RISK,55.79,TRAIN
cust-00224,m-001,42,7,493.75,70.54,35.19,142.3,5,1,334,48.7,0.429,0.429,AT_RISK,9.4,TRAIN
cust-00225,m-001,31,10,965.82,96.58,35.57,179.02,8,1,319,32.0,0.4,0.5,AT_RISK,7.27,TEST
cust-00226,m-001,32,11,1481.18,134.65,37.64,339.54,8,1,359,32.7,0.364,0.364,AT_RISK,6.67,TEST
cust-00227,m-001,70,6,646.09,107.68,36.39,150.56,5,1,346,55.2,0.167,0.0,INACTIVE,37.33,VALIDATION
cust-00228,m-001,126,7,943.71,134.82,50.53,245.24,4,1,279,25.5,0.286,0.429,INACTIVE,100.0,TRAIN
cust-00229,m-001,60,9,986.27,109.59,35.19,358.04,8,1,357,37.1,0.222,0.333,AT_RISK,46.92,TRAIN
cust-00230,m-001,31,13,1502.92,115.61,35.19,284.6,10,1,361,27.5,0.308,0.231,AT_RISK,11.67,TRAIN
cust-00231,m-001,62,7,751.95,107.42,35.19,261.24,6,1,303,40.2,0.286,0.143,INACTIVE,48.0,TRAIN
cust-00232,m-001,58,15,2491.17,166.08,35.19,569.2,11,1,358,21.4,0.267,0.133,AT_RISK,67.02,TRAIN
cust-00233,m-001,37,10,1297.01,129.7,35.19,284.6,7,1,335,33.1,0.1,0.6,AT_RISK,14.11,TEST
cust-00234,m-001,41,11,988.22,89.84,35.19,179.02,7,1,330,28.9,0.273,0.364,AT_RISK,27.44,TRAIN
cust-00235,m-001,135,9,676.23,75.14,35.19,145.56,7,1,332,24.6,0.444,0.333,INACTIVE,100.0,TRAIN
cust-00236,m-001,99,11,1159.01,105.36,37.64,150.56,7,1,291,19.2,0.364,0.364,INACTIVE,100.0,TEST
cust-00237,m-001,36,10,1314.89,131.49,35.19,367.86,9,1,307,30.1,0.1,0.2,AT_RISK,17.62,VALIDATION
cust-00238,m-001,61,6,1759.19,293.2,35.57,897.75,6,1,331,54.0,0.5,0.167,INACTIVE,24.28,VALIDATION
cust-00239,m-001,33,8,711.33,88.92,37.64,151.59,7,1,355,46.0,0.5,0.375,AT_RISK,6.95,TRAIN
cust-00240,m-001,34,12,1535.33,127.94,35.19,367.86,7,1,337,27.5,0.333,0.167,AT_RISK,17.29,TRAIN
cust-00241,m-001,49,13,1164.16,89.55,36.39,191.36,8,1,363,26.2,0.231,0.231,AT_RISK,44.3,TRAIN
cust-00242,m-001,33,10,1344.61,134.46,35.19,391.86,6,1,311,30.9,0.3,0.7,AT_RISK,11.08,VALIDATION
cust-00243,m-001,54,7,809.71,115.67,36.39,179.02,6,1,324,45.0,0.429,0.286,AT_RISK,25.96,TRAIN
cust-00244,m-001,68,11,975.48,88.68,35.19,261.24,7,1,364,29.6,0.636,0.364,INACTIVE,71.57,VALIDATION
cust-00245,m-001,44,7,1077.78,153.97,83.22,358.04,4,1,281,39.5,0.0,0.143,AT_RISK,18.45,TRAIN
cust-00246,m-001,51,6,547.26,91.21,50.53,179.02,4,1,248,39.4,0.167,0.333,AT_RISK,32.76,TRAIN
cust-00247,m-001,31,12,1005.67,83.81,37.64,142.3,9,1,277,22.4,0.333,0.333,AT_RISK,21.26,TRAIN
cust-00248,m-001,50,22,3114.79,141.58,36.39,569.2,11,1,362,14.9,0.273,0.455,AT_RISK,62.98,TRAIN
cust-00249,m-001,58,8,575.73,71.97,35.19,113.18,5,1,303,35.0,0.375,0.5,AT_RISK,48.81,TRAIN
cust-00250,m-001,33,15,1716.9,114.46,35.19,226.36,9,1,360,23.4,0.267,0.333,AT_RISK,21.26,TEST
cust-00251,m-001,35,13,1373.0,105.62,36.39,261.24,8,1,333,24.8,0.615,0.462,AT_RISK,23.16,VALIDATION
cust-00252,m-001,34,12,1728.06,144.0,35.19,569.2,8,1,336,27.5,0.083,0.333,AT_RISK,17.32,TRAIN
cust-00253,m-001,102,9,1151.37,127.93,35.57,339.54,6,1,364,32.8,0.333,0.222,INACTIVE,100.0,TRAIN
cust-00254,m-001,34,11,1077.86,97.99,35.19,391.86,9,1,363,32.9,0.0,0.273,AT_RISK,8.66,TRAIN
cust-00255,m-001,35,15,1978.37,131.89,35.19,367.86,10,1,285,17.9,0.267,0.4,AT_RISK,34.83,TRAIN
cust-00256,m-001,88,9,796.59,88.51,35.19,284.6,7,1,314,28.2,0.222,0.444,INACTIVE,100.0,TEST
cust-00257,m-001,92,8,861.82,107.73,50.53,284.6,7,1,200,15.4,0.625,0.375,INACTIVE,100.0,TRAIN
cust-00258,m-001,48,13,1127.66,86.74,35.57,142.3,7,1,342,24.5,0.154,0.154,AT_RISK,45.75,TRAIN
cust-00259,m-001,74,8,1005.87,125.73,55.47,245.24,5,1,332,36.9,0.25,0.5,INACTIVE,72.32,TRAIN
cust-00260,m-001,40,12,1083.14,90.26,37.64,166.44,9,1,355,28.6,0.25,0.417,AT_RISK,25.53,TRAIN
cust-00261,m-001,32,14,1706.43,121.89,36.39,284.6,8,1,363,25.5,0.429,0.357,AT_RISK,16.34,TEST
cust-00262,m-001,47,10,1273.5,127.35,35.19,522.48,7,1,314,29.7,0.5,0.4,AT_RISK,37.14,VALIDATION
cust-00263,m-001,76,9,1292.01,143.56,35.19,261.24,8,1,363,35.9,0.333,0.444,INACTIVE,75.81,TEST
cust-00264,m-001,63,8,588.21,73.53,35.57,130.62,7,1,360,42.4,0.5,0.0,INACTIVE,43.99,TRAIN
cust-00265,m-001,103,10,1743.32,174.33,35.19,490.48,7,1,361,28.7,0.6,0.3,INACTIVE,100.0,TRAIN
cust-00266,m-001,43,17,1873.61,110.21,35.57,391.86,10,1,360,19.8,0.235,0.529,AT_RISK,43.73,TRAIN
cust-00267,m-001,95,8,717.44,89.68,37.64,130.62,6,1,348,36.1,0.5,0.25,INACTIVE,100.0,TRAIN
cust-00268,m-001,54,15,1589.5,105.97,35.19,367.86,11,1,350,21.1,0.2,0.267,AT_RISK,60.89,TRAIN
cust-00269,m-001,33,16,2475.83,154.74,35.57,452.72,10,1,347,20.9,0.375,0.312,AT_RISK,25.26,TRAIN
cust-00270,m-001,38,15,1084.05,72.27,35.19,143.52,8,1,310,19.4,0.133,0.333,AT_RISK,37.06,VALIDATION
cust-00271,m-001,33,19,2260.11,118.95,35.57,339.54,9,1,290,14.3,0.211,0.316,AT_RISK,36.56,TRAIN
cust-00272,m-001,46,9,1203.93,133.77,35.19,284.6,7,1,358,39.0,0.444,0.333,AT_RISK,20.11,TEST
cust-00273,m-001,33,13,1084.79,83.45,35.57,184.14,8,1,335,25.2,0.615,0.385,AT_RISK,19.07,TRAIN
cust-00274,m-001,46,19,4202.01,221.16,47.84,522.48,9,1,263,12.1,0.368,0.158,AT_RISK,63.92,TRAIN
cust-00275,m-001,81,10,1122.86,112.29,35.19,268.53,8,1,325,27.1,0.4,0.8,INACTIVE,99.48,TRAIN
cust-00276,m-001,53,11,766.84,69.71,35.19,142.3,8,1,332,27.9,0.364,0.364,AT_RISK,49.59,VALIDATION
cust-00277,m-001,37,8,770.98,96.37,47.84,166.41,6,1,293,36.6,0.25,0.375,AT_RISK,10.04,TRAIN
cust-00278,m-001,42,11,1195.43,108.68,50.53,179.02,9,1,348,30.6,0.273,0.182,AT_RISK,26.13,TEST
cust-00279,m-001,63,12,1452.52,121.04,35.57,332.88,6,1,341,25.3,0.333,0.25,INACTIVE,70.37,TRAIN
cust-00280,m-001,92,5,403.29,80.66,35.57,140.76,5,1,268,44.0,0.2,0.0,INACTIVE,97.65,TRAIN
cust-00281,m-001,68,14,1685.82,120.42,47.84,391.86,10,1,361,22.5,0.214,0.357,INACTIVE,82.34,TRAIN
cust-00282,m-001,49,9,997.18,110.8,35.57,339.54,8,1,348,37.4,0.222,0.556,AT_RISK,27.93,VALIDATION
cust-00283,m-001,96,5,553.39,110.68,55.47,166.44,5,1,342,61.5,0.4,0.4,INACTIVE,72.74,VALIDATION
cust-00284,m-001,33,15,833.9,55.59,35.19,140.76,8,1,352,22.8,0.333,0.267,AT_RISK,22.31,TRAIN
cust-00285,m-001,46,8,834.59,104.32,35.19,268.53,6,1,235,27.0,0.75,0.0,AT_RISK,43.12,TRAIN
cust-00286,m-001,38,15,1691.38,112.76,35.57,367.86,9,1,351,22.4,0.467,0.267,AT_RISK,31.5,VALIDATION
cust-00287,m-001,65,15,1261.68,84.11,35.19,358.04,9,1,360,21.1,0.333,0.667,INACTIVE,79.35,TRAIN
cust-00288,m-001,67,22,2815.83,127.99,35.19,569.2,14,1,364,14.1,0.364,0.409,INACTIVE,93.12,TRAIN
cust-00289,m-001,39,11,1672.51,152.05,35.19,391.86,8,1,322,28.3,0.545,0.273,AT_RISK,25.11,TRAIN
cust-00290,m-001,44,19,1976.94,104.05,35.19,332.88,11,1,341,16.5,0.579,0.316,AT_RISK,50.9,TRAIN
cust-00291,m-001,109,8,1120.19,140.02,36.39,490.48,8,1,348,34.1,0.375,0.375,INACTIVE,100.0,TRAIN
cust-00292,m-001,156,5,872.52,174.5,75.28,391.86,4,1,347,47.8,0.2,0.4,INACTIVE,100.0,TRAIN
cust-00293,m-001,41,13,1372.29,105.56,35.19,261.24,8,1,320,23.2,0.462,0.231,AT_RISK,36.28,TRAIN
cust-00294,m-001,53,5,590.58,118.12,35.57,226.36,5,1,347,73.5,0.8,0.8,AT_RISK,11.42,TRAIN
cust-00295,m-001,134,6,510.84,85.14,35.57,130.62,5,1,355,44.2,0.333,0.333,INACTIVE,100.0,TEST
cust-00296,m-001,31,14,1635.27,116.8,35.19,284.6,9,1,352,24.7,0.286,0.357,AT_RISK,16.04,TRAIN
cust-00297,m-001,33,10,955.84,95.58,35.57,245.24,7,1,251,24.2,0.2,0.2,AT_RISK,23.02,TRAIN
cust-00298,m-001,87,11,1572.1,142.92,37.64,391.86,8,1,320,23.3,0.364,0.273,INACTIVE,100.0,TRAIN
cust-00299,m-001,68,10,773.96,77.4,35.19,166.44,8,1,325,28.6,0.5,0.2,INACTIVE,74.74,TRAIN
cust-00300,m-001,63,17,2236.64,131.57,35.57,522.48,10,1,344,17.6,0.412,0.412,INACTIVE,81.8,TRAIN
cust-00301,m-001,32,9,999.45,111.05,37.64,140.76,4,1,330,37.2,0.444,0.222,AT_RISK,7.25,TRAIN
cust-00302,m-001,49,15,1670.74,111.38,36.39,339.54,9,1,350,21.5,0.4,0.267,AT_RISK,51.72,TEST
cust-00303,m-001,66,12,1536.71,128.06,35.57,358.04,9,1,336,24.5,0.417,0.167,INACTIVE,76.94,TEST
cust-00304,m-001,49,9,971.11,107.9,35.57,245.24,7,1,331,35.2,0.333,0.444,AT_RISK,31.77,TRAIN
cust-00305,m-001,45,8,749.87,93.73,35.57,166.44,6,1,362,45.3,0.125,0.125,AT_RISK,9.3,TRAIN
cust-00306,m-001,84,9,1302.25,144.69,35.57,391.86,8,1,313,28.6,0.333,0.111,INACTIVE,100.0,TRAIN
cust-00307,m-001,46,14,1551.22,110.8,35.57,249.66,7,1,358,24.0,0.5,0.429,AT_RISK,42.61,VALIDATION
cust-00308,m-001,86,6,514.46,85.74,36.39,226.36,5,1,206,24.0,0.333,0.333,INACTIVE,100.0,TRAIN
cust-00309,m-001,37,11,1410.16,128.2,37.64,569.2,8,1,348,31.1,0.273,0.455,AT_RISK,16.8,TRAIN
cust-00310,m-001,41,10,1070.17,107.02,36.39,358.04,6,1,243,22.4,0.3,0.3,AT_RISK,40.5,TRAIN
cust-00311,m-001,56,11,913.96,83.09,35.19,261.24,7,1,364,30.8,0.273,0.0,AT_RISK,49.31,TRAIN
cust-00312,m-001,70,10,1348.78,134.88,37.64,391.86,7,1,330,28.9,0.4,0.1,INACTIVE,77.51,VALIDATION
cust-00313,m-001,17,12,2177.16,181.43,36.39,426.9,8,1,356,30.8,0.167,0.333,REGULAR,3.57,TRAIN
cust-00314,m-001,90,11,880.34,80.03,35.19,122.62,9,1,361,27.1,0.273,0.364,INACTIVE,100.0,VALIDATION
cust-00315,m-001,1,14,1736.1,124.01,35.19,426.9,7,1,332,25.5,0.357,0.286,REGULAR,0.23,TRAIN
cust-00316,m-001,12,13,1687.96,129.84,37.64,249.66,9,1,280,22.3,0.231,0.154,REGULAR,3.2,TRAIN
cust-00317,m-001,16,12,1389.55,115.8,47.84,391.86,9,1,305,26.3,0.25,0.167,REGULAR,3.92,VALIDATION
cust-00318,m-001,43,7,1211.08,173.01,55.47,367.86,6,1,356,52.2,0.429,0.143,AT_RISK,9.03,TEST
cust-00319,m-001,10,10,1685.21,168.52,35.19,391.86,7,1,362,39.1,0.2,0.2,REGULAR,2.07,TRAIN
cust-00320,m-001,1,22,1802.18,81.92,35.19,249.66,12,1,363,17.2,0.364,0.5,LOYAL,0.21,TRAIN
cust-00321,m-001,23,13,1998.33,153.72,35.57,569.2,7,1,324,25.1,0.231,0.462,REGULAR,5.31,TRAIN
cust-00322,m-001,9,9,685.21,76.13,35.19,226.36,7,1,326,39.6,0.667,0.111,REGULAR,2.06,TRAIN
cust-00323,m-001,62,7,453.95,64.85,35.19,142.3,5,1,346,47.3,0.143,0.0,INACTIVE,35.45,TRAIN
cust-00324,m-001,0,11,1533.34,139.39,37.64,339.54,7,1,339,33.9,0.273,0.364,REGULAR,0.0,TRAIN
cust-00325,m-001,43,8,783.74,97.97,35.57,249.66,5,1,325,40.3,0.5,0.25,AT_RISK,13.94,TRAIN
cust-00326,m-001,54,6,553.58,92.26,37.64,166.44,4,1,361,61.4,0.333,0.167,AT_RISK,11.19,TRAIN
cust-00327,m-001,35,12,1436.23,119.69,35.19,367.86,6,1,354,29.0,0.25,0.25,AT_RISK,16.39,TRAIN
cust-00328,m-001,20,14,2718.24,194.16,35.57,569.2,9,1,336,24.3,0.5,0.286,REGULAR,4.45,TRAIN
cust-00329,m-001,127,5,515.48,103.1,35.57,184.14,4,1,225,24.5,0.0,0.4,INACTIVE,100.0,TRAIN
cust-00330,m-001,1,17,1921.58,113.03,35.57,268.53,11,1,348,21.7,0.529,0.235,LOYAL,0.21,TEST
cust-00331,m-001,61,11,1202.75,109.34,37.64,261.24,7,1,330,26.9,0.364,0.455,INACTIVE,64.97,TRAIN
cust-00332,m-001,1,12,1782.47,148.54,35.19,268.53,9,1,359,32.5,0.417,0.167,REGULAR,0.21,TRAIN
cust-00333,m-001,61,14,2097.91,149.85,47.84,426.9,8,1,341,21.5,0.357,0.214,INACTIVE,72.63,TRAIN
cust-00334,m-001,4,8,593.49,74.19,36.39,130.62,7,1,317,44.7,0.375,0.25,REGULAR,0.94,TRAIN
cust-00335,m-001,20,15,2144.37,142.96,35.19,452.72,10,1,347,23.4,0.133,0.333,REGULAR,4.31,TRAIN
cust-00336,m-001,16,11,2018.08,183.46,47.84,391.86,7,1,351,33.5,0.455,0.545,REGULAR,3.41,TRAIN
cust-00337,m-001,47,9,986.22,109.58,36.39,284.6,7,1,358,38.9,0.333,0.111,AT_RISK,21.97,TRAIN
cust-00338,m-001,58,12,1156.27,96.36,35.19,245.52,8,1,348,26.4,0.083,0.333,AT_RISK,59.86,TRAIN
cust-00339,m-001,38,8,1021.91,127.74,35.57,268.53,7,1,351,44.7,0.375,0.25,AT_RISK,8.1,TEST
cust-00340,m-001,33,10,1129.98,113.0,35.19,245.24,8,1,329,32.9,0.7,0.1,AT_RISK,7.65,TRAIN
cust-00341,m-001,5,14,1677.38,119.81,35.57,284.6,10,1,310,23.5,0.429,0.286,REGULAR,1.21,VALIDATION
cust-00342,m-001,6,12,1288.69,107.39,37.64,140.76,9,1,316,28.2,0.583,0.333,REGULAR,1.42,TEST
cust-00343,m-001,37,9,1082.32,120.26,35.19,245.24,6,1,351,39.2,0.222,0.333,AT_RISK,7.88,TRAIN
cust-00344,m-001,78,8,972.99,121.62,35.19,522.48,7,1,342,37.7,0.375,0.125,INACTIVE,77.51,VALIDATION
cust-00345,m-001,94,7,982.83,140.4,50.53,226.36,6,1,332,39.7,0.0,0.429,INACTIVE,100.0,TRAIN
cust-00346,m-001,9,17,2415.25,142.07,35.57,490.48,12,1,304,18.4,0.235,0.412,LOYAL,2.21,TEST
cust-00347,m-001,49,7,843.52,120.5,47.84,245.24,5,1,324,45.8,0.286,0.143,AT_RISK,16.11,TRAIN
cust-00348,m-001,38,13,1421.9,109.38,35.19,490.48,8,1,361,26.9,0.385,0.462,AT_RISK,24.52,TRAIN
cust-00349,m-001,0,21,1797.17,85.58,35.19,166.44,11,1,362,18.1,0.381,0.429,LOYAL,0.0,TRAIN
cust-00350,m-001,51,9,667.45,74.16,35.57,143.52,7,1,230,22.4,0.333,0.444,AT_RISK,59.46,TRAIN
cust-00351,m-001,41,10,1011.43,101.14,36.39,245.24,7,1,359,35.3,0.1,0.5,AT_RISK,17.09,TRAIN
cust-00352,m-001,20,9,772.14,85.79,35.19,113.18,6,1,292,34.0,0.556,0.222,REGULAR,5.12,TRAIN
cust-00353,m-001,33,12,1522.84,126.9,35.19,452.72,9,1,316,25.7,0.417,0.333,AT_RISK,18.76,VALIDATION
cust-00354,m-001,41,11,1303.21,118.47,35.57,184.14,8,1,238,19.7,0.455,0.273,AT_RISK,44.82,TRAIN
cust-00355,m-001,1,9,751.74,83.53,37.64,245.24,6,1,268,33.4,0.0,0.222,REGULAR,0.28,TRAIN
cust-00356,m-001,1,13,1349.92,103.84,35.57,284.6,10,1,331,27.5,0.385,0.308,REGULAR,0.23,TRAIN
cust-00357,m-001,67,19,2580.62,135.82,35.19,339.54,10,1,345,15.4,0.316,0.421,INACTIVE,91.92,TRAIN
cust-00358,m-001,50,7,831.44,118.78,70.38,179.02,5,1,345,49.2,0.429,0.429,AT_RISK,12.04,TRAIN
cust-00359,m-001,57,11,1527.6,138.87,36.39,332.88,8,1,341,28.4,0.273,0.364,AT_RISK,55.4,TRAIN
cust-00360,m-001,88,11,1159.99,105.45,35.57,339.54,7,1,347,25.9,0.364,0.364,INACTIVE,100.0,VALIDATION
cust-00361,m-001,54,6,1193.84,198.97,35.19,569.2,6,1,340,57.2,0.667,0.667,AT_RISK,11.88,TRAIN
cust-00362,m-001,7,17,2511.47,147.73,35.19,426.9,11,1,342,20.9,0.412,0.353,LOYAL,1.53,VALIDATION
cust-00363,m-001,0,12,1528.23,127.35,37.64,426.9,7,1,340,30.9,0.417,0.417,REGULAR,0.0,TEST
cust-00364,m-001,21,9,1121.41,124.6,37.64,245.24,7,1,348,40.9,0.222,0.333,REGULAR,4.51,VALIDATION
cust-00365,m-001,9,14,1177.51,84.11,35.19,268.53,9,1,355,26.6,0.429,0.071,REGULAR,1.9,TEST
cust-00366,m-001,12,13,1408.43,108.34,35.19,332.88,8,1,360,29.0,0.308,0.385,REGULAR,2.49,VALIDATION
cust-00367,m-001,16,7,840.65,120.09,37.64,202.12,6,1,349,55.5,0.143,0.143,REGULAR,3.43,TRAIN
cust-00368,m-001,24,14,1154.07,82.43,35.19,179.02,9,1,360,25.8,0.286,0.429,REGULAR,4.99,TRAIN
cust-00369,m-001,11,8,498.2,62.28,35.19,226.36,6,1,356,49.3,0.25,0.0,REGULAR,2.31,TRAIN
cust-00370,m-001,20,18,1707.04,94.84,35.19,332.88,11,1,354,19.6,0.5,0.278,REGULAR,4.83,VALIDATION
cust-00371,m-001,5,16,1700.3,106.27,35.19,245.24,10,1,344,22.6,0.438,0.188,LOYAL,1.09,VALIDATION
cust-00372,m-001,85,10,1234.71,123.47,37.64,522.48,6,1,317,25.8,0.1,0.3,INACTIVE,100.0,TRAIN
cust-00373,m-001,42,11,1673.63,152.15,35.57,490.48,6,1,364,32.2,0.364,0.273,AT_RISK,23.33,VALIDATION
cust-00374,m-001,69,14,1477.84,105.56,35.57,284.6,9,1,330,20.1,0.571,0.143,INACTIVE,88.98,TRAIN
cust-00375,m-001,32,13,1814.06,139.54,35.19,426.9,9,1,350,26.5,0.538,0.462,AT_RISK,15.09,VALIDATION
cust-00376,m-001,153,6,814.41,135.73,36.39,332.88,5,1,333,36.0,0.333,0.167,INACTIVE,100.0,TRAIN
cust-00377,m-001,4,15,1473.96,98.26,35.19,249.66,11,1,326,23.0,0.733,0.267,LOYAL,0.92,TRAIN
cust-00378,m-001,23,20,1991.58,99.58,35.19,245.24,8,1,341,16.7,0.4,0.2,REGULAR,14.49,VALIDATION
cust-00379,m-001,9,13,987.12,75.93,36.39,142.3,7,1,361,29.3,0.538,0.385,REGULAR,1.86,TRAIN
cust-00380,m-001,2,11,1305.22,118.66,61.38,261.24,7,1,363,36.1,0.364,0.545,REGULAR,0.41,TRAIN
cust-00381,m-001,62,14,1618.16,115.58,35.19,268.53,8,1,356,22.6,0.214,0.214,INACTIVE,72.13,TRAIN
cust-00382,m-001,33,13,1758.09,135.24,35.19,391.86,8,1,320,23.9,0.308,0.308,AT_RISK,21.36,TRAIN
cust-00383,m-001,1,11,1634.3,148.57,35.57,426.9,8,1,296,29.5,0.364,0.455,REGULAR,0.25,TRAIN
cust-00384,m-001,42,13,1396.23,107.4,35.57,391.86,8,1,337,24.6,0.154,0.154,AT_RISK,35.42,TRAIN
cust-00385,m-001,29,10,1642.43,164.24,36.39,367.86,6,1,353,36.0,0.3,0.4,REGULAR,6.14,TEST
cust-00386,m-001,34,14,1456.34,104.02,35.19,245.24,11,1,333,23.0,0.429,0.571,AT_RISK,24.13,TRAIN
cust-00387,m-001,9,20,2142.7,107.14,36.39,391.86,12,1,356,18.3,0.25,0.3,LOYAL,1.89,TRAIN
cust-00388,m-001,4,13,1052.88,80.99,35.19,143.52,9,1,354,29.2,0.692,0.154,REGULAR,0.85,TRAIN
cust-00389,m-001,4,13,2461.65,189.36,35.19,569.2,10,1,352,29.0,0.154,0.154,REGULAR,0.85,TRAIN
cust-00390,m-001,56,9,805.74,89.53,35.19,226.36,8,1,292,29.5,0.333,0.222,AT_RISK,54.08,TRAIN
cust-00391,m-001,21,18,2557.02,142.06,35.19,426.9,11,1,362,20.1,0.444,0.167,REGULAR,5.69,TEST
cust-00392,m-001,38,7,1493.13,213.3,37.64,569.2,5,1,337,49.8,0.571,0.429,AT_RISK,8.43,TEST
cust-00393,m-001,31,7,757.96,108.28,50.53,245.24,6,1,349,53.0,0.429,0.286,AT_RISK,6.64,VALIDATION
cust-00394,m-001,8,11,911.89,82.9,35.19,145.56,9,1,343,33.5,0.273,0.182,REGULAR,1.74,TRAIN
cust-00395,m-001,5,14,1497.15,106.94,37.64,191.36,10,1,352,26.7,0.143,0.5,REGULAR,1.06,TRAIN
cust-00396,m-001,25,13,1783.76,137.21,37.64,426.9,9,1,344,26.6,0.308,0.154,REGULAR,5.43,TEST
cust-00397,m-001,8,11,1702.1,154.74,36.39,490.48,6,1,363,35.5,0.636,0.364,REGULAR,1.65,TRAIN
cust-00398,m-001,19,15,1915.17,127.68,35.19,426.9,8,1,362,24.5,0.533,0.333,REGULAR,3.93,TRAIN
cust-00399,m-001,44,6,477.48,79.58,36.39,166.44,5,1,238,38.8,0.0,0.167,AT_RISK,21.61,VALIDATION
cust-00400,m-001,39,16,1387.98,86.75,35.19,339.54,10,1,360,21.4,0.375,0.438,AT_RISK,34.5,VALIDATION
cust-00401,m-001,16,11,1164.45,105.86,35.57,391.86,8,1,360,34.4,0.364,0.545,REGULAR,3.32,TRAIN
cust-00402,m-001,41,15,2071.18,138.08,37.64,452.72,10,1,353,22.3,0.267,0.533,AT_RISK,36.74,TRAIN
cust-00403,m-001,1,13,1961.71,150.9,36.39,284.6,10,1,356,29.6,0.385,0.462,REGULAR,0.21,TRAIN
cust-00404,m-001,7,14,1251.03,89.36,35.19,179.02,9,1,348,26.2,0.143,0.214,REGULAR,1.5,VALIDATION
cust-00405,m-001,36,11,1370.57,124.6,35.57,452.72,6,1,354,31.8,0.182,0.182,AT_RISK,13.91,TEST
cust-00406,m-001,24,16,1434.77,89.67,35.19,339.54,10,1,354,22.0,0.312,0.312,REGULAR,8.07,VALIDATION
cust-00407,m-001,7,10,1238.03,123.8,37.64,245.24,7,1,290,31.4,0.4,0.1,REGULAR,1.8,VALIDATION
cust-00408,m-001,1,10,1458.1,145.81,35.19,522.48,9,1,340,37.7,0.4,0.4,REGULAR,0.22,VALIDATION
cust-00409,m-001,4,13,1253.69,96.44,35.19,142.3,9,1,292,24.0,0.385,0.462,REGULAR,1.02,TRAIN
cust-00410,m-001,25,8,588.25,73.53,35.19,143.52,7,1,194,24.1,0.5,0.25,REGULAR,10.97,VALIDATION
cust-00411,m-001,3,15,1765.46,117.7,35.19,261.24,11,1,336,23.8,0.4,0.2,LOYAL,0.67,TRAIN
cust-00412,m-001,12,12,1056.98,88.08,35.19,358.04,10,1,354,31.1,0.417,0.167,REGULAR,2.54,TRAIN
cust-00413,m-001,7,17,1787.66,105.16,35.19,245.52,9,1,334,20.4,0.588,0.353,LOYAL,1.57,TEST
cust-00414,m-001,0,14,1510.18,107.87,35.19,284.6,8,1,349,26.8,0.286,0.214,REGULAR,0.0,TRAIN
cust-00415,m-001,80,11,1366.58,124.23,47.84,261.24,6,1,347,26.7,0.455,0.455,INACTIVE,97.19,TRAIN
cust-00416,m-001,0,16,1551.05,96.94,36.39,226.36,10,1,344,22.9,0.438,0.375,LOYAL,0.0,TRAIN
cust-00417,m-001,90,1,83.22,83.22,83.22,83.22,1,1,90,90.0,0.0,0.0,INACTIVE,74.18,TRAIN
cust-00418,m-001,19,14,1949.0,139.21,36.39,426.9,9,1,315,22.8,0.286,0.643,REGULAR,4.51,TEST
cust-00419,m-001,8,13,1627.79,125.21,35.19,490.48,8,1,332,27.0,0.231,0.308,REGULAR,1.8,TRAIN
cust-00420,m-001,21,16,2397.74,149.86,36.39,358.04,10,1,357,22.4,0.312,0.125,REGULAR,4.4,TEST
cust-00421,m-001,172,3,184.97,61.66,36.39,110.94,3,1,241,34.5,0.333,0.333,INACTIVE,100.0,TRAIN
cust-00422,m-001,85,7,657.12,93.87,61.38,142.3,6,1,323,39.7,0.143,0.143,INACTIVE,87.63,TRAIN
cust-00423,m-001,9,11,1100.67,100.06,35.57,245.24,6,1,346,33.7,0.091,0.364,REGULAR,1.95,TRAIN
cust-00424,m-001,0,15,2134.41,142.29,35.19,569.2,8,1,256,18.3,0.333,0.267,LOYAL,0.0,TRAIN
cust-00425,m-001,15,9,1342.55,149.17,35.19,332.88,7,1,307,36.5,0.333,0.222,REGULAR,3.65,VALIDATION
cust-00426,m-001,6,12,1568.89,130.74,35.19,367.86,9,1,361,32.3,0.583,0.583,REGULAR,1.24,TRAIN
cust-00427,m-001,7,12,1445.4,120.45,50.53,245.24,9,1,358,31.9,0.167,0.333,REGULAR,1.46,TRAIN
cust-00428,m-001,52,9,1359.03,151.0,35.19,391.86,8,1,289,29.6,0.333,0.333,AT_RISK,47.05,VALIDATION
cust-00429,m-001,12,14,1783.82,127.42,37.64,358.04,11,1,327,24.2,0.357,0.214,REGULAR,2.74,TRAIN
cust-00430,m-001,19,8,1664.02,208.0,36.39,490.48,6,1,347,46.9,0.375,0.25,REGULAR,4.09,TRAIN
cust-00431,m-001,2,14,2257.81,161.27,36.39,426.9,11,1,344,26.3,0.286,0.286,REGULAR,0.43,TRAIN
cust-00432,m-001,15,16,1405.9,87.87,37.64,142.3,9,1,345,22.0,0.312,0.312,REGULAR,3.25,VALIDATION
cust-00433,m-001,19,16,1593.53,99.6,35.19,268.53,11,1,347,21.9,0.5,0.375,REGULAR,4.09,TRAIN
cust-00434,m-001,2,15,1781.6,118.77,35.57,284.6,10,1,238,16.9,0.4,0.333,LOYAL,0.63,TRAIN
cust-00435,m-001,17,13,1470.62,113.12,36.39,268.53,8,1,357,28.3,0.231,0.385,REGULAR,3.56,TRAIN
cust-00436,m-001,19,10,618.21,61.82,35.19,145.56,6,1,309,32.2,0.2,0.4,REGULAR,4.6,TRAIN
cust-00437,m-001,29,14,1492.07,106.58,35.19,284.6,8,1,362,25.6,0.429,0.214,REGULAR,11.09,TRAIN
cust-00438,m-001,29,14,1878.42,134.17,35.57,245.24,8,1,361,25.5,0.286,0.286,REGULAR,11.26,TRAIN
cust-00439,m-001,18,8,868.2,108.52,50.53,245.24,6,1,259,34.4,0.375,0.625,REGULAR,5.19,TRAIN
cust-00440,m-001,22,10,1614.88,161.49,36.39,490.48,7,1,354,36.9,0.4,0.7,REGULAR,4.65,TRAIN
cust-00441,m-001,0,13,1754.71,134.98,35.19,490.48,8,1,361,30.1,0.385,0.154,REGULAR,0.0,VALIDATION
cust-00442,m-001,16,14,1395.31,99.66,36.39,245.24,10,1,351,25.8,0.357,0.143,REGULAR,3.41,TRAIN
cust-00443,m-001,22,13,1599.39,123.03,35.19,391.86,7,1,331,25.8,0.385,0.462,REGULAR,4.97,TRAIN
cust-00444,m-001,83,12,974.68,81.22,35.19,284.6,8,1,351,24.4,0.333,0.25,INACTIVE,100.0,TRAIN
cust-00445,m-001,9,18,1624.82,90.27,35.19,391.86,11,1,346,19.8,0.389,0.389,LOYAL,1.95,VALIDATION
cust-00446,m-001,0,14,1628.97,116.36,47.84,391.86,8,1,297,22.8,0.214,0.357,REGULAR,0.0,TRAIN
cust-00447,m-001,12,20,3189.49,159.47,35.19,522.48,8,1,344,17.5,0.2,0.4,LOYAL,2.61,TRAIN
cust-00448,m-001,36,16,2235.82,139.74,35.19,339.54,10,1,361,21.7,0.375,0.375,AT_RISK,28.91,TRAIN
cust-00449,m-001,4,8,558.53,69.82,35.19,122.62,6,1,359,50.7,0.5,0.25,REGULAR,0.83,VALIDATION
cust-00450,m-001,77,14,1630.16,116.44,35.57,452.72,10,1,353,21.2,0.286,0.357,INACTIVE,100.0,TRAIN
cust-00451,m-001,9,11,1256.8,114.25,36.39,268.53,9,1,236,22.7,0.364,0.364,REGULAR,2.85,TRAIN
cust-00452,m-001,16,9,582.17,64.69,35.19,105.57,6,1,354,42.2,0.222,0.333,REGULAR,3.38,TRAIN
cust-00453,m-001,15,17,1650.14,97.07,35.19,284.6,10,1,351,21.0,0.176,0.294,REGULAR,3.2,TRAIN
cust-00454,m-001,56,14,2060.91,147.21,50.53,452.72,7,1,345,22.2,0.214,0.143,AT_RISK,62.84,TRAIN
cust-00455,m-001,27,17,1795.53,105.62,35.19,249.66,12,1,361,20.9,0.294,0.353,REGULAR,14.74,VALIDATION
cust-00456,m-001,0,10,1022.73,102.27,35.57,184.14,6,1,363,40.3,0.2,0.1,REGULAR,0.0,TRAIN
cust-00457,m-001,4,21,2420.5,115.26,35.19,367.86,13,1,357,17.6,0.524,0.333,LOYAL,0.84,VALIDATION
cust-00458,m-001,34,10,1001.79,100.18,35.19,367.86,8,1,349,35.0,0.1,0.5,AT_RISK,7.29,TRAIN
cust-00459,m-001,9,10,1300.33,130.03,35.57,452.72,7,1,364,39.4,0.6,0.4,REGULAR,1.85,VALIDATION
cust-00460,m-001,17,13,1286.39,98.95,35.19,268.53,9,1,346,27.4,0.462,0.231,REGULAR,3.67,TRAIN
cust-00461,m-001,13,14,1672.65,119.48,35.19,452.72,10,1,335,24.8,0.0,0.214,REGULAR,2.9,VALIDATION
cust-00462,m-001,71,12,989.25,82.44,35.57,179.02,7,1,356,25.9,0.25,0.167,INACTIVE,82.57,TRAIN
cust-00463,m-001,22,19,2278.68,119.93,35.19,452.72,10,1,341,17.7,0.316,0.263,REGULAR,11.27,TRAIN
cust-00464,m-001,48,11,1351.24,122.84,36.39,245.24,6,1,341,29.3,0.273,0.182,AT_RISK,38.58,TRAIN
cust-00465,m-001,6,20,2964.78,148.24,37.64,569.2,11,1,343,17.7,0.3,0.4,LOYAL,1.31,VALIDATION
cust-00466,m-001,26,8,554.59,69.32,37.64,113.18,7,1,327,43.0,0.5,0.375,REGULAR,5.95,TRAIN
cust-00467,m-001,0,9,710.85,78.98,36.39,151.59,6,1,353,44.1,0.444,0.222,REGULAR,0.0,TEST
cust-00468,m-001,46,15,2629.46,175.3,35.57,490.48,7,1,361,22.5,0.267,0.4,AT_RISK,44.78,TRAIN
cust-00469,m-001,7,14,1213.33,86.67,35.57,166.44,8,1,358,27.0,0.143,0.286,REGULAR,1.46,TRAIN
cust-00470,m-001,52,14,2145.59,153.26,55.47,569.2,9,1,356,23.4,0.357,0.571,AT_RISK,53.82,TRAIN
cust-00471,m-001,14,10,997.05,99.71,35.57,358.04,7,1,273,28.8,0.3,0.3,REGULAR,3.83,TRAIN
cust-00472,m-001,49,16,2224.13,139.01,55.47,391.86,9,1,337,19.2,0.188,0.25,AT_RISK,55.57,TRAIN
cust-00473,m-001,14,16,1631.61,101.98,35.19,490.48,8,1,352,22.5,0.312,0.25,LOYAL,2.97,TRAIN
cust-00474,m-001,17,14,1993.06,142.36,37.64,339.54,7,1,361,26.5,0.357,0.429,REGULAR,3.52,TRAIN
cust-00475,m-001,6,16,1563.43,97.71,35.57,245.24,11,1,354,23.2,0.25,0.125,LOYAL,1.27,TRAIN
cust-00476,m-001,14,10,1387.48,138.75,47.84,367.86,8,1,357,38.1,0.3,0.2,REGULAR,2.93,VALIDATION
cust-00477,m-001,15,17,1513.54,89.03,36.39,249.66,9,1,312,18.6,0.294,0.412,REGULAR,3.59,TRAIN
cust-00478,m-001,41,16,1942.76,121.42,35.57,284.6,9,1,333,19.5,0.5,0.188,AT_RISK,41.46,TRAIN
cust-00479,m-001,33,9,593.79,65.98,35.57,113.18,5,1,196,20.4,0.444,0.333,AT_RISK,31.46,TRAIN
cust-00480,m-001,29,12,1749.97,145.83,35.57,268.53,9,1,359,30.0,0.167,0.417,REGULAR,6.04,TRAIN
cust-00481,m-001,19,17,1763.33,103.73,35.19,249.66,8,1,351,20.8,0.412,0.529,REGULAR,4.05,TRAIN
cust-00482,m-001,14,8,587.51,73.44,36.39,140.76,7,1,358,49.1,0.25,0.375,REGULAR,2.92,TEST
cust-00483,m-001,18,9,834.7,92.74,36.39,122.62,7,1,342,40.5,0.556,0.222,REGULAR,3.94,VALIDATION
cust-00484,m-001,74,12,2077.74,173.14,36.39,490.48,7,1,348,24.9,0.583,0.583,INACTIVE,89.55,TRAIN
cust-00485,m-001,46,13,990.33,76.18,35.19,166.41,8,1,351,25.4,0.308,0.308,AT_RISK,40.7,TRAIN
cust-00486,m-001,1,23,3041.7,132.25,35.19,339.54,12,1,351,15.9,0.435,0.304,LOYAL,0.21,TRAIN
cust-00487,m-001,2,16,1484.06,92.75,35.19,166.41,7,1,308,20.4,0.375,0.5,LOYAL,0.49,TRAIN
cust-00488,m-001,117,7,1256.81,179.54,50.53,522.48,6,1,341,37.3,0.571,0.429,INACTIVE,100.0,TRAIN
cust-00489,m-001,60,8,835.48,104.44,35.19,245.52,7,1,363,43.3,0.625,0.5,AT_RISK,37.41,VALIDATION
cust-00490,m-001,11,9,1147.62,127.51,36.39,367.86,8,1,331,40.0,0.333,0.222,REGULAR,2.48,TRAIN
cust-00491,m-001,32,14,1841.93,131.57,35.57,332.88,7,1,355,24.8,0.429,0.286,AT_RISK,17.54,TRAIN
cust-00492,m-001,6,14,1321.57,94.4,35.19,452.72,8,1,333,25.2,0.286,0.643,REGULAR,1.35,TRAIN
cust-00493,m-001,19,17,1472.36,86.61,35.19,226.36,10,1,346,20.4,0.294,0.412,REGULAR,4.11,TRAIN
cust-00494,m-001,17,9,1684.44,187.16,50.53,569.2,7,1,284,33.4,0.222,0.333,REGULAR,4.47,TRAIN
cust-00495,m-001,7,14,1677.21,119.8,37.64,332.88,7,1,352,26.5,0.286,0.643,REGULAR,1.49,TRAIN
cust-00496,m-001,77,13,1038.05,79.85,35.57,261.24,9,1,342,22.1,0.0,0.385,INACTIVE,99.19,TRAIN
cust-00497,m-001,5,15,1286.31,85.75,35.19,284.6,9,1,357,25.1,0.333,0.333,LOYAL,1.05,TRAIN
cust-00498,m-001,16,10,1448.2,144.82,37.64,391.86,8,1,354,37.6,0.3,0.3,REGULAR,3.38,TRAIN
cust-00499,m-001,129,6,619.34,103.22,47.84,245.24,6,1,276,29.4,0.167,0.333,INACTIVE,100.0,TRAIN
cust-00500,m-001,1,8,807.76,100.97,36.39,284.6,8,1,363,51.7,0.25,0.375,REGULAR,0.21,VALIDATION
cust-00501,m-001,7,8,537.17,67.15,35.19,142.28,6,1,289,40.3,0.125,0.25,REGULAR,1.81,TRAIN
cust-00502,m-001,20,10,1318.93,131.89,35.19,391.86,8,1,353,37.0,0.4,0.2,REGULAR,4.24,TRAIN
cust-00503,m-001,3,5,675.06,135.01,35.19,391.86,5,1,324,80.2,0.2,0.0,REGULAR,0.69,TEST
cust-00504,m-001,42,15,1497.07,99.8,37.64,245.24,7,1,359,22.6,0.2,0.4,AT_RISK,37.85,TRAIN
cust-00505,m-001,16,11,1867.47,169.77,35.19,452.72,8,1,363,34.7,0.455,0.364,REGULAR,3.3,TEST
cust-00506,m-001,94,10,625.34,62.53,35.19,113.18,5,1,349,28.3,0.1,0.4,INACTIVE,100.0,TRAIN
cust-00507,m-001,32,9,707.1,78.57,35.19,166.41,7,1,332,37.5,0.444,0.333,AT_RISK,7.21,TRAIN
cust-00508,m-001,6,17,1656.24,97.43,35.19,426.9,10,1,359,22.1,0.353,0.235,LOYAL,1.25,TRAIN
cust-00509,m-001,32,13,1314.97,101.15,35.57,426.9,12,1,347,26.2,0.615,0.231,AT_RISK,15.6,TRAIN
cust-00510,m-001,33,16,1657.02,103.56,35.57,245.24,11,1,327,19.6,0.438,0.25,AT_RISK,27.65,TRAIN
cust-00511,m-001,214,8,1012.33,126.54,37.64,245.24,7,1,355,20.1,0.625,0.375,INACTIVE,100.0,TRAIN
cust-00512,m-001,24,14,1653.65,118.12,35.19,367.86,9,1,340,24.3,0.286,0.286,REGULAR,5.28,TRAIN
cust-00513,m-001,42,9,1018.36,113.15,36.39,391.86,8,1,300,32.2,0.111,0.111,AT_RISK,25.17,TEST
cust-00514,m-001,31,11,1178.5,107.14,35.57,452.72,9,1,332,30.1,0.091,0.273,AT_RISK,8.33,TRAIN
cust-00515,m-001,74,12,707.33,58.94,35.19,142.3,9,1,357,25.7,0.667,0.5,INACTIVE,87.95,VALIDATION
cust-00516,m-001,20,12,1060.46,88.37,47.84,143.52,8,1,354,30.4,0.333,0.5,REGULAR,4.23,TRAIN
cust-00517,m-001,20,15,2367.61,157.84,35.19,452.72,11,1,360,24.3,0.267,0.267,REGULAR,4.16,TRAIN
cust-00518,m-001,15,11,2122.06,192.91,36.39,452.72,10,1,341,32.6,0.364,0.545,REGULAR,3.29,TRAIN
cust-00519,m-001,13,17,2192.44,128.97,35.19,339.54,11,1,333,20.0,0.294,0.294,LOYAL,2.92,TRAIN
cust-00520,m-001,2,19,2114.12,111.27,35.57,367.86,10,1,355,19.6,0.316,0.263,LOYAL,0.42,TRAIN
cust-00521,m-001,4,15,1978.1,131.87,35.19,569.2,9,1,364,25.7,0.4,0.133,LOYAL,0.82,TRAIN
cust-00522,m-001,19,15,1676.88,111.79,35.19,490.48,10,1,361,24.4,0.467,0.333,REGULAR,3.94,VALIDATION
cust-00523,m-001,11,12,1037.45,86.45,35.19,151.59,9,1,354,31.2,0.5,0.25,REGULAR,2.32,VALIDATION
cust-00524,m-001,25,10,1095.27,109.53,35.57,284.6,7,1,345,35.6,0.2,0.3,REGULAR,5.42,TEST
cust-00525,m-001,1,15,1822.31,121.49,35.19,452.72,8,1,324,23.1,0.267,0.333,LOYAL,0.23,TRAIN
cust-00526,m-001,121,11,1641.04,149.19,35.19,569.2,10,1,355,23.4,0.455,0.182,INACTIVE,100.0,VALIDATION
cust-00527,m-001,0,14,2093.76,149.55,35.19,522.48,10,1,363,27.9,0.286,0.286,REGULAR,0.0,TEST
cust-00528,m-001,25,15,1569.27,104.62,36.39,569.2,9,1,361,24.0,0.333,0.2,REGULAR,6.68,TRAIN
cust-00529,m-001,45,15,1947.96,129.86,35.19,261.24,10,1,348,21.6,0.333,0.2,AT_RISK,44.77,TRAIN
cust-00530,m-001,18,18,2535.79,140.88,47.84,339.54,11,1,361,20.2,0.444,0.333,REGULAR,3.73,VALIDATION
cust-00531,m-001,57,14,2045.45,146.1,35.57,391.86,10,1,356,23.0,0.429,0.357,AT_RISK,62.97,TRAIN
cust-00532,m-001,4,15,1415.46,94.36,35.19,261.24,10,1,258,18.1,0.333,0.4,LOYAL,1.16,TRAIN
cust-00533,m-001,10,13,1269.86,97.68,35.19,358.04,7,1,356,28.8,0.308,0.385,REGULAR,2.1,TRAIN
cust-00534,m-001,1,12,1136.59,94.72,36.39,184.14,9,1,345,31.3,0.25,0.25,REGULAR,0.22,TRAIN
cust-00535,m-001,8,8,562.76,70.34,35.19,166.44,6,1,336,46.9,0.125,0.5,REGULAR,1.78,TRAIN
cust-00536,m-001,2,8,1214.8,151.85,35.19,367.86,7,1,305,43.3,0.25,0.25,REGULAR,0.49,TRAIN
cust-00537,m-001,41,16,1428.21,89.26,35.19,426.9,10,1,362,21.4,0.25,0.438,AT_RISK,37.87,TEST
cust-00538,m-001,20,7,834.6,119.23,37.64,339.54,5,1,355,55.8,0.429,0.286,REGULAR,4.21,TEST
cust-00539,m-001,88,10,1487.65,148.77,35.57,569.2,8,1,352,29.3,0.3,0.3,INACTIVE,100.0,TRAIN
cust-00540,m-001,19,11,1118.66,101.7,35.57,249.66,7,1,362,34.3,0.455,0.182,REGULAR,3.93,TEST
cust-00541,m-001,23,17,2043.72,120.22,35.19,367.86,12,1,362,21.2,0.353,0.412,REGULAR,7.45,TRAIN
cust-00542,m-001,20,10,828.7,82.87,35.19,226.36,7,1,362,38.0,0.3,0.3,REGULAR,4.13,VALIDATION
cust-00543,m-001,20,10,1262.34,126.23,35.19,569.2,9,1,345,36.1,0.4,0.3,REGULAR,4.34,VALIDATION
cust-00544,m-001,2,10,1090.07,109.01,36.39,166.44,7,1,299,33.0,0.5,0.2,REGULAR,0.5,TRAIN
cust-00545,m-001,19,20,2049.5,102.48,35.19,490.48,12,1,362,18.1,0.5,0.5,REGULAR,5.28,TRAIN
cust-00546,m-001,14,12,1389.19,115.77,35.57,268.53,6,1,316,27.5,0.167,0.333,REGULAR,3.31,TEST
cust-00547,m-001,49,10,1100.9,110.09,35.57,339.54,7,1,362,34.8,0.4,0.1,AT_RISK,31.42,VALIDATION
cust-00548,m-001,12,13,1263.21,97.17,35.57,452.72,8,1,346,27.8,0.308,0.308,REGULAR,2.59,TRAIN
cust-00549,m-001,31,16,2147.6,134.22,35.19,426.9,7,1,349,21.2,0.312,0.25,AT_RISK,21.34,TRAIN
cust-00550,m-001,2,12,1075.56,89.63,37.64,179.02,7,1,350,31.6,0.333,0.417,REGULAR,0.43,TRAIN
cust-00551,m-001,1,11,1425.16,129.56,35.19,522.48,8,1,285,28.4,0.455,0.273,REGULAR,0.26,TRAIN
cust-00552,m-001,5,10,766.5,76.65,35.19,130.62,8,1,279,30.4,0.6,0.5,REGULAR,1.34,TRAIN
cust-00553,m-001,1,13,1636.79,125.91,35.19,358.04,9,1,351,29.2,0.231,0.154,REGULAR,0.21,VALIDATION
cust-00554,m-001,5,15,2001.69,133.45,36.39,358.04,10,1,351,24.7,0.333,0.4,LOYAL,1.07,TRAIN
cust-00555,m-001,48,10,1593.83,159.38,35.57,569.2,6,1,326,30.9,0.4,0.2,AT_RISK,36.66,TRAIN
cust-00556,m-001,3,11,1573.32,143.03,35.19,490.48,6,1,341,33.8,0.545,0.182,REGULAR,0.66,TRAIN
cust-00557,m-001,17,15,2231.07,148.74,35.57,426.9,10,1,350,23.8,0.2,0.2,REGULAR,3.63,TEST
cust-00558,m-001,1,15,1034.5,68.97,35.19,184.14,9,1,344,24.5,0.067,0.267,LOYAL,0.22,TRAIN
cust-00559,m-001,5,16,2166.75,135.42,35.19,367.86,8,1,327,21.5,0.438,0.188,LOYAL,1.14,TRAIN
cust-00560,m-001,6,9,1358.7,150.97,36.39,452.72,7,1,364,44.8,0.222,0.333,REGULAR,1.23,TEST
cust-00561,m-001,24,15,1736.91,115.79,37.64,166.44,8,1,319,21.1,0.6,0.267,REGULAR,9.97,VALIDATION
cust-00562,m-001,14,10,1495.69,149.57,35.19,522.48,6,1,362,38.7,0.5,0.2,REGULAR,2.89,TRAIN
cust-00563,m-001,24,14,1742.93,124.5,35.19,426.9,9,1,330,23.5,0.286,0.571,REGULAR,6.19,VALIDATION
cust-00564,m-001,71,13,1432.94,110.23,35.19,367.86,8,1,347,23.0,0.538,0.231,INACTIVE,87.3,TRAIN
cust-00565,m-001,21,10,832.32,83.23,35.19,184.14,9,1,307,31.8,0.3,0.3,REGULAR,5.11,TRAIN
cust-00566,m-001,33,13,1094.86,84.22,36.39,245.24,10,1,354,26.8,0.308,0.231,AT_RISK,16.27,TRAIN
cust-00567,m-001,65,6,881.19,146.86,37.64,332.88,6,1,358,58.6,0.333,0.5,INACTIVE,23.18,TRAIN
cust-00568,m-001,7,15,1477.25,98.48,35.19,179.02,11,1,310,21.6,0.4,0.267,LOYAL,1.69,TRAIN
cust-00569,m-001,76,7,1037.74,148.25,35.19,367.86,5,1,251,29.2,0.286,0.143,INACTIVE,92.82,TRAIN
cust-00570,m-001,4,13,1078.73,82.98,35.19,261.24,8,1,350,28.8,0.769,0.462,REGULAR,0.85,TEST
cust-00571,m-001,0,14,1573.11,112.36,37.64,452.72,8,1,341,26.2,0.286,0.143,REGULAR,0.0,TRAIN
cust-00572,m-001,12,17,1850.7,108.86,35.19,339.54,11,1,358,21.6,0.294,0.412,LOYAL,2.51,TEST
cust-00573,m-001,36,15,2235.7,149.05,47.84,284.6,9,1,364,23.4,0.267,0.333,AT_RISK,26.3,VALIDATION
cust-00574,m-001,61,10,1088.19,108.82,37.64,284.6,6,1,358,33.0,0.3,0.4,INACTIVE,54.74,TRAIN
cust-00575,m-001,7,12,993.82,82.82,35.57,179.02,7,1,334,29.7,0.417,0.25,REGULAR,1.57,TEST
cust-00576,m-001,9,13,990.92,76.22,35.19,221.88,8,1,321,26.0,0.308,0.308,REGULAR,2.1,VALIDATION
cust-00577,m-001,11,15,1990.61,132.71,35.19,426.9,8,1,361,25.0,0.4,0.533,LOYAL,2.28,TRAIN
cust-00578,m-001,27,14,1380.13,98.58,35.19,367.86,12,1,360,25.6,0.0,0.286,REGULAR,7.71,TRAIN
cust-00579,m-001,35,13,2083.0,160.23,35.19,490.48,10,1,335,25.0,0.231,0.385,AT_RISK,22.81,TRAIN
cust-00580,m-001,67,6,1072.52,178.75,110.94,452.72,5,1,363,59.2,0.333,0.333,INACTIVE,25.5,TRAIN
cust-00581,m-001,12,12,1064.76,88.73,35.19,268.53,7,1,315,27.5,0.333,0.333,REGULAR,2.85,TEST
cust-00582,m-001,33,12,1423.93,118.66,35.57,184.14,7,1,351,28.9,0.583,0.417,AT_RISK,13.18,VALIDATION
cust-00583,m-001,15,15,2389.49,159.3,35.19,391.86,11,1,306,20.8,0.267,0.4,REGULAR,3.66,TRAIN
cust-00584,m-001,12,8,1056.57,132.07,35.19,261.24,7,1,312,42.9,0.5,0.125,REGULAR,2.88,TEST
cust-00585,m-001,33,6,604.35,100.72,37.64,179.02,4,1,301,53.6,0.167,0.5,AT_RISK,8.2,TRAIN
cust-00586,m-001,82,12,1730.76,144.23,36.39,426.9,8,1,336,23.1,0.667,0.333,INACTIVE,100.0,TRAIN
cust-00587,m-001,6,18,1808.73,100.48,35.57,284.6,12,1,346,20.0,0.111,0.333,LOYAL,1.3,TRAIN
cust-00588,m-001,32,9,761.26,84.58,37.64,142.3,9,1,353,40.1,0.333,0.111,AT_RISK,6.78,TRAIN
cust-00589,m-001,14,10,805.81,80.58,36.39,122.62,6,1,321,34.1,0.2,0.3,REGULAR,3.26,TRAIN
cust-00590,m-001,5,13,1708.32,131.41,37.64,332.88,8,1,356,29.2,0.154,0.462,REGULAR,1.05,TRAIN
cust-00591,m-001,17,8,836.87,104.61,35.19,284.6,6,1,361,49.1,0.375,0.375,REGULAR,3.52,TRAIN
cust-00592,m-001,7,10,845.8,84.58,35.19,179.02,7,1,359,39.1,0.3,0.6,REGULAR,1.46,TEST
cust-00593,m-001,1,14,1435.42,102.53,35.19,339.54,8,1,331,25.4,0.286,0.357,REGULAR,0.23,TRAIN
cust-00594,m-001,38,16,1081.11,67.57,35.19,166.44,11,1,354,21.1,0.312,0.312,AT_RISK,33.38,VALIDATION
cust-00595,m-001,1,18,1698.58,94.37,35.19,284.6,9,1,321,18.8,0.333,0.444,LOYAL,0.23,TRAIN
cust-00596,m-001,0,11,1513.66,137.61,47.84,268.53,8,1,362,36.2,0.273,0.182,REGULAR,0.0,TRAIN
cust-00597,m-001,15,10,1382.02,138.2,36.39,391.86,6,1,325,34.4,0.4,0.4,REGULAR,3.45,TRAIN
cust-00598,m-001,11,11,1322.18,120.2,35.57,358.04,9,1,317,30.6,0.364,0.273,REGULAR,2.59,VALIDATION
cust-00599,m-001,11,12,1252.98,104.42,36.39,284.6,9,1,308,27.0,0.25,0.333,REGULAR,2.67,TRAIN
cust-00600,m-001,33,8,1319.2,164.9,109.17,249.66,6,1,312,39.9,0.625,0.375,AT_RISK,7.91,TRAIN
cust-00601,m-001,16,13,1416.71,108.98,35.19,268.53,8,1,360,28.7,0.462,0.231,REGULAR,3.32,TEST
cust-00602,m-001,3,10,960.58,96.06,36.39,245.52,8,1,272,29.9,0.3,0.6,REGULAR,0.82,TRAIN
cust-00603,m-001,40,10,851.2,85.12,35.57,140.76,8,1,332,32.4,0.4,0.2,AT_RISK,20.41,TRAIN
cust-00604,m-001,31,14,1751.9,125.14,55.47,284.6,8,1,364,25.6,0.429,0.5,AT_RISK,14.47,TRAIN
cust-00605,m-001,25,10,1687.62,168.76,47.84,426.9,8,1,336,34.6,0.3,0.4,REGULAR,5.56,TRAIN
cust-00606,m-001,7,15,1336.2,89.08,35.19,245.24,10,1,346,24.2,0.267,0.333,LOYAL,1.51,TRAIN
cust-00607,m-001,4,7,1142.67,163.24,47.84,426.9,5,1,341,56.2,0.571,0.143,REGULAR,0.88,TEST
cust-00608,m-001,50,7,579.64,82.81,35.19,166.41,6,1,293,40.5,0.143,0.286,AT_RISK,27.01,TRAIN
cust-00609,m-001,0,15,1716.87,114.46,35.57,367.86,11,1,354,25.3,0.6,0.133,LOYAL,0.0,VALIDATION
cust-00610,m-001,14,8,1013.92,126.74,50.53,358.04,7,1,344,47.1,0.625,0.25,REGULAR,3.04,TRAIN
cust-00611,m-001,0,20,2185.16,109.26,35.19,339.54,11,1,349,18.4,0.35,0.35,LOYAL,0.0,VALIDATION
cust-00612,m-001,28,7,1258.1,179.73,50.53,426.9,5,1,364,56.0,0.571,0.429,REGULAR,5.75,TRAIN
cust-00613,m-001,12,10,1083.01,108.3,35.19,426.9,7,1,347,37.2,0.5,0.1,REGULAR,2.59,TRAIN
cust-00614,m-001,3,15,1585.48,105.7,35.19,452.72,11,1,347,24.6,0.333,0.333,LOYAL,0.65,TRAIN
cust-00615,m-001,16,17,2050.71,120.63,35.19,426.9,10,1,347,20.7,0.353,0.294,REGULAR,3.45,TEST
cust-00616,m-001,2,11,1008.55,91.69,35.57,151.59,7,1,234,23.2,0.182,0.0,REGULAR,0.64,TRAIN
cust-00617,m-001,21,10,1235.67,123.57,35.57,391.86,8,1,330,34.3,0.6,0.4,REGULAR,4.76,TRAIN
cust-00618,m-001,18,14,1689.28,120.66,36.39,391.86,10,1,362,26.5,0.571,0.286,REGULAR,3.72,TRAIN
cust-00619,m-001,5,12,1232.34,102.7,35.57,226.36,8,1,343,30.7,0.167,0.167,REGULAR,1.09,TRAIN
cust-00620,m-001,3,11,1789.76,162.71,35.57,367.86,6,1,362,35.9,0.182,0.091,REGULAR,0.62,VALIDATION
cust-00621,m-001,8,16,2564.86,160.3,35.57,426.9,12,1,351,22.9,0.25,0.438,LOYAL,1.7,TRAIN
cust-00622,m-001,54,10,1048.83,104.88,35.19,367.86,8,1,302,27.6,0.4,0.2,AT_RISK,52.97,TRAIN
cust-00623,m-001,15,14,1399.6,99.97,37.64,261.24,10,1,350,25.8,0.429,0.429,REGULAR,3.21,TRAIN
cust-00624,m-001,4,19,2477.48,130.39,35.19,490.48,10,1,343,18.8,0.421,0.211,LOYAL,0.87,TRAIN
cust-00625,m-001,90,10,1009.56,100.96,50.53,226.36,7,1,348,28.7,0.3,0.4,INACTIVE,100.0,TRAIN
cust-00626,m-001,47,12,1072.64,89.39,35.57,142.3,7,1,332,25.9,0.25,0.167,AT_RISK,42.24,TRAIN
cust-00627,m-001,13,23,3460.48,150.46,35.57,391.86,13,1,354,15.5,0.304,0.304,LOYAL,2.75,TRAIN
cust-00628,m-001,29,7,642.53,91.79,35.57,245.24,6,1,352,53.8,0.429,0.286,REGULAR,6.16,TRAIN
cust-00629,m-001,12,12,1103.71,91.98,35.19,179.02,9,1,354,31.1,0.583,0.167,REGULAR,2.54,TRAIN
cust-00630,m-001,25,19,2134.25,112.33,35.57,391.86,8,1,327,16.8,0.421,0.526,REGULAR,18.02,VALIDATION
cust-00631,m-001,14,12,1644.92,137.08,35.19,284.6,7,1,347,30.3,0.167,0.5,REGULAR,3.02,VALIDATION
cust-00632,m-001,53,7,893.47,127.64,55.47,179.02,5,1,320,44.5,0.286,0.143,AT_RISK,25.13,VALIDATION
cust-00633,m-001,14,14,1630.52,116.47,36.39,284.6,8,1,332,24.5,0.286,0.5,REGULAR,3.15,VALIDATION
cust-00634,m-001,42,12,1336.77,111.4,35.19,490.48,8,1,360,28.9,0.417,0.583,AT_RISK,28.38,TRAIN
cust-00635,m-001,66,12,1112.9,92.74,35.19,339.54,9,1,333,24.3,0.583,0.25,INACTIVE,77.37,VALIDATION
cust-00636,m-001,41,12,1504.47,125.37,37.64,245.24,9,1,345,27.6,0.25,0.25,AT_RISK,28.99,TEST
cust-00637,m-001,0,12,1017.62,84.8,36.39,166.44,6,1,319,29.0,0.417,0.083,REGULAR,0.0,TRAIN
cust-00638,m-001,17,10,1194.64,119.46,35.57,245.24,7,1,333,35.1,0.3,0.4,REGULAR,3.82,TRAIN
cust-00639,m-001,92,13,1305.33,100.41,35.19,367.86,7,1,363,22.6,0.154,0.462,INACTIVE,100.0,TEST
cust-00640,m-001,16,10,826.69,82.67,35.19,166.44,7,1,255,26.6,0.2,0.3,REGULAR,4.69,TRAIN
cust-00641,m-001,29,11,1673.07,152.1,36.39,569.2,6,1,349,32.0,0.182,0.364,REGULAR,6.21,TRAIN
cust-00642,m-001,11,13,1792.06,137.85,35.19,426.9,9,1,296,23.8,0.462,0.231,REGULAR,2.78,TRAIN
cust-00643,m-001,41,10,1425.67,142.57,35.57,426.9,9,1,347,34.0,0.2,0.3,AT_RISK,19.34,TRAIN
cust-00644,m-001,3,17,2102.68,123.69,35.19,339.54,11,1,347,21.5,0.471,0.353,LOYAL,0.65,TRAIN
cust-00645,m-001,134,7,1433.37,204.77,36.39,332.88,4,1,346,35.3,0.429,0.429,INACTIVE,100.0,TRAIN
cust-00646,m-001,21,15,2281.22,152.08,35.57,332.88,10,1,344,23.1,0.333,0.4,REGULAR,4.57,TEST
cust-00647,m-001,5,14,1830.7,130.76,35.57,245.24,10,1,351,26.6,0.286,0.286,REGULAR,1.07,VALIDATION
cust-00648,m-001,2,11,1344.68,122.24,36.39,284.6,5,1,207,20.5,0.455,0.273,REGULAR,0.72,TRAIN
cust-00649,m-001,3,17,1899.24,111.72,37.64,367.86,12,1,339,21.0,0.471,0.176,LOYAL,0.66,TRAIN
cust-00650,m-001,1,12,1492.02,124.34,35.19,367.86,8,1,300,27.2,0.25,0.333,REGULAR,0.25,VALIDATION
cust-00651,m-001,3,16,1437.93,89.87,35.19,332.88,10,1,355,23.5,0.25,0.25,LOYAL,0.63,TRAIN
cust-00652,m-001,16,11,1054.92,95.9,35.19,339.54,7,1,351,33.5,0.182,0.545,REGULAR,3.41,VALIDATION
cust-00653,m-001,17,16,1871.91,116.99,35.19,426.9,11,1,361,22.9,0.375,0.438,REGULAR,3.52,TRAIN
cust-00654,m-001,59,14,2266.19,161.87,35.19,569.2,9,1,347,22.2,0.214,0.286,AT_RISK,67.92,TRAIN
cust-00655,m-001,5,19,2084.09,109.69,35.19,245.24,10,1,347,19.0,0.421,0.368,LOYAL,1.08,TRAIN
cust-00656,m-001,11,11,2129.69,193.61,35.19,426.9,8,1,345,33.4,0.455,0.364,REGULAR,2.38,TRAIN
cust-00657,m-001,5,11,978.9,88.99,35.19,226.36,8,1,356,35.1,0.364,0.455,REGULAR,1.05,TRAIN
cust-00658,m-001,14,10,1670.25,167.02,36.39,426.9,8,1,363,38.8,0.1,0.4,REGULAR,2.88,TRAIN
cust-00659,m-001,23,15,1601.62,106.77,37.64,191.36,8,1,354,23.6,0.4,0.267,REGULAR,4.86,TRAIN
cust-00660,m-001,20,13,1233.11,94.85,35.57,358.04,8,1,334,26.2,0.385,0.538,REGULAR,4.48,TEST
cust-00661,m-001,18,18,2237.5,124.31,36.39,332.88,11,1,340,18.9,0.667,0.167,REGULAR,3.96,TRAIN
cust-00662,m-001,40,15,2622.21,174.81,36.39,522.48,11,1,358,22.7,0.333,0.467,AT_RISK,34.31,VALIDATION
cust-00663,m-001,13,12,1686.71,140.56,35.19,522.48,8,1,338,29.5,0.417,0.167,REGULAR,2.88,TRAIN
cust-00664,m-001,1,11,7689.41,699.04,37.64,6661.62,8,1,347,34.6,0.364,0.273,REGULAR,0.22,TEST
cust-00665,m-001,71,17,2000.99,117.71,35.19,426.9,9,1,361,18.1,0.294,0.235,INACTIVE,94.06,TRAIN
cust-00666,m-001,10,17,2206.05,129.77,35.57,391.86,11,1,321,19.4,0.235,0.529,LOYAL,2.33,TRAIN
cust-00667,m-001,17,15,1422.31,94.82,35.57,150.56,10,1,330,22.4,0.267,0.333,REGULAR,3.85,TEST
cust-00668,m-001,105,11,821.42,74.67,35.57,142.3,8,1,357,25.2,0.273,0.364,INACTIVE,100.0,TEST
cust-00669,m-001,18,11,1890.6,171.87,35.57,490.48,8,1,355,33.7,0.364,0.364,REGULAR,3.79,TRAIN
cust-00670,m-001,54,7,633.67,90.52,47.84,142.3,6,1,313,43.2,0.571,0.286,AT_RISK,29.1,TRAIN
cust-00671,m-001,97,8,715.91,89.49,35.57,130.62,7,1,355,36.9,0.5,0.0,INACTIVE,100.0,TRAIN
cust-00672,m-001,1,15,1598.64,106.58,37.64,261.24,8,1,322,22.9,0.067,0.2,LOYAL,0.23,TEST
cust-00673,m-001,11,12,1772.94,147.74,35.57,522.48,10,1,362,31.9,0.333,0.333,REGULAR,2.27,TRAIN
cust-00674,m-001,33,10,1004.02,100.4,35.19,284.6,8,1,330,33.0,0.4,0.2,AT_RISK,7.48,TRAIN
cust-00675,m-001,36,9,1188.46,132.05,36.39,339.54,7,1,286,31.2,0.444,0.111,AT_RISK,16.61,TRAIN
cust-00676,m-001,1,13,1693.7,130.28,47.84,284.6,8,1,357,29.7,0.385,0.231,REGULAR,0.21,TRAIN
cust-00677,m-001,5,18,2537.27,140.96,35.19,522.48,8,1,324,18.8,0.444,0.167,LOYAL,1.15,TRAIN
cust-00678,m-001,69,9,965.73,107.3,36.39,261.24,6,1,353,35.5,0.333,0.444,INACTIVE,64.87,TRAIN
cust-00679,m-001,9,13,1733.82,133.37,35.57,358.04,8,1,334,27.1,0.462,0.308,REGULAR,2.01,TRAIN
cust-00680,m-001,39,8,732.19,91.52,36.39,191.36,7,1,330,41.6,0.5,0.625,AT_RISK,8.84,TRAIN
cust-00681,m-001,14,10,1053.08,105.31,35.19,268.53,7,1,356,38.0,0.1,0.2,REGULAR,2.94,TRAIN
cust-00682,m-001,43,9,1219.11,135.46,37.64,245.24,7,1,339,37.0,0.111,0.0,AT_RISK,18.49,TRAIN
cust-00683,m-001,9,9,656.3,72.92,35.19,202.12,7,1,339,41.2,0.444,0.444,REGULAR,1.99,TRAIN
cust-00684,m-001,36,4,352.64,88.16,36.39,143.52,4,1,194,52.7,0.25,0.25,AT_RISK,13.85,TRAIN
cust-00685,m-001,6,10,1338.53,133.85,75.28,202.12,9,1,278,30.2,0.3,0.2,REGULAR,1.61,TRAIN
cust-00686,m-001,37,15,1709.9,113.99,35.19,284.6,11,1,361,23.1,0.4,0.0,AT_RISK,28.52,VALIDATION
cust-00687,m-001,11,16,1991.27,124.45,35.19,490.48,9,1,332,21.4,0.312,0.25,LOYAL,2.48,TEST
cust-00688,m-001,4,10,1364.17,136.42,47.84,339.54,7,1,360,39.6,0.2,0.7,REGULAR,0.83,TRAIN
cust-00689,m-001,2,11,1590.39,144.58,50.53,284.6,8,1,338,33.6,0.273,0.182,REGULAR,0.44,TEST
cust-00690,m-001,37,13,1205.56,92.74,35.57,367.86,7,1,333,24.7,0.077,0.231,AT_RISK,26.76,VALIDATION
cust-00691,m-001,136,8,736.41,92.05,35.19,249.66,7,1,352,30.9,0.25,0.375,INACTIVE,100.0,TRAIN
cust-00692,m-001,37,15,1860.42,124.03,35.57,391.86,9,1,356,22.8,0.2,0.467,AT_RISK,29.07,TRAIN
cust-00693,m-001,68,13,1114.13,85.7,35.19,142.3,8,1,349,23.4,0.231,0.231,INACTIVE,81.47,TRAIN
cust-00694,m-001,1,15,2110.23,140.68,36.39,391.86,9,1,332,23.6,0.333,0.267,LOYAL,0.23,TRAIN
cust-00695,m-001,1,13,1418.11,109.09,35.19,261.24,8,1,356,29.6,0.308,0.154,REGULAR,0.21,TRAIN
cust-00696,m-001,14,13,1584.62,121.89,35.19,245.52,10,1,334,26.7,0.538,0.462,REGULAR,3.13,TRAIN
cust-00697,m-001,86,8,1109.1,138.64,37.64,426.9,7,1,358,38.9,0.125,0.25,INACTIVE,88.62,TRAIN
cust-00698,m-001,21,12,943.36,78.61,35.19,142.3,9,1,291,24.5,0.167,0.667,REGULAR,5.39,VALIDATION
cust-00699,m-001,7,12,1635.89,136.32,35.57,426.9,8,1,264,23.4,0.417,0.417,REGULAR,1.98,TEST
cust-00700,m-001,79,17,2469.07,145.24,36.39,569.2,11,1,364,17.8,0.294,0.588,INACTIVE,100.0,TEST
cust-00701,m-001,10,8,1200.38,150.05,35.19,426.9,6,1,187,25.3,0.5,0.5,REGULAR,3.99,TRAIN
cust-00702,m-001,0,13,1362.25,104.79,35.19,249.66,9,1,354,29.5,0.462,0.231,REGULAR,0.0,TRAIN
cust-00703,m-001,7,17,2161.03,127.12,35.57,367.86,9,1,357,21.9,0.059,0.294,LOYAL,1.47,VALIDATION
cust-00704,m-001,4,19,1939.11,102.06,35.19,245.52,10,1,355,19.5,0.316,0.579,LOYAL,0.84,VALIDATION
cust-00705,m-001,11,16,1825.57,114.1,36.39,249.66,8,1,343,22.1,0.562,0.312,LOYAL,2.4,TRAIN
cust-00706,m-001,18,14,1564.47,111.75,35.19,284.6,9,1,359,26.2,0.429,0.357,REGULAR,3.75,TRAIN
cust-00707,m-001,9,12,1638.96,136.58,35.57,391.86,9,1,362,32.1,0.25,0.167,REGULAR,1.86,TRAIN
cust-00708,m-001,5,16,1719.72,107.48,36.39,358.04,12,1,314,20.6,0.438,0.375,LOYAL,1.19,VALIDATION
cust-00709,m-001,32,9,806.63,89.63,36.39,245.52,6,1,351,39.9,0.333,0.444,AT_RISK,6.82,TRAIN
cust-00710,m-001,43,11,1192.47,108.41,37.64,245.24,9,1,349,30.6,0.364,0.091,AT_RISK,27.81,TRAIN
cust-00711,m-001,11,13,1410.69,108.51,35.19,284.6,6,1,316,25.4,0.154,0.385,REGULAR,2.6,TRAIN
cust-00712,m-001,50,10,1523.3,152.33,47.84,391.86,7,1,292,26.9,0.3,0.2,AT_RISK,47.45,TRAIN
cust-00713,m-001,32,14,1386.53,99.04,35.19,179.02,8,1,347,24.2,0.286,0.286,AT_RISK,18.6,TRAIN
cust-00714,m-001,40,14,3415.8,243.99,35.19,1724.31,8,1,317,21.3,0.286,0.214,AT_RISK,37.48,TEST
cust-00715,m-001,4,15,1847.41,123.16,35.57,284.6,9,1,358,25.3,0.4,0.2,LOYAL,0.84,VALIDATION
cust-00716,m-001,12,13,2365.53,181.96,61.38,522.48,11,1,361,29.1,0.385,0.385,REGULAR,2.49,VALIDATION
cust-00717,m-001,37,12,1014.97,84.58,36.39,145.56,6,1,334,27.0,0.333,0.333,AT_RISK,23.28,TEST
cust-00718,m-001,50,8,1013.02,126.63,37.64,245.24,6,1,325,39.3,0.25,0.125,AT_RISK,27.55,TEST
cust-00719,m-001,2,13,1429.55,109.97,36.39,268.53,10,1,310,25.7,0.538,0.231,REGULAR,0.48,TRAIN
cust-00720,m-001,0,8,1104.39,138.05,35.19,522.48,5,1,351,50.1,0.125,0.5,REGULAR,0.0,TRAIN
cust-00721,m-001,77,11,1348.65,122.6,35.57,284.6,8,1,356,27.9,0.273,0.273,INACTIVE,89.83,TRAIN
cust-00722,m-001,62,7,818.39,116.91,37.64,284.6,5,1,356,49.0,0.429,0.429,INACTIVE,32.53,TRAIN
cust-00723,m-001,10,16,3707.4,231.71,35.19,2577.03,11,1,331,21.4,0.25,0.375,LOYAL,2.26,TRAIN
cust-00724,m-001,32,13,1216.66,93.59,35.19,284.6,11,1,359,27.2,0.385,0.615,AT_RISK,13.87,TRAIN
cust-00725,m-001,8,15,1374.0,91.6,35.19,221.88,9,1,335,23.4,0.333,0.6,LOYAL,1.79,TRAIN
cust-00726,m-001,136,5,451.46,90.29,35.19,130.62,5,1,354,54.5,0.4,0.4,INACTIVE,100.0,TRAIN
cust-00727,m-001,14,11,1232.16,112.01,47.84,367.86,8,1,312,29.8,0.273,0.545,REGULAR,3.35,TEST
cust-00728,m-001,51,14,1401.5,100.11,35.19,226.36,8,1,328,21.3,0.357,0.429,AT_RISK,56.18,TRAIN
cust-00729,m-001,34,16,1963.12,122.7,36.39,569.2,10,1,356,21.5,0.312,0.438,AT_RISK,25.89,TEST
cust-00730,m-001,14,17,1961.51,115.38,35.57,391.86,11,1,334,20.0,0.471,0.235,LOYAL,3.13,TRAIN
cust-00731,m-001,11,20,2044.12,102.21,35.19,268.53,10,1,312,15.8,0.35,0.25,LOYAL,2.64,TRAIN
cust-00732,m-001,31,14,1588.89,113.49,35.19,452.72,9,1,350,24.5,0.286,0.429,AT_RISK,16.37,TRAIN
cust-00733,m-001,41,13,1680.4,129.26,35.19,332.88,8,1,364,26.9,0.077,0.385,AT_RISK,29.57,TRAIN
cust-00734,m-001,0,18,1598.01,88.78,35.19,284.6,8,1,364,21.4,0.333,0.333,LOYAL,0.0,TRAIN
cust-00735,m-001,5,9,896.74,99.64,47.84,261.24,6,1,339,41.8,0.556,0.556,REGULAR,1.1,TRAIN
cust-00736,m-001,55,14,1568.52,112.04,35.19,339.54,9,1,345,22.3,0.357,0.429,AT_RISK,60.97,VALIDATION
cust-00737,m-001,12,11,1220.93,110.99,35.19,426.9,8,1,328,31.6,0.455,0.182,REGULAR,2.74,TRAIN
cust-00738,m-001,15,12,921.91,76.83,35.19,142.3,10,1,356,31.0,0.333,0.417,REGULAR,3.15,TRAIN
cust-00739,m-001,95,7,958.07,136.87,61.38,261.24,6,1,362,44.5,0.571,0.429,INACTIVE,95.38,TRAIN
cust-00740,m-001,33,15,2667.87,177.86,35.19,1021.87,9,1,340,21.9,0.333,0.4,AT_RISK,23.91,TRAIN
cust-00741,m-001,39,7,480.37,68.62,36.39,110.94,5,1,343,50.7,0.714,0.571,AT_RISK,8.5,TRAIN
cust-00742,m-001,10,16,1914.36,119.65,35.57,284.6,9,1,354,22.9,0.312,0.5,LOYAL,2.11,TRAIN
cust-00743,m-001,12,10,1081.11,108.11,55.47,166.41,7,1,362,38.9,0.5,0.3,REGULAR,2.48,TRAIN
cust-00744,m-001,15,10,873.57,87.36,35.57,284.6,7,1,362,38.6,0.4,0.3,REGULAR,3.1,TRAIN
cust-00745,m-001,20,16,2521.41,157.59,35.19,452.72,10,1,313,19.5,0.25,0.375,REGULAR,5.53,TRAIN
cust-00746,m-001,116,9,1325.08,147.23,47.84,522.48,6,1,351,29.4,0.333,0.333,INACTIVE,100.0,TRAIN
cust-00747,m-001,31,12,1007.96,84.0,35.57,184.14,8,1,353,29.3,0.417,0.333,AT_RISK,9.12,TRAIN
cust-00748,m-001,1,18,2228.64,123.81,35.19,367.86,11,1,337,19.8,0.278,0.111,LOYAL,0.22,TRAIN
cust-00749,m-001,11,12,1240.13,103.34,35.19,522.48,9,1,356,31.4,0.25,0.25,REGULAR,2.31,TRAIN
cust-00750,m-001,40,10,928.83,92.88,35.57,142.3,7,1,330,32.2,0.2,0.5,AT_RISK,20.76,VALIDATION
cust-00751,m-001,19,12,1177.69,98.14,35.19,245.24,8,1,352,30.3,0.333,0.333,REGULAR,4.04,TRAIN
cust-00752,m-001,9,14,1363.52,97.39,36.39,245.52,7,1,360,27.0,0.429,0.286,REGULAR,1.87,TRAIN
cust-00753,m-001,13,14,1642.72,117.34,35.19,284.6,9,1,364,27.0,0.357,0.429,REGULAR,2.67,TRAIN
cust-00754,m-001,3,10,829.61,82.96,35.19,151.59,9,1,349,38.4,0.2,0.2,REGULAR,0.64,TRAIN
cust-00755,m-001,102,15,1937.27,129.15,35.19,245.52,8,1,352,17.9,0.2,0.333,INACTIVE,100.0,VALIDATION
cust-00756,m-001,25,10,1332.24,133.22,35.19,452.72,8,1,361,37.3,0.3,0.2,REGULAR,5.18,TRAIN
cust-00757,m-001,7,10,1046.9,104.69,35.57,245.24,6,1,328,35.7,0.2,0.3,REGULAR,1.6,TRAIN
cust-00758,m-001,21,8,772.17,96.52,47.84,166.41,5,1,275,36.3,0.25,0.25,REGULAR,5.71,TRAIN
cust-00759,m-001,16,9,1049.69,116.63,47.84,284.6,6,1,347,41.4,0.444,0.333,REGULAR,3.45,TRAIN
cust-00760,m-001,154,4,784.57,196.14,95.68,391.86,3,1,363,69.7,0.0,0.25,INACTIVE,100.0,TRAIN
cust-00761,m-001,3,15,1748.33,116.56,35.19,569.2,11,1,296,20.9,0.133,0.333,LOYAL,0.76,TEST
cust-00762,m-001,12,13,2089.51,160.73,35.19,391.86,7,1,343,27.6,0.308,0.231,REGULAR,2.62,TRAIN
cust-00763,m-001,41,9,1541.77,171.31,35.57,284.6,7,1,303,32.8,0.444,0.444,AT_RISK,22.42,TRAIN
cust-00764,m-001,21,14,1919.39,137.1,35.57,367.86,11,1,342,24.7,0.357,0.286,REGULAR,4.59,TRAIN
cust-00765,m-001,61,15,2207.1,147.14,35.19,569.2,8,1,322,18.6,0.4,0.467,INACTIVE,77.76,TRAIN
cust-00766,m-001,39,12,1718.2,143.18,35.19,426.9,7,1,358,29.0,0.667,0.25,AT_RISK,23.15,TRAIN
cust-00767,m-001,12,9,1314.06,146.01,37.64,569.2,7,1,357,43.1,0.444,0.444,REGULAR,2.51,TRAIN
cust-00768,m-001,0,12,1587.8,132.32,35.19,490.48,10,1,340,30.9,0.333,0.417,REGULAR,0.0,VALIDATION
cust-00769,m-001,52,12,1695.79,141.32,35.19,358.04,9,1,354,27.5,0.417,0.417,AT_RISK,47.74,TEST
cust-00770,m-001,0,10,1108.47,110.85,35.57,452.72,8,1,312,34.7,0.6,0.2,REGULAR,0.0,TEST
cust-00771,m-001,12,8,1024.26,128.03,35.19,358.04,5,1,357,49.3,0.25,0.25,REGULAR,2.51,TEST
cust-00772,m-001,73,6,450.55,75.09,35.19,151.59,6,1,361,57.6,0.667,0.667,INACTIVE,38.22,TRAIN
cust-00773,m-001,33,14,1417.98,101.28,36.39,184.14,8,1,288,19.6,0.5,0.357,AT_RISK,28.66,VALIDATION
cust-00774,m-001,3,17,1806.91,106.29,35.19,268.53,12,1,329,20.4,0.235,0.176,LOYAL,0.68,TRAIN
cust-00775,m-001,39,3,160.76,53.59,37.64,75.28,2,1,339,150.0,0.667,0.667,NEW,8.6,TRAIN
cust-00776,m-001,4,10,1353.6,135.36,55.47,284.6,6,1,312,34.2,0.4,0.8,REGULAR,0.96,TEST
cust-00777,m-001,12,13,887.69,68.28,37.64,113.18,8,1,350,28.2,0.385,0.231,REGULAR,2.56,TRAIN
cust-00778,m-001,3,16,1880.55,117.53,35.57,339.54,10,1,302,19.9,0.438,0.312,LOYAL,0.74,TRAIN
cust-00779,m-001,6,16,2358.74,147.42,35.19,391.86,9,1,299,19.5,0.375,0.188,LOYAL,1.5,TEST
cust-00780,m-001,18,11,1264.65,114.97,47.84,261.24,9,1,333,31.5,0.182,0.182,REGULAR,4.04,TRAIN
cust-00781,m-001,5,14,1990.96,142.21,37.64,391.86,8,1,328,24.8,0.429,0.214,REGULAR,1.14,VALIDATION
cust-00782,m-001,22,19,1767.69,93.04,35.57,151.59,10,1,354,18.4,0.421,0.263,REGULAR,10.05,VALIDATION
cust-00783,m-001,39,11,2628.7,238.97,47.84,490.48,6,1,325,28.6,0.545,0.182,AT_RISK,24.57,TRAIN
cust-00784,m-001,86,15,1664.48,110.97,35.19,490.48,8,1,357,19.4,0.333,0.267,INACTIVE,100.0,TRAIN
cust-00785,m-001,23,5,729.5,145.9,35.19,490.48,5,1,246,55.8,0.4,0.6,REGULAR,6.98,TEST
cust-00786,m-001,16,13,1163.21,89.48,35.19,284.6,9,1,354,28.2,0.385,0.154,REGULAR,3.38,TRAIN
cust-00787,m-001,12,12,1036.55,86.38,35.19,150.56,5,1,350,30.7,0.333,0.417,REGULAR,2.56,TRAIN
cust-00788,m-001,15,17,2039.07,119.95,36.39,284.6,8,1,261,15.4,0.059,0.118,REGULAR,4.29,TRAIN
cust-00789,m-001,6,14,1186.61,84.76,35.57,151.59,9,1,362,27.4,0.429,0.286,REGULAR,1.24,VALIDATION
cust-00790,m-001,10,13,1420.84,109.3,35.19,426.9,9,1,346,28.0,0.385,0.231,REGULAR,2.16,TRAIN
cust-00791,m-001,8,10,996.32,99.63,35.57,226.36,8,1,342,37.1,0.2,0.3,REGULAR,1.75,TRAIN
cust-00792,m-001,54,5,314.3,62.86,35.57,89.51,5,1,353,74.8,0.4,0.8,AT_RISK,11.44,TEST
cust-00793,m-001,10,7,612.25,87.46,35.19,221.88,4,1,345,55.8,0.571,0.286,REGULAR,2.17,VALIDATION
cust-00794,m-001,17,15,1597.49,106.5,35.57,339.54,10,1,342,23.2,0.333,0.267,REGULAR,3.72,TEST
cust-00795,m-001,7,11,1178.21,107.11,35.57,261.24,8,1,238,23.1,0.364,0.455,REGULAR,2.2,TRAIN
cust-00796,m-001,9,12,1403.46,116.96,35.19,426.9,8,1,363,32.2,0.583,0.083,REGULAR,1.85,TRAIN
cust-00797,m-001,4,7,1299.7,185.67,50.53,522.48,5,1,237,38.8,0.571,0.286,REGULAR,1.26,TRAIN
cust-00798,m-001,2,15,1545.8,103.05,35.19,452.72,9,1,328,23.3,0.2,0.2,LOYAL,0.46,TRAIN
cust-00799,m-001,21,17,2216.4,130.38,35.19,367.86,12,1,337,19.8,0.353,0.471,REGULAR,6.46,TRAIN
cust-00800,m-001,2,14,1280.02,91.43,35.19,226.36,9,1,335,25.6,0.214,0.5,REGULAR,0.45,TRAIN
cust-00801,m-001,4,15,1550.3,103.35,35.19,332.88,9,1,339,23.9,0.4,0.2,LOYAL,0.88,TRAIN
cust-00802,m-001,82,11,1114.85,101.35,35.57,184.14,7,1,260,17.8,0.364,0.182,INACTIVE,100.0,TRAIN
cust-00803,m-001,16,12,1227.19,102.27,35.57,339.54,10,1,349,30.3,0.25,0.333,REGULAR,3.43,TRAIN
cust-00804,m-001,10,12,1234.02,102.84,35.19,284.6,9,1,339,29.9,0.333,0.333,REGULAR,2.21,TRAIN
cust-00805,m-001,40,13,1602.4,123.26,35.57,522.48,8,1,361,26.8,0.385,0.385,AT_RISK,28.09,TEST
cust-00806,m-001,59,9,1490.38,165.6,35.19,569.2,8,1,359,37.5,0.556,0.556,AT_RISK,44.54,TRAIN
cust-00807,m-001,28,12,999.44,83.29,35.19,184.14,9,1,346,28.9,0.167,0.333,REGULAR,6.05,TEST
cust-00808,m-001,40,7,540.53,77.22,47.84,122.62,7,1,353,52.2,0.286,0.429,AT_RISK,8.47,TRAIN
cust-00809,m-001,39,12,1084.2,90.35,35.19,261.24,7,1,349,28.2,0.333,0.25,AT_RISK,24.56,TRAIN
cust-00810,m-001,32,14,1709.14,122.08,35.19,339.54,9,1,289,19.8,0.5,0.286,AT_RISK,26.58,TRAIN
cust-00811,m-001,1,18,2331.22,129.51,35.19,426.9,10,1,358,21.0,0.333,0.167,LOYAL,0.21,TRAIN
cust-00812,m-001,6,13,2005.07,154.24,55.47,339.54,9,1,357,29.2,0.308,0.154,REGULAR,1.26,TRAIN
cust-00813,m-001,16,8,1421.21,177.65,37.64,358.04,6,1,222,29.4,0.125,0.5,REGULAR,5.38,TRAIN
cust-00814,m-001,45,13,1911.64,147.05,37.64,426.9,9,1,317,22.7,0.308,0.462,AT_RISK,44.06,TRAIN
cust-00815,m-001,107,11,1618.2,147.11,35.19,367.86,8,1,305,19.8,0.273,0.364,INACTIVE,100.0,TEST
cust-00816,m-001,0,16,1556.97,97.31,35.19,166.44,11,1,355,23.7,0.438,0.375,LOYAL,0.0,TRAIN
cust-00817,m-001,32,11,1224.8,111.35,35.57,426.9,8,1,322,29.0,0.455,0.455,AT_RISK,11.93,TRAIN
cust-00818,m-001,10,19,1555.6,81.87,35.19,202.12,10,1,342,18.4,0.421,0.526,LOYAL,2.19,TRAIN
cust-00819,m-001,23,21,3721.86,177.23,35.19,522.48,10,1,351,16.4,0.333,0.286,REGULAR,14.8,TRAIN
cust-00820,m-001,32,9,945.73,105.08,35.19,284.6,7,1,357,40.6,0.556,0.444,AT_RISK,6.7,VALIDATION
cust-00821,m-001,27,12,1175.58,97.96,35.19,261.24,7,1,331,27.6,0.167,0.417,REGULAR,6.1,TRAIN
cust-00822,m-001,124,13,1163.49,89.5,36.39,284.6,6,1,358,19.5,0.462,0.385,INACTIVE,100.0,VALIDATION
cust-00823,m-001,36,15,1537.98,102.53,35.19,426.9,10,1,322,20.4,0.267,0.267,AT_RISK,31.76,TEST
cust-00824,m-001,27,14,1363.77,97.41,35.57,391.86,8,1,357,25.4,0.286,0.214,REGULAR,8.06,TEST
cust-00825,m-001,53,14,1269.72,90.69,35.19,150.56,8,1,306,19.5,0.786,0.429,AT_RISK,63.2,TEST
cust-00826,m-001,33,9,750.79,83.42,36.39,142.3,8,1,359,40.8,0.333,0.444,AT_RISK,6.87,TEST
cust-00827,m-001,72,13,1859.92,143.07,35.57,569.2,9,1,320,20.7,0.615,0.308,INACTIVE,93.77,TRAIN
cust-00828,m-001,27,8,826.36,103.3,36.39,261.24,5,1,285,36.9,0.5,0.25,REGULAR,7.08,TEST
cust-00829,m-001,0,14,1844.28,131.73,36.39,426.9,10,1,350,26.9,0.357,0.357,REGULAR,0.0,TRAIN
cust-00830,m-001,4,13,1231.59,94.74,35.19,226.36,10,1,347,28.6,0.385,0.385,REGULAR,0.86,TRAIN
cust-00831,m-001,63,12,951.52,79.29,36.39,166.41,6,1,354,26.5,0.5,0.083,INACTIVE,68.06,TEST
cust-00832,m-001,18,15,1406.2,93.75,35.57,249.66,11,1,341,23.1,0.333,0.467,REGULAR,3.95,TRAIN
cust-00833,m-001,4,17,1466.18,86.25,35.19,221.88,8,1,353,21.8,0.647,0.294,LOYAL,0.85,TEST
cust-00834,m-001,25,17,2352.92,138.41,35.57,452.72,11,1,345,20.0,0.529,0.471,REGULAR,12.92,TRAIN
cust-00835,m-001,5,13,1860.41,143.11,35.19,391.86,9,1,353,29.0,0.231,0.308,REGULAR,1.06,TRAIN
cust-00836,m-001,22,10,1625.04,162.5,55.47,339.54,5,1,336,34.9,0.3,0.4,REGULAR,4.9,TRAIN
cust-00837,m-001,47,12,1769.58,147.46,35.19,426.9,8,1,354,27.9,0.333,0.5,AT_RISK,38.58,VALIDATION
cust-00838,m-001,9,8,804.2,100.52,35.19,284.6,6,1,265,36.6,0.375,0.25,REGULAR,2.54,TRAIN
cust-00839,m-001,46,16,1817.74,113.61,35.57,284.6,10,1,354,20.5,0.562,0.438,AT_RISK,47.97,TRAIN
cust-00840,m-001,28,10,1884.35,188.44,35.57,506.4,7,1,329,33.4,0.3,0.3,REGULAR,6.36,TRAIN
cust-00841,m-001,4,16,2111.04,131.94,37.64,426.9,10,1,248,16.3,0.375,0.25,LOYAL,1.2,VALIDATION
cust-00842,m-001,2,15,1964.71,130.98,35.19,569.2,9,1,346,24.6,0.467,0.133,LOYAL,0.43,TRAIN
cust-00843,m-001,0,13,1350.57,103.89,35.19,522.48,10,1,360,30.0,0.308,0.385,REGULAR,0.0,TRAIN
cust-00844,m-001,8,12,1759.99,146.67,35.57,522.48,7,1,313,27.7,0.333,0.25,REGULAR,1.91,TRAIN
cust-00845,m-001,55,17,2987.39,175.73,35.19,569.2,10,1,336,17.6,0.235,0.235,AT_RISK,68.34,TRAIN
cust-00846,m-001,67,12,1369.07,114.09,35.57,391.86,9,1,349,25.6,0.417,0.25,INACTIVE,76.46,VALIDATION
cust-00847,m-001,75,8,1035.99,129.5,36.39,284.6,6,1,356,40.1,0.25,0.25,INACTIVE,68.11,TEST
cust-00848,m-001,22,13,1730.38,133.11,35.57,284.6,10,1,317,24.6,0.462,0.231,REGULAR,5.19,TRAIN
cust-00849,m-001,2,13,1007.03,77.46,35.19,226.36,10,1,273,22.6,0.154,0.154,REGULAR,0.55,TRAIN
cust-00850,m-001,10,15,2325.37,155.02,35.19,367.86,9,1,362,25.1,0.333,0.333,LOYAL,2.07,TRAIN
cust-00851,m-001,24,7,723.97,103.42,47.84,226.36,6,1,303,46.5,0.286,0.143,REGULAR,5.92,VALIDATION
cust-00852,m-001,151,7,771.05,110.15,47.84,226.36,6,1,331,30.0,0.143,0.286,INACTIVE,100.0,TEST
cust-00853,m-001,8,16,1534.02,95.88,35.57,367.86,11,1,364,23.7,0.312,0.312,LOYAL,1.64,TRAIN
cust-00854,m-001,2,12,1479.15,123.26,35.19,261.24,8,1,330,29.8,0.5,0.333,REGULAR,0.45,TEST
cust-00855,m-001,9,20,1935.07,96.75,35.19,452.72,8,1,344,17.6,0.35,0.25,LOYAL,1.96,TEST
cust-00856,m-001,125,9,632.63,70.29,35.19,130.62,6,1,346,27.6,0.444,0.0,INACTIVE,100.0,VALIDATION
cust-00857,m-001,27,12,1354.88,112.91,50.53,226.36,11,1,331,27.6,0.083,0.167,REGULAR,6.1,TRAIN
cust-00858,m-001,11,6,769.5,128.25,35.57,284.6,6,1,258,49.4,0.333,0.5,REGULAR,3.19,TRAIN
cust-00859,m-001,45,4,247.91,61.98,47.84,83.22,4,1,317,90.7,0.0,0.25,AT_RISK,10.61,TRAIN
cust-00860,m-001,39,14,2135.29,152.52,35.19,522.48,11,1,364,25.0,0.286,0.286,AT_RISK,29.01,TRAIN
cust-00861,m-001,38,14,1317.72,94.12,35.19,226.36,10,1,263,17.3,0.286,0.429,AT_RISK,41.85,TEST
cust-00862,m-001,32,14,1707.41,121.96,47.84,268.53,9,1,350,24.5,0.143,0.5,AT_RISK,18.09,TRAIN
cust-00863,m-001,10,15,2422.36,161.49,36.39,569.2,10,1,335,23.2,0.333,0.4,LOYAL,2.23,TRAIN
cust-00864,m-001,87,8,612.14,76.52,35.19,202.12,5,1,350,37.6,0.25,0.375,INACTIVE,92.69,TEST
cust-00865,m-001,5,16,1472.97,92.06,35.19,261.24,10,1,353,23.2,0.438,0.188,LOYAL,1.06,TRAIN
cust-00866,m-001,3,15,1848.25,123.22,36.39,339.54,9,1,354,25.1,0.4,0.333,LOYAL,0.63,TRAIN
cust-00867,m-001,17,13,1976.04,152.0,35.57,569.2,9,1,364,28.9,0.385,0.462,REGULAR,3.49,TRAIN
cust-00868,m-001,16,11,1099.6,99.96,36.39,249.66,9,1,343,32.7,0.091,0.364,REGULAR,3.49,VALIDATION
cust-00869,m-001,14,10,1095.25,109.52,35.57,569.2,8,1,313,33.2,0.5,0.5,REGULAR,3.34,TRAIN
cust-00870,m-001,55,17,2141.34,125.96,35.19,391.86,10,1,364,19.3,0.529,0.471,AT_RISK,64.85,TRAIN
cust-00871,m-001,24,12,1858.38,154.86,35.19,522.48,9,1,323,27.2,0.333,0.167,REGULAR,5.56,TRAIN
cust-00872,m-001,15,15,2306.21,153.75,35.57,522.48,10,1,364,24.9,0.333,0.467,REGULAR,3.08,TRAIN
cust-00873,m-001,32,10,1650.72,165.07,35.57,426.9,7,1,355,35.9,0.6,0.5,AT_RISK,6.74,TRAIN
cust-00874,m-001,1,10,882.66,88.27,35.19,166.44,8,1,345,38.2,0.4,0.2,REGULAR,0.22,TRAIN
cust-00875,m-001,33,17,1996.14,117.42,35.19,358.04,11,1,342,19.3,0.176,0.412,AT_RISK,27.77,VALIDATION
cust-00876,m-001,111,13,1371.25,105.48,35.19,249.66,8,1,362,20.9,0.538,0.231,INACTIVE,100.0,VALIDATION
cust-00877,m-001,32,16,1402.04,87.63,35.19,226.36,9,1,331,19.9,0.312,0.125,AT_RISK,25.38,TEST
cust-00878,m-001,37,9,713.47,79.27,35.19,142.3,7,1,353,39.5,0.222,0.333,AT_RISK,7.84,TRAIN
cust-00879,m-001,20,13,1334.25,102.63,36.39,184.14,8,1,347,27.2,0.385,0.154,REGULAR,4.31,TEST
cust-00880,m-001,8,8,903.52,112.94,36.39,332.88,6,1,299,41.6,0.375,0.5,REGULAR,2.0,TRAIN
cust-00881,m-001,20,18,2276.35,126.46,35.19,490.48,11,1,347,19.2,0.222,0.389,REGULAR,5.51,TRAIN
cust-00882,m-001,50,14,1350.25,96.45,35.19,245.24,10,1,333,21.8,0.5,0.286,AT_RISK,53.53,TRAIN
cust-00883,m-001,8,19,2617.04,137.74,35.19,358.04,12,1,364,19.8,0.263,0.316,LOYAL,1.64,VALIDATION
cust-00884,m-001,19,8,886.15,110.77,35.57,284.6,6,1,364,49.3,0.625,0.25,REGULAR,3.9,TRAIN
cust-00885,m-001,72,10,850.94,85.09,35.57,143.52,8,1,347,30.6,0.4,0.4,INACTIVE,77.62,TRAIN
cust-00886,m-001,52,7,1109.65,158.52,35.19,284.6,5,1,316,44.0,0.286,0.571,AT_RISK,24.3,TRAIN
cust-00887,m-001,32,16,2108.56,131.78,35.19,490.48,9,1,356,21.6,0.25,0.5,AT_RISK,22.32,VALIDATION
cust-00888,m-001,20,14,1782.6,127.33,35.57,391.86,9,1,362,26.3,0.429,0.286,REGULAR,4.13,TRAIN
cust-00889,m-001,21,16,1410.81,88.18,36.39,145.56,8,1,352,22.1,0.312,0.312,REGULAR,4.46,TRAIN
cust-00890,m-001,51,13,1889.98,145.38,35.57,522.48,8,1,323,22.7,0.231,0.231,AT_RISK,54.26,TRAIN
cust-00891,m-001,26,9,970.98,107.89,35.19,284.6,8,1,327,37.6,0.667,0.222,REGULAR,5.95,TRAIN
cust-00892,m-001,2,13,1043.62,80.28,35.19,166.41,10,1,295,24.4,0.308,0.385,REGULAR,0.51,VALIDATION
cust-00893,m-001,17,11,1128.53,102.59,35.57,332.88,9,1,349,33.2,0.364,0.455,REGULAR,3.64,TEST
cust-00894,m-001,73,10,766.04,76.6,35.19,130.62,9,1,356,31.4,0.1,0.3,INACTIVE,77.74,TRAIN
cust-00895,m-001,0,16,1604.38,100.27,36.39,202.12,9,1,344,22.9,0.25,0.25,LOYAL,0.0,VALIDATION
cust-00896,m-001,28,15,1889.22,125.95,36.39,426.9,10,1,330,21.6,0.333,0.267,REGULAR,15.94,TRAIN
cust-00897,m-001,3,20,2458.61,122.93,35.57,332.88,11,1,314,16.4,0.2,0.25,LOYAL,0.71,TRAIN
cust-00898,m-001,46,13,1534.67,118.05,35.19,284.6,9,1,352,25.5,0.308,0.308,AT_RISK,40.52,TRAIN
cust-00899,m-001,26,18,1993.83,110.77,37.64,245.52,7,1,307,16.5,0.278,0.278,REGULAR,20.58,TRAIN
cust-00900,m-001,5,11,1469.38,133.58,35.57,339.54,8,1,332,32.7,0.364,0.182,REGULAR,1.13,VALIDATION
cust-00901,m-001,0,16,1599.87,99.99,35.19,226.36,9,1,354,23.6,0.438,0.625,LOYAL,0.0,VALIDATION
cust-00902,m-001,4,10,1499.73,149.97,35.19,522.48,8,1,317,34.8,0.3,0.2,REGULAR,0.94,TRAIN
cust-00903,m-001,38,11,1484.04,134.91,50.53,339.54,6,1,342,30.4,0.273,0.364,AT_RISK,19.71,VALIDATION
cust-00904,m-001,2,17,2418.98,142.29,35.57,490.48,9,1,340,21.1,0.294,0.235,LOYAL,0.44,TRAIN
cust-00905,m-001,57,8,1223.93,152.99,35.57,569.2,7,1,341,40.6,0.125,0.375,AT_RISK,37.1,TRAIN
cust-00906,m-001,60,8,937.64,117.2,35.57,391.86,6,1,251,27.3,0.375,0.25,AT_RISK,66.91,VALIDATION
cust-00907,m-001,1,16,2490.66,155.67,47.84,426.9,10,1,339,22.5,0.25,0.438,LOYAL,0.22,TRAIN
cust-00908,m-001,4,13,1434.48,110.34,35.19,245.24,8,1,350,28.8,0.462,0.462,REGULAR,0.85,TRAIN
cust-00909,m-001,6,11,1104.68,100.43,35.57,268.53,7,1,344,33.8,0.182,0.0,REGULAR,1.3,TRAIN
cust-00910,m-001,48,16,2191.82,136.99,36.39,261.24,11,1,360,20.8,0.375,0.312,AT_RISK,50.77,TRAIN
cust-00911,m-001,35,11,1321.62,120.15,35.19,391.86,9,1,335,30.0,0.364,0.273,AT_RISK,15.31,TRAIN
cust-00912,m-001,17,8,839.44,104.93,35.19,179.02,8,1,298,40.1,0.375,0.5,REGULAR,4.26,TRAIN
cust-00913,m-001,14,5,836.87,167.37,35.57,367.86,3,1,359,86.2,0.0,0.4,REGULAR,2.92,TRAIN
cust-00914,m-001,60,5,381.17,76.23,35.57,130.62,5,1,347,71.8,1.0,0.6,AT_RISK,12.93,TRAIN
cust-00915,m-001,25,10,787.03,78.7,35.19,166.41,7,1,314,32.1,0.3,0.5,REGULAR,5.95,TRAIN
cust-00916,m-001,3,19,2336.64,122.98,35.19,367.86,11,1,361,19.9,0.263,0.263,LOYAL,0.62,TRAIN
cust-00917,m-001,12,16,1683.32,105.21,35.19,261.24,10,1,344,22.1,0.438,0.375,LOYAL,2.61,VALIDATION
cust-00918,m-001,5,10,1030.06,103.01,36.39,426.9,8,1,359,39.3,0.4,0.2,REGULAR,1.04,VALIDATION
cust-00919,m-001,4,12,993.54,82.8,36.39,166.44,7,1,340,30.5,0.333,0.083,REGULAR,0.88,TEST
cust-00920,m-001,60,10,1561.62,156.16,35.19,522.48,8,1,331,30.1,0.5,0.3,AT_RISK,58.4,TRAIN
cust-00921,m-001,49,6,623.25,103.88,47.84,249.66,5,1,295,49.2,0.333,0.5,AT_RISK,12.42,TEST
cust-00922,m-001,9,13,1371.07,105.47,35.19,339.54,8,1,328,26.6,0.385,0.077,REGULAR,2.05,TRAIN
cust-00923,m-001,9,11,1242.47,112.95,35.19,284.6,8,1,256,24.7,0.364,0.273,REGULAR,2.63,TEST
cust-00924,m-001,0,15,2081.82,138.79,35.19,490.48,7,1,345,24.6,0.333,0.333,LOYAL,0.0,TRAIN
cust-00925,m-001,9,10,1253.1,125.31,35.19,569.2,7,1,332,35.9,0.3,0.4,REGULAR,2.03,TEST
cust-00926,m-001,8,9,719.63,79.96,35.19,143.52,7,1,349,42.6,0.111,0.333,REGULAR,1.71,TRAIN
cust-00927,m-001,93,13,2025.87,155.84,35.19,522.48,9,1,334,20.1,0.385,0.231,INACTIVE,100.0,TRAIN
cust-00928,m-001,30,9,898.04,99.78,47.84,268.53,7,1,362,41.5,0.333,0.333,REGULAR,6.2,TRAIN
cust-00929,m-001,20,11,1265.79,115.07,35.19,426.9,8,1,347,32.7,0.455,0.182,REGULAR,4.31,TEST
cust-00930,m-001,11,10,1272.92,127.29,35.19,339.54,8,1,321,34.4,0.1,0.3,REGULAR,2.56,TRAIN
cust-00931,m-001,15,11,1059.35,96.3,35.19,184.14,8,1,334,31.9,0.455,0.273,REGULAR,3.36,TRAIN
cust-00932,m-001,1,13,1705.01,131.15,47.84,332.88,8,1,363,30.2,0.308,0.231,REGULAR,0.21,TRAIN
cust-00933,m-001,14,13,1683.04,129.46,35.19,367.86,8,1,361,28.9,0.077,0.308,REGULAR,2.9,TRAIN
cust-00934,m-001,74,9,1494.08,166.01,37.64,391.86,5,1,340,33.2,0.444,0.333,INACTIVE,77.48,TEST
cust-00935,m-001,0,12,1413.34,117.78,37.64,339.54,7,1,291,26.5,0.5,0.417,REGULAR,0.0,TRAIN
cust-00936,m-001,53,9,841.57,93.51,35.19,226.36,7,1,270,27.1,0.444,0.111,AT_RISK,53.52,TEST
cust-00937,m-001,42,16,2153.36,134.58,36.39,339.54,8,1,338,19.7,0.438,0.25,AT_RISK,42.74,TEST
cust-00938,m-001,120,10,1259.28,125.93,47.84,245.24,8,1,323,22.6,0.2,0.2,INACTIVE,100.0,TRAIN
cust-00939,m-001,58,9,863.46,95.94,36.39,184.14,8,1,331,34.1,0.222,0.333,AT_RISK,48.95,TRAIN
cust-00940,m-001,5,7,613.86,87.69,35.57,130.62,6,1,341,56.0,0.714,0.143,REGULAR,1.1,VALIDATION
cust-00941,m-001,7,15,1892.71,126.18,35.19,452.72,13,1,361,25.3,0.467,0.333,LOYAL,1.45,TRAIN
cust-00942,m-001,30,11,1045.17,95.02,35.19,143.52,10,1,335,30.5,0.273,0.364,REGULAR,6.7,TRAIN
cust-00943,m-001,19,11,1701.51,154.68,37.64,367.86,7,1,263,24.4,0.455,0.091,REGULAR,5.4,TRAIN
cust-00944,m-001,70,8,1176.28,147.04,47.84,391.86,7,1,328,36.9,0.0,0.125,INACTIVE,65.61,TEST
cust-00945,m-001,41,11,1445.77,131.43,35.57,261.24,7,1,346,30.5,0.091,0.455,AT_RISK,24.61,TRAIN
cust-00946,m-001,20,14,1609.74,114.98,36.39,367.86,9,1,284,20.3,0.214,0.429,REGULAR,5.26,TRAIN
cust-00947,m-001,70,13,1508.58,116.04,35.19,358.04,9,1,364,24.5,0.308,0.385,INACTIVE,82.63,TRAIN
cust-00948,m-001,16,8,1020.68,127.58,47.84,284.6,7,1,331,45.0,0.125,0.5,REGULAR,3.61,TRAIN
cust-00949,m-001,13,12,1028.29,85.69,35.19,339.54,8,1,362,31.7,0.083,0.417,REGULAR,2.69,TRAIN
cust-00950,m-001,20,11,1251.22,113.75,35.57,245.52,9,1,243,22.3,0.364,0.182,REGULAR,6.15,TRAIN
cust-00951,m-001,12,12,1540.26,128.35,37.64,391.86,6,1,356,31.3,0.417,0.25,REGULAR,2.52,TEST
cust-00952,m-001,7,13,2344.97,180.38,35.19,452.72,9,1,359,29.3,0.154,0.385,REGULAR,1.46,TEST
cust-00953,m-001,16,12,1918.16,159.85,35.19,490.48,8,1,354,30.7,0.5,0.417,REGULAR,3.38,TRAIN
cust-00954,m-001,39,11,1092.04,99.28,35.19,332.88,8,1,357,31.8,0.455,0.273,AT_RISK,18.97,TEST
cust-00955,m-001,11,8,737.46,92.18,35.19,261.24,8,1,348,48.1,0.5,0.25,REGULAR,2.36,TEST
cust-00956,m-001,5,14,1164.4,83.17,35.19,142.3,9,1,355,26.9,0.571,0.143,REGULAR,1.05,VALIDATION
cust-00957,m-001,34,10,904.8,90.48,35.57,179.02,8,1,337,33.7,0.6,0.3,AT_RISK,7.99,TEST
cust-00958,m-001,39,14,1235.52,88.25,35.19,184.14,9,1,340,23.2,0.429,0.286,AT_RISK,32.28,TRAIN
cust-00959,m-001,39,13,1537.12,118.24,35.19,391.86,8,1,360,26.8,0.538,0.308,AT_RISK,26.4,TRAIN
cust-00960,m-001,12,11,1428.2,129.84,36.39,391.86,9,1,334,32.2,0.273,0.182,REGULAR,2.69,TEST
cust-00961,m-001,54,10,1060.55,106.06,36.39,245.24,8,1,347,32.6,0.6,0.2,AT_RISK,43.74,TRAIN
cust-00962,m-001,105,9,788.32,87.59,35.57,226.36,8,1,316,26.4,0.333,0.333,INACTIVE,100.0,VALIDATION
cust-00963,m-001,5,7,824.51,117.79,35.19,339.54,5,1,331,54.3,0.571,0.571,REGULAR,1.13,VALIDATION
cust-00964,m-001,7,13,1249.74,96.13,36.39,143.52,7,1,363,29.7,0.308,0.308,REGULAR,1.44,VALIDATION
cust-00965,m-001,40,16,1803.92,112.74,35.19,391.86,7,1,360,21.3,0.312,0.25,AT_RISK,36.36,TRAIN
cust-00966,m-001,13,17,2385.01,140.29,35.57,569.2,9,1,345,20.8,0.118,0.176,LOYAL,2.82,TRAIN
cust-00967,m-001,8,14,1500.76,107.2,35.19,261.24,10,1,300,22.5,0.357,0.357,REGULAR,1.99,TEST
cust-00968,m-001,45,11,904.65,82.24,35.19,130.62,9,1,333,28.8,0.182,0.455,AT_RISK,34.4,TRAIN
cust-00969,m-001,33,14,1950.58,139.33,47.84,339.54,8,1,333,23.1,0.429,0.357,AT_RISK,22.26,VALIDATION
cust-00970,m-001,11,13,1443.74,111.06,37.64,261.24,9,1,360,29.1,0.308,0.308,REGULAR,2.29,TRAIN
cust-00971,m-001,26,16,2048.25,128.02,35.57,367.86,11,1,352,21.7,0.5,0.125,REGULAR,11.97,TRAIN
cust-00972,m-001,1,20,2455.51,122.78,35.57,268.53,9,1,348,18.3,0.45,0.3,LOYAL,0.21,TRAIN
cust-00973,m-001,3,13,1840.44,141.57,35.19,490.48,9,1,334,27.6,0.231,0.692,REGULAR,0.67,TRAIN
cust-00974,m-001,6,7,668.52,95.5,37.64,166.44,6,1,258,42.0,0.0,0.286,REGULAR,1.74,TRAIN
cust-00975,m-001,30,12,2328.44,194.04,50.53,426.9,9,1,349,29.0,0.083,0.333,REGULAR,7.93,TEST
cust-00976,m-001,36,13,1146.99,88.23,35.57,202.12,9,1,312,23.0,0.308,0.231,AT_RISK,28.13,TRAIN
cust-00977,m-001,11,9,862.93,95.88,35.19,226.36,6,1,352,42.6,0.222,0.111,REGULAR,2.34,TRAIN
cust-00978,m-001,14,15,1833.42,122.23,35.19,245.24,9,1,331,22.6,0.333,0.067,LOYAL,3.16,TRAIN
cust-00979,m-001,95,8,561.9,70.24,37.64,130.62,5,1,254,22.7,0.375,0.375,INACTIVE,100.0,TRAIN
cust-00980,m-001,5,15,1716.02,114.4,35.57,367.86,10,1,344,24.2,0.2,0.267,LOYAL,1.09,TRAIN
cust-00981,m-001,75,12,2223.35,185.28,35.19,522.48,7,1,344,24.5,0.167,0.25,INACTIVE,92.05,TEST
cust-00982,m-001,37,16,1619.23,101.2,37.64,391.86,10,1,303,17.7,0.25,0.25,AT_RISK,38.08,TRAIN
cust-00983,m-001,9,14,1951.25,139.38,35.57,426.9,9,1,359,26.9,0.214,0.429,REGULAR,1.88,TRAIN
cust-00984,m-001,34,8,1083.89,135.49,35.57,367.86,7,1,361,46.7,0.25,0.5,AT_RISK,7.04,TRAIN
cust-00985,m-001,14,15,1467.94,97.86,36.39,226.36,10,1,357,24.5,0.067,0.133,LOYAL,2.93,TEST
cust-00986,m-001,4,13,2090.08,160.78,36.39,569.2,7,1,359,29.6,0.308,0.231,REGULAR,0.83,TRAIN
cust-00987,m-001,20,13,2028.64,156.05,35.19,522.48,8,1,350,27.5,0.231,0.615,REGULAR,4.27,VALIDATION
cust-00988,m-001,87,11,1265.28,115.03,37.64,284.6,8,1,287,20.0,0.273,0.273,INACTIVE,100.0,VALIDATION
cust-00989,m-001,11,12,1149.42,95.79,35.19,367.86,8,1,355,31.3,0.333,0.25,REGULAR,2.32,TEST
cust-00990,m-001,45,13,1417.61,109.05,35.19,391.86,10,1,355,25.8,0.385,0.462,AT_RISK,38.28,TRAIN
cust-00991,m-001,6,15,2051.32,136.75,47.84,367.86,8,1,312,21.9,0.267,0.333,LOYAL,1.44,TRAIN
cust-00992,m-001,37,15,1861.38,124.09,35.19,426.9,11,1,322,20.4,0.6,0.333,AT_RISK,33.49,TRAIN
cust-00993,m-001,16,11,1513.85,137.62,55.47,391.86,5,1,360,34.4,0.273,0.364,REGULAR,3.32,TRAIN
cust-00994,m-001,3,16,1632.54,102.03,35.19,358.04,8,1,359,23.7,0.438,0.188,LOYAL,0.62,TRAIN
cust-00995,m-001,106,13,1442.03,110.93,35.19,284.6,9,1,358,21.0,0.231,0.231,INACTIVE,100.0,TRAIN
cust-00996,m-001,34,13,1582.02,121.69,35.19,391.86,8,1,333,24.9,0.154,0.385,AT_RISK,21.28,TEST
cust-00997,m-001,14,12,1246.72,103.89,35.57,284.6,8,1,350,30.5,0.167,0.333,REGULAR,2.99,TRAIN
cust-00998,m-001,107,11,1181.27,107.39,35.57,249.66,9,1,328,22.1,0.182,0.273,INACTIVE,100.0,TRAIN
cust-00999,m-001,55,8,1257.06,157.13,36.39,522.48,7,1,306,35.9,0.375,0.25,AT_RISK,42.09,TRAIN
cust-01000,m-001,0,17,2093.49,123.15,35.19,367.86,11,1,330,20.6,0.176,0.412,LOYAL,0.0,TRAIN
cust-01001,m-001,11,13,1164.06,89.54,35.19,284.6,10,1,331,26.7,0.308,0.385,REGULAR,2.48,VALIDATION
cust-01002,m-001,136,9,1160.9,128.99,36.39,284.6,6,1,361,28.1,0.444,0.0,INACTIVE,100.0,TRAIN
cust-01003,m-001,45,14,1173.59,83.83,35.19,261.24,10,1,354,23.8,0.286,0.286,AT_RISK,41.31,TRAIN
cust-01004,m-001,1,13,1055.25,81.17,35.19,142.3,9,1,234,19.4,0.462,0.462,REGULAR,0.32,TRAIN
cust-01005,m-001,87,7,1297.27,185.32,55.47,569.2,7,1,317,38.3,0.286,0.286,INACTIVE,93.57,VALIDATION
cust-01006,m-001,5,13,966.37,74.34,35.57,130.62,9,1,339,27.8,0.462,0.385,REGULAR,1.1,TRAIN
cust-01007,m-001,2,13,1583.78,121.83,35.19,452.72,10,1,309,25.6,0.308,0.308,REGULAR,0.48,TRAIN
cust-01008,m-001,43,10,1508.33,150.83,35.57,391.86,6,1,360,35.2,0.5,0.3,AT_RISK,20.63,TEST
cust-01009,m-001,3,25,4152.03,166.08,35.19,426.9,13,1,355,14.7,0.32,0.44,LOYAL,0.63,VALIDATION
cust-01010,m-001,2,8,823.92,102.99,37.64,142.3,4,1,350,49.7,0.25,0.5,REGULAR,0.43,TRAIN
cust-01011,m-001,69,10,1129.32,112.93,35.19,245.24,6,1,343,30.4,0.3,0.2,INACTIVE,72.94,TRAIN
cust-01012,m-001,45,9,1308.31,145.37,37.64,332.88,8,1,340,36.9,0.222,0.222,AT_RISK,22.05,TRAIN
cust-01013,m-001,0,17,2376.04,139.77,35.19,367.86,10,1,336,21.0,0.235,0.353,LOYAL,0.0,VALIDATION
cust-01014,m-001,9,14,1666.84,119.06,36.39,249.66,9,1,360,27.0,0.286,0.286,REGULAR,1.87,VALIDATION
cust-01015,m-001,55,6,510.47,85.08,70.38,106.71,4,1,339,56.8,0.167,0.0,AT_RISK,12.13,VALIDATION
cust-01016,m-001,8,10,909.34,90.93,35.57,142.3,9,1,349,37.9,0.3,0.2,REGULAR,1.71,TEST
cust-01017,m-001,33,13,1048.81,80.68,35.19,245.24,8,1,347,26.2,0.692,0.231,AT_RISK,17.31,TEST
cust-01018,m-001,14,15,1679.13,111.94,47.84,184.14,9,1,348,23.9,0.133,0.4,LOYAL,3.01,TRAIN
cust-01019,m-001,38,7,698.78,99.83,36.39,179.02,5,1,350,52.0,0.0,0.571,AT_RISK,8.12,TRAIN
cust-01020,m-001,52,11,701.88,63.81,35.19,122.62,8,1,363,31.1,0.273,0.182,AT_RISK,42.06,VALIDATION
cust-01021,m-001,19,9,1264.37,140.49,36.39,426.9,8,1,346,40.9,0.333,0.111,REGULAR,4.11,TRAIN
cust-01022,m-001,15,17,2167.52,127.5,35.57,452.72,11,1,309,18.4,0.235,0.235,REGULAR,3.63,TEST
cust-01023,m-001,4,13,1878.46,144.5,35.19,569.2,11,1,303,24.9,0.538,0.385,REGULAR,0.99,TRAIN
cust-01024,m-001,26,16,1619.96,101.25,35.19,249.66,11,1,302,18.4,0.438,0.562,REGULAR,17.84,TRAIN
cust-01025,m-001,12,13,1114.4,85.72,35.57,179.02,9,1,320,25.7,0.538,0.154,REGULAR,2.8,TRAIN
cust-01026,m-001,67,13,1873.37,144.11,36.39,522.48,10,1,339,22.7,0.308,0.308,INACTIVE,81.23,TRAIN
cust-01027,m-001,8,15,1625.73,108.38,35.57,452.72,9,1,356,24.9,0.333,0.4,LOYAL,1.68,VALIDATION
cust-01028,m-001,12,10,1295.45,129.55,35.19,339.54,6,1,323,34.6,0.2,0.3,REGULAR,2.78,TRAIN
cust-01029,m-001,11,13,2067.3,159.02,35.57,367.86,9,1,362,29.2,0.538,0.538,REGULAR,2.27,TEST
cust-01030,m-001,1,17,1859.89,109.41,35.19,569.2,12,1,312,19.4,0.353,0.235,LOYAL,0.24,TRAIN
cust-01031,m-001,19,10,1470.89,147.09,55.47,391.86,7,1,349,36.7,0.2,0.4,REGULAR,4.07,TRAIN
cust-01032,m-001,18,13,1479.4,113.8,35.19,452.72,10,1,350,27.7,0.538,0.538,REGULAR,3.85,VALIDATION
cust-01033,m-001,16,12,1660.61,138.38,35.57,426.9,8,1,325,28.1,0.333,0.417,REGULAR,3.68,TRAIN
cust-01034,m-001,11,11,1368.89,124.44,36.39,339.54,8,1,351,34.0,0.545,0.273,REGULAR,2.34,TRAIN
cust-01035,m-001,46,11,951.01,86.46,35.57,367.86,7,1,283,23.7,0.455,0.273,AT_RISK,45.6,TRAIN
cust-01036,m-001,8,11,1586.14,144.19,36.39,490.48,6,1,330,32.2,0.182,0.455,REGULAR,1.81,VALIDATION
cust-01037,m-001,124,4,221.58,55.4,35.19,113.18,4,1,361,79.0,0.75,0.0,INACTIVE,93.19,TRAIN
cust-01038,m-001,38,12,828.37,69.03,35.19,130.62,8,1,330,26.5,0.167,0.25,AT_RISK,25.86,VALIDATION
cust-01039,m-001,3,17,2218.32,130.49,35.19,358.04,9,1,340,21.1,0.471,0.294,LOYAL,0.66,TRAIN
cust-01040,m-001,5,15,1511.13,100.74,35.19,426.9,8,1,364,25.6,0.4,0.267,LOYAL,1.03,TRAIN
cust-01041,m-001,0,25,3353.3,134.13,35.19,522.48,11,1,360,15.0,0.36,0.28,LOYAL,0.0,TEST
cust-01042,m-001,19,16,1987.17,124.2,36.39,284.6,7,1,363,22.9,0.375,0.312,REGULAR,3.91,TRAIN
cust-01043,m-001,5,14,1612.12,115.15,35.19,367.86,9,1,353,26.8,0.214,0.571,REGULAR,1.06,TRAIN
cust-01044,m-001,69,4,451.36,112.84,75.28,150.56,3,1,207,46.0,0.25,0.0,INACTIVE,59.38,VALIDATION
cust-01045,m-001,14,14,1707.19,121.94,35.57,358.04,9,1,324,23.8,0.143,0.429,REGULAR,3.23,TRAIN
cust-01046,m-001,21,12,1149.45,95.79,35.19,358.04,10,1,341,29.1,0.333,0.167,REGULAR,4.61,TEST
cust-01047,m-001,15,16,1444.76,90.3,35.19,166.44,11,1,359,22.9,0.438,0.125,REGULAR,3.12,TRAIN
cust-01048,m-001,8,14,1668.22,119.16,35.19,367.86,8,1,358,26.9,0.071,0.286,REGULAR,1.67,TRAIN
cust-01049,m-001,37,14,1513.79,108.13,35.57,249.66,8,1,341,23.4,0.5,0.286,AT_RISK,28.51,VALIDATION
cust-01050,m-001,30,9,5193.15,577.02,47.84,4199.11,8,1,347,39.6,0.444,0.333,REGULAR,6.47,TRAIN
cust-01051,m-001,3,14,2009.86,143.56,37.64,426.9,9,1,348,26.5,0.071,0.5,REGULAR,0.64,TEST
cust-01052,m-001,12,12,1655.41,137.95,35.19,452.72,8,1,317,27.7,0.417,0.333,REGULAR,2.83,TRAIN
cust-01053,m-001,53,15,2059.47,137.3,35.57,339.54,7,1,361,22.0,0.4,0.333,AT_RISK,57.48,TRAIN
cust-01054,m-001,21,4,406.59,101.65,35.57,179.02,4,1,281,86.7,0.25,0.25,REGULAR,5.59,TRAIN
cust-01055,m-001,10,16,1970.35,123.15,35.57,426.9,8,1,341,22.1,0.312,0.25,LOYAL,2.19,TRAIN
cust-01056,m-001,11,8,879.72,109.96,36.39,261.24,7,1,326,45.0,0.375,0.625,REGULAR,2.52,TRAIN
cust-01057,m-001,78,12,794.8,66.23,35.19,122.62,9,1,342,24.0,0.25,0.333,INACTIVE,98.06,TRAIN
cust-01058,m-001,28,7,300.05,42.86,36.39,61.38,4,1,294,44.3,0.143,0.571,REGULAR,7.12,TRAIN
cust-01059,m-001,2,10,1621.88,162.19,36.39,522.48,7,1,356,39.3,0.2,0.1,REGULAR,0.42,VALIDATION
cust-01060,m-001,88,13,1613.72,124.13,35.57,490.48,8,1,363,22.9,0.538,0.077,INACTIVE,100.0,TEST
cust-01061,m-001,5,15,1556.98,103.8,35.57,284.6,9,1,356,25.1,0.467,0.333,LOYAL,1.05,TEST
cust-01062,m-001,61,12,1123.73,93.64,35.19,245.24,9,1,357,26.9,0.417,0.083,INACTIVE,63.93,TRAIN
cust-01063,m-001,1,12,1195.28,99.61,35.19,391.86,9,1,321,29.1,0.333,0.25,REGULAR,0.23,TEST
cust-01064,m-001,15,12,2059.9,171.66,35.19,522.48,5,1,364,31.7,0.333,0.333,REGULAR,3.08,TEST
cust-01065,m-001,46,10,1108.9,110.89,37.64,261.24,6,1,312,29.6,0.6,0.1,AT_RISK,35.62,TRAIN
cust-01066,m-001,4,15,1874.18,124.95,35.57,391.86,8,1,362,25.6,0.4,0.2,LOYAL,0.83,TEST
cust-01067,m-001,11,13,1107.93,85.23,35.19,151.59,9,1,363,29.3,0.231,0.308,REGULAR,2.27,TEST
cust-01068,m-001,3,16,2176.33,136.02,35.57,426.9,9,1,335,22.1,0.188,0.312,LOYAL,0.67,TRAIN
cust-01069,m-001,4,11,1355.93,123.27,35.57,339.54,8,1,352,34.8,0.182,0.273,REGULAR,0.85,TRAIN
cust-01070,m-001,20,7,1054.97,150.71,35.57,490.48,5,1,258,39.7,0.429,0.143,REGULAR,5.79,TEST
cust-01071,m-001,28,10,1351.23,135.12,36.39,391.86,8,1,350,35.8,0.2,0.3,REGULAR,5.98,TRAIN
cust-01072,m-001,41,13,1281.81,98.6,47.84,184.14,10,1,330,24.1,0.154,0.385,AT_RISK,34.64,TRAIN
cust-01073,m-001,33,10,1125.79,112.58,35.19,226.36,8,1,304,30.1,0.4,0.5,AT_RISK,12.46,VALIDATION
cust-01074,m-001,1,7,826.81,118.12,36.39,245.24,5,1,302,50.2,0.143,0.0,REGULAR,0.25,TRAIN
cust-01075,m-001,89,4,630.95,157.74,55.47,339.54,3,1,248,53.0,0.5,0.0,INACTIVE,80.81,TRAIN
cust-01076,m-001,2,21,2949.35,140.45,35.57,426.9,12,1,343,17.0,0.333,0.286,LOYAL,0.44,TRAIN
cust-01077,m-001,60,9,1493.91,165.99,47.84,391.86,6,1,302,30.2,0.444,0.444,AT_RISK,59.55,TRAIN
cust-01078,m-001,66,11,1734.41,157.67,35.19,1057.74,7,1,351,28.5,0.636,0.273,INACTIVE,70.31,TEST
cust-01079,m-001,6,13,1949.18,149.94,35.19,490.48,10,1,348,28.5,0.308,0.462,REGULAR,1.29,TRAIN
cust-01080,m-001,4,16,1150.52,71.91,35.57,179.02,9,1,336,22.1,0.375,0.25,LOYAL,0.89,TRAIN
cust-01081,m-001,2,8,766.36,95.8,36.39,245.24,6,1,339,48.1,0.0,0.375,REGULAR,0.44,VALIDATION
cust-01082,m-001,7,13,1980.43,152.34,35.19,452.72,9,1,306,24.9,0.385,0.154,REGULAR,1.71,TEST
cust-01083,m-001,16,15,2233.34,148.89,35.57,522.48,9,1,336,22.9,0.133,0.4,REGULAR,3.56,VALIDATION
cust-01084,m-001,4,12,1592.84,132.74,35.19,261.24,8,1,357,32.1,0.25,0.083,REGULAR,0.84,TRAIN
cust-01085,m-001,43,13,1282.45,98.65,35.19,358.04,10,1,346,25.2,0.308,0.462,AT_RISK,35.99,TRAIN
cust-01086,m-001,4,21,2081.71,99.13,35.57,358.04,11,1,353,17.4,0.238,0.286,LOYAL,0.85,TRAIN
cust-01087,m-001,21,16,1978.67,123.67,35.57,339.54,8,1,333,20.8,0.312,0.125,REGULAR,5.02,TRAIN
cust-01088,m-001,3,11,1570.54,142.78,35.19,569.2,6,1,320,31.7,0.545,0.273,REGULAR,0.7,TRAIN
cust-01089,m-001,49,11,1047.99,95.27,36.39,367.86,7,1,323,27.4,0.364,0.545,AT_RISK,43.74,TRAIN
cust-01090,m-001,17,11,833.33,75.76,36.39,166.44,6,1,320,30.3,0.455,0.182,REGULAR,3.97,TRAIN
cust-01091,m-001,33,8,1489.67,186.21,36.39,569.2,6,1,351,45.4,0.5,0.125,AT_RISK,7.03,TRAIN
cust-01092,m-001,26,12,1938.49,161.54,35.57,522.48,7,1,284,23.5,0.25,0.25,REGULAR,10.59,VALIDATION
cust-01093,m-001,6,12,1567.47,130.62,35.57,358.04,7,1,332,29.6,0.333,0.333,REGULAR,1.35,TRAIN
cust-01094,m-001,18,12,1323.27,110.27,35.19,426.9,9,1,336,28.9,0.25,0.25,REGULAR,4.01,TRAIN
cust-01095,m-001,71,5,637.08,127.42,36.39,268.53,4,1,236,41.2,0.6,0.2,INACTIVE,67.17,TRAIN
cust-01096,m-001,1,10,1388.48,138.85,35.19,426.9,9,1,358,39.7,0.3,0.4,REGULAR,0.21,TRAIN
cust-01097,m-001,7,14,1667.09,119.08,36.39,367.86,9,1,312,23.5,0.429,0.286,REGULAR,1.68,TRAIN
cust-01098,m-001,12,13,1111.27,85.48,35.19,179.02,8,1,358,28.8,0.538,0.308,REGULAR,2.51,TRAIN
cust-01099,m-001,25,14,1741.54,124.4,35.19,426.9,10,1,334,23.8,0.286,0.143,REGULAR,7.4,TEST
cust-01100,m-001,37,15,2093.92,139.59,35.19,339.54,10,1,348,22.2,0.467,0.133,AT_RISK,30.15,TRAIN
cust-01101,m-001,73,14,1885.13,134.65,35.19,367.86,10,1,348,21.2,0.429,0.357,INACTIVE,93.39,VALIDATION
cust-01102,m-001,18,15,2121.62,141.44,35.19,339.54,11,1,341,23.1,0.4,0.267,REGULAR,3.95,TRAIN
cust-01103,m-001,41,11,1205.64,109.6,35.19,261.24,9,1,343,30.2,0.182,0.364,AT_RISK,25.14,TRAIN
cust-01104,m-001,83,20,2290.61,114.53,35.57,268.53,11,1,356,14.4,0.3,0.1,INACTIVE,100.0,TRAIN
cust-01105,m-001,47,10,1287.11,128.71,35.19,339.54,6,1,358,34.6,0.3,0.3,AT_RISK,28.42,TRAIN
cust-01106,m-001,33,12,1390.89,115.91,35.57,284.6,8,1,284,22.8,0.5,0.083,AT_RISK,23.98,TRAIN
cust-01107,m-001,46,11,1139.31,103.57,35.19,261.24,10,1,363,31.7,0.364,0.364,AT_RISK,30.93,TRAIN
cust-01108,m-001,20,8,987.94,123.49,36.39,249.66,6,1,359,48.4,0.375,0.125,REGULAR,4.17,VALIDATION
cust-01109,m-001,1,20,2583.52,129.18,35.19,391.86,11,1,352,18.5,0.15,0.4,LOYAL,0.21,TRAIN
cust-01110,m-001,42,12,925.66,77.14,36.39,245.24,9,1,325,25.7,0.417,0.167,AT_RISK,34.11,TRAIN
cust-01111,m-001,4,11,1365.85,124.17,36.39,226.36,5,1,355,35.1,0.364,0.182,REGULAR,0.84,TRAIN
cust-01112,m-001,36,16,1324.69,82.79,36.39,142.3,9,1,344,20.5,0.25,0.312,AT_RISK,31.08,TRAIN
cust-01113,m-001,35,16,1725.19,107.82,35.19,426.9,12,1,362,21.8,0.312,0.25,AT_RISK,27.03,TRAIN
cust-01114,m-001,15,6,546.56,91.09,35.19,166.44,5,1,333,63.6,0.5,0.0,REGULAR,3.37,TRAIN
cust-01115,m-001,64,11,1279.95,116.36,35.57,391.86,8,1,361,29.7,0.364,0.455,INACTIVE,64.71,TRAIN
cust-01116,m-001,5,14,1091.97,78.0,35.57,142.3,9,1,356,27.0,0.429,0.429,REGULAR,1.05,TRAIN
cust-01117,m-001,26,10,933.25,93.32,35.19,226.36,8,1,334,34.2,0.3,0.3,REGULAR,5.82,TRAIN
cust-01118,m-001,35,8,1167.34,145.92,36.39,367.86,7,1,364,47.0,0.375,0.25,AT_RISK,7.19,TRAIN
cust-01119,m-001,16,9,1101.66,122.41,50.53,261.24,8,1,331,39.4,0.333,0.556,REGULAR,3.61,TRAIN
cust-01120,m-001,109,10,1416.97,141.7,36.39,426.9,6,1,328,24.3,0.5,0.3,INACTIVE,100.0,TRAIN
cust-01121,m-001,93,12,1536.4,128.03,35.57,426.9,9,1,267,15.8,0.167,0.417,INACTIVE,100.0,TEST
cust-01122,m-001,5,6,1117.68,186.28,83.22,367.86,5,1,361,71.2,0.5,0.0,REGULAR,1.04,TRAIN
cust-01123,m-001,19,12,2120.62,176.72,55.47,569.2,7,1,361,31.1,0.333,0.417,REGULAR,3.94,TEST
cust-01124,m-001,2,16,2072.7,129.54,35.57,332.88,8,1,329,21.8,0.438,0.5,LOYAL,0.45,TRAIN
cust-01125,m-001,96,6,379.49,63.25,36.39,113.18,5,1,320,44.8,0.667,0.167,INACTIVE,99.23,VALIDATION
cust-01126,m-001,20,14,1902.45,135.89,35.19,452.72,10,1,332,24.0,0.143,0.286,REGULAR,4.5,VALIDATION
cust-01127,m-001,14,7,813.27,116.18,50.53,261.24,5,1,338,54.0,0.143,0.286,REGULAR,3.1,TRAIN
cust-01128,m-001,43,12,1401.56,116.8,35.19,261.24,9,1,363,29.1,0.5,0.333,AT_RISK,29.71,TRAIN
cust-01129,m-001,11,20,2170.38,108.52,36.39,261.24,11,1,363,18.5,0.55,0.15,LOYAL,2.27,TRAIN
cust-01130,m-001,32,7,625.83,89.4,36.39,140.76,5,1,333,50.2,0.571,0.571,AT_RISK,7.19,TRAIN
cust-01131,m-001,43,12,1060.31,88.36,35.19,143.52,10,1,331,26.2,0.25,0.333,AT_RISK,34.91,TRAIN
cust-01132,m-001,57,11,1014.69,92.24,35.57,142.3,7,1,323,26.6,0.364,0.545,AT_RISK,58.79,TRAIN
cust-01133,m-001,47,13,2096.06,161.24,37.64,569.2,12,1,355,25.7,0.385,0.462,AT_RISK,41.85,VALIDATION
cust-01134,m-001,50,17,1743.98,102.59,35.57,245.52,8,1,351,18.8,0.412,0.294,AT_RISK,57.45,VALIDATION
cust-01135,m-001,64,9,1068.44,118.72,61.38,202.12,7,1,355,36.4,0.444,0.111,INACTIVE,54.88,TRAIN
cust-01136,m-001,12,17,2502.14,147.18,35.57,569.2,8,1,363,21.9,0.353,0.235,LOYAL,2.47,TRAIN
cust-01137,m-001,2,6,587.5,97.92,37.64,261.24,5,1,362,72.0,0.5,0.5,REGULAR,0.41,TEST
cust-01138,m-001,11,16,2287.56,142.97,35.57,391.86,7,1,326,21.0,0.375,0.188,LOYAL,2.52,TRAIN
cust-01139,m-001,33,11,1402.45,127.5,37.64,367.86,8,1,355,32.2,0.364,0.455,AT_RISK,8.15,TRAIN
cust-01140,m-001,2,14,1847.96,132.0,35.19,367.86,8,1,356,27.2,0.357,0.357,REGULAR,0.42,TRAIN
cust-01141,m-001,1,14,1470.17,105.01,36.39,332.88,8,1,331,25.4,0.357,0.429,REGULAR,0.23,TRAIN
cust-01142,m-001,30,13,1685.36,129.64,35.57,367.86,7,1,360,27.5,0.231,0.538,REGULAR,9.98,TRAIN
cust-01143,m-001,5,9,1232.14,136.9,35.19,358.04,7,1,301,37.0,0.111,0.333,REGULAR,1.24,TRAIN
cust-01144,m-001,44,13,2176.17,167.4,36.39,391.86,9,1,359,26.2,0.308,0.308,AT_RISK,35.87,TRAIN
cust-01145,m-001,18,15,1944.15,129.61,35.57,284.6,9,1,347,23.5,0.333,0.333,REGULAR,3.88,TRAIN
cust-01146,m-001,22,9,1143.15,127.02,37.64,245.24,7,1,346,40.5,0.222,0.222,REGULAR,4.76,TRAIN
cust-01147,m-001,74,8,1110.3,138.79,37.64,358.04,7,1,243,24.1,0.625,0.125,INACTIVE,97.6,TRAIN
cust-01148,m-001,166,13,1481.18,113.94,47.84,452.72,8,1,332,13.8,0.462,0.077,INACTIVE,100.0,TRAIN
cust-01149,m-001,4,16,2342.01,146.38,47.84,569.2,10,1,361,23.8,0.5,0.188,LOYAL,0.83,TEST
cust-01150,m-001,38,13,1688.14,129.86,35.57,339.54,9,1,349,25.9,0.154,0.308,AT_RISK,26.29,TRAIN
cust-01151,m-001,18,19,1649.63,86.82,35.57,268.53,10,1,363,19.2,0.368,0.158,REGULAR,3.71,TEST
cust-01152,m-001,11,13,1530.09,117.7,35.19,452.72,7,1,336,27.1,0.385,0.538,REGULAR,2.45,TRAIN
cust-01153,m-001,58,15,1965.11,131.01,37.64,391.86,8,1,345,20.5,0.2,0.467,AT_RISK,68.82,TRAIN
cust-01154,m-001,4,12,996.17,83.01,35.19,261.24,8,1,361,32.5,0.333,0.333,REGULAR,0.83,TRAIN
cust-01155,m-001,84,9,1139.25,126.58,35.19,391.86,8,1,308,28.0,0.222,0.556,INACTIVE,100.0,TEST
cust-01156,m-001,66,12,1051.46,87.62,35.19,142.3,8,1,330,24.0,0.583,0.167,INACTIVE,77.95,TRAIN
cust-01157,m-001,5,10,1091.96,109.2,35.57,261.24,8,1,341,37.3,0.4,0.2,REGULAR,1.1,TRAIN
cust-01158,m-001,2,10,973.62,97.36,35.19,142.3,8,1,360,39.8,0.2,0.3,REGULAR,0.42,TRAIN
cust-01159,m-001,6,8,1313.03,164.13,70.38,426.9,6,1,322,45.1,0.25,0.25,REGULAR,1.39,TRAIN
cust-01160,m-001,34,11,4581.05,416.46,36.39,3333.74,9,1,336,30.2,0.091,0.545,AT_RISK,13.27,TRAIN
cust-01161,m-001,22,12,1203.26,100.27,35.19,391.86,8,1,340,28.9,0.5,0.333,REGULAR,4.84,TRAIN
cust-01162,m-001,0,19,2633.62,138.61,35.19,426.9,11,1,355,19.7,0.421,0.211,LOYAL,0.0,TRAIN
cust-01163,m-001,2,13,1063.81,81.83,35.19,245.24,8,1,307,25.4,0.385,0.308,REGULAR,0.49,TRAIN
cust-01164,m-001,0,11,2339.26,212.66,37.64,490.48,7,1,363,36.3,0.091,0.182,REGULAR,0.0,TRAIN
cust-01165,m-001,3,18,1594.14,88.56,36.39,245.24,11,1,357,20.8,0.444,0.5,LOYAL,0.63,TRAIN
cust-01166,m-001,9,13,1670.33,128.49,35.19,391.86,7,1,342,27.8,0.308,0.231,REGULAR,1.97,TEST
cust-01167,m-001,29,17,2020.45,118.85,35.19,490.48,9,1,361,20.8,0.412,0.353,REGULAR,18.31,TRAIN
cust-01168,m-001,113,9,884.28,98.25,36.39,166.41,7,1,245,16.5,0.222,0.333,INACTIVE,100.0,TEST
cust-01169,m-001,54,11,1304.88,118.63,37.64,367.86,6,1,363,30.9,0.273,0.091,AT_RISK,45.78,TRAIN
cust-01170,m-001,1,7,771.05,110.15,61.38,166.44,5,1,302,50.2,0.286,0.714,REGULAR,0.25,VALIDATION
cust-01171,m-001,6,17,1172.86,68.99,35.19,166.44,11,1,332,20.4,0.118,0.412,LOYAL,1.35,TRAIN
cust-01172,m-001,71,8,906.57,113.32,35.57,284.6,6,1,330,37.0,0.125,0.375,INACTIVE,67.09,VALIDATION
cust-01173,m-001,18,13,1676.48,128.96,35.19,391.86,9,1,353,27.9,0.231,0.308,REGULAR,3.81,TRAIN
cust-01174,m-001,2,7,498.09,71.16,35.19,142.3,7,1,260,43.0,0.286,0.0,REGULAR,0.57,TRAIN
cust-01175,m-001,0,17,2009.64,118.21,36.39,284.6,8,1,352,22.0,0.235,0.235,LOYAL,0.0,TRAIN
cust-01176,m-001,7,18,1572.32,87.35,35.19,179.02,13,1,348,20.1,0.444,0.333,LOYAL,1.5,TRAIN
cust-01177,m-001,4,12,1109.45,92.45,35.57,166.44,8,1,356,32.0,0.5,0.333,REGULAR,0.84,TRAIN
cust-01178,m-001,32,14,2901.66,207.26,35.19,1583.55,11,1,363,25.5,0.429,0.071,AT_RISK,16.34,VALIDATION
cust-01179,m-001,9,8,715.88,89.48,47.84,151.59,6,1,290,40.1,0.375,0.25,REGULAR,2.32,TRAIN
cust-01180,m-001,19,11,2184.95,198.63,47.84,569.2,7,1,320,30.1,0.364,0.455,REGULAR,4.44,VALIDATION
cust-01181,m-001,26,11,1133.93,103.08,37.64,151.59,10,1,331,30.5,0.455,0.273,REGULAR,5.87,TRAIN
cust-01182,m-001,27,16,2020.02,126.25,35.57,391.86,10,1,348,21.4,0.438,0.312,REGULAR,14.2,TRAIN
cust-01183,m-001,29,8,895.08,111.88,47.84,339.54,7,1,329,42.9,0.25,0.25,REGULAR,6.59,TRAIN
cust-01184,m-001,16,17,1770.89,104.17,36.39,226.36,9,1,348,20.8,0.471,0.118,REGULAR,3.44,TRAIN
cust-01185,m-001,94,11,1305.27,118.66,35.57,284.6,8,1,319,22.5,0.727,0.364,INACTIVE,100.0,TEST
cust-01186,m-001,4,13,1034.15,79.55,36.39,179.02,9,1,343,28.2,0.077,0.308,REGULAR,0.87,TRAIN
cust-01187,m-001,4,16,1897.81,118.61,35.19,391.86,10,1,323,21.3,0.438,0.375,LOYAL,0.93,TRAIN
cust-01188,m-001,105,14,1693.83,120.99,35.19,391.86,9,1,359,19.5,0.143,0.214,INACTIVE,100.0,TRAIN
cust-01189,m-001,11,14,1833.29,130.95,35.19,391.86,10,1,329,24.5,0.429,0.286,REGULAR,2.5,TRAIN
cust-01190,m-001,17,11,1214.37,110.4,35.19,249.66,8,1,364,34.7,0.273,0.364,REGULAR,3.49,TRAIN
cust-01191,m-001,60,13,1342.92,103.3,37.64,191.36,9,1,314,21.2,0.077,0.385,AT_RISK,72.49,VALIDATION
cust-01192,m-001,20,13,1120.27,86.17,35.19,284.6,8,1,331,25.9,0.077,0.308,REGULAR,4.52,TEST
cust-01193,m-001,8,17,2119.67,124.69,35.19,284.6,11,1,355,21.7,0.412,0.353,LOYAL,1.69,TRAIN
cust-01194,m-001,8,13,2016.51,155.12,37.64,332.88,9,1,360,29.3,0.154,0.385,REGULAR,1.66,TRAIN
cust-01195,m-001,70,13,1415.73,108.9,35.57,452.72,10,1,355,23.8,0.231,0.385,INACTIVE,84.05,TRAIN
cust-01196,m-001,43,7,589.4,84.2,35.57,143.52,5,1,334,48.5,0.143,0.143,AT_RISK,9.63,TRAIN
cust-01197,m-001,39,10,1843.44,184.34,37.64,569.2,7,1,335,32.9,0.2,0.2,AT_RISK,17.86,TRAIN
cust-01198,m-001,68,15,2134.24,142.28,35.57,391.86,8,1,349,20.1,0.067,0.333,INACTIVE,86.42,TRAIN
cust-01199,m-001,95,11,966.76,87.89,35.19,179.02,7,1,353,25.8,0.455,0.636,INACTIVE,100.0,VALIDATION
cust-01200,m-001,3,9,1178.03,130.89,35.57,367.86,8,1,363,45.0,0.222,0.444,REGULAR,0.62,TRAIN
cust-01201,m-001,37,11,1338.15,121.65,35.19,268.53,8,1,354,31.7,0.455,0.364,AT_RISK,15.77,TRAIN
cust-01202,m-001,3,15,1268.21,84.55,37.64,184.14,11,1,336,23.8,0.267,0.133,LOYAL,0.67,TRAIN
cust-01203,m-001,8,16,1915.74,119.73,47.84,339.54,11,1,351,22.9,0.125,0.25,LOYAL,1.7,TEST
cust-01204,m-001,16,7,411.73,58.82,35.19,110.94,5,1,319,50.5,0.429,0.143,REGULAR,3.75,TRAIN
cust-01205,m-001,75,9,1146.68,127.41,35.57,245.24,7,1,357,35.2,0.333,0.111,INACTIVE,75.41,TRAIN
cust-01206,m-001,8,10,1039.85,103.98,35.57,268.53,8,1,343,37.2,0.4,0.4,REGULAR,1.74,TEST
cust-01207,m-001,16,14,1514.56,108.18,35.19,391.86,9,1,305,22.2,0.5,0.286,REGULAR,3.92,VALIDATION
cust-01208,m-001,34,9,1139.3,126.59,35.19,426.9,6,1,295,32.6,0.556,0.556,AT_RISK,10.71,TRAIN
cust-01209,m-001,18,14,1437.7,102.69,35.19,284.6,12,1,350,25.5,0.286,0.571,REGULAR,3.85,VALIDATION
cust-01210,m-001,61,8,688.18,86.02,35.19,142.28,7,1,362,43.0,0.375,0.25,INACTIVE,39.6,TRAIN
cust-01211,m-001,16,13,1856.85,142.83,37.64,358.04,9,1,219,16.9,0.154,0.231,REGULAR,5.45,TRAIN
cust-01212,m-001,19,6,781.87,130.31,47.84,391.86,4,1,319,60.0,0.333,0.333,REGULAR,4.45,TRAIN
cust-01213,m-001,7,9,1169.92,129.99,36.39,522.48,8,1,249,30.2,0.333,0.333,REGULAR,2.1,TRAIN
cust-01214,m-001,0,7,1149.93,164.28,55.47,332.88,6,1,346,57.7,0.286,0.286,REGULAR,0.0,TRAIN
cust-01215,m-001,31,14,1653.49,118.11,35.57,426.9,11,1,349,24.5,0.286,0.429,AT_RISK,16.39,TEST
cust-01216,m-001,40,12,1683.61,140.3,35.19,332.88,9,1,345,27.7,0.083,0.5,AT_RISK,27.12,TRAIN
cust-01217,m-001,1,8,1267.87,158.48,35.19,452.72,8,1,334,47.6,0.125,0.25,REGULAR,0.22,TRAIN
cust-01218,m-001,6,17,2591.99,152.47,35.19,522.48,9,1,320,19.6,0.353,0.235,LOYAL,1.4,TRAIN
cust-01219,m-001,4,6,497.94,82.99,37.64,130.62,5,1,347,68.6,0.5,0.333,REGULAR,0.86,TEST
cust-01220,m-001,35,14,1630.42,116.46,35.19,522.48,11,1,341,23.5,0.286,0.429,AT_RISK,24.93,TRAIN
cust-01221,m-001,7,18,2335.14,129.73,36.39,490.48,11,1,364,21.0,0.444,0.056,LOYAL,1.44,TRAIN
cust-01222,m-001,40,9,1010.04,112.23,36.39,166.44,7,1,340,37.5,0.667,0.222,AT_RISK,12.55,TRAIN
cust-01223,m-001,1,18,2168.01,120.44,36.39,426.9,12,1,358,21.0,0.222,0.222,LOYAL,0.21,TRAIN
cust-01224,m-001,27,14,1239.96,88.57,35.19,179.02,8,1,344,24.4,0.429,0.214,REGULAR,9.77,TRAIN
cust-01225,m-001,2,12,1156.7,96.39,36.39,268.53,7,1,352,31.8,0.417,0.25,REGULAR,0.42,TRAIN
cust-01226,m-001,76,10,1614.78,161.48,36.39,391.86,7,1,290,23.8,0.2,0.4,INACTIVE,97.89,TRAIN
cust-01227,m-001,50,16,2172.25,135.77,35.19,522.48,10,1,362,20.8,0.562,0.188,AT_RISK,54.13,TRAIN
cust-01228,m-001,5,14,1137.3,81.24,35.57,122.76,9,1,332,25.2,0.5,0.429,REGULAR,1.13,TRAIN
cust-01229,m-001,15,12,1611.35,134.28,47.84,367.86,8,1,350,30.5,0.25,0.333,REGULAR,3.21,TRAIN
cust-01230,m-001,42,12,1453.8,121.15,35.19,367.86,7,1,334,26.5,0.167,0.083,AT_RISK,32.65,VALIDATION
cust-01231,m-001,33,10,2006.62,200.66,50.53,569.2,5,1,330,33.0,0.3,0.3,AT_RISK,7.48,TRAIN
cust-01232,m-001,7,14,1188.84,84.92,35.19,522.48,8,1,343,25.8,0.357,0.357,REGULAR,1.53,TRAIN
cust-01233,m-001,1,21,2542.31,121.06,47.84,452.72,10,1,342,17.0,0.238,0.381,LOYAL,0.22,VALIDATION
cust-01234,m-001,13,13,1312.66,100.97,35.57,191.36,7,1,358,28.8,0.154,0.308,REGULAR,2.72,TRAIN
cust-01235,m-001,5,13,1800.38,138.49,36.39,391.86,9,1,319,26.2,0.308,0.154,REGULAR,1.17,TRAIN
cust-01236,m-001,53,17,1855.4,109.14,35.57,339.54,9,1,350,18.6,0.353,0.353,AT_RISK,62.92,TRAIN
cust-01237,m-001,4,13,1595.24,122.71,35.19,332.88,8,1,357,29.4,0.385,0.077,REGULAR,0.84,TRAIN
cust-01238,m-001,38,8,1173.01,146.63,35.19,284.6,6,1,356,45.4,0.125,0.25,AT_RISK,7.98,TRAIN
cust-01239,m-001,1,15,1326.24,88.42,35.19,179.02,12,1,347,24.7,0.267,0.2,LOYAL,0.22,TRAIN
cust-01240,m-001,29,18,1744.18,96.9,36.39,226.36,8,1,355,19.2,0.444,0.444,REGULAR,20.81,VALIDATION
cust-01241,m-001,4,13,1062.16,81.7,35.19,226.36,8,1,319,26.2,0.385,0.462,REGULAR,0.94,TEST
cust-01242,m-001,1,19,1731.65,91.14,35.57,179.02,11,1,360,19.9,0.263,0.474,LOYAL,0.21,VALIDATION
cust-01243,m-001,1,19,2060.69,108.46,35.19,226.36,12,1,339,18.8,0.421,0.316,LOYAL,0.22,TRAIN
cust-01244,m-001,6,13,1105.16,85.01,35.19,151.59,10,1,360,29.5,0.308,0.385,REGULAR,1.25,VALIDATION
cust-01245,m-001,2,11,1229.2,111.75,35.19,522.48,7,1,286,28.4,0.273,0.182,REGULAR,0.52,TRAIN
cust-01246,m-001,5,13,1603.4,123.34,36.39,268.53,8,1,300,24.6,0.308,0.231,REGULAR,1.25,TRAIN
cust-01247,m-001,15,10,741.77,74.18,35.19,268.53,7,1,316,33.4,0.2,0.1,REGULAR,3.55,VALIDATION
cust-01248,m-001,40,10,1281.19,128.12,35.19,367.86,7,1,297,28.6,0.2,0.6,AT_RISK,27.17,TRAIN
cust-01249,m-001,162,8,647.14,80.89,35.19,130.62,8,1,311,21.3,0.125,0.25,INACTIVE,100.0,TEST
cust-01250,m-001,13,14,1714.36,122.45,35.19,391.86,9,1,331,24.5,0.214,0.429,REGULAR,2.94,VALIDATION
cust-01251,m-001,47,3,486.99,162.33,95.68,284.6,3,1,347,150.0,0.667,0.333,INACTIVE,10.13,TRAIN
cust-01252,m-001,20,14,2026.11,144.72,36.39,391.86,7,1,346,25.1,0.286,0.357,REGULAR,4.32,TRAIN
cust-01253,m-001,7,9,1076.75,119.64,55.47,391.86,6,1,177,21.2,0.333,0.444,REGULAR,2.95,TEST
cust-01254,m-001,50,10,1691.35,169.14,35.19,522.48,8,1,314,29.3,0.2,0.4,AT_RISK,42.95,TRAIN
cust-01255,m-001,8,16,1618.54,101.16,35.19,261.24,9,1,349,22.7,0.438,0.5,LOYAL,1.71,TRAIN
cust-01256,m-001,5,17,1506.94,88.64,35.19,151.59,11,1,331,20.4,0.412,0.353,LOYAL,1.13,TRAIN
cust-01257,m-001,61,15,1662.72,110.85,35.19,268.53,11,1,339,19.9,0.2,0.6,INACTIVE,75.11,TEST
cust-01258,m-001,22,12,1059.67,88.31,35.19,143.52,8,1,267,22.3,0.167,0.333,REGULAR,6.16,TRAIN
cust-01259,m-001,100,8,685.46,85.68,35.19,184.14,8,1,337,33.9,0.5,0.125,INACTIVE,100.0,TRAIN
cust-01260,m-001,33,21,2116.23,100.77,35.19,268.53,10,1,363,16.5,0.429,0.238,AT_RISK,31.55,TRAIN
cust-01261,m-001,64,8,959.29,119.91,50.53,367.86,5,1,345,40.1,0.5,0.375,INACTIVE,49.72,TRAIN
cust-01262,m-001,52,15,1563.02,104.2,35.19,226.36,11,1,344,20.9,0.2,0.133,AT_RISK,57.95,TRAIN
cust-01263,m-001,11,17,2634.8,154.99,35.57,452.72,10,1,358,21.7,0.353,0.176,LOYAL,2.3,TRAIN
cust-01264,m-001,67,15,2311.67,154.11,47.84,452.72,11,1,347,20.0,0.333,0.4,INACTIVE,84.94,TRAIN
cust-01265,m-001,67,8,1235.81,154.48,47.84,490.48,6,1,348,40.1,0.375,0.125,INACTIVE,54.75,TRAIN
cust-01266,m-001,37,10,990.28,99.03,35.19,179.02,7,1,285,27.6,0.8,0.2,AT_RISK,23.8,TEST
cust-01267,m-001,38,10,781.38,78.14,35.19,122.62,8,1,299,29.0,0.6,0.0,AT_RISK,23.0,VALIDATION
cust-01268,m-001,61,12,1157.73,96.48,35.19,166.44,7,1,324,23.9,0.417,0.333,INACTIVE,69.73,TEST
cust-01269,m-001,0,18,1949.69,108.32,35.57,367.86,12,1,364,21.4,0.278,0.333,LOYAL,0.0,TRAIN
cust-01270,m-001,46,14,1571.46,112.25,35.19,339.54,11,1,350,23.4,0.357,0.357,AT_RISK,43.73,VALIDATION
cust-01271,m-001,26,13,1196.85,92.07,35.57,151.59,9,1,335,25.8,0.385,0.385,REGULAR,6.1,TRAIN
cust-01272,m-001,75,9,991.39,110.15,35.19,179.02,8,1,292,27.1,0.444,0.0,INACTIVE,91.05,TRAIN
cust-01273,m-001,18,8,857.66,107.21,35.19,284.6,6,1,348,47.1,0.375,0.125,REGULAR,3.87,TRAIN
cust-01274,m-001,12,12,1468.35,122.36,35.19,268.53,7,1,343,30.1,0.417,0.333,REGULAR,2.62,VALIDATION
cust-01275,m-001,20,16,1281.13,80.07,35.57,130.62,11,1,361,22.7,0.312,0.25,REGULAR,4.14,VALIDATION
cust-01276,m-001,14,13,1375.29,105.79,35.19,268.53,7,1,326,26.0,0.308,0.308,REGULAR,3.21,TRAIN
cust-01277,m-001,56,13,1378.01,106.0,35.19,268.53,8,1,357,25.1,0.385,0.231,AT_RISK,58.08,TEST
cust-01278,m-001,2,20,1424.7,71.24,35.19,179.02,9,1,337,17.6,0.4,0.3,LOYAL,0.44,TRAIN
cust-01279,m-001,25,18,2388.34,132.69,35.19,358.04,12,1,345,18.8,0.333,0.444,REGULAR,14.72,TRAIN
cust-01280,m-001,142,7,858.74,122.68,37.64,284.6,7,1,363,36.8,0.286,0.429,INACTIVE,100.0,TEST
cust-01281,m-001,54,14,1321.22,94.37,35.19,268.53,8,1,354,23.1,0.286,0.357,AT_RISK,57.76,VALIDATION
cust-01282,m-001,55,6,497.51,82.92,55.47,130.62,4,1,364,61.8,0.0,0.167,AT_RISK,11.3,TRAIN
cust-01283,m-001,47,6,997.69,166.28,50.53,569.2,6,1,359,62.4,0.5,0.167,AT_RISK,9.79,TRAIN
cust-01284,m-001,60,13,1647.79,126.75,35.19,490.48,7,1,321,21.8,0.308,0.308,AT_RISK,71.28,VALIDATION
cust-01285,m-001,5,13,979.26,75.33,35.19,122.62,9,1,302,24.8,0.462,0.308,REGULAR,1.24,VALIDATION
cust-01286,m-001,34,19,2249.84,118.41,35.19,367.86,11,1,339,16.9,0.421,0.526,AT_RISK,33.15,TRAIN
cust-01287,m-001,28,13,1033.62,79.51,35.57,142.3,9,1,324,24.7,0.308,0.462,REGULAR,11.41,VALIDATION
cust-01288,m-001,0,18,1720.82,95.6,35.19,261.24,11,1,300,17.6,0.333,0.444,LOYAL,0.0,TRAIN
cust-01289,m-001,13,13,1336.34,102.8,35.19,245.24,9,1,348,27.9,0.154,0.308,REGULAR,2.79,TRAIN
cust-01290,m-001,23,9,819.65,91.07,36.39,179.02,8,1,353,41.2,0.222,0.444,REGULAR,4.87,TRAIN
cust-01291,m-001,10,8,908.59,113.57,37.64,184.14,6,1,355,49.3,0.375,0.125,REGULAR,2.11,TEST
cust-01292,m-001,6,14,1225.7,87.55,35.19,245.24,12,1,359,27.2,0.143,0.429,REGULAR,1.25,TEST
cust-01293,m-001,1,10,1032.8,103.28,37.64,339.54,9,1,348,38.6,0.3,0.2,REGULAR,0.21,TRAIN
cust-01294,m-001,19,11,1463.26,133.02,36.39,569.2,6,1,349,33.0,0.455,0.364,REGULAR,4.07,TRAIN
cust-01295,m-001,33,15,1674.59,111.64,35.19,367.86,9,1,331,21.3,0.2,0.133,AT_RISK,25.0,TRAIN
cust-01296,m-001,21,17,1863.1,109.59,36.39,226.36,10,1,353,20.8,0.294,0.294,REGULAR,4.75,TRAIN
cust-01297,m-001,51,11,2034.33,184.94,36.39,522.48,7,1,362,31.1,0.273,0.273,AT_RISK,40.39,TEST
cust-01298,m-001,41,5,713.04,142.61,71.14,391.86,4,1,267,56.5,0.0,0.4,AT_RISK,11.47,TRAIN
cust-01299,m-001,77,8,1083.29,135.41,47.84,367.86,7,1,360,40.4,0.5,0.25,INACTIVE,70.9,TRAIN
cust-01300,m-001,2,20,1721.89,86.09,35.19,166.44,10,1,350,18.3,0.3,0.35,LOYAL,0.43,TRAIN
cust-01301,m-001,90,7,1190.35,170.05,35.57,426.9,6,1,276,31.0,0.143,0.429,INACTIVE,100.0,VALIDATION
cust-01302,m-001,28,10,808.52,80.85,35.19,130.62,8,1,332,33.8,0.5,0.3,REGULAR,6.31,TEST
cust-01303,m-001,1,9,1321.95,146.88,35.57,522.48,7,1,356,44.4,0.111,0.111,REGULAR,0.21,TRAIN
cust-01304,m-001,6,16,2513.08,157.07,35.19,569.2,12,1,343,22.5,0.438,0.062,LOYAL,1.31,TRAIN
cust-01305,m-001,33,10,1223.47,122.35,35.19,339.54,8,1,339,34.0,0.5,0.2,AT_RISK,7.28,TEST
cust-01306,m-001,108,8,657.72,82.22,35.57,166.44,6,1,364,36.6,0.25,0.375,INACTIVE,100.0,TRAIN
cust-01307,m-001,43,13,1150.56,88.5,36.39,221.88,7,1,337,24.5,0.385,0.231,AT_RISK,37.29,TEST
cust-01308,m-001,52,10,979.43,97.94,37.64,166.41,7,1,325,30.3,0.2,0.3,AT_RISK,44.51,VALIDATION
cust-01309,m-001,19,10,1447.23,144.72,35.57,569.2,8,1,315,32.9,0.3,0.4,REGULAR,4.51,TEST
cust-01310,m-001,61,7,549.57,78.51,36.39,130.62,6,1,326,44.2,0.286,0.0,INACTIVE,39.19,TRAIN
cust-01311,m-001,30,13,1555.27,119.64,35.19,367.86,9,1,359,27.4,0.308,0.308,REGULAR,10.15,TRAIN
cust-01312,m-001,4,18,3094.2,171.9,35.19,924.82,9,1,348,20.2,0.389,0.5,LOYAL,0.86,VALIDATION
cust-01313,m-001,9,8,1120.79,140.1,37.64,284.6,7,1,309,42.9,0.25,0.25,REGULAR,2.18,TEST
cust-01314,m-001,41,8,597.03,74.63,35.19,142.3,7,1,293,36.0,0.125,0.375,AT_RISK,17.96,TRAIN
cust-01315,m-001,6,10,930.08,93.01,36.39,332.88,8,1,344,37.6,0.2,0.3,REGULAR,1.3,TRAIN
cust-01316,m-001,19,10,1121.53,112.15,35.19,221.88,9,1,364,38.3,0.4,0.3,REGULAR,3.9,TRAIN
cust-01317,m-001,4,19,2284.03,120.21,35.19,452.72,11,1,363,19.9,0.421,0.316,LOYAL,0.82,VALIDATION
cust-01318,m-001,11,16,2159.48,134.97,47.84,332.88,8,1,302,19.4,0.25,0.25,LOYAL,2.72,TRAIN
cust-01319,m-001,33,10,1279.28,127.93,50.53,284.6,8,1,328,32.8,0.3,0.7,AT_RISK,7.82,TRAIN
cust-01320,m-001,23,14,1924.09,137.44,35.19,569.2,9,1,340,24.4,0.286,0.357,REGULAR,5.06,TRAIN
cust-01321,m-001,145,6,607.89,101.32,37.64,226.36,6,1,335,38.0,0.5,0.333,INACTIVE,100.0,TRAIN
cust-01322,m-001,9,11,1372.41,124.76,35.19,367.86,9,1,355,34.6,0.364,0.455,REGULAR,1.9,TRAIN
cust-01323,m-001,95,14,1821.76,130.13,35.57,284.6,10,1,337,18.6,0.357,0.5,INACTIVE,100.0,TRAIN
cust-01324,m-001,85,10,1116.89,111.69,35.19,261.24,7,1,333,27.6,0.3,0.5,INACTIVE,100.0,TRAIN
cust-01325,m-001,7,16,1560.13,97.51,35.19,284.6,9,1,349,22.8,0.188,0.375,LOYAL,1.5,TEST
cust-01326,m-001,28,16,1345.17,84.07,35.19,130.62,11,1,297,17.9,0.125,0.562,REGULAR,22.2,TRAIN
cust-01327,m-001,34,12,1011.57,84.3,35.19,166.41,9,1,353,29.0,0.25,0.083,AT_RISK,14.7,VALIDATION
cust-01328,m-001,18,13,1356.78,104.37,35.57,426.9,9,1,351,27.8,0.308,0.462,REGULAR,3.84,VALIDATION
cust-01329,m-001,80,11,1196.11,108.74,35.57,358.04,7,1,330,25.0,0.364,0.273,INACTIVE,100.0,TRAIN
cust-01330,m-001,40,11,1542.42,140.22,35.57,261.24,7,1,333,29.3,0.455,0.364,AT_RISK,25.03,TRAIN
cust-01331,m-001,9,10,1130.4,113.04,35.19,226.36,9,1,346,37.4,0.3,0.3,REGULAR,1.95,TRAIN
cust-01332,m-001,11,14,1249.62,89.26,35.19,221.88,10,1,357,26.6,0.5,0.143,REGULAR,2.3,TEST
cust-01333,m-001,8,13,1704.07,131.08,35.57,569.2,8,1,360,29.3,0.231,0.308,REGULAR,1.66,TRAIN
cust-01334,m-001,23,8,816.44,102.06,36.39,245.24,7,1,322,42.7,0.375,0.25,REGULAR,5.34,TEST
cust-01335,m-001,22,12,1781.46,148.46,35.57,490.48,7,1,351,29.9,0.167,0.5,REGULAR,4.69,TRAIN
cust-01336,m-001,39,7,689.38,98.48,36.39,284.6,5,1,257,36.3,0.429,0.714,AT_RISK,15.39,TRAIN
cust-01337,m-001,7,15,1078.43,71.9,35.19,142.3,7,1,335,23.4,0.267,0.533,LOYAL,1.56,TRAIN
cust-01338,m-001,63,11,927.39,84.31,35.19,166.44,9,1,360,29.7,0.273,0.273,INACTIVE,63.04,TRAIN
cust-01339,m-001,2,13,1424.71,109.59,36.39,226.36,9,1,291,24.1,0.385,0.231,REGULAR,0.51,TRAIN
cust-01340,m-001,14,17,1880.98,110.65,36.39,245.24,11,1,351,21.1,0.294,0.294,LOYAL,2.98,TRAIN
cust-01341,m-001,32,15,2609.3,173.95,35.19,490.48,10,1,358,23.3,0.333,0.333,AT_RISK,19.74,TRAIN
cust-01342,m-001,23,11,1092.52,99.32,35.57,332.88,6,1,302,27.9,0.182,0.545,REGULAR,5.69,TEST
cust-01343,m-001,12,15,2356.95,157.13,35.19,522.48,11,1,340,23.4,0.6,0.2,LOYAL,2.64,TEST
cust-01344,m-001,63,11,1045.88,95.08,35.19,179.02,8,1,337,27.4,0.182,0.364,INACTIVE,67.38,VALIDATION
cust-01345,m-001,23,9,981.51,109.06,36.39,179.02,6,1,343,40.0,0.333,0.222,REGULAR,5.01,TRAIN
cust-01346,m-001,11,17,2059.07,121.12,35.57,284.6,10,1,348,21.1,0.471,0.235,LOYAL,2.36,TRAIN
cust-01347,m-001,13,6,523.5,87.25,35.19,166.41,6,1,230,43.4,0.167,0.167,REGULAR,4.22,TRAIN
cust-01348,m-001,61,12,1542.01,128.5,35.19,358.04,9,1,332,24.6,0.167,0.0,INACTIVE,68.34,VALIDATION
cust-01349,m-001,7,18,2796.87,155.38,35.57,367.86,12,1,363,20.9,0.222,0.167,LOYAL,1.44,TRAIN
cust-01350,m-001,63,8,2332.45,291.56,37.64,1013.22,6,1,322,37.0,0.125,0.375,INACTIVE,53.63,TRAIN
cust-01351,m-001,20,12,1177.25,98.1,35.19,391.86,8,1,325,27.7,0.417,0.333,REGULAR,4.6,TRAIN
cust-01352,m-001,12,10,1040.75,104.08,36.39,249.66,7,1,222,23.3,0.5,0.1,REGULAR,4.04,TRAIN
cust-01353,m-001,5,12,1216.79,101.4,36.39,245.24,7,1,327,29.3,0.667,0.5,REGULAR,1.14,TRAIN
cust-01354,m-001,42,9,1135.85,126.21,50.53,339.54,5,1,353,38.9,0.444,0.667,AT_RISK,13.55,TEST
cust-01355,m-001,54,11,1761.95,160.18,35.57,426.9,7,1,346,29.2,0.364,0.364,AT_RISK,48.87,TRAIN
cust-01356,m-001,5,13,1525.05,117.31,35.57,391.86,8,1,244,19.9,0.231,0.308,REGULAR,1.53,TRAIN
cust-01357,m-001,0,15,1505.13,100.34,35.57,367.86,8,1,363,25.9,0.267,0.267,LOYAL,0.0,TRAIN
cust-01358,m-001,39,9,849.23,94.36,37.64,150.56,8,1,342,37.9,0.444,0.222,AT_RISK,10.18,TRAIN
cust-01359,m-001,14,12,1252.38,104.36,35.19,284.6,9,1,355,31.0,0.333,0.417,REGULAR,2.95,TRAIN
cust-01360,m-001,34,20,2855.02,142.75,35.19,452.72,10,1,364,17.4,0.4,0.55,AT_RISK,31.89,TRAIN
cust-01361,m-001,72,12,953.85,79.49,37.64,166.41,8,1,302,20.9,0.417,0.083,INACTIVE,94.47,TRAIN
cust-01362,m-001,72,15,1163.57,77.57,35.19,142.3,13,1,342,19.3,0.267,0.133,INACTIVE,94.79,TRAIN
cust-01363,m-001,1,14,2430.1,173.58,37.64,490.48,8,1,349,26.8,0.429,0.286,REGULAR,0.21,TRAIN
cust-01364,m-001,78,15,1618.49,107.9,35.19,284.6,8,1,363,20.4,0.267,0.2,INACTIVE,100.0,TRAIN
cust-01365,m-001,32,15,1725.06,115.0,35.57,261.24,10,1,360,23.4,0.333,0.333,AT_RISK,19.55,VALIDATION
cust-01366,m-001,6,9,734.98,81.66,35.57,261.24,6,1,294,36.0,0.444,0.222,REGULAR,1.53,TEST
cust-01367,m-001,23,14,1274.46,91.03,35.19,145.56,8,1,356,25.6,0.357,0.429,REGULAR,4.83,TRAIN
cust-01368,m-001,60,8,558.2,69.78,36.39,191.36,5,1,330,38.6,0.25,0.125,AT_RISK,45.7,VALIDATION
cust-01369,m-001,12,12,1610.15,134.18,50.53,522.48,7,1,312,27.3,0.667,0.25,REGULAR,2.88,VALIDATION
cust-01370,m-001,74,10,870.63,87.06,35.19,339.54,9,1,353,31.0,0.4,0.2,INACTIVE,80.18,TRAIN
cust-01371,m-001,18,19,2629.91,138.42,37.64,339.54,12,1,342,18.0,0.263,0.263,REGULAR,3.94,TRAIN
cust-01372,m-001,4,13,1236.9,95.15,35.19,339.54,8,1,363,29.9,0.462,0.154,REGULAR,0.82,TRAIN
cust-01373,m-001,25,15,2259.45,150.63,35.19,569.2,10,1,364,24.2,0.4,0.333,REGULAR,6.34,TRAIN
cust-01374,m-001,24,14,1574.7,112.48,35.57,367.86,10,1,362,26.0,0.429,0.214,REGULAR,4.96,TRAIN
cust-01375,m-001,18,10,1073.04,107.3,47.84,184.14,6,1,297,31.0,0.1,0.3,REGULAR,4.53,TRAIN
cust-01376,m-001,4,10,1221.73,122.17,36.39,490.48,9,1,350,38.4,0.6,0.5,REGULAR,0.85,TRAIN
cust-01377,m-001,94,4,830.97,207.74,35.57,522.48,3,1,354,86.7,0.25,0.25,INACTIVE,30.81,VALIDATION
cust-01378,m-001,12,14,1558.37,111.31,36.39,391.86,9,1,357,26.5,0.286,0.214,REGULAR,2.51,TRAIN
cust-01379,m-001,1,16,2171.72,135.73,35.19,426.9,11,1,352,23.4,0.188,0.25,LOYAL,0.21,TRAIN
cust-01380,m-001,16,22,2609.68,118.62,35.19,452.72,12,1,358,16.3,0.227,0.227,REGULAR,3.34,TRAIN
cust-01381,m-001,7,20,2887.95,144.4,35.19,569.2,11,1,360,18.6,0.3,0.25,LOYAL,1.45,TEST
cust-01382,m-001,104,11,783.41,71.22,35.19,130.62,9,1,314,21.0,0.364,0.545,INACTIVE,100.0,TRAIN
cust-01383,m-001,16,13,1290.91,99.3,35.19,367.86,8,1,364,29.0,0.462,0.308,REGULAR,3.29,VALIDATION
cust-01384,m-001,42,11,1143.8,103.98,36.39,226.36,6,1,332,29.0,0.455,0.273,AT_RISK,28.96,TRAIN
cust-01385,m-001,78,11,1041.58,94.69,36.39,261.24,6,1,300,22.2,0.455,0.182,INACTIVE,100.0,TRAIN
cust-01386,m-001,16,17,2186.9,128.64,36.39,391.86,12,1,359,21.4,0.235,0.118,REGULAR,3.33,TRAIN
cust-01387,m-001,4,13,2038.2,156.78,37.64,522.48,7,1,335,27.6,0.231,0.308,REGULAR,0.89,TEST
cust-01388,m-001,20,14,2055.61,146.83,36.39,426.9,8,1,340,24.6,0.286,0.214,REGULAR,4.4,TEST
cust-01389,m-001,17,14,1138.72,81.34,36.39,261.24,8,1,340,24.8,0.143,0.286,REGULAR,3.74,VALIDATION
cust-01390,m-001,42,13,1453.84,111.83,35.57,245.24,7,1,359,26.4,0.231,0.385,AT_RISK,32.15,TEST
cust-01391,m-001,17,14,1548.19,110.58,35.19,391.86,10,1,341,24.9,0.214,0.214,REGULAR,3.73,VALIDATION
cust-01392,m-001,140,11,875.87,79.62,35.19,268.53,9,1,318,17.8,0.182,0.273,INACTIVE,100.0,TRAIN
cust-01393,m-001,35,8,1093.06,136.63,55.47,426.9,6,1,321,40.9,0.125,0.125,AT_RISK,8.15,TRAIN
cust-01394,m-001,45,14,1609.28,114.95,36.39,245.24,9,1,344,23.0,0.357,0.429,AT_RISK,42.78,TRAIN
cust-01395,m-001,1,11,1819.14,165.38,35.57,426.9,9,1,312,31.1,0.364,0.273,REGULAR,0.24,VALIDATION
cust-01396,m-001,15,12,1634.96,136.25,47.84,245.52,9,1,331,28.7,0.417,0.417,REGULAR,3.39,TRAIN
cust-01397,m-001,60,11,631.8,57.44,35.19,142.3,6,1,343,28.3,0.273,0.455,AT_RISK,60.63,TRAIN
cust-01398,m-001,50,8,996.69,124.59,61.38,268.53,5,1,363,44.7,0.25,0.125,AT_RISK,18.25,TRAIN
cust-01399,m-001,74,12,1167.52,97.29,37.64,245.52,10,1,334,23.6,0.25,0.417,INACTIVE,92.17,TRAIN
cust-01400,m-001,22,13,837.24,64.4,35.19,150.56,8,1,292,22.5,0.385,0.308,REGULAR,5.63,TRAIN
cust-01401,m-001,25,18,1567.97,87.11,35.19,245.52,9,1,333,18.1,0.222,0.278,REGULAR,15.96,TRAIN
cust-01402,m-001,35,11,1027.0,93.36,35.19,284.6,8,1,350,31.5,0.182,0.545,AT_RISK,12.73,TRAIN
cust-01403,m-001,2,15,2243.02,149.53,35.19,391.86,11,1,355,25.2,0.4,0.4,LOYAL,0.42,TRAIN
cust-01404,m-001,33,12,826.5,68.88,35.19,130.62,7,1,353,29.1,0.167,0.333,AT_RISK,12.84,VALIDATION
cust-01405,m-001,18,13,1218.46,93.73,35.19,261.24,10,1,362,28.7,0.385,0.0,REGULAR,3.72,VALIDATION
cust-01406,m-001,144,12,1268.05,105.67,35.19,245.24,6,1,344,18.2,0.167,0.333,INACTIVE,100.0,TRAIN
cust-01407,m-001,60,8,745.88,93.24,37.64,184.14,6,1,311,35.9,0.375,0.25,AT_RISK,50.57,TRAIN
cust-01408,m-001,27,13,1767.09,135.93,35.19,522.48,7,1,363,28.0,0.154,0.462,REGULAR,5.56,TRAIN
cust-01409,m-001,7,11,1170.9,106.45,35.19,268.53,7,1,327,32.0,0.273,0.364,REGULAR,1.6,VALIDATION
cust-01410,m-001,5,18,2579.1,143.28,35.19,284.6,11,1,349,20.2,0.278,0.278,LOYAL,1.07,TEST
cust-01411,m-001,1,8,797.14,99.64,37.64,151.59,7,1,228,32.4,0.125,0.25,REGULAR,0.33,TRAIN
cust-01412,m-001,57,10,1443.82,144.38,35.19,452.72,8,1,310,28.1,0.3,0.4,AT_RISK,57.1,TRAIN
cust-01413,m-001,11,17,1054.19,62.01,35.19,113.18,11,1,362,21.9,0.353,0.118,LOYAL,2.27,TRAIN
cust-01414,m-001,47,13,1539.01,118.39,35.57,339.54,8,1,342,24.6,0.308,0.385,AT_RISK,43.88,TRAIN
cust-01415,m-001,6,13,1304.27,100.33,35.19,261.24,9,1,338,27.7,0.231,0.308,REGULAR,1.33,TRAIN
cust-01416,m-001,11,12,1090.9,90.91,35.19,245.52,9,1,327,28.7,0.75,0.333,REGULAR,2.52,TRAIN
cust-01417,m-001,2,15,1471.61,98.11,50.53,184.14,9,1,349,24.8,0.133,0.267,LOYAL,0.43,TRAIN
cust-01418,m-001,87,9,874.02,97.11,50.53,226.36,6,1,359,34.0,0.222,0.0,INACTIVE,97.62,TRAIN
cust-01419,m-001,28,16,1370.45,85.65,35.57,166.44,8,1,341,20.9,0.375,0.375,REGULAR,16.79,TRAIN
cust-01420,m-001,10,16,1974.41,123.4,35.19,490.48,9,1,360,23.3,0.375,0.25,LOYAL,2.08,TRAIN
cust-01421,m-001,16,12,1458.11,121.51,35.57,284.6,9,1,280,24.0,0.167,0.5,REGULAR,4.27,TRAIN
cust-01422,m-001,3,15,1732.38,115.49,35.19,358.04,10,1,361,25.6,0.333,0.4,LOYAL,0.62,TRAIN
cust-01423,m-001,96,6,830.03,138.34,35.19,358.04,5,1,333,47.4,0.333,0.667,INACTIVE,94.46,VALIDATION
cust-01424,m-001,41,11,1189.18,108.11,35.57,261.24,7,1,364,32.3,0.182,0.182,AT_RISK,21.47,TRAIN
cust-01425,m-001,12,11,1264.06,114.91,36.39,426.9,7,1,361,34.9,0.364,0.364,REGULAR,2.49,TRAIN
cust-01426,m-001,38,11,808.5,73.5,35.19,142.3,8,1,353,31.5,0.364,0.455,AT_RISK,17.8,TRAIN
cust-01427,m-001,40,11,1519.86,138.17,35.19,391.86,8,1,307,26.7,0.273,0.273,AT_RISK,29.69,TRAIN
cust-01428,m-001,27,11,846.52,76.96,37.64,166.44,8,1,324,29.7,0.091,0.364,REGULAR,6.23,TRAIN
cust-01429,m-001,24,11,1603.3,145.75,35.19,339.54,8,1,332,30.8,0.273,0.273,REGULAR,5.41,VALIDATION
cust-01430,m-001,0,11,919.6,83.6,35.57,130.62,9,1,364,36.4,0.545,0.182,REGULAR,0.0,TRAIN
cust-01431,m-001,35,17,2116.12,124.48,35.19,426.9,9,1,353,19.9,0.412,0.235,AT_RISK,30.07,TRAIN
cust-01432,m-001,40,8,669.48,83.68,35.19,142.3,6,1,355,45.0,0.5,0.125,AT_RISK,8.43,VALIDATION
cust-01433,m-001,59,13,1399.51,107.65,35.19,426.9,9,1,310,20.9,0.308,0.231,AT_RISK,71.38,TRAIN
cust-01434,m-001,4,17,2261.46,133.03,35.19,367.86,9,1,338,20.9,0.353,0.235,LOYAL,0.88,TRAIN
cust-01435,m-001,59,14,1687.34,120.52,35.57,426.9,8,1,364,23.5,0.286,0.286,AT_RISK,65.37,TRAIN
cust-01436,m-001,29,15,2009.73,133.98,35.57,284.6,9,1,349,22.9,0.2,0.667,REGULAR,15.36,TEST
cust-01437,m-001,16,15,1880.45,125.36,35.57,522.48,10,1,357,24.4,0.267,0.067,REGULAR,3.35,TRAIN
cust-01438,m-001,0,11,797.77,72.52,35.57,226.36,6,1,277,27.7,0.364,0.273,REGULAR,0.0,TRAIN
cust-01439,m-001,33,18,2025.43,112.52,35.19,339.54,9,1,361,19.3,0.389,0.444,AT_RISK,27.39,TRAIN
cust-01440,m-001,11,13,1103.09,84.85,35.19,245.52,9,1,361,29.2,0.538,0.385,REGULAR,2.28,VALIDATION
cust-01441,m-001,6,19,2385.69,125.56,35.19,367.86,12,1,362,19.8,0.316,0.263,LOYAL,1.24,VALIDATION
cust-01442,m-001,0,10,751.79,75.18,35.19,226.36,8,1,314,34.9,0.6,0.2,REGULAR,0.0,VALIDATION
cust-01443,m-001,2,11,1403.15,127.56,36.39,522.48,6,1,315,31.3,0.364,0.182,REGULAR,0.47,VALIDATION
cust-01444,m-001,30,11,1169.07,106.28,35.57,268.53,7,1,342,31.2,0.364,0.182,REGULAR,6.56,TRAIN
cust-01445,m-001,10,11,1133.7,103.06,36.39,268.53,8,1,328,31.8,0.091,0.182,REGULAR,2.28,TRAIN
cust-01446,m-001,19,7,600.97,85.85,35.57,142.3,6,1,321,50.3,0.143,0.286,REGULAR,4.43,TRAIN
cust-01447,m-001,6,10,1136.94,113.69,36.39,284.6,7,1,327,35.7,0.4,0.6,REGULAR,1.37,TRAIN
cust-01448,m-001,5,9,824.36,91.6,35.19,202.12,7,1,212,25.9,0.444,0.444,REGULAR,1.76,TRAIN
cust-01449,m-001,4,8,578.51,72.31,35.19,130.62,5,1,339,47.9,0.125,0.125,REGULAR,0.88,TRAIN
cust-01450,m-001,21,11,1550.33,140.94,50.53,245.24,9,1,270,24.9,0.273,0.273,REGULAR,5.81,VALIDATION
cust-01451,m-001,47,14,1465.13,104.65,35.19,245.24,11,1,257,16.2,0.571,0.286,AT_RISK,59.86,TRAIN
cust-01452,m-001,2,20,2444.85,122.24,35.57,452.72,11,1,356,18.6,0.25,0.35,LOYAL,0.42,TRAIN
cust-01453,m-001,1,14,1597.12,114.08,35.19,268.53,8,1,341,26.2,0.286,0.5,REGULAR,0.22,TRAIN
cust-01454,m-001,32,12,2064.03,172.0,35.57,367.86,8,1,352,29.1,0.417,0.25,AT_RISK,11.15,TRAIN
cust-01455,m-001,1,12,1322.71,110.23,35.57,226.36,9,1,249,22.5,0.417,0.167,REGULAR,0.3,TRAIN
cust-01456,m-001,13,13,1213.55,93.35,47.84,226.36,9,1,356,28.6,0.231,0.154,REGULAR,2.73,TRAIN
cust-01457,m-001,33,13,1495.68,115.05,35.19,339.54,8,1,315,23.5,0.231,0.462,AT_RISK,22.08,TRAIN
cust-01458,m-001,4,9,1272.94,141.44,35.19,367.86,8,1,219,26.9,0.333,0.222,REGULAR,1.36,TRAIN
cust-01459,m-001,4,13,1200.63,92.36,35.19,166.44,9,1,282,23.2,0.462,0.077,REGULAR,1.06,TRAIN
cust-01460,m-001,3,8,898.63,112.33,37.64,367.86,7,1,322,45.6,0.0,0.125,REGULAR,0.7,VALIDATION
cust-01461,m-001,36,11,1932.3,175.66,35.19,367.86,8,1,341,30.5,0.273,0.364,AT_RISK,16.14,TEST
cust-01462,m-001,33,9,1906.9,211.88,35.19,367.86,5,1,300,33.4,0.556,0.333,AT_RISK,8.22,TRAIN
cust-01463,m-001,8,13,1924.76,148.06,35.19,452.72,8,1,361,29.4,0.385,0.462,REGULAR,1.66,VALIDATION
cust-01464,m-001,102,9,1195.51,132.83,47.84,284.6,8,1,327,28.1,0.556,0.333,INACTIVE,100.0,TRAIN
cust-01465,m-001,74,14,1818.94,129.92,37.64,339.54,8,1,361,22.1,0.5,0.357,INACTIVE,93.18,TRAIN
cust-01466,m-001,103,13,1632.29,125.56,47.84,284.6,8,1,334,19.2,0.538,0.308,INACTIVE,100.0,TRAIN
cust-01467,m-001,11,8,885.87,110.73,35.57,426.9,6,1,267,36.6,0.375,0.5,REGULAR,3.08,TEST
cust-01468,m-001,148,7,928.16,132.59,35.19,490.48,5,1,363,35.8,0.286,0.286,INACTIVE,100.0,TRAIN
cust-01469,m-001,29,18,3251.99,180.67,35.19,569.2,12,1,343,18.5,0.167,0.444,REGULAR,22.07,TRAIN
cust-01470,m-001,112,6,438.83,73.14,35.19,130.62,5,1,294,36.4,0.333,0.667,INACTIVE,100.0,TRAIN
cust-01471,m-001,5,17,1915.16,112.66,47.84,284.6,8,1,364,22.4,0.353,0.471,LOYAL,1.03,TRAIN
cust-01472,m-001,59,10,1017.87,101.79,37.64,261.24,8,1,332,30.3,0.3,0.5,AT_RISK,56.34,TRAIN
cust-01473,m-001,90,17,2912.34,171.31,36.39,929.64,12,1,349,16.2,0.529,0.176,INACTIVE,100.0,TRAIN
cust-01474,m-001,1,13,1541.86,118.6,36.39,490.48,8,1,362,30.1,0.615,0.308,REGULAR,0.21,TRAIN
cust-01475,m-001,120,6,1059.06,176.51,50.53,569.2,4,1,360,48.0,0.167,0.667,INACTIVE,100.0,TRAIN
cust-01476,m-001,18,12,1287.92,107.33,35.19,268.53,8,1,357,30.8,0.333,0.083,REGULAR,3.77,VALIDATION
cust-01477,m-001,51,15,1408.02,93.87,35.19,245.24,11,1,362,22.2,0.6,0.267,AT_RISK,53.74,TRAIN
cust-01478,m-001,26,12,1260.8,105.07,35.19,221.88,8,1,352,29.6,0.417,0.25,REGULAR,5.52,TRAIN
cust-01479,m-001,2,19,1990.59,104.77,36.39,261.24,12,1,363,20.1,0.316,0.368,LOYAL,0.41,TRAIN
cust-01480,m-001,8,14,1750.46,125.03,35.19,522.48,7,1,340,25.5,0.357,0.357,REGULAR,1.76,TRAIN
cust-01481,m-001,0,14,1518.69,108.48,35.57,490.48,9,1,321,24.7,0.357,0.357,REGULAR,0.0,TRAIN
cust-01482,m-001,9,16,1462.19,91.39,35.19,226.36,11,1,285,18.4,0.5,0.125,LOYAL,2.36,TEST
cust-01483,m-001,48,7,764.9,109.27,36.39,245.24,6,1,304,42.7,0.143,0.429,AT_RISK,19.75,TRAIN
cust-01484,m-001,46,9,723.13,80.35,36.39,166.44,7,1,347,37.6,0.556,0.222,AT_RISK,22.51,TRAIN
cust-01485,m-001,2,13,1620.2,124.63,35.57,284.6,10,1,352,29.2,0.231,0.308,REGULAR,0.42,TEST
cust-01486,m-001,26,14,2225.22,158.94,35.19,358.04,10,1,354,25.2,0.571,0.286,REGULAR,6.69,TRAIN
cust-01487,m-001,60,14,1919.95,137.14,36.39,391.86,9,1,286,17.4,0.5,0.286,AT_RISK,79.58,VALIDATION
cust-01488,m-001,36,9,1379.68,153.3,47.84,367.86,7,1,359,40.4,0.222,0.444,AT_RISK,7.5,TRAIN
cust-01489,m-001,12,15,1187.83,79.19,35.19,226.36,8,1,362,25.0,0.4,0.267,LOYAL,2.48,TRAIN
cust-01490,m-001,1,17,2039.27,119.96,35.19,569.2,9,1,325,20.2,0.353,0.294,LOYAL,0.23,TRAIN
cust-01491,m-001,2,17,1868.42,109.91,35.19,426.9,9,1,326,20.2,0.294,0.235,LOYAL,0.46,TRAIN
cust-01492,m-001,12,18,2228.84,123.82,35.19,339.54,8,1,352,20.0,0.333,0.444,LOYAL,2.55,TRAIN
cust-01493,m-001,8,13,965.13,74.24,35.57,191.36,7,1,344,28.0,0.462,0.231,REGULAR,1.74,TRAIN
cust-01494,m-001,0,18,1592.5,88.47,35.57,245.24,13,1,343,20.2,0.222,0.222,LOYAL,0.0,TRAIN
cust-01495,m-001,86,6,722.35,120.39,47.84,261.24,5,1,355,53.8,0.333,0.0,INACTIVE,66.42,VALIDATION
cust-01496,m-001,6,19,2247.87,118.31,35.19,261.24,10,1,360,19.7,0.316,0.421,LOYAL,1.25,TEST
cust-01497,m-001,2,12,1428.95,119.08,35.57,332.88,9,1,319,28.8,0.25,0.167,REGULAR,0.47,TRAIN
cust-01498,m-001,18,10,965.01,96.5,35.19,184.14,6,1,335,35.2,0.4,0.3,REGULAR,4.02,TRAIN
cust-01499,m-001,25,15,1186.17,79.08,35.19,221.88,10,1,308,20.2,0.533,0.267,REGULAR,13.27,TRAIN
cust-01500,m-001,3,17,1803.67,106.1,35.19,261.24,11,1,337,20.9,0.353,0.294,LOYAL,0.67,TRAIN
cust-01501,m-002,106,4,3586.11,896.53,237.28,1485.43,3,1,341,78.3,0.5,0.5,INACTIVE,64.8,TEST
cust-01502,m-002,88,5,8332.03,1666.41,237.28,2972.2,4,1,228,35.0,0.6,0.0,INACTIVE,100.0,TRAIN
cust-01503,m-002,214,5,7780.39,1556.08,377.97,2972.2,4,1,356,35.5,0.4,0.6,INACTIVE,100.0,TRAIN
cust-01504,m-002,30,7,6105.17,872.17,237.28,2348.26,5,1,316,47.7,0.286,0.714,REGULAR,7.1,TRAIN
cust-01505,m-002,11,6,6704.53,1117.42,377.97,2972.2,6,1,330,63.8,0.333,0.5,REGULAR,2.49,TRAIN
cust-01506,m-002,139,6,9313.88,1552.31,426.03,2972.2,5,1,310,34.2,0.167,0.167,INACTIVE,100.0,TRAIN
cust-01507,m-002,28,7,11917.57,1702.51,237.28,2972.2,4,1,333,50.8,0.571,0.286,REGULAR,6.29,TRAIN
cust-01508,m-002,59,12,12620.48,1051.71,237.28,2972.2,8,1,348,26.3,0.25,0.333,AT_RISK,61.73,TRAIN
cust-01509,m-002,99,10,11636.72,1163.67,237.28,2972.2,7,1,354,28.3,0.6,0.1,INACTIVE,100.0,VALIDATION
cust-01510,m-002,15,11,5316.52,483.32,237.28,1485.43,5,1,356,34.1,0.273,0.091,REGULAR,3.15,TRAIN
cust-01511,m-002,34,6,3525.16,587.53,237.28,1040.98,5,1,298,52.8,0.5,0.167,AT_RISK,8.53,TRAIN
cust-01512,m-002,183,3,3800.15,1266.72,401.92,2972.2,3,1,287,52.0,0.333,0.667,INACTIVE,100.0,TRAIN
cust-01513,m-002,89,7,14267.44,2038.21,237.28,2972.2,4,1,362,45.5,0.429,0.429,INACTIVE,83.64,TRAIN
cust-01514,m-002,12,10,14404.85,1440.48,401.92,2972.2,5,1,362,38.9,0.6,0.3,REGULAR,2.48,TRAIN
cust-01515,m-002,125,4,6607.71,1651.93,237.28,2972.2,3,1,354,76.3,0.5,0.25,INACTIVE,99.46,TRAIN
cust-01516,m-002,9,6,10606.04,1767.67,401.92,2972.2,5,1,352,68.6,0.333,0.333,REGULAR,1.91,TRAIN
cust-01517,m-002,13,7,4542.03,648.86,237.28,1040.98,4,1,290,46.2,0.143,0.286,REGULAR,3.35,TRAIN
cust-01518,m-002,108,6,3354.66,559.11,237.28,1485.43,5,1,254,29.2,0.333,0.333,INACTIVE,100.0,VALIDATION
cust-01519,m-002,39,10,10006.78,1000.68,237.28,2972.2,5,1,351,34.7,0.4,0.3,AT_RISK,14.76,VALIDATION
cust-01520,m-002,28,7,9142.04,1306.01,426.03,2348.26,3,1,295,44.5,0.0,0.286,REGULAR,7.09,TRAIN
cust-01521,m-002,41,4,4769.12,1192.28,377.97,2972.2,3,1,344,101.0,0.0,0.0,AT_RISK,8.91,TRAIN
cust-01522,m-002,67,7,5282.42,754.63,237.28,2348.26,5,1,328,43.5,0.429,0.286,INACTIVE,50.52,TEST
cust-01523,m-002,93,4,4226.18,1056.54,401.92,2972.2,3,1,254,53.7,0.25,0.0,INACTIVE,86.3,TRAIN
cust-01524,m-002,42,3,1089.34,363.11,237.28,426.03,2,1,216,87.0,0.333,0.333,NEW,14.52,VALIDATION
cust-01525,m-002,90,11,10805.61,982.33,237.28,2972.2,8,1,359,26.9,0.182,0.455,INACTIVE,100.0,TEST
cust-01526,m-002,24,9,12014.39,1334.93,237.28,2972.2,6,1,338,39.2,0.333,0.333,REGULAR,5.31,VALIDATION
cust-01527,m-002,127,7,6278.64,896.95,237.28,2972.2,5,1,348,36.8,0.429,0.143,INACTIVE,100.0,TRAIN
cust-01528,m-002,131,6,10098.41,1683.07,377.97,2972.2,3,1,270,27.8,0.5,0.333,INACTIVE,100.0,TRAIN
cust-01529,m-002,82,4,3872.79,968.2,237.28,2972.2,3,1,353,90.3,0.25,0.25,INACTIVE,17.37,TEST
cust-01530,m-002,181,3,2459.93,819.98,377.97,1040.98,2,1,262,40.5,0.0,0.0,INACTIVE,100.0,TRAIN
cust-01531,m-002,48,6,30166.12,5027.69,237.28,25135.77,6,1,232,36.8,0.333,0.667,AT_RISK,32.25,TRAIN
cust-01532,m-002,9,6,9987.96,1664.66,237.28,2972.2,4,1,348,67.8,0.333,0.333,REGULAR,1.93,TEST
cust-01533,m-002,74,12,16095.79,1341.32,377.97,2972.2,6,1,361,26.1,0.417,0.333,INACTIVE,87.18,TRAIN
cust-01534,m-002,27,6,5005.91,834.32,401.92,2972.2,3,1,330,60.6,0.0,0.5,REGULAR,6.12,TRAIN
cust-01535,m-002,28,6,8871.39,1478.56,401.92,2972.2,4,1,361,66.6,0.333,0.0,REGULAR,5.8,TRAIN
cust-01536,m-002,88,8,5825.19,728.15,377.97,2348.26,5,1,360,38.9,0.375,0.625,INACTIVE,91.93,TRAIN
cust-01537,m-002,46,4,4817.18,1204.3,377.97,2972.2,4,1,308,87.3,0.5,0.75,AT_RISK,11.17,TRAIN
cust-01538,m-002,7,7,8945.2,1277.89,237.28,2972.2,4,1,352,57.5,0.286,0.429,REGULAR,1.49,VALIDATION
cust-01539,m-002,1,10,10964.72,1096.47,237.28,2972.2,7,1,355,39.3,0.3,0.3,REGULAR,0.21,TRAIN
cust-01540,m-002,12,14,23457.4,1675.53,237.28,2972.2,6,1,353,26.2,0.286,0.429,REGULAR,2.54,TRAIN
cust-01541,m-002,123,3,1205.76,401.92,401.92,401.92,1,1,188,32.5,0.333,0.333,INACTIVE,100.0,TEST
cust-01542,m-002,4,6,5417.58,902.93,377.97,2348.26,5,1,340,67.2,0.667,0.333,REGULAR,0.88,TRAIN
cust-01543,m-002,159,8,5447.69,680.96,237.28,2348.26,6,1,347,26.9,0.375,0.125,INACTIVE,100.0,TEST
cust-01544,m-002,81,6,7411.82,1235.3,401.92,2348.26,4,1,323,48.4,0.333,0.5,INACTIVE,67.65,TRAIN
cust-01545,m-002,62,7,7551.06,1078.72,377.97,2972.2,4,1,328,44.3,0.0,0.0,INACTIVE,40.68,TRAIN
cust-01546,m-002,158,4,3634.17,908.54,237.28,1485.43,3,1,328,56.7,0.25,0.5,INACTIVE,100.0,TRAIN
cust-01547,m-002,63,5,3141.33,628.27,401.92,1485.43,3,1,355,73.0,0.8,0.4,INACTIVE,13.27,VALIDATION
cust-01548,m-002,122,3,1656.23,552.08,237.28,1040.98,3,1,199,38.5,0.333,0.667,INACTIVE,100.0,TRAIN
cust-01549,m-002,31,7,5021.66,717.38,237.28,2348.26,5,1,323,48.7,0.286,0.429,AT_RISK,7.18,TRAIN
cust-01550,m-002,110,10,19706.92,1970.69,1040.98,2972.2,4,1,362,28.0,0.6,0.3,INACTIVE,100.0,VALIDATION
cust-01551,m-002,53,4,8085.76,2021.44,1040.98,2348.26,2,1,320,89.0,0.5,0.25,AT_RISK,12.38,TRAIN
cust-01552,m-002,9,8,13932.1,1741.51,377.97,2972.2,5,1,330,45.9,0.125,0.5,REGULAR,2.04,TRAIN
cust-01553,m-002,6,9,8369.86,929.98,377.97,2348.26,6,1,362,44.5,0.444,0.222,REGULAR,1.24,TRAIN
cust-01554,m-002,73,1,426.03,426.03,426.03,426.03,1,1,73,73.0,0.0,1.0,INACTIVE,73.99,TRAIN
cust-01555,m-002,0,6,5867.89,977.98,237.28,2348.26,5,1,334,66.8,0.333,0.333,REGULAR,0.0,TRAIN
cust-01556,m-002,52,6,6113.69,1018.95,377.97,2972.2,4,1,362,62.0,0.5,0.5,AT_RISK,10.74,TEST
cust-01557,m-002,68,9,8330.79,925.64,377.97,2972.2,5,1,340,34.0,0.444,0.444,INACTIVE,65.96,TRAIN
cust-01558,m-002,75,8,10102.76,1262.84,377.97,2972.2,6,1,355,40.0,0.375,0.625,INACTIVE,68.3,TRAIN
cust-01559,m-002,13,11,15084.91,1371.36,377.97,2972.2,5,1,355,34.2,0.273,0.545,REGULAR,2.74,TRAIN
cust-01560,m-002,194,6,9474.63,1579.11,377.97,2972.2,4,1,354,32.0,0.5,0.5,INACTIVE,100.0,TRAIN
cust-01561,m-002,17,12,15011.11,1250.93,237.28,2972.2,8,1,361,31.3,0.333,0.0,REGULAR,3.52,VALIDATION
cust-01562,m-002,63,6,6056.48,1009.41,377.97,2348.26,5,1,320,51.4,0.333,0.167,INACTIVE,32.12,TRAIN
cust-01563,m-002,54,7,6302.75,900.39,237.28,2972.2,6,1,346,48.7,0.571,0.286,AT_RISK,19.62,TRAIN
cust-01564,m-002,41,8,11197.18,1399.65,237.28,2972.2,6,1,324,40.4,0.25,0.25,AT_RISK,10.36,TRAIN
cust-01565,m-002,10,9,13510.42,1501.16,377.97,2972.2,7,1,334,40.5,0.556,0.444,REGULAR,2.24,TRAIN
cust-01566,m-002,102,3,4859.55,1619.85,401.92,2972.2,3,1,292,95.0,1.0,0.0,INACTIVE,36.61,TRAIN
cust-01567,m-002,35,4,5876.58,1469.14,377.97,2972.2,4,1,341,102.0,0.25,0.25,AT_RISK,7.68,TRAIN
cust-01568,m-002,4,12,14247.54,1187.3,237.28,2972.2,5,1,364,32.7,0.583,0.333,REGULAR,0.82,VALIDATION
cust-01569,m-002,26,7,5447.22,778.17,377.97,2348.26,5,1,312,47.7,0.571,0.286,REGULAR,6.23,TRAIN
cust-01570,m-002,20,6,9552.77,1592.13,426.03,2348.26,3,1,289,53.8,0.333,0.333,REGULAR,5.17,TRAIN
cust-01571,m-002,0,5,8283.97,1656.79,237.28,2972.2,4,1,360,90.0,0.0,0.2,REGULAR,0.0,TRAIN
cust-01572,m-002,40,5,6582.26,1316.45,237.28,2972.2,4,1,221,45.2,0.6,0.8,AT_RISK,13.51,TEST
cust-01573,m-002,26,11,12629.51,1148.14,237.28,2972.2,5,1,330,30.4,0.182,0.182,REGULAR,5.89,TRAIN
cust-01574,m-002,15,12,9826.43,818.87,237.28,1485.43,6,1,356,31.0,0.25,0.667,REGULAR,3.15,VALIDATION
cust-01575,m-002,18,6,5527.38,921.23,237.28,1485.43,3,1,340,64.4,0.5,0.667,REGULAR,3.96,TRAIN
cust-01576,m-002,102,5,2532.24,506.45,237.28,1040.98,4,1,270,42.0,0.6,0.2,INACTIVE,100.0,TRAIN
cust-01577,m-002,0,8,9502.77,1187.85,401.92,2972.2,6,1,348,49.7,0.625,0.5,REGULAR,0.0,TRAIN
cust-01578,m-002,45,2,2726.23,1363.12,377.97,2348.26,2,1,305,260.0,0.5,0.0,NEW,11.03,VALIDATION
cust-01579,m-002,42,12,10652.0,887.67,237.28,2972.2,5,1,348,27.8,0.333,0.333,AT_RISK,30.33,TRAIN
cust-01580,m-002,65,10,15058.76,1505.88,237.28,2972.2,5,1,344,31.0,0.1,0.2,INACTIVE,65.13,VALIDATION
cust-01581,m-002,125,8,10350.64,1293.83,377.97,2972.2,5,1,330,29.3,0.25,0.625,INACTIVE,100.0,TRAIN
cust-01582,m-002,16,7,9271.35,1324.48,401.92,2972.2,5,1,309,48.8,0.429,0.286,REGULAR,3.87,TEST
cust-01583,m-002,139,4,2667.4,666.85,377.97,1485.43,3,1,334,65.0,0.75,0.75,INACTIVE,100.0,TRAIN
cust-01584,m-002,71,9,7793.71,865.97,237.28,2972.2,6,1,363,36.5,0.444,0.0,INACTIVE,66.38,TRAIN
cust-01585,m-002,98,7,7566.02,1080.86,377.97,2348.26,6,1,329,38.5,0.429,0.714,INACTIVE,100.0,VALIDATION
cust-01586,m-002,35,7,8897.25,1271.04,401.92,2348.26,4,1,355,53.3,0.429,0.857,AT_RISK,7.37,TEST
cust-01587,m-002,17,5,4710.17,942.03,237.28,2348.26,4,1,354,84.2,0.2,0.4,REGULAR,3.59,TRAIN
cust-01588,m-002,87,5,6137.81,1227.56,237.28,2972.2,5,1,335,62.0,0.4,0.4,INACTIVE,56.92,TRAIN
cust-01589,m-002,49,8,13355.95,1669.49,237.28,2972.2,4,1,213,23.4,0.125,0.375,AT_RISK,55.57,TRAIN
cust-01590,m-002,92,4,3437.6,859.4,237.28,2348.26,3,1,233,47.0,0.0,0.0,INACTIVE,96.99,TRAIN
cust-01591,m-002,65,10,8994.43,899.44,237.28,2972.2,6,1,344,31.0,0.3,0.6,INACTIVE,65.13,TRAIN
cust-01592,m-002,68,1,377.97,377.97,377.97,377.97,1,1,68,68.0,1.0,0.0,INACTIVE,73.91,TEST
cust-01593,m-002,88,7,11861.8,1694.54,401.92,2972.2,4,1,302,35.7,0.429,0.429,INACTIVE,100.0,TRAIN
cust-01594,m-002,257,2,663.31,331.66,237.28,426.03,2,1,266,9.0,0.5,0.0,INACTIVE,100.0,TRAIN
cust-01595,m-002,76,6,5064.19,844.03,237.28,2348.26,4,1,332,51.2,0.333,0.333,INACTIVE,54.32,TRAIN
cust-01596,m-002,8,10,17180.81,1718.08,237.28,2972.2,7,1,343,37.2,0.1,0.3,REGULAR,1.74,TRAIN
cust-01597,m-002,9,4,3306.3,826.58,377.97,1485.43,4,1,108,33.0,0.0,0.5,REGULAR,6.19,TRAIN
cust-01598,m-002,284,4,1583.89,395.97,377.97,426.03,3,1,344,20.0,0.25,0.5,INACTIVE,100.0,TRAIN
cust-01599,m-002,10,8,6110.7,763.84,237.28,2348.26,6,1,266,36.6,0.25,0.25,REGULAR,2.81,TRAIN
cust-01600,m-002,130,4,1419.25,354.81,237.28,426.03,3,1,306,58.7,1.0,0.0,INACTIVE,100.0,TRAIN
cust-01601,m-002,4,12,11829.82,985.82,237.28,2972.2,6,1,351,31.5,0.333,0.25,REGULAR,0.85,TRAIN
cust-01602,m-002,50,9,10372.08,1152.45,237.28,2348.26,5,1,351,37.6,0.333,0.333,AT_RISK,29.25,VALIDATION
cust-01603,m-002,42,10,6507.39,650.74,237.28,2348.26,6,1,347,33.9,0.2,0.5,AT_RISK,21.2,TRAIN
cust-01604,m-002,44,5,2720.99,544.2,401.92,1040.98,3,1,295,62.8,0.2,0.4,AT_RISK,11.15,TRAIN
cust-01605,m-002,11,5,1893.18,378.64,237.28,426.03,3,1,308,74.2,0.2,0.6,REGULAR,2.67,TEST
cust-01606,m-002,146,2,4457.63,2228.82,1485.43,2972.2,2,1,357,211.0,0.0,0.0,INACTIVE,30.59,TEST
cust-01607,m-002,31,3,3176.21,1058.74,401.92,2348.26,3,1,349,159.0,0.0,0.333,NEW,6.64,TRAIN
cust-01608,m-002,22,6,7763.93,1293.99,377.97,2972.2,5,1,291,53.8,0.167,0.167,REGULAR,5.65,TEST
cust-01609,m-002,7,7,7882.15,1126.02,377.97,2972.2,3,1,357,58.3,0.429,0.143,REGULAR,1.47,TRAIN
cust-01610,m-002,69,6,5710.27,951.71,401.92,1485.43,3,1,314,49.0,0.333,0.167,INACTIVE,46.43,TRAIN
cust-01611,m-002,39,8,8862.7,1107.84,237.28,2348.26,6,1,322,40.4,0.25,0.25,AT_RISK,9.06,TRAIN
cust-01612,m-002,21,8,16762.13,2095.27,1040.98,2972.2,4,1,256,33.6,0.5,0.375,REGULAR,6.13,TRAIN
cust-01613,m-002,82,4,6763.36,1690.84,401.92,2972.2,4,1,158,25.3,0.5,0.25,INACTIVE,100.0,TRAIN
cust-01614,m-002,0,9,9867.7,1096.41,237.28,2972.2,5,1,325,40.6,0.222,0.333,REGULAR,0.0,VALIDATION
cust-01615,m-002,8,7,5054.6,722.09,237.28,2972.2,5,1,361,58.8,0.571,0.286,REGULAR,1.66,TRAIN
cust-01616,m-002,110,7,8434.71,1204.96,237.28,2348.26,4,1,312,33.7,0.714,0.286,INACTIVE,100.0,TRAIN
cust-01617,m-002,97,5,8955.97,1791.19,237.28,2972.2,4,1,325,57.0,0.2,0.4,INACTIVE,82.32,TRAIN
cust-01618,m-002,9,7,9324.78,1332.11,377.97,2972.2,4,1,289,46.7,0.286,0.286,REGULAR,2.33,TRAIN
cust-01619,m-002,28,6,4841.43,806.91,237.28,2972.2,5,1,347,63.8,0.5,0.5,REGULAR,6.03,TRAIN
cust-01620,m-002,33,3,4250.46,1416.82,237.28,2972.2,3,1,138,52.5,0.667,0.333,NEW,17.81,TEST
cust-01621,m-002,214,4,2526.55,631.64,237.28,1485.43,3,1,331,39.0,0.5,0.5,INACTIVE,100.0,TRAIN
cust-01622,m-002,73,6,7450.78,1241.8,237.28,2972.2,5,1,332,51.8,0.167,0.333,INACTIVE,48.24,TRAIN
cust-01623,m-002,85,5,9152.54,1830.51,237.28,2972.2,3,1,345,65.0,0.0,0.2,INACTIVE,48.42,TEST
cust-01624,m-002,41,7,5825.36,832.19,237.28,2348.26,5,1,320,46.5,0.429,0.571,AT_RISK,9.58,TRAIN
cust-01625,m-002,46,7,7916.01,1130.86,377.97,2972.2,4,1,331,47.5,0.429,0.286,AT_RISK,10.39,VALIDATION
cust-01626,m-002,23,3,2822.82,940.94,237.28,2348.26,2,1,334,155.5,0.333,0.333,NEW,5.15,TEST
cust-01627,m-002,180,1,2348.26,2348.26,2348.26,2348.26,1,1,180,180.0,1.0,0.0,INACTIVE,74.59,TRAIN
cust-01628,m-002,45,6,8002.82,1333.8,377.97,2348.26,5,1,347,60.4,0.333,0.167,AT_RISK,9.7,TRAIN
cust-01629,m-002,32,6,6739.71,1123.29,237.28,2972.2,5,1,347,63.0,0.667,0.333,AT_RISK,6.9,TRAIN
cust-01630,m-002,43,6,9522.53,1587.09,401.92,2972.2,4,1,359,63.2,0.167,0.333,AT_RISK,8.96,TRAIN
cust-01631,m-002,48,5,6821.15,1364.23,237.28,2348.26,4,1,240,48.0,0.0,0.4,AT_RISK,14.94,TRAIN
cust-01632,m-002,172,2,1442.9,721.45,401.92,1040.98,2,1,254,82.0,0.5,0.5,INACTIVE,100.0,TRAIN
cust-01633,m-002,208,3,2987.46,995.82,237.28,2348.26,3,1,273,32.5,0.333,0.667,INACTIVE,100.0,TRAIN
cust-01634,m-002,18,10,14749.65,1474.96,237.28,2972.2,5,1,323,33.9,0.5,0.4,REGULAR,4.17,TEST
cust-01635,m-002,29,5,6526.38,1305.28,377.97,2972.2,5,1,337,77.0,0.0,0.2,REGULAR,6.43,TRAIN
cust-01636,m-002,49,7,8225.14,1175.02,237.28,2972.2,6,1,350,50.2,0.286,0.571,AT_RISK,10.47,TRAIN
cust-01637,m-002,2,5,2976.69,595.34,237.28,1485.43,4,1,335,83.2,0.0,0.8,REGULAR,0.45,TEST
cust-01638,m-002,164,6,7188.05,1198.01,401.92,2348.26,5,1,338,34.8,0.0,0.167,INACTIVE,100.0,VALIDATION
cust-01639,m-002,0,8,15063.67,1882.96,401.92,2972.2,5,1,326,46.6,0.125,0.25,REGULAR,0.0,VALIDATION
cust-01640,m-002,96,8,4632.92,579.12,237.28,1485.43,6,1,309,30.4,0.25,0.25,INACTIVE,100.0,TEST
cust-01641,m-002,57,4,6984.04,1746.01,1040.98,2972.2,3,1,337,93.3,0.0,0.0,AT_RISK,12.65,TEST
cust-01642,m-002,259,1,2972.2,2972.2,2972.2,2972.2,1,1,259,259.0,0.0,0.0,INACTIVE,74.71,VALIDATION
cust-01643,m-002,16,9,9847.8,1094.2,377.97,2348.26,6,1,319,37.9,0.111,0.667,REGULAR,3.75,TRAIN
cust-01644,m-002,1,8,7788.18,973.52,237.28,2972.2,6,1,331,47.1,0.25,0.375,REGULAR,0.23,TRAIN
cust-01645,m-002,67,6,5852.77,975.46,237.28,2972.2,5,1,253,37.2,0.333,0.167,INACTIVE,64.48,TRAIN
cust-01646,m-002,4,10,6240.62,624.06,237.28,1485.43,6,1,310,34.0,0.2,0.5,REGULAR,0.96,TEST
cust-01647,m-002,20,6,3330.55,555.09,237.28,1485.43,5,1,333,62.6,0.333,0.5,REGULAR,4.49,TEST
cust-01648,m-002,9,11,10394.1,944.92,237.28,2972.2,5,1,363,35.4,0.273,0.727,REGULAR,1.85,TRAIN
cust-01649,m-002,20,7,9371.67,1338.81,237.28,2348.26,5,1,327,51.2,0.429,0.429,REGULAR,4.57,TEST
cust-01650,m-002,32,10,13351.31,1335.13,237.28,2972.2,7,1,334,33.6,0.8,0.0,AT_RISK,7.16,TRAIN
cust-01651,m-002,8,7,10354.86,1479.27,426.03,2972.2,5,1,268,43.3,0.143,0.143,REGULAR,2.23,TRAIN
cust-01652,m-002,4,9,13728.98,1525.44,401.92,2972.2,6,1,364,45.0,0.222,0.333,REGULAR,0.82,VALIDATION
cust-01653,m-002,62,12,15205.72,1267.14,237.28,2972.2,8,1,349,26.1,0.417,0.417,INACTIVE,67.14,TRAIN
cust-01654,m-002,1,7,11115.44,1587.92,377.97,2972.2,4,1,332,55.2,0.286,0.429,REGULAR,0.23,VALIDATION
cust-01655,m-002,71,3,4011.84,1337.28,1040.98,1485.43,2,1,190,59.5,0.0,0.0,INACTIVE,45.13,TRAIN
cust-01656,m-002,25,10,8666.27,866.63,237.28,2348.26,6,1,286,29.0,0.2,0.2,REGULAR,6.53,VALIDATION
cust-01657,m-002,31,5,7041.83,1408.37,237.28,2348.26,3,1,363,83.0,0.2,0.6,AT_RISK,6.39,TRAIN
cust-01658,m-002,67,7,10654.57,1522.08,237.28,2972.2,5,1,311,40.7,0.143,0.571,INACTIVE,55.56,TRAIN
cust-01659,m-002,12,5,3602.71,720.54,237.28,2348.26,4,1,180,42.0,0.4,0.6,REGULAR,4.97,TRAIN
cust-01660,m-002,10,9,9421.33,1046.81,377.97,2972.2,5,1,344,41.8,0.333,0.111,REGULAR,2.17,TRAIN
cust-01661,m-002,0,4,5237.52,1309.38,377.97,2972.2,4,1,175,58.3,0.25,0.75,REGULAR,0.0,VALIDATION
cust-01662,m-002,3,8,9593.83,1199.23,237.28,2972.2,6,1,335,47.4,0.25,0.25,REGULAR,0.67,TRAIN
cust-01663,m-002,10,12,10868.62,905.72,237.28,2348.26,5,1,351,31.0,0.25,0.25,REGULAR,2.13,TRAIN
cust-01664,m-002,49,7,9204.55,1314.94,377.97,2972.2,4,1,358,51.5,0.143,0.286,AT_RISK,10.24,TEST
cust-01665,m-002,127,5,6302.45,1260.49,401.92,2972.2,4,1,332,51.2,0.2,0.2,INACTIVE,100.0,TEST
cust-01666,m-002,144,2,2750.18,1375.09,401.92,2348.26,2,1,211,67.0,0.5,0.5,INACTIVE,100.0,TRAIN
cust-01667,m-002,52,5,8332.03,1666.41,237.28,2972.2,4,1,360,77.0,0.0,0.2,AT_RISK,10.8,TRAIN
cust-01668,m-002,124,5,10195.13,2039.03,1040.98,2972.2,4,1,344,55.0,0.2,0.6,INACTIVE,100.0,VALIDATION
cust-01669,m-002,34,11,6429.84,584.53,237.28,1485.43,6,1,355,32.1,0.364,0.182,AT_RISK,10.01,VALIDATION
cust-01670,m-002,16,10,15506.46,1550.65,237.28,2972.2,5,1,352,37.3,0.4,0.2,REGULAR,3.4,TRAIN
cust-01671,m-002,6,7,7595.83,1085.12,237.28,2348.26,5,1,332,54.3,0.143,0.429,REGULAR,1.35,TRAIN
cust-01672,m-002,40,9,6971.92,774.66,237.28,2972.2,6,1,358,39.8,0.222,0.111,AT_RISK,8.66,TRAIN
cust-01673,m-002,2,5,7165.28,1433.06,401.92,2972.2,4,1,216,53.5,0.0,0.2,REGULAR,0.69,TRAIN
cust-01674,m-002,9,14,16835.28,1202.52,237.28,2972.2,6,1,355,26.6,0.429,0.429,REGULAR,1.9,TRAIN
cust-01675,m-002,52,9,6453.65,717.07,237.28,1485.43,5,1,334,35.2,0.667,0.778,AT_RISK,36.84,VALIDATION
cust-01676,m-002,111,5,4913.77,982.75,237.28,2972.2,4,1,248,34.2,0.6,0.2,INACTIVE,100.0,TRAIN
cust-01677,m-002,112,6,11680.56,1946.76,1040.98,2972.2,4,1,331,43.8,0.167,0.0,INACTIVE,100.0,TRAIN
cust-01678,m-002,34,9,12268.13,1363.13,237.28,2972.2,5,1,341,38.4,0.333,0.444,AT_RISK,7.46,TRAIN
cust-01679,m-002,35,7,7765.57,1109.37,237.28,2972.2,5,1,346,51.8,0.286,0.286,AT_RISK,7.56,TEST
cust-01680,m-002,13,9,18710.22,2078.91,401.92,2972.2,4,1,335,40.2,0.556,0.222,REGULAR,2.9,TEST
cust-01681,m-002,33,8,7073.58,884.2,237.28,2972.2,5,1,346,44.7,0.5,0.25,AT_RISK,7.13,TRAIN
cust-01682,m-002,57,7,9908.75,1415.54,377.97,2348.26,3,1,353,49.3,0.286,0.143,AT_RISK,23.63,VALIDATION
cust-01683,m-002,11,15,16422.71,1094.85,237.28,2972.2,8,1,308,21.2,0.267,0.6,LOYAL,2.67,TEST
cust-01684,m-002,112,8,6375.39,796.92,237.28,2972.2,6,1,335,31.9,0.0,0.625,INACTIVE,100.0,TRAIN
cust-01685,m-002,37,7,15190.7,2170.1,237.28,10582.03,5,1,347,51.7,0.429,0.286,AT_RISK,7.97,TRAIN
cust-01686,m-002,18,8,8854.61,1106.83,237.28,2972.2,6,1,307,41.3,0.5,0.5,REGULAR,4.38,TEST
cust-01687,m-002,2,10,13986.59,1398.66,237.28,2972.2,8,1,349,38.6,0.4,0.4,REGULAR,0.43,TEST
cust-01688,m-002,7,9,9668.04,1074.23,237.28,2972.2,8,1,359,44.0,0.111,0.111,REGULAR,1.46,TEST
cust-01689,m-002,192,3,2100.68,700.23,237.28,1485.43,3,1,282,45.0,0.0,0.333,INACTIVE,100.0,TRAIN
cust-01690,m-002,35,7,9652.78,1378.97,377.97,2972.2,5,1,306,45.2,0.429,0.429,AT_RISK,8.55,VALIDATION
cust-01691,m-002,71,7,5849.47,835.64,237.28,2348.26,5,1,333,43.7,0.286,0.0,INACTIVE,56.89,TRAIN
cust-01692,m-002,185,3,3767.21,1255.74,377.97,2348.26,3,1,343,79.0,0.0,0.333,INACTIVE,100.0,TRAIN
cust-01693,m-002,9,7,9323.34,1331.91,237.28,2972.2,5,1,354,57.5,0.143,0.571,REGULAR,1.9,VALIDATION
cust-01694,m-002,10,10,9929.27,992.93,237.28,2972.2,8,1,352,38.0,0.2,0.7,REGULAR,2.12,TEST
cust-01695,m-002,117,7,6317.87,902.55,237.28,2348.26,7,1,356,39.8,0.714,0.143,INACTIVE,100.0,TRAIN
cust-01696,m-002,72,2,1418.95,709.48,377.97,1040.98,2,1,298,226.0,0.5,0.0,INACTIVE,18.06,TRAIN
cust-01697,m-002,58,2,2585.54,1292.77,237.28,2348.26,2,1,331,273.0,0.0,0.5,NEW,13.1,TRAIN
cust-01698,m-002,82,3,5698.43,1899.48,377.97,2972.2,3,1,302,110.0,0.333,0.0,INACTIVE,20.3,TRAIN
cust-01699,m-002,14,9,10088.38,1120.93,237.28,2972.2,6,1,349,41.9,0.222,0.222,REGULAR,3.0,TRAIN
cust-01700,m-002,38,4,4841.13,1210.28,401.92,2972.2,4,1,159,40.3,0.5,0.25,AT_RISK,17.81,TRAIN
cust-01701,m-002,18,6,9758.33,1626.39,426.03,2972.2,5,1,241,44.6,0.333,0.167,REGULAR,5.58,TRAIN
cust-01702,m-002,82,5,5882.11,1176.42,401.92,2972.2,4,1,356,68.5,0.2,0.4,INACTIVE,37.48,TRAIN
cust-01703,m-002,16,8,8114.49,1014.31,377.97,2348.26,5,1,354,48.3,0.25,0.25,REGULAR,3.38,TRAIN
cust-01704,m-002,23,9,11154.65,1239.41,237.28,2972.2,6,1,354,41.4,0.333,0.444,REGULAR,4.86,TRAIN
cust-01705,m-002,176,5,6196.94,1239.39,237.28,2972.2,4,1,344,42.0,0.2,0.0,INACTIVE,100.0,TEST
cust-01706,m-002,106,7,9324.62,1332.09,401.92,2972.2,4,1,347,40.2,0.286,0.143,INACTIVE,100.0,TRAIN
cust-01707,m-002,109,5,2958.44,591.69,237.28,1040.98,3,1,336,56.8,0.6,0.4,INACTIVE,100.0,TRAIN
cust-01708,m-002,6,7,6497.36,928.19,237.28,2972.2,6,1,328,53.7,0.143,0.286,REGULAR,1.37,TEST
cust-01709,m-002,21,5,3839.52,767.9,237.28,2348.26,4,1,330,77.2,0.0,0.6,REGULAR,4.76,VALIDATION
cust-01710,m-002,40,9,12712.85,1412.54,237.28,2348.26,5,1,277,29.6,0.667,0.444,AT_RISK,26.39,VALIDATION
cust-01711,m-002,87,6,7222.8,1203.8,237.28,2972.2,3,1,280,38.6,0.167,0.167,INACTIVE,95.82,TRAIN
cust-01712,m-002,49,4,5335.72,1333.93,237.28,2348.26,3,1,198,49.7,0.25,0.25,AT_RISK,18.47,TRAIN
cust-01713,m-002,19,4,9333.64,2333.41,1040.98,2972.2,3,1,337,106.0,0.75,0.5,REGULAR,4.22,VALIDATION
cust-01714,m-002,81,8,8886.81,1110.85,237.28,2348.26,6,1,354,39.0,0.5,0.125,INACTIVE,80.11,VALIDATION
cust-01715,m-002,63,6,2295.26,382.54,237.28,426.03,4,1,333,54.0,0.167,0.333,INACTIVE,27.65,TRAIN
cust-01716,m-002,50,9,8820.33,980.04,237.28,2348.26,6,1,325,34.4,0.333,0.333,AT_RISK,34.9,TRAIN
cust-01717,m-002,55,8,13902.94,1737.87,377.97,2972.2,4,1,329,39.1,0.125,0.375,AT_RISK,36.35,VALIDATION
cust-01718,m-002,27,10,12156.56,1215.66,237.28,2972.2,5,1,355,36.4,0.2,0.3,REGULAR,5.69,TRAIN
cust-01719,m-002,122,9,9395.92,1043.99,237.28,2348.26,5,1,340,27.2,0.333,0.333,INACTIVE,100.0,TRAIN
cust-01720,m-002,18,9,7542.21,838.02,237.28,2348.26,6,1,302,35.5,0.222,0.444,REGULAR,4.46,VALIDATION
cust-01721,m-002,140,4,5959.66,1489.92,237.28,2972.2,4,1,341,67.0,0.25,0.5,INACTIVE,100.0,TRAIN
cust-01722,m-002,86,9,15127.32,1680.81,237.28,2972.2,5,1,329,30.4,0.111,0.333,INACTIVE,100.0,TRAIN
cust-01723,m-002,6,6,5021.19,836.87,377.97,2348.26,5,1,327,64.2,0.5,0.667,REGULAR,1.37,TRAIN
cust-01724,m-002,30,10,13738.71,1373.87,237.28,2972.2,7,1,360,36.7,0.2,0.5,REGULAR,6.23,TRAIN
cust-01725,m-002,55,2,4013.18,2006.59,1040.98,2972.2,2,1,232,177.0,0.0,0.0,NEW,17.7,VALIDATION
cust-01726,m-002,56,9,5766.37,640.71,237.28,1485.43,5,1,325,33.6,0.0,0.556,AT_RISK,46.48,VALIDATION
cust-01727,m-002,32,6,12504.32,2084.05,377.97,2972.2,4,1,363,66.2,0.333,0.333,AT_RISK,6.59,TRAIN
cust-01728,m-002,24,11,8666.23,787.84,377.97,2972.2,6,1,302,27.8,0.182,0.273,REGULAR,5.94,VALIDATION
cust-01729,m-002,167,8,14391.67,1798.96,377.97,2972.2,5,1,323,22.3,0.25,0.125,INACTIVE,100.0,TRAIN
cust-01730,m-002,9,9,14149.48,1572.16,377.97,2972.2,6,1,364,44.4,0.333,0.444,REGULAR,1.85,TRAIN
cust-01731,m-002,18,4,3389.38,847.34,237.28,2348.26,3,1,285,89.0,0.5,0.5,REGULAR,4.72,TRAIN
cust-01732,m-002,75,2,2774.29,1387.14,426.03,2348.26,2,1,130,55.0,1.0,1.0,INACTIVE,72.94,TRAIN
cust-01733,m-002,27,6,7847.01,1307.84,237.28,2972.2,5,1,362,67.0,0.667,0.333,REGULAR,5.58,TRAIN
cust-01734,m-002,175,11,19264.38,1751.31,377.97,2972.2,5,1,350,17.5,0.182,0.455,INACTIVE,100.0,TEST
cust-01735,m-002,27,7,9715.8,1387.97,401.92,2972.2,6,1,327,50.0,0.429,0.571,REGULAR,6.17,TEST
cust-01736,m-002,61,7,13330.36,1904.34,401.92,2972.2,4,1,338,46.2,0.571,0.143,INACTIVE,35.7,VALIDATION
cust-01737,m-002,27,4,5456.08,1364.02,401.92,2972.2,3,1,147,40.0,0.25,0.25,REGULAR,13.68,TRAIN
cust-01738,m-002,26,10,8351.6,835.16,377.97,2348.26,6,1,348,35.8,0.5,0.1,REGULAR,5.59,TRAIN
cust-01739,m-002,128,1,2348.26,2348.26,2348.26,2348.26,1,1,128,128.0,0.0,0.0,INACTIVE,74.42,TRAIN
cust-01740,m-002,63,6,4487.88,747.98,237.28,2972.2,3,1,325,52.4,0.333,0.167,INACTIVE,30.39,TRAIN
cust-01741,m-002,9,6,4225.31,704.22,237.28,1485.43,4,1,306,59.4,0.333,0.5,REGULAR,2.2,TRAIN
cust-01742,m-002,119,6,117122.89,19520.48,237.28,112716.48,5,1,316,39.4,0.167,0.333,INACTIVE,100.0,TRAIN
cust-01743,m-002,6,1,1485.43,1485.43,1485.43,1485.43,1,1,6,6.0,0.0,0.0,NEW,64.29,VALIDATION
cust-01744,m-002,20,5,8185.77,1637.15,377.97,2972.2,3,1,361,85.2,0.2,0.4,REGULAR,4.14,TRAIN
cust-01745,m-002,70,6,8545.2,1424.2,237.28,2972.2,4,1,332,52.4,0.167,0.333,INACTIVE,42.17,TRAIN
cust-01746,m-002,24,6,6065.63,1010.94,377.97,2972.2,4,1,361,67.4,0.333,0.333,REGULAR,4.97,TRAIN
cust-01747,m-002,49,4,5500.52,1375.13,377.97,2348.26,3,1,254,68.3,0.5,0.25,AT_RISK,14.41,TRAIN
cust-01748,m-002,85,9,9832.84,1092.54,377.97,2972.2,6,1,333,31.0,0.333,0.556,INACTIVE,100.0,TRAIN
cust-01749,m-002,79,7,8569.27,1224.18,377.97,2972.2,5,1,348,44.8,0.143,0.571,INACTIVE,68.28,TRAIN
cust-01750,m-002,4,14,11600.45,828.6,237.28,2348.26,7,1,299,22.7,0.357,0.214,REGULAR,1.0,VALIDATION
cust-01751,m-002,10,5,4176.78,835.36,377.97,1485.43,4,1,255,61.2,0.2,0.4,REGULAR,2.93,TEST
cust-01752,m-002,220,2,1278.26,639.13,237.28,1040.98,2,1,259,39.0,0.0,0.0,INACTIVE,100.0,TRAIN
cust-01753,m-002,78,3,1868.93,622.98,401.92,1040.98,3,1,361,141.5,0.333,0.667,INACTIVE,16.16,TRAIN
cust-01754,m-002,5,5,5522.86,1104.57,237.28,2972.2,5,1,269,66.0,0.4,0.4,REGULAR,1.39,VALIDATION
cust-01755,m-002,114,4,4661.64,1165.41,401.92,2348.26,4,1,342,76.0,0.25,0.25,INACTIVE,81.93,TRAIN
cust-01756,m-002,94,8,11173.23,1396.65,237.28,2972.2,6,1,309,30.7,0.125,0.25,INACTIVE,100.0,TRAIN
cust-01757,m-002,5,8,7164.24,895.53,237.28,2348.26,6,1,320,45.0,0.5,0.625,REGULAR,1.17,TRAIN
cust-01758,m-002,168,8,10717.71,1339.71,377.97,2972.2,6,1,347,25.6,0.5,0.125,INACTIVE,100.0,TEST
cust-01759,m-002,13,6,5595.5,932.58,237.28,2972.2,4,1,322,61.8,0.0,0.333,REGULAR,3.02,TRAIN
cust-01760,m-002,7,9,11188.02,1243.11,377.97,2972.2,6,1,343,42.0,0.111,0.778,REGULAR,1.53,TEST
cust-01761,m-002,129,4,4130.06,1032.51,377.97,2972.2,3,1,321,64.0,0.25,0.25,INACTIVE,100.0,TRAIN
cust-01762,m-002,152,6,3804.97,634.16,237.28,1485.43,5,1,360,41.6,0.667,0.167,INACTIVE,100.0,TEST
cust-01763,m-002,35,9,7784.88,864.99,237.28,2348.26,7,1,308,34.1,0.222,0.333,AT_RISK,9.85,TEST
cust-01764,m-002,98,4,2697.21,674.3,237.28,1040.98,3,1,333,78.3,0.5,0.75,INACTIVE,51.56,TEST
cust-01765,m-002,42,8,7179.09,897.39,237.28,2972.2,7,1,330,41.1,0.125,0.25,AT_RISK,10.87,VALIDATION
cust-01766,m-002,123,2,4013.18,2006.59,1040.98,2972.2,2,1,357,234.0,0.5,0.0,INACTIVE,25.77,TRAIN
cust-01767,m-002,220,7,4547.4,649.63,237.28,2348.26,5,1,358,23.0,0.286,0.429,INACTIVE,100.0,VALIDATION
cust-01768,m-002,52,1,1040.98,1040.98,1040.98,1040.98,1,1,52,52.0,0.0,0.0,NEW,73.58,TRAIN
cust-01769,m-002,42,7,4536.33,648.05,377.97,1485.43,5,1,251,34.8,0.286,0.286,AT_RISK,23.3,TRAIN
cust-01770,m-002,54,6,3002.84,500.47,377.97,1040.98,4,1,343,57.8,0.333,0.667,AT_RISK,11.77,TRAIN
cust-01771,m-002,25,7,11738.08,1676.87,237.28,2972.2,4,1,332,51.2,0.286,0.286,REGULAR,5.63,TRAIN
cust-01772,m-002,23,7,10186.44,1455.21,237.28,2348.26,5,1,187,27.3,0.571,0.143,REGULAR,9.18,TEST
cust-01773,m-002,32,7,11254.83,1607.83,237.28,2972.2,5,1,292,43.3,0.429,0.0,AT_RISK,8.19,TRAIN
cust-01774,m-002,120,6,5571.39,928.56,237.28,2972.2,4,1,356,47.2,0.0,0.333,INACTIVE,100.0,TRAIN
cust-01775,m-002,117,6,9184.26,1530.71,237.28,2972.2,4,1,340,44.6,0.833,0.167,INACTIVE,100.0,TRAIN
cust-01776,m-002,91,7,8608.34,1229.76,377.97,2972.2,6,1,316,37.5,0.286,0.429,INACTIVE,100.0,TRAIN
cust-01777,m-002,44,8,7973.8,996.73,237.28,2348.26,6,1,361,45.3,0.375,0.5,AT_RISK,9.12,TRAIN
cust-01778,m-002,5,5,5015.5,1003.1,377.97,2348.26,4,1,237,58.0,0.4,0.4,REGULAR,1.58,TRAIN
cust-01779,m-002,6,4,5480.19,1370.05,426.03,2972.2,3,1,168,54.0,0.0,0.5,REGULAR,2.66,VALIDATION
cust-01780,m-002,6,6,9948.89,1658.15,237.28,2972.2,5,1,340,66.8,0.333,0.5,REGULAR,1.32,TRAIN
cust-01781,m-002,143,7,15456.19,2208.03,1040.98,2972.2,3,1,361,36.3,0.143,0.429,INACTIVE,100.0,TRAIN
cust-01782,m-002,8,9,11668.14,1296.46,237.28,2972.2,5,1,364,44.5,0.444,0.556,REGULAR,1.64,TRAIN
cust-01783,m-002,13,10,7440.55,744.06,377.97,1485.43,5,1,357,38.2,0.2,0.4,REGULAR,2.72,TRAIN
cust-01784,m-002,43,8,8017.97,1002.25,237.28,2972.2,6,1,337,42.0,0.125,0.625,AT_RISK,11.04,TRAIN
cust-01785,m-002,32,4,5237.52,1309.38,377.97,2972.2,4,1,271,79.7,0.75,0.0,AT_RISK,8.82,TRAIN
cust-01786,m-002,8,9,15221.12,1691.24,377.97,2972.2,4,1,320,39.0,0.333,0.333,REGULAR,1.87,TRAIN
cust-01787,m-002,61,4,4667.5,1166.88,237.28,2348.26,3,1,242,60.3,0.75,0.5,INACTIVE,19.88,TRAIN
cust-01788,m-002,44,5,4265.72,853.14,237.28,2348.26,4,1,185,35.2,0.0,0.2,AT_RISK,30.94,TRAIN
cust-01789,m-002,136,10,7916.65,791.67,237.28,2348.26,5,1,356,24.4,0.3,0.0,INACTIVE,100.0,TRAIN
cust-01790,m-002,24,10,16945.28,1694.53,377.97,2972.2,5,1,337,34.8,0.3,0.2,REGULAR,5.33,TRAIN
cust-01791,m-002,18,8,10752.89,1344.11,237.28,2972.2,6,1,356,48.3,0.375,0.5,REGULAR,3.78,TRAIN
cust-01792,m-002,93,4,4226.18,1056.54,401.92,2972.2,3,1,329,78.7,0.25,0.5,INACTIVE,42.59,TRAIN
cust-01793,m-002,169,3,1959.99,653.33,237.28,1485.43,2,1,324,77.5,0.333,1.0,INACTIVE,100.0,TEST
cust-01794,m-002,13,9,7987.31,887.48,237.28,1485.43,4,1,362,43.6,0.333,0.222,REGULAR,2.69,TRAIN
cust-01795,m-002,162,9,13226.72,1469.64,377.97,2972.2,5,1,352,23.8,0.333,0.333,INACTIVE,100.0,TRAIN
cust-01796,m-002,47,3,4011.84,1337.28,1040.98,1485.43,2,1,79,16.0,0.333,0.333,INACTIVE,90.56,TRAIN
cust-01797,m-002,20,7,8747.46,1249.64,237.28,2972.2,6,1,295,45.8,0.143,0.286,REGULAR,5.07,TEST
cust-01798,m-002,12,4,11264.86,2816.22,2348.26,2972.2,2,1,268,85.3,0.5,0.5,REGULAR,3.35,VALIDATION
cust-01799,m-002,95,13,12572.09,967.08,377.97,2972.2,7,1,339,20.3,0.462,0.385,INACTIVE,100.0,VALIDATION
cust-01800,m-002,245,4,3965.42,991.36,237.28,2972.2,3,1,345,33.3,0.5,0.25,INACTIVE,100.0,VALIDATION
cust-01801,m-002,117,5,2033.87,406.77,377.97,426.03,3,1,361,61.0,0.4,0.2,INACTIVE,100.0,TRAIN
cust-01802,m-002,98,5,3117.22,623.44,401.92,1485.43,3,1,277,44.8,0.4,0.0,INACTIVE,100.0,TRAIN
cust-01803,m-002,4,5,7445.09,1489.02,237.28,2972.2,5,1,275,67.8,0.6,0.2,REGULAR,1.09,TEST
cust-01804,m-002,139,6,5456.38,909.4,237.28,2972.2,6,1,348,41.8,0.5,0.167,INACTIVE,100.0,TRAIN
cust-01805,m-002,88,7,12485.9,1783.7,377.97,2972.2,5,1,348,43.3,0.286,0.143,INACTIVE,85.96,VALIDATION
cust-01806,m-002,81,9,7209.29,801.03,377.97,1485.43,4,1,334,31.6,0.444,0.222,INACTIVE,92.23,TRAIN
cust-01807,m-002,110,4,5697.09,1424.27,377.97,2348.26,3,1,331,73.7,0.5,0.25,INACTIVE,79.3,TRAIN
cust-01808,m-002,25,6,5126.94,854.49,237.28,2972.2,4,1,338,62.6,0.5,0.5,REGULAR,5.53,TRAIN
cust-01809,m-002,111,6,8689.67,1448.28,237.28,2972.2,4,1,316,41.0,0.333,0.833,INACTIVE,100.0,TRAIN
cust-01810,m-002,64,7,8214.07,1173.44,377.97,2972.2,5,1,351,47.8,0.429,0.286,INACTIVE,37.94,TRAIN
cust-01811,m-002,9,7,10145.13,1449.3,401.92,2972.2,4,1,357,58.0,0.143,0.286,REGULAR,1.89,TEST
cust-01812,m-002,122,6,6826.84,1137.81,237.28,2348.26,4,1,357,47.0,0.167,0.333,INACTIVE,100.0,TRAIN
cust-01813,m-002,40,5,1563.9,312.78,237.28,426.03,2,1,342,75.5,0.8,0.0,AT_RISK,8.75,TRAIN
cust-01814,m-002,1,12,12253.54,1021.13,377.97,2972.2,6,1,326,29.5,0.25,0.333,REGULAR,0.23,TRAIN
cust-01815,m-002,132,8,12105.25,1513.16,426.03,2348.26,4,1,353,31.6,0.25,0.25,INACTIVE,100.0,TRAIN
cust-01816,m-002,31,7,12542.95,1791.85,426.03,2972.2,3,1,357,54.3,0.143,0.571,AT_RISK,6.49,TRAIN
cust-01817,m-002,65,10,14088.05,1408.8,377.97,2972.2,5,1,334,29.9,0.5,0.1,INACTIVE,67.2,TEST
cust-01818,m-002,14,8,7214.27,901.78,237.28,2972.2,5,1,271,36.7,0.25,0.25,REGULAR,3.86,TRAIN
cust-01819,m-002,207,3,2241.37,747.12,377.97,1485.43,2,1,312,52.5,0.667,0.333,INACTIVE,100.0,TRAIN
cust-01820,m-002,2,11,11547.57,1049.78,377.97,2972.2,6,1,362,36.0,0.364,0.364,REGULAR,0.41,TRAIN
cust-01821,m-002,0,8,7179.09,897.39,237.28,2972.2,7,1,323,46.1,0.125,0.125,REGULAR,0.0,TRAIN
cust-01822,m-002,57,8,6938.51,867.31,237.28,2348.26,5,1,315,36.9,0.375,0.25,AT_RISK,43.68,TRAIN
cust-01823,m-002,53,2,639.2,319.6,237.28,401.92,2,1,65,12.0,0.5,0.5,NEW,100.0,TRAIN
cust-01824,m-002,35,8,5692.32,711.54,237.28,1485.43,6,1,265,32.9,0.25,0.5,AT_RISK,13.02,TEST
cust-01825,m-002,167,4,3578.13,894.53,401.92,2348.26,3,1,332,55.0,0.25,0.5,INACTIVE,100.0,TRAIN
cust-01826,m-002,166,3,2100.68,700.23,237.28,1485.43,3,1,323,78.5,0.667,0.0,INACTIVE,100.0,TRAIN
cust-01827,m-002,75,4,4193.24,1048.31,377.97,2348.26,4,1,293,72.7,0.25,0.25,INACTIVE,22.58,VALIDATION
cust-01828,m-002,116,8,9355.21,1169.4,237.28,2348.26,5,1,363,35.3,0.625,0.25,INACTIVE,100.0,VALIDATION
cust-01829,m-002,49,6,7763.93,1293.99,377.97,2972.2,5,1,334,57.0,0.333,0.5,AT_RISK,10.97,TEST
cust-01830,m-002,72,5,8424.66,1684.93,377.97,2972.2,3,1,325,63.2,0.4,0.0,INACTIVE,29.76,TRAIN
cust-01831,m-002,2,4,6344.98,1586.24,401.92,2972.2,3,1,320,106.0,0.75,0.75,REGULAR,0.47,TRAIN
cust-01832,m-002,33,4,4145.18,1036.3,377.97,2348.26,3,1,231,66.0,0.75,0.0,AT_RISK,10.67,TRAIN
cust-01833,m-002,30,11,13964.92,1269.54,237.28,2972.2,7,1,327,29.7,0.091,0.182,REGULAR,7.31,TRAIN
cust-01834,m-002,22,10,18004.41,1800.44,237.28,2972.2,5,1,299,30.8,0.5,0.3,REGULAR,5.5,TRAIN
cust-01835,m-002,95,9,13017.78,1446.42,237.28,2972.2,5,1,342,30.9,0.333,0.333,INACTIVE,100.0,TRAIN
cust-01836,m-002,21,9,11771.88,1307.99,237.28,2972.2,4,1,364,42.9,0.222,0.222,REGULAR,4.32,TRAIN
cust-01837,m-002,27,6,8495.33,1415.89,401.92,2348.26,4,1,332,61.0,0.0,0.167,REGULAR,6.08,VALIDATION
cust-01838,m-002,40,6,6336.29,1056.05,237.28,2348.26,5,1,318,55.6,0.5,0.5,AT_RISK,9.4,TRAIN
cust-01839,m-002,12,8,10408.6,1301.08,237.28,2972.2,6,1,355,49.0,0.375,0.25,REGULAR,2.53,TEST
cust-01840,m-002,99,9,10554.82,1172.76,237.28,2972.2,7,1,340,30.1,0.444,0.556,INACTIVE,100.0,TRAIN
cust-01841,m-002,70,4,4178.12,1044.53,377.97,2972.2,4,1,333,87.7,0.25,0.0,INACTIVE,15.72,TRAIN
cust-01842,m-002,89,5,6965.62,1393.12,426.03,2972.2,4,1,330,60.2,0.6,0.0,INACTIVE,63.37,TEST
cust-01843,m-002,92,6,6578.96,1096.49,237.28,2348.26,5,1,359,53.4,0.167,0.5,INACTIVE,77.07,TRAIN
cust-01844,m-002,165,5,6326.56,1265.31,401.92,2972.2,5,1,337,43.0,0.2,0.0,INACTIVE,100.0,TEST
cust-01845,m-002,47,8,3099.1,387.39,237.28,426.03,4,1,313,38.0,0.375,0.375,AT_RISK,24.73,TRAIN
cust-01846,m-002,35,7,7688.06,1098.29,237.28,2972.2,5,1,313,46.3,0.286,0.286,AT_RISK,8.36,VALIDATION
cust-01847,m-002,33,3,2987.46,995.82,237.28,2348.26,3,1,326,146.5,0.667,0.0,NEW,7.57,TRAIN
cust-01848,m-002,6,6,6308.14,1051.36,401.92,2972.2,4,1,327,64.2,0.167,0.167,REGULAR,1.37,TRAIN
cust-01849,m-002,79,6,4086.19,681.03,377.97,1485.43,4,1,346,53.4,0.333,0.333,INACTIVE,55.47,TRAIN
cust-01850,m-002,43,7,8927.22,1275.32,237.28,2348.26,5,1,258,35.8,0.286,0.429,AT_RISK,23.25,TRAIN
cust-01851,m-002,227,7,8567.97,1224.0,237.28,2348.26,4,1,360,22.2,0.286,0.714,INACTIVE,100.0,TRAIN
cust-01852,m-002,19,4,5213.57,1303.39,377.97,2972.2,3,1,328,103.0,0.25,0.5,REGULAR,4.33,TRAIN
cust-01853,m-002,31,9,8573.46,952.61,377.97,2972.2,6,1,342,38.9,0.222,0.333,AT_RISK,6.78,TEST
cust-01854,m-002,182,5,9532.12,1906.42,377.97,2972.2,4,1,359,44.2,0.0,0.2,INACTIVE,100.0,TEST
cust-01855,m-002,46,7,9004.73,1286.39,377.97,2972.2,6,1,343,49.5,0.571,0.286,AT_RISK,10.03,TEST
cust-01856,m-002,67,8,15714.07,1964.26,377.97,2972.2,4,1,335,38.3,0.5,0.375,INACTIVE,58.01,VALIDATION
cust-01857,m-002,21,5,2624.87,524.97,377.97,1040.98,4,1,354,83.2,0.2,0.4,REGULAR,4.44,TRAIN
cust-01858,m-002,32,5,5219.1,1043.82,377.97,2972.2,5,1,359,81.8,0.4,0.2,AT_RISK,6.67,TRAIN
cust-01859,m-002,117,4,3993.42,998.36,426.03,1485.43,3,1,345,76.0,0.5,0.75,INACTIVE,86.86,TRAIN
cust-01860,m-002,49,8,7088.03,886.0,377.97,2972.2,5,1,349,42.9,0.25,0.125,AT_RISK,19.65,TRAIN
cust-01861,m-002,37,8,12663.89,1582.99,401.92,2972.2,5,1,325,41.1,0.0,0.375,AT_RISK,8.51,TRAIN
cust-01862,m-002,76,8,8323.3,1040.41,377.97,2972.2,6,1,324,35.4,0.25,0.625,INACTIVE,78.44,VALIDATION
cust-01863,m-002,61,10,11407.21,1140.72,237.28,2972.2,6,1,362,33.4,0.2,0.5,INACTIVE,54.0,TRAIN
cust-01864,m-002,26,5,2600.92,520.18,377.97,1040.98,3,1,256,57.5,0.8,0.0,REGULAR,7.59,VALIDATION
cust-01865,m-002,165,6,5088.14,848.02,237.28,2348.26,5,1,362,39.4,0.5,0.333,INACTIVE,100.0,TRAIN
cust-01866,m-002,60,8,13567.91,1695.99,401.92,2972.2,5,1,364,43.4,0.25,0.5,AT_RISK,37.23,TEST
cust-01867,m-002,215,2,4013.18,2006.59,1040.98,2972.2,2,1,332,117.0,0.5,1.0,INACTIVE,100.0,TRAIN
cust-01868,m-002,105,5,6795.12,1359.02,426.03,2972.2,3,1,323,54.5,0.0,0.2,INACTIVE,100.0,TRAIN
cust-01869,m-002,212,3,4694.91,1564.97,237.28,2972.2,3,1,358,73.0,0.0,0.0,INACTIVE,100.0,TEST
cust-01870,m-002,19,3,6322.37,2107.46,377.97,2972.2,2,1,236,108.5,1.0,0.333,NEW,6.01,TRAIN
cust-01871,m-002,62,7,6801.12,971.59,237.28,2972.2,6,1,361,49.8,0.286,0.286,INACTIVE,31.15,TRAIN
cust-01872,m-002,44,8,8986.15,1123.27,377.97,2972.2,5,1,330,40.9,0.125,0.5,AT_RISK,14.62,TRAIN
cust-01873,m-002,84,4,4676.49,1169.12,237.28,2972.2,4,1,165,27.0,0.5,0.5,INACTIVE,100.0,TRAIN
cust-01874,m-002,33,9,16451.02,1827.89,377.97,2972.2,4,1,352,39.9,0.444,0.111,AT_RISK,7.01,TRAIN
cust-01875,m-002,23,7,12295.07,1756.44,426.03,2972.2,4,1,309,47.7,0.286,0.429,REGULAR,5.56,TRAIN
cust-01876,m-002,41,7,9971.5,1424.5,237.28,2972.2,6,1,356,52.5,0.286,0.429,AT_RISK,8.61,TEST
cust-01877,m-002,193,5,5010.29,1002.06,401.92,1485.43,3,1,361,42.0,0.4,0.6,INACTIVE,100.0,TRAIN
cust-01878,m-002,192,2,1467.01,733.5,426.03,1040.98,2,1,318,126.0,0.0,0.5,INACTIVE,100.0,TRAIN
cust-01879,m-002,0,8,10152.9,1269.11,237.28,2972.2,7,1,362,51.7,0.25,0.375,REGULAR,0.0,TRAIN
cust-01880,m-002,117,7,4502.83,643.26,237.28,2348.26,4,1,309,32.0,0.429,0.429,INACTIVE,100.0,TRAIN
cust-01881,m-002,62,7,7705.14,1100.73,237.28,2348.26,4,1,318,42.7,0.0,0.429,INACTIVE,43.53,TRAIN
cust-01882,m-002,28,10,8230.81,823.08,237.28,2972.2,6,1,356,36.4,0.4,0.6,REGULAR,5.88,TRAIN
cust-01883,m-002,32,7,6976.99,996.71,237.28,2972.2,5,1,343,51.8,0.429,0.429,AT_RISK,6.98,TRAIN
cust-01884,m-002,22,9,8584.53,953.84,237.28,2972.2,7,1,312,36.2,0.444,0.333,REGULAR,5.27,TRAIN
cust-01885,m-002,39,5,10254.26,2050.85,237.28,2972.2,3,1,242,50.8,0.6,0.2,AT_RISK,12.04,VALIDATION
cust-01886,m-002,108,6,2862.15,477.02,237.28,1040.98,5,1,340,46.4,0.333,0.167,INACTIVE,100.0,VALIDATION
cust-01887,m-002,58,5,11690.89,2338.18,426.03,2972.2,3,1,355,74.2,0.2,0.2,AT_RISK,12.22,TRAIN
cust-01888,m-002,15,3,2289.43,763.14,377.97,1485.43,3,1,215,100.0,0.667,0.333,NEW,5.21,TEST
cust-01889,m-002,19,11,14690.35,1335.49,237.28,2972.2,5,1,339,32.0,0.364,0.091,REGULAR,4.19,TRAIN
cust-01890,m-002,215,4,4693.57,1173.39,237.28,1485.43,2,1,334,39.7,0.75,0.5,INACTIVE,100.0,TRAIN
cust-01891,m-002,32,9,7277.41,808.6,237.28,2972.2,5,1,324,36.5,0.556,0.333,AT_RISK,7.38,TRAIN
cust-01892,m-002,23,7,8873.3,1267.61,377.97,2348.26,5,1,325,50.3,0.286,0.143,REGULAR,5.29,TRAIN
cust-01893,m-002,30,7,9199.34,1314.19,377.97,2972.2,4,1,344,52.3,0.143,0.286,REGULAR,6.52,TRAIN
cust-01894,m-002,42,9,7784.88,864.99,237.28,2348.26,7,1,363,40.1,0.111,0.111,AT_RISK,11.5,TRAIN
cust-01895,m-002,62,12,15059.17,1254.93,237.28,2972.2,7,1,362,27.3,0.333,0.083,INACTIVE,64.86,TRAIN
cust-01896,m-002,98,6,8626.76,1437.79,377.97,2972.2,6,1,172,14.8,0.5,0.167,INACTIVE,100.0,TEST
cust-01897,m-002,53,4,4832.14,1208.04,401.92,2348.26,3,1,287,78.0,0.5,0.5,AT_RISK,13.8,TRAIN
cust-01898,m-002,13,6,2862.15,477.02,237.28,1040.98,5,1,277,52.8,0.167,0.5,REGULAR,3.51,TRAIN
cust-01899,m-002,93,3,3011.57,1003.86,237.28,2348.26,3,1,326,116.5,0.333,0.0,INACTIVE,21.33,TRAIN
cust-01900,m-002,26,11,12242.35,1112.94,237.28,2972.2,7,1,327,30.1,0.545,0.273,REGULAR,5.95,TEST
cust-01901,m-002,12,10,10772.04,1077.2,237.28,2348.26,6,1,326,34.9,0.4,0.3,REGULAR,2.75,VALIDATION
cust-01902,m-002,48,8,12908.68,1613.58,426.03,2972.2,4,1,331,40.4,0.375,0.375,AT_RISK,22.24,TRAIN
cust-01903,m-002,109,9,14891.52,1654.61,237.28,2972.2,4,1,333,28.0,0.444,0.556,INACTIVE,100.0,TRAIN
cust-01904,m-002,103,2,3833.69,1916.85,1485.43,2348.26,2,1,103,0.0,1.0,0.5,INACTIVE,100.0,TRAIN
cust-01905,m-002,17,9,9716.1,1079.57,237.28,2972.2,8,1,347,41.2,0.556,0.222,REGULAR,3.66,TRAIN
cust-01906,m-002,69,6,4169.43,694.91,237.28,2348.26,5,1,335,53.2,0.0,0.0,INACTIVE,39.1,TRAIN
cust-01907,m-002,53,7,9900.5,1414.36,377.97,2972.2,5,1,342,48.2,0.571,0.286,AT_RISK,18.79,TEST
cust-01908,m-002,2,13,33951.54,2611.66,377.97,19703.76,7,1,363,30.1,0.231,0.308,REGULAR,0.41,TRAIN
cust-01909,m-002,32,6,10680.29,1780.05,237.28,2972.2,4,1,266,46.8,0.333,0.5,AT_RISK,8.99,TEST
cust-01910,m-002,4,4,1089.81,272.45,237.28,377.97,2,1,259,85.0,0.5,0.25,REGULAR,1.15,TRAIN
cust-01911,m-002,45,10,15080.9,1508.09,237.28,2972.2,4,1,313,29.8,0.7,0.5,AT_RISK,33.55,TRAIN
cust-01912,m-002,75,9,10210.42,1134.49,237.28,2972.2,6,1,357,35.2,0.333,0.444,INACTIVE,75.41,TRAIN
cust-01913,m-002,23,6,8898.75,1483.12,377.97,2972.2,4,1,327,60.8,0.333,0.167,REGULAR,5.26,TRAIN
cust-01914,m-002,30,8,7116.18,889.52,237.28,2348.26,5,1,331,43.0,0.25,0.25,REGULAR,6.78,TEST
cust-01915,m-002,25,7,8708.39,1244.06,237.28,2972.2,5,1,329,50.7,0.429,0.0,REGULAR,5.68,VALIDATION
cust-01916,m-002,59,6,6212.02,1035.34,377.97,2972.2,4,1,337,55.6,0.167,0.333,AT_RISK,18.19,TRAIN
cust-01917,m-002,65,5,5243.05,1048.61,401.92,2972.2,4,1,258,48.2,0.2,0.6,INACTIVE,44.02,TRAIN
cust-01918,m-002,22,14,16215.24,1158.23,237.28,2972.2,6,1,350,25.2,0.286,0.214,REGULAR,4.7,TEST
cust-01919,m-002,164,3,3824.26,1274.75,426.03,2972.2,2,1,356,96.0,0.333,0.667,INACTIVE,100.0,TRAIN
cust-01920,m-002,16,7,9232.12,1318.87,401.92,2972.2,3,1,256,40.0,0.429,0.429,REGULAR,4.67,TRAIN
cust-01921,m-002,125,4,2837.9,709.48,377.97,1040.98,2,1,273,49.3,0.25,0.25,INACTIVE,100.0,TRAIN
cust-01922,m-002,20,11,14868.67,1351.7,237.28,2972.2,5,1,339,31.9,0.182,0.273,REGULAR,4.41,TRAIN
cust-01923,m-002,48,8,10114.1,1264.26,377.97,2348.26,5,1,331,40.4,0.375,0.625,AT_RISK,22.24,TRAIN
cust-01924,m-002,80,4,6598.72,1649.68,237.28,2972.2,4,1,295,71.7,0.0,0.5,INACTIVE,32.72,TRAIN
cust-01925,m-002,46,7,7986.52,1140.93,377.97,2348.26,4,1,344,49.7,0.143,0.429,AT_RISK,10.0,TRAIN
cust-01926,m-002,43,10,12995.71,1299.57,377.97,2972.2,5,1,355,34.7,0.2,0.0,AT_RISK,21.51,VALIDATION
cust-01927,m-002,33,7,9816.12,1402.3,237.28,2348.26,4,1,349,52.7,0.143,0.143,AT_RISK,7.07,TRAIN
cust-01928,m-002,81,8,8167.6,1020.95,377.97,2348.26,4,1,347,38.0,0.5,0.5,INACTIVE,81.96,VALIDATION
cust-01929,m-002,70,8,9865.95,1233.24,237.28,2972.2,6,1,350,40.0,0.375,0.25,INACTIVE,59.96,TRAIN
cust-01930,m-002,105,3,4235.61,1411.87,401.92,2348.26,3,1,292,93.5,0.667,0.667,INACTIVE,44.13,VALIDATION
cust-01931,m-002,79,5,4734.28,946.86,237.28,2348.26,4,1,353,68.5,0.0,0.4,INACTIVE,32.49,TEST
cust-01932,m-002,81,7,6614.1,944.87,377.97,2972.2,4,1,279,33.0,0.286,0.0,INACTIVE,93.7,TEST
cust-01933,m-002,90,7,7000.94,1000.13,237.28,2972.2,6,1,342,42.0,0.143,0.429,INACTIVE,91.68,TRAIN
cust-01934,m-002,177,2,1278.26,639.13,237.28,1040.98,2,1,348,171.0,0.5,1.0,INACTIVE,47.04,TEST
cust-01935,m-002,4,11,11544.32,1049.48,377.97,2972.2,6,1,357,35.3,0.455,0.273,REGULAR,0.84,TRAIN
cust-01936,m-002,17,9,8485.03,942.78,237.28,2348.26,6,1,328,38.9,0.556,0.0,REGULAR,3.88,TRAIN
cust-01937,m-002,116,7,9037.83,1291.12,377.97,2972.2,4,1,254,23.0,0.286,0.286,INACTIVE,100.0,TRAIN
cust-01938,m-002,11,11,12433.34,1130.3,237.28,2348.26,7,1,249,23.8,0.545,0.455,REGULAR,3.3,TRAIN
cust-01939,m-002,11,6,5282.75,880.46,237.28,2348.26,4,1,332,64.2,0.333,0.5,REGULAR,2.48,VALIDATION
cust-01940,m-002,115,5,6352.75,1270.55,237.28,2348.26,4,1,347,58.0,0.2,0.2,INACTIVE,100.0,VALIDATION
cust-01941,m-002,9,6,5621.18,936.86,377.97,2972.2,4,1,251,48.4,0.167,0.5,REGULAR,2.68,TRAIN
cust-01942,m-002,110,6,4438.01,739.67,237.28,1485.43,4,1,362,50.4,0.5,0.333,INACTIVE,100.0,TRAIN
cust-01943,m-002,89,4,5935.71,1483.93,237.28,2972.2,4,1,323,78.0,0.5,0.25,INACTIVE,37.1,TRAIN
cust-01944,m-002,72,5,8248.79,1649.76,401.92,2972.2,5,1,277,51.2,0.2,0.2,INACTIVE,50.62,TRAIN
cust-01945,m-002,13,10,14995.85,1499.58,377.97,2972.2,7,1,359,38.4,0.3,0.3,REGULAR,2.71,TRAIN
cust-01946,m-002,32,7,13545.3,1935.04,377.97,2972.2,5,1,344,52.0,0.714,0.429,AT_RISK,6.96,TRAIN
cust-01947,m-002,57,8,5355.06,669.38,237.28,2348.26,5,1,329,38.9,0.125,0.125,AT_RISK,40.1,TRAIN
cust-01948,m-002,13,8,3501.35,437.67,237.28,1040.98,5,1,340,46.7,0.25,0.5,REGULAR,2.86,VALIDATION
cust-01949,m-002,269,3,6805.89,2268.63,1485.43,2972.2,3,1,342,36.5,0.333,0.667,INACTIVE,100.0,TRAIN
cust-01950,m-002,47,5,5186.16,1037.23,377.97,2348.26,3,1,354,76.8,0.4,0.4,AT_RISK,9.93,VALIDATION
cust-01951,m-002,14,8,7553.46,944.18,237.28,2348.26,5,1,285,38.7,0.5,0.25,REGULAR,3.67,VALIDATION
cust-01952,m-002,96,5,6278.5,1255.7,377.97,2972.2,5,1,319,55.8,0.6,0.4,INACTIVE,82.8,TRAIN
cust-01953,m-002,4,9,7212.77,801.42,237.28,2348.26,5,1,352,43.5,0.444,0.333,REGULAR,0.85,TRAIN
cust-01954,m-002,53,6,8659.7,1443.28,401.92,2972.2,4,1,318,53.0,0.333,0.5,AT_RISK,12.46,VALIDATION
cust-01955,m-002,14,6,7647.35,1274.56,237.28,2972.2,5,1,280,53.2,0.5,0.167,REGULAR,3.74,TRAIN
cust-01956,m-002,78,5,6821.15,1364.23,237.28,2348.26,4,1,232,38.5,0.2,0.6,INACTIVE,84.36,TRAIN
cust-01957,m-002,12,11,12849.64,1168.15,377.97,2972.2,6,1,274,26.2,0.364,0.364,REGULAR,3.27,TRAIN
cust-01958,m-002,35,6,7886.24,1314.37,237.28,2348.26,5,1,283,49.6,0.333,0.167,AT_RISK,9.24,TRAIN
cust-01959,m-002,132,5,9571.19,1914.24,1040.98,2348.26,3,1,332,50.0,0.0,0.6,INACTIVE,100.0,TRAIN
cust-01960,m-002,116,5,7445.09,1489.02,237.28,2972.2,5,1,349,58.2,0.6,0.6,INACTIVE,100.0,TEST
cust-01961,m-002,154,4,5476.41,1369.1,377.97,2348.26,3,1,353,66.3,0.0,0.5,INACTIVE,100.0,VALIDATION
cust-01962,m-002,32,7,5786.29,826.61,237.28,2972.2,5,1,331,49.8,0.571,0.143,AT_RISK,7.23,TRAIN
cust-01963,m-002,26,3,2763.69,921.23,237.28,1485.43,3,1,303,138.5,0.333,0.333,NEW,6.41,TRAIN
cust-01964,m-002,35,10,26445.64,2644.56,237.28,13344.65,7,1,358,35.9,0.1,0.4,AT_RISK,7.31,TRAIN
cust-01965,m-002,88,5,5078.41,1015.68,237.28,2972.2,5,1,357,67.2,0.2,0.4,INACTIVE,49.64,TRAIN
cust-01966,m-002,4,8,9362.24,1170.28,237.28,2972.2,6,1,361,51.0,0.375,0.5,REGULAR,0.83,TRAIN
cust-01967,m-002,5,10,14754.84,1475.48,401.92,2972.2,5,1,326,35.7,0.5,0.2,REGULAR,1.15,TRAIN
cust-01968,m-002,3,4,3965.42,991.36,237.28,2972.2,3,1,151,49.3,0.75,0.25,REGULAR,1.48,TRAIN
cust-01969,m-002,67,8,11471.78,1433.97,237.28,2972.2,4,1,351,40.6,0.625,0.125,INACTIVE,53.88,TRAIN
cust-01970,m-002,1,9,9005.03,1000.56,237.28,2972.2,7,1,356,44.4,0.333,0.444,REGULAR,0.21,VALIDATION
cust-01971,m-002,69,5,7213.5,1442.7,426.03,2972.2,4,1,319,62.5,0.2,0.4,INACTIVE,25.92,TEST
cust-01972,m-002,10,9,5765.97,640.66,237.28,2972.2,4,1,353,42.9,0.111,0.111,REGULAR,2.12,TRAIN
cust-01973,m-002,240,7,8041.45,1148.78,401.92,2972.2,5,1,355,19.2,0.571,0.571,INACTIVE,100.0,TRAIN
cust-01974,m-002,4,10,14577.59,1457.76,237.28,2972.2,6,1,348,38.2,0.8,0.3,REGULAR,0.86,TRAIN
cust-01975,m-002,95,5,2154.74,430.95,237.28,1040.98,3,1,323,57.0,0.4,0.0,INACTIVE,78.99,VALIDATION
cust-01976,m-002,44,10,8031.15,803.12,237.28,2972.2,7,1,354,34.4,0.6,0.3,AT_RISK,23.7,TRAIN
cust-01977,m-002,74,9,9377.67,1041.96,237.28,2348.26,5,1,362,36.0,0.222,0.0,INACTIVE,72.29,TEST
cust-01978,m-002,3,2,1418.95,709.48,377.97,1040.98,2,1,315,312.0,0.0,0.0,NEW,0.71,VALIDATION
cust-01979,m-002,64,9,8181.27,909.03,237.28,2348.26,7,1,353,36.1,0.0,0.111,INACTIVE,55.41,TRAIN
cust-01980,m-002,47,5,6152.93,1230.59,237.28,2348.26,4,1,315,67.0,0.2,0.6,AT_RISK,11.16,TRAIN
cust-01981,m-002,20,8,10152.9,1269.11,237.28,2972.2,7,1,354,47.7,0.25,0.625,REGULAR,4.23,TEST
cust-01982,m-002,13,7,14900.64,2128.66,426.03,2972.2,4,1,327,52.3,0.429,0.0,REGULAR,2.97,TRAIN
cust-01983,m-002,63,6,12059.87,2009.98,377.97,2972.2,4,1,342,55.8,0.167,0.333,INACTIVE,24.58,TRAIN
cust-01984,m-002,268,4,3389.54,847.39,237.28,2348.26,4,1,323,18.3,0.25,0.0,INACTIVE,100.0,TRAIN
cust-01985,m-002,5,12,12859.21,1071.6,237.28,2348.26,7,1,357,32.0,0.333,0.667,REGULAR,1.05,TRAIN
cust-01986,m-002,18,10,12040.25,1204.03,237.28,2972.2,8,1,359,37.9,0.2,0.3,REGULAR,3.75,VALIDATION
cust-01987,m-002,68,5,3519.63,703.93,237.28,1485.43,4,1,359,72.8,0.2,0.2,INACTIVE,14.17,TEST
cust-01988,m-002,9,4,5291.44,1322.86,237.28,2972.2,3,1,356,115.7,0.25,0.25,REGULAR,1.89,TRAIN
cust-01989,m-002,38,7,10350.81,1478.69,237.28,2972.2,6,1,357,53.2,0.429,0.286,AT_RISK,7.96,TRAIN
cust-01990,m-002,93,3,3800.15,1266.72,401.92,2972.2,3,1,354,130.5,0.333,0.0,INACTIVE,19.65,VALIDATION
cust-01991,m-002,36,8,12928.74,1616.09,237.28,2972.2,5,1,339,43.3,0.375,0.375,AT_RISK,7.94,TEST
cust-01992,m-002,188,3,4211.66,1403.89,377.97,2348.26,3,1,292,52.0,0.333,0.0,INACTIVE,100.0,TRAIN
cust-01993,m-002,43,10,14625.22,1462.52,237.28,2972.2,5,1,329,31.8,0.2,0.1,AT_RISK,26.57,TRAIN
cust-01994,m-002,5,7,3732.63,533.23,237.28,1485.43,5,1,356,58.5,0.429,0.286,REGULAR,1.05,VALIDATION
cust-01995,m-002,60,5,8272.9,1654.58,426.03,2972.2,5,1,209,37.2,0.2,0.4,AT_RISK,55.63,TEST
cust-01996,m-002,139,9,7736.42,859.6,237.28,2972.2,4,1,356,27.1,0.333,0.111,INACTIVE,100.0,TRAIN
cust-01997,m-002,47,4,5252.64,1313.16,377.97,2348.26,4,1,319,90.7,0.5,0.25,AT_RISK,11.02,TRAIN
cust-01998,m-002,5,8,8253.61,1031.7,237.28,2348.26,5,1,330,46.4,0.375,0.375,REGULAR,1.13,TEST
cust-01999,m-002,167,7,3051.37,435.91,237.28,1040.98,4,1,360,32.2,0.143,0.429,INACTIVE,100.0,TEST
cust-02000,m-002,99,4,4793.07,1198.27,377.97,2972.2,4,1,304,68.3,0.0,0.5,INACTIVE,70.39,TRAIN
cust-02001,m-002,76,4,6984.04,1746.01,1040.98,2972.2,3,1,349,91.0,0.5,0.25,INACTIVE,16.29,TEST
cust-02002,m-002,13,6,5660.09,943.35,401.92,2348.26,4,1,249,47.2,0.167,0.5,REGULAR,3.9,TRAIN
cust-02003,m-002,15,6,5432.43,905.41,237.28,2972.2,5,1,336,64.2,0.167,0.167,REGULAR,3.34,TRAIN
cust-02004,m-002,127,3,3824.26,1274.75,426.03,2972.2,2,1,281,77.0,0.333,0.667,INACTIVE,100.0,VALIDATION
cust-02005,m-002,20,8,11621.73,1452.72,377.97,2972.2,6,1,360,48.6,0.375,0.25,REGULAR,4.16,TRAIN
cust-02006,m-002,102,6,7426.67,1237.78,237.28,2972.2,6,1,330,45.6,0.667,0.333,INACTIVE,100.0,TRAIN
cust-02007,m-002,24,7,6976.99,996.71,237.28,2972.2,5,1,333,51.5,0.429,0.143,REGULAR,5.39,TRAIN
cust-02008,m-002,10,6,5364.31,894.05,377.97,1485.43,3,1,340,66.0,0.167,0.333,REGULAR,2.2,TRAIN
cust-02009,m-002,246,4,5252.64,1313.16,377.97,2348.26,4,1,290,14.7,0.25,0.0,INACTIVE,100.0,TRAIN
cust-02010,m-002,133,5,2508.29,501.66,237.28,1040.98,4,1,354,55.2,0.4,0.4,INACTIVE,100.0,VALIDATION
cust-02011,m-002,12,5,5045.47,1009.09,237.28,2348.26,4,1,319,76.8,0.6,0.4,REGULAR,2.81,VALIDATION
cust-02012,m-002,12,11,11119.93,1010.9,237.28,2972.2,7,1,361,34.9,0.364,0.455,REGULAR,2.49,TRAIN
cust-02013,m-002,14,5,4036.09,807.22,237.28,1485.43,4,1,341,81.8,0.2,0.2,REGULAR,3.07,TRAIN
cust-02014,m-002,25,8,8057.04,1007.13,237.28,2348.26,5,1,345,45.7,0.625,0.5,REGULAR,5.42,TRAIN
cust-02015,m-002,158,6,6776.7,1129.45,426.03,2972.2,4,1,342,36.8,0.5,0.333,INACTIVE,100.0,VALIDATION
cust-02016,m-002,22,10,13491.84,1349.18,401.92,2972.2,6,1,350,36.4,0.4,0.1,REGULAR,4.7,TRAIN
cust-02017,m-002,28,11,14429.43,1311.77,237.28,2972.2,7,1,349,32.1,0.455,0.364,REGULAR,6.0,TRAIN
cust-02018,m-002,0,5,8093.14,1618.63,237.28,2972.2,4,1,345,86.2,0.0,0.2,REGULAR,0.0,TRAIN
cust-02019,m-002,19,9,11623.05,1291.45,237.28,2972.2,5,1,347,41.0,0.444,0.222,REGULAR,4.09,TRAIN
cust-02020,m-002,26,10,9188.75,918.88,237.28,2348.26,6,1,347,35.7,0.4,0.5,REGULAR,5.6,TRAIN
cust-02021,m-002,33,5,8332.03,1666.41,237.28,2972.2,4,1,255,55.5,0.4,0.8,AT_RISK,9.67,TRAIN
cust-02022,m-002,96,8,16099.12,2012.39,377.97,2972.2,4,1,356,37.1,0.125,0.375,INACTIVE,100.0,TRAIN
cust-02023,m-002,82,11,13575.55,1234.14,237.28,2972.2,6,1,355,27.3,0.455,0.273,INACTIVE,99.33,TRAIN
cust-02024,m-002,35,11,9010.39,819.13,377.97,2972.2,5,1,299,26.4,0.455,0.364,AT_RISK,21.65,VALIDATION
cust-02025,m-002,19,8,7827.41,978.43,237.28,2348.26,6,1,361,48.9,0.75,0.5,REGULAR,3.94,TRAIN
cust-02026,m-002,167,7,14252.32,2036.05,237.28,2972.2,4,1,304,22.8,0.286,0.571,INACTIVE,100.0,TRAIN
cust-02027,m-002,135,5,9768.66,1953.73,426.03,2972.2,2,1,292,39.2,0.6,0.2,INACTIVE,100.0,TEST
cust-02028,m-002,64,6,6080.59,1013.43,377.97,2348.26,6,1,350,57.2,0.333,0.167,INACTIVE,23.88,TEST
cust-02029,m-002,8,8,10269.48,1283.68,377.97,2972.2,5,1,337,47.0,0.25,0.375,REGULAR,1.78,TRAIN
cust-02030,m-002,191,4,4226.18,1056.54,401.92,2972.2,3,1,325,44.7,0.5,0.25,INACTIVE,100.0,TRAIN
cust-02031,m-002,95,6,5456.38,909.4,237.28,2972.2,6,1,330,47.0,0.5,0.0,INACTIVE,93.53,TRAIN
cust-02032,m-002,39,9,13304.7,1478.3,401.92,2972.2,4,1,316,34.6,0.333,0.444,AT_RISK,15.83,TRAIN
cust-02033,m-002,56,10,17228.87,1722.89,237.28,2972.2,6,1,295,26.6,0.4,0.2,AT_RISK,58.29,TEST
cust-02034,m-002,99,4,1917.46,479.36,237.28,1040.98,3,1,358,86.3,0.0,0.25,INACTIVE,39.73,TEST
cust-02035,m-002,18,4,6739.41,1684.85,377.97,2972.2,4,1,353,111.7,0.5,0.25,REGULAR,3.81,TRAIN
cust-02036,m-002,162,8,6080.73,760.09,237.28,2348.26,6,1,352,27.1,0.375,0.5,INACTIVE,100.0,TRAIN
cust-02037,m-002,3,8,6399.34,799.92,237.28,2972.2,5,1,239,33.7,0.0,0.25,REGULAR,0.94,TRAIN
cust-02038,m-002,31,3,1017.17,339.06,237.28,401.92,3,1,261,115.0,0.333,0.333,NEW,8.87,VALIDATION
cust-02039,m-002,175,4,4052.55,1013.14,237.28,2348.26,4,1,308,44.3,0.0,0.5,INACTIVE,100.0,TRAIN
cust-02040,m-002,13,16,20249.55,1265.6,237.28,2348.26,6,1,364,23.4,0.188,0.375,LOYAL,2.67,TRAIN
cust-02041,m-002,15,7,9669.86,1381.41,377.97,2972.2,3,1,343,54.7,0.143,0.143,REGULAR,3.27,VALIDATION
cust-02042,m-002,194,3,5746.49,1915.5,426.03,2972.2,3,1,293,49.5,0.667,0.333,INACTIVE,100.0,TRAIN
cust-02043,m-002,31,6,9119.27,1519.88,401.92,2972.2,5,1,319,57.6,0.667,0.333,AT_RISK,7.27,TRAIN
cust-02044,m-002,107,5,10180.01,2036.0,401.92,2972.2,4,1,287,45.0,0.0,0.6,INACTIVE,100.0,TEST
cust-02045,m-002,109,7,7769.46,1109.92,401.92,2972.2,5,1,324,35.8,0.286,0.571,INACTIVE,100.0,VALIDATION
cust-02046,m-002,68,4,3872.79,968.2,237.28,2972.2,3,1,256,62.7,0.75,0.25,INACTIVE,27.79,TRAIN
cust-02047,m-002,209,3,1017.17,339.06,237.28,401.92,3,1,329,60.0,0.0,0.667,INACTIVE,100.0,VALIDATION
cust-02048,m-002,20,10,14150.96,1415.1,237.28,2972.2,7,1,316,32.9,0.3,0.3,REGULAR,4.73,TEST
cust-02049,m-002,80,7,5432.1,776.01,377.97,2972.2,4,1,255,29.2,0.286,0.286,INACTIVE,99.64,TEST
cust-02050,m-002,7,9,10988.36,1220.93,377.97,2972.2,6,1,336,41.1,0.222,0.556,REGULAR,1.56,TEST
cust-02051,m-002,4,9,7557.06,839.67,237.28,2972.2,7,1,333,41.1,0.444,0.0,REGULAR,0.9,TEST
cust-02052,m-002,2,12,13951.71,1162.64,237.28,2972.2,8,1,334,30.2,0.333,0.25,REGULAR,0.45,TEST
cust-02053,m-002,9,8,5844.08,730.51,237.28,2348.26,5,1,343,47.7,0.5,0.5,REGULAR,1.96,TRAIN
cust-02054,m-002,152,4,7043.17,1760.79,237.28,2972.2,4,1,330,59.3,0.25,0.0,INACTIVE,100.0,TRAIN
cust-02055,m-002,25,6,9484.38,1580.73,1040.98,2972.2,3,1,273,49.6,0.5,0.333,REGULAR,6.84,VALIDATION
cust-02056,m-002,40,5,6771.01,1354.2,401.92,2972.2,4,1,311,67.8,0.4,0.4,AT_RISK,9.62,TRAIN
cust-02057,m-002,20,6,7358.55,1226.42,401.92,2348.26,4,1,242,44.4,0.333,0.167,REGULAR,6.17,VALIDATION
cust-02058,m-002,56,2,3389.24,1694.62,1040.98,2348.26,2,1,310,254.0,0.0,0.5,NEW,13.5,TRAIN
cust-02059,m-002,33,8,6251.23,781.4,237.28,2348.26,5,1,352,45.6,0.5,0.25,AT_RISK,7.01,TRAIN
cust-02060,m-002,58,5,4595.0,919.0,401.92,2348.26,3,1,294,59.0,0.4,0.6,AT_RISK,14.75,TRAIN
cust-02061,m-002,86,7,7071.94,1010.28,237.28,2348.26,4,1,270,30.7,0.286,0.286,INACTIVE,100.0,TEST
cust-02062,m-002,69,9,9410.77,1045.64,237.28,2972.2,6,1,328,32.4,0.333,0.222,INACTIVE,70.63,TRAIN
cust-02063,m-002,208,3,1181.97,393.99,377.97,426.03,2,1,245,18.5,0.333,0.333,INACTIVE,100.0,TEST
cust-02064,m-002,15,8,16961.68,2120.21,237.28,2972.2,4,1,315,42.9,0.25,0.625,REGULAR,3.56,TRAIN
cust-02065,m-002,52,8,8427.24,1053.4,237.28,2972.2,7,1,339,41.0,0.0,0.25,AT_RISK,27.97,TEST
cust-02066,m-002,221,3,1157.86,385.95,377.97,401.92,2,1,281,30.0,0.333,1.0,INACTIVE,100.0,TEST
cust-02067,m-002,67,5,7469.2,1493.84,237.28,2972.2,5,1,249,45.5,0.6,0.6,INACTIVE,52.35,VALIDATION
cust-02068,m-002,28,10,15494.22,1549.42,237.28,2972.2,6,1,356,36.4,0.3,0.6,REGULAR,5.88,TRAIN
cust-02069,m-002,53,7,7165.74,1023.68,237.28,2972.2,5,1,331,46.3,0.143,0.286,AT_RISK,22.02,TRAIN
cust-02070,m-002,3,7,6192.03,884.58,237.28,2972.2,4,1,277,45.7,0.286,0.143,REGULAR,0.81,TRAIN
cust-02071,m-002,8,6,6089.42,1014.9,401.92,2972.2,4,1,362,70.8,0.833,0.333,REGULAR,1.65,TRAIN
cust-02072,m-002,110,3,3208.14,1069.38,237.28,1485.43,2,1,361,125.5,0.667,0.333,INACTIVE,22.79,VALIDATION
cust-02073,m-002,24,10,9116.74,911.67,237.28,2348.26,6,1,328,33.8,0.2,0.3,REGULAR,5.47,TRAIN
cust-02074,m-002,94,4,2721.16,680.29,237.28,1040.98,3,1,356,87.3,0.0,0.75,INACTIVE,29.8,TRAIN
cust-02075,m-002,80,9,9871.91,1096.88,377.97,2348.26,5,1,363,35.4,0.333,0.778,INACTIVE,83.38,TEST
cust-02076,m-002,94,8,6496.02,812.0,237.28,1485.43,6,1,357,37.6,0.125,0.125,INACTIVE,100.0,TRAIN
cust-02077,m-002,90,5,10204.12,2040.82,426.03,2972.2,4,1,246,39.0,0.2,0.2,INACTIVE,100.0,TRAIN
cust-02078,m-002,10,3,3396.89,1132.3,426.03,1485.43,2,1,181,85.5,0.0,0.0,NEW,4.12,TRAIN
cust-02079,m-002,60,4,7363.35,1840.84,377.97,2972.2,3,1,194,44.7,0.75,0.0,AT_RISK,46.03,TRAIN
cust-02080,m-002,45,9,10225.38,1136.15,237.28,2972.2,5,1,339,36.8,0.222,0.556,AT_RISK,22.23,TEST
cust-02081,m-002,91,5,5078.41,1015.68,237.28,2972.2,5,1,266,43.8,0.0,0.0,INACTIVE,96.36,TRAIN
cust-02082,m-002,165,6,5660.25,943.38,377.97,2348.26,4,1,362,39.4,0.5,0.333,INACTIVE,100.0,TRAIN
cust-02083,m-002,88,7,6093.94,870.56,237.28,1485.43,4,1,354,44.3,0.429,0.143,INACTIVE,84.14,TEST
cust-02084,m-002,30,10,16177.29,1617.73,237.28,2972.2,6,1,351,35.7,0.3,0.3,REGULAR,6.39,TRAIN
cust-02085,m-002,65,7,5234.36,747.77,237.28,2348.26,6,1,315,41.7,0.429,0.429,INACTIVE,50.38,TRAIN
cust-02086,m-002,0,9,12901.33,1433.48,237.28,2972.2,7,1,296,37.0,0.0,0.444,REGULAR,0.0,VALIDATION
cust-02087,m-002,42,4,4061.54,1015.38,237.28,2972.2,3,1,194,50.7,0.5,0.5,AT_RISK,16.15,TRAIN
cust-02088,m-002,27,11,13031.09,1184.64,377.97,2972.2,6,1,330,30.3,0.364,0.364,REGULAR,6.12,TRAIN
cust-02089,m-002,11,7,7049.0,1007.0,237.28,2972.2,5,1,298,47.8,0.571,0.286,REGULAR,2.76,TRAIN
cust-02090,m-002,14,6,7032.4,1172.07,237.28,2972.2,4,1,353,67.8,0.0,0.167,REGULAR,2.97,TRAIN
cust-02091,m-002,32,4,10640.92,2660.23,2348.26,2972.2,2,1,293,87.0,0.5,0.0,AT_RISK,8.16,VALIDATION
cust-02092,m-002,67,3,5557.74,1852.58,237.28,2972.2,3,1,323,128.0,0.333,0.0,INACTIVE,15.51,TRAIN
cust-02093,m-002,19,6,5939.9,989.98,237.28,2348.26,6,1,340,64.2,0.833,0.167,REGULAR,4.18,TRAIN
cust-02094,m-002,38,5,9531.85,1906.37,237.28,2972.2,3,1,290,63.0,0.4,0.4,AT_RISK,9.79,TRAIN
cust-02095,m-002,37,8,11893.29,1486.66,237.28,2972.2,5,1,331,42.0,0.25,0.5,AT_RISK,8.36,TRAIN
cust-02096,m-002,99,7,12780.67,1825.81,237.28,2972.2,5,1,331,38.7,0.143,0.429,INACTIVE,100.0,TRAIN
cust-02097,m-002,14,6,6554.85,1092.48,237.28,2348.26,5,1,288,54.8,0.167,0.667,REGULAR,3.63,VALIDATION
cust-02098,m-002,41,9,13969.99,1552.22,377.97,2972.2,6,1,320,34.9,0.556,0.556,AT_RISK,18.73,VALIDATION
cust-02099,m-002,43,7,7591.94,1084.56,237.28,2972.2,5,1,308,44.2,0.143,0.286,AT_RISK,10.44,TRAIN
cust-02100,m-002,30,5,4463.46,892.69,237.28,2972.2,4,1,358,82.0,0.0,0.4,REGULAR,6.27,TRAIN
cust-02101,m-002,57,7,11673.21,1667.6,237.28,2972.2,5,1,301,40.7,0.143,0.429,AT_RISK,38.61,TRAIN
cust-02102,m-002,67,9,12277.23,1364.14,237.28,2972.2,6,1,339,34.0,0.111,0.222,INACTIVE,64.28,TRAIN
cust-02103,m-002,30,10,13240.34,1324.03,377.97,2972.2,6,1,360,36.7,0.3,0.5,REGULAR,6.23,VALIDATION
cust-02104,m-002,52,6,7876.98,1312.83,237.28,2972.2,4,1,353,60.2,0.167,0.5,AT_RISK,11.02,TRAIN
cust-02105,m-002,13,9,7106.75,789.64,237.28,2972.2,6,1,329,39.5,0.333,0.222,REGULAR,2.95,TRAIN
cust-02106,m-002,57,3,3776.2,1258.73,377.97,2972.2,3,1,331,137.0,0.0,0.0,INACTIVE,12.88,TEST
cust-02107,m-002,93,7,10712.18,1530.31,377.97,2972.2,4,1,364,45.2,0.143,0.571,INACTIVE,90.81,TEST
cust-02108,m-002,57,7,6317.87,902.55,237.28,2348.26,7,1,355,49.7,0.143,0.429,AT_RISK,22.96,TRAIN
cust-02109,m-002,242,4,5935.71,1483.93,237.28,2972.2,4,1,332,30.0,0.75,0.75,INACTIVE,100.0,TRAIN
cust-02110,m-002,1,9,8157.32,906.37,237.28,2348.26,6,1,297,37.0,0.333,0.444,REGULAR,0.25,TRAIN
cust-02111,m-002,49,8,9662.51,1207.81,237.28,2972.2,5,1,309,37.1,0.125,0.25,AT_RISK,29.7,TRAIN
cust-02112,m-002,19,11,14953.48,1359.41,377.97,2972.2,6,1,342,32.3,0.545,0.364,REGULAR,4.15,TRAIN
cust-02113,m-002,146,6,7212.16,1202.03,426.03,2348.26,4,1,357,42.2,0.167,0.167,INACTIVE,100.0,TRAIN
cust-02114,m-002,67,6,6875.03,1145.84,377.97,2972.2,4,1,231,32.8,0.333,0.333,INACTIVE,72.96,VALIDATION
cust-02115,m-002,74,5,8955.97,1791.19,237.28,2972.2,4,1,324,62.5,0.6,0.4,INACTIVE,34.33,TRAIN
cust-02116,m-002,0,8,8821.67,1102.71,237.28,2972.2,6,1,321,45.9,0.5,0.75,REGULAR,0.0,TRAIN
cust-02117,m-002,88,8,12090.25,1511.28,237.28,2348.26,4,1,326,34.0,0.625,0.375,INACTIVE,100.0,TEST
cust-02118,m-002,62,10,16521.69,1652.17,401.92,2972.2,6,1,351,32.1,0.3,0.5,INACTIVE,58.06,TRAIN
cust-02119,m-002,206,5,2057.98,411.6,377.97,426.03,3,1,327,30.2,0.4,0.2,INACTIVE,100.0,TRAIN
cust-02120,m-002,59,6,6767.71,1127.95,426.03,2348.26,4,1,346,57.4,0.167,0.333,AT_RISK,15.15,TRAIN
cust-02121,m-002,33,7,8166.01,1166.57,377.97,2972.2,5,1,313,46.7,0.286,0.286,AT_RISK,7.88,TEST
cust-02122,m-002,40,7,5431.09,775.87,237.28,1485.43,5,1,362,53.7,0.429,0.429,AT_RISK,8.26,TRAIN
cust-02123,m-002,4,7,9061.78,1294.54,377.97,2972.2,5,1,353,58.2,0.429,0.143,REGULAR,0.85,TRAIN
cust-02124,m-002,19,7,7828.59,1118.37,237.28,2972.2,6,1,361,57.0,0.429,0.571,REGULAR,3.94,TRAIN
cust-02125,m-002,12,8,14439.46,1804.93,237.28,2972.2,5,1,329,45.3,0.375,0.5,REGULAR,2.73,TRAIN
cust-02126,m-002,47,6,9972.84,1662.14,237.28,2972.2,5,1,336,57.8,0.333,0.5,AT_RISK,10.46,TEST
cust-02127,m-002,12,4,9153.88,2288.47,237.28,2972.2,2,1,332,106.7,0.5,0.5,REGULAR,2.7,TRAIN
cust-02128,m-002,73,9,12706.72,1411.86,237.28,2972.2,7,1,304,28.9,0.222,0.333,INACTIVE,84.1,TRAIN
cust-02129,m-002,124,7,9956.81,1422.4,377.97,2348.26,4,1,318,32.3,0.143,0.571,INACTIVE,100.0,TRAIN
cust-02130,m-002,28,6,12504.32,2084.05,377.97,2972.2,4,1,335,61.4,0.167,0.0,REGULAR,6.25,TRAIN
cust-02131,m-002,186,6,10441.4,1740.23,237.28,2972.2,5,1,325,27.8,0.167,0.333,INACTIVE,100.0,VALIDATION
cust-02132,m-002,203,1,1040.98,1040.98,1040.98,1040.98,1,1,203,203.0,0.0,0.0,INACTIVE,74.63,TRAIN
cust-02133,m-002,121,7,10210.12,1458.59,237.28,2972.2,5,1,345,37.3,0.429,0.143,INACTIVE,100.0,TRAIN
cust-02134,m-002,16,5,4391.29,878.26,237.28,2972.2,4,1,343,81.8,0.4,0.4,REGULAR,3.49,TRAIN
cust-02135,m-002,8,6,10373.28,1728.88,1040.98,2972.2,4,1,343,67.0,0.0,0.167,REGULAR,1.74,VALIDATION
cust-02136,m-002,31,8,11777.11,1472.14,377.97,2972.2,5,1,357,46.6,0.625,0.375,AT_RISK,6.49,TRAIN
cust-02137,m-002,144,6,11435.93,1905.99,377.97,2972.2,4,1,327,36.6,0.5,0.333,INACTIVE,100.0,TEST
cust-02138,m-002,19,7,10360.07,1480.01,377.97,2972.2,6,1,307,48.0,0.429,0.714,REGULAR,4.63,VALIDATION
cust-02139,m-002,207,4,6124.46,1531.12,377.97,2972.2,4,1,346,46.3,0.25,0.25,INACTIVE,100.0,TRAIN
cust-02140,m-002,24,7,4864.2,694.89,237.28,1485.43,4,1,331,51.2,0.143,0.571,REGULAR,5.42,TEST
cust-02141,m-002,26,7,8419.59,1202.8,237.28,2972.2,6,1,345,53.2,0.286,0.286,REGULAR,5.64,TRAIN
cust-02142,m-002,26,8,5242.01,655.25,237.28,1485.43,5,1,320,42.0,0.375,0.25,REGULAR,6.07,TEST
cust-02143,m-002,37,6,6301.27,1050.21,377.97,1485.43,4,1,350,62.6,0.0,0.333,AT_RISK,7.91,TRAIN
cust-02144,m-002,11,7,8428.58,1204.08,237.28,2972.2,6,1,351,56.7,0.286,0.429,REGULAR,2.34,TEST
cust-02145,m-002,331,1,237.28,237.28,237.28,237.28,1,1,331,331.0,0.0,0.0,INACTIVE,74.77,TRAIN
cust-02146,m-002,33,7,7550.9,1078.7,377.97,2972.2,5,1,358,54.2,0.286,0.429,AT_RISK,6.89,TRAIN
cust-02147,m-002,20,4,7231.92,1807.98,426.03,2972.2,4,1,273,84.3,0.0,0.25,REGULAR,5.47,TRAIN
cust-02148,m-002,69,8,8286.55,1035.82,237.28,2972.2,6,1,323,36.3,0.125,0.25,INACTIVE,65.02,VALIDATION
cust-02149,m-002,90,10,16671.88,1667.19,237.28,2972.2,4,1,346,28.4,0.4,0.4,INACTIVE,100.0,VALIDATION
cust-02150,m-002,22,9,10853.01,1205.89,377.97,2972.2,4,1,360,42.2,0.111,0.333,REGULAR,4.57,TRAIN
cust-02151,m-002,245,2,3389.24,1694.62,1040.98,2348.26,2,1,331,86.0,0.0,0.5,INACTIVE,100.0,TRAIN
cust-02152,m-002,143,5,5260.29,1052.06,377.97,1485.43,3,1,286,35.8,0.2,0.2,INACTIVE,100.0,TRAIN
cust-02153,m-002,24,9,7984.54,887.17,237.28,2348.26,6,1,356,41.5,0.556,0.444,REGULAR,5.04,TRAIN
cust-02154,m-002,23,8,8080.99,1010.12,237.28,2348.26,5,1,330,43.9,0.125,0.375,REGULAR,5.21,TRAIN
cust-02155,m-002,98,6,10997.22,1832.87,1040.98,2972.2,3,1,356,51.6,0.167,0.167,INACTIVE,90.19,TRAIN
cust-02156,m-002,66,9,5781.09,642.34,237.28,2348.26,5,1,214,18.5,0.444,0.333,INACTIVE,94.27,TRAIN
cust-02157,m-002,14,6,5456.38,909.4,237.28,2972.2,6,1,338,64.8,0.0,0.5,REGULAR,3.1,TEST
cust-02158,m-002,145,8,11884.3,1485.54,237.28,2972.2,7,1,347,28.9,0.5,0.5,INACTIVE,100.0,TRAIN
cust-02159,m-002,20,5,4487.57,897.51,237.28,2972.2,3,1,274,63.5,0.0,0.2,REGULAR,5.45,TRAIN
cust-02160,m-002,43,7,9900.66,1414.38,377.97,2972.2,4,1,312,44.8,0.429,0.286,AT_RISK,10.3,VALIDATION
cust-02161,m-002,116,6,3189.86,531.64,237.28,1485.43,4,1,364,49.6,0.333,0.333,INACTIVE,100.0,VALIDATION
cust-02162,m-002,243,7,6878.9,982.7,377.97,2348.26,4,1,358,19.2,0.429,0.286,INACTIVE,100.0,TRAIN
cust-02163,m-002,156,6,7987.86,1331.31,377.97,2972.2,5,1,314,31.6,0.167,0.333,INACTIVE,100.0,TEST
cust-02164,m-002,23,4,2715.3,678.82,401.92,1485.43,3,1,159,45.3,0.25,0.25,REGULAR,10.78,TRAIN
cust-02165,m-002,219,4,4808.19,1202.05,377.97,2348.26,3,1,318,33.0,0.0,0.75,INACTIVE,100.0,TRAIN
cust-02166,m-002,155,5,6361.74,1272.35,237.28,2972.2,5,1,247,23.0,0.4,0.6,INACTIVE,100.0,TRAIN
cust-02167,m-002,26,9,13564.34,1507.15,237.28,2972.2,6,1,350,40.5,0.444,0.111,REGULAR,5.56,TRAIN
cust-02168,m-002,5,7,6356.67,908.1,237.28,2972.2,5,1,354,58.2,0.714,0.286,REGULAR,1.06,TRAIN
cust-02169,m-002,28,6,11441.67,1906.94,1040.98,2972.2,3,1,349,64.2,0.333,0.167,REGULAR,6.0,TRAIN
cust-02170,m-002,35,6,8510.18,1418.36,237.28,2972.2,6,1,266,46.2,0.167,0.5,AT_RISK,9.83,VALIDATION
cust-02171,m-002,163,3,3767.21,1255.74,377.97,2348.26,3,1,332,84.5,0.0,0.667,INACTIVE,100.0,TRAIN
cust-02172,m-002,115,7,5490.22,784.32,237.28,2348.26,5,1,364,41.5,0.571,0.429,INACTIVE,100.0,VALIDATION
cust-02173,m-002,132,7,12960.43,1851.49,1040.98,2348.26,3,1,310,29.7,0.286,0.0,INACTIVE,100.0,TRAIN
cust-02174,m-002,9,7,6153.23,879.03,237.28,2348.26,6,1,353,57.3,0.143,0.714,REGULAR,1.91,TRAIN
cust-02175,m-002,17,7,7769.46,1109.92,401.92,2972.2,5,1,302,47.5,0.429,0.571,REGULAR,4.21,TRAIN
cust-02176,m-002,94,5,9735.56,1947.11,401.92,2972.2,4,1,350,64.0,0.0,0.4,INACTIVE,65.09,TRAIN
cust-02177,m-002,53,5,7141.33,1428.27,377.97,2972.2,5,1,320,66.8,0.8,0.4,AT_RISK,12.38,TRAIN
cust-02178,m-002,4,10,8175.73,817.57,401.92,1485.43,4,1,325,35.7,0.5,0.2,REGULAR,0.92,TRAIN
cust-02179,m-002,80,9,13889.73,1543.3,377.97,2972.2,6,1,334,31.8,0.333,0.222,INACTIVE,90.21,TRAIN
cust-02180,m-002,37,8,6351.28,793.91,237.28,2972.2,5,1,345,44.0,0.125,0.625,AT_RISK,8.02,VALIDATION
cust-02181,m-002,22,7,12156.46,1736.64,237.28,2972.2,4,1,356,55.7,0.286,0.429,REGULAR,4.62,TEST
cust-02182,m-002,39,7,7132.64,1018.95,237.28,2348.26,5,1,314,45.8,0.286,0.286,AT_RISK,9.29,TRAIN
cust-02183,m-002,55,12,15067.15,1255.6,237.28,2972.2,7,1,305,22.7,0.25,0.333,AT_RISK,61.93,TRAIN
cust-02184,m-002,57,9,7940.42,882.27,237.28,2972.2,5,1,235,22.2,0.333,0.111,AT_RISK,70.31,TRAIN
cust-02185,m-002,266,1,237.28,237.28,237.28,237.28,1,1,266,266.0,0.0,0.0,INACTIVE,74.72,TRAIN
cust-02186,m-002,33,9,13393.84,1488.2,237.28,2972.2,6,1,347,39.2,0.556,0.444,AT_RISK,7.11,TRAIN
cust-02187,m-002,84,6,5950.97,991.83,237.28,2348.26,4,1,358,54.8,0.333,0.333,INACTIVE,61.35,TRAIN
cust-02188,m-002,2,8,9086.63,1135.83,237.28,2348.26,5,1,327,46.4,0.375,0.625,REGULAR,0.46,TRAIN
cust-02189,m-002,30,12,14587.15,1215.6,237.28,2348.26,5,1,358,29.8,0.167,0.167,REGULAR,6.57,TRAIN
cust-02190,m-002,31,12,13301.74,1108.48,377.97,2972.2,7,1,347,28.7,0.333,0.333,AT_RISK,10.13,TRAIN
cust-02191,m-002,80,6,7023.41,1170.57,237.28,2348.26,5,1,324,48.8,0.333,0.167,INACTIVE,65.26,TEST
cust-02192,m-002,50,9,13545.6,1505.07,237.28,2972.2,6,1,301,31.4,0.0,0.333,AT_RISK,40.32,TRAIN
cust-02193,m-002,43,5,7000.64,1400.13,237.28,2972.2,5,1,292,62.2,0.2,0.4,AT_RISK,11.01,TEST
cust-02194,m-002,46,12,20775.61,1731.3,237.28,2972.2,7,1,354,28.0,0.25,0.5,AT_RISK,36.72,TEST
cust-02195,m-002,2,7,9111.92,1301.7,237.28,2972.2,6,1,339,56.2,0.286,0.286,REGULAR,0.44,TRAIN
cust-02196,m-002,26,4,5261.47,1315.37,401.92,2972.2,3,1,349,107.7,0.25,0.5,REGULAR,5.57,TRAIN
cust-02197,m-002,73,4,7363.35,1840.84,377.97,2972.2,3,1,305,77.3,0.5,0.5,INACTIVE,17.89,VALIDATION
cust-02198,m-002,138,2,3374.12,1687.06,401.92,2972.2,2,1,318,180.0,0.5,0.5,INACTIVE,32.45,TRAIN
cust-02199,m-002,92,5,6075.06,1215.01,377.97,2348.26,3,1,277,46.2,0.6,0.0,INACTIVE,93.52,TEST
cust-02200,m-002,149,3,4415.1,1471.7,401.92,2972.2,3,1,361,106.0,0.667,0.333,INACTIVE,95.37,TRAIN
cust-02201,m-002,29,9,15021.3,1669.03,377.97,2972.2,6,1,348,39.9,0.444,0.222,REGULAR,6.23,TEST
cust-02202,m-002,3,4,2058.15,514.54,237.28,1040.98,4,1,250,82.3,0.25,0.25,REGULAR,0.9,TRAIN
cust-02203,m-002,61,11,10823.86,983.99,237.28,2972.2,7,1,351,29.0,0.273,0.364,INACTIVE,61.0,TRAIN
cust-02204,m-002,29,10,9616.52,961.65,237.28,2348.26,5,1,339,34.4,0.4,0.2,REGULAR,6.4,VALIDATION
cust-02205,m-002,51,7,6153.07,879.01,237.28,2348.26,5,1,290,39.8,0.143,0.571,AT_RISK,29.94,TEST
cust-02206,m-002,51,9,23472.34,2608.04,377.97,13524.96,6,1,360,38.6,0.0,0.333,AT_RISK,29.2,TEST
cust-02207,m-002,166,3,5557.74,1852.58,237.28,2972.2,3,1,282,58.0,0.333,0.333,INACTIVE,100.0,TRAIN
cust-02208,m-002,6,9,16943.53,1882.61,377.97,2972.2,6,1,352,43.2,0.333,0.111,REGULAR,1.27,TRAIN
cust-02209,m-002,9,10,13434.68,1343.47,237.28,2972.2,5,1,290,31.2,0.1,0.4,REGULAR,2.32,TRAIN
cust-02210,m-002,77,9,6094.24,677.14,237.28,1485.43,6,1,299,27.8,0.556,0.333,INACTIVE,93.05,TRAIN
cust-02211,m-002,102,10,9614.68,961.47,237.28,2972.2,4,1,350,27.6,0.5,0.2,INACTIVE,100.0,TRAIN
cust-02212,m-002,61,12,11018.94,918.24,237.28,2972.2,7,1,291,20.9,0.667,0.333,INACTIVE,75.82,TRAIN
cust-02213,m-002,32,5,1845.12,369.02,237.28,426.03,4,1,201,42.2,0.4,0.0,AT_RISK,11.88,VALIDATION
cust-02214,m-002,10,4,3824.73,956.18,237.28,2972.2,3,1,303,97.7,0.0,0.0,REGULAR,2.47,TRAIN
cust-02215,m-002,167,6,8462.12,1410.35,237.28,2972.2,6,1,332,33.0,0.5,0.5,INACTIVE,100.0,TRAIN
cust-02216,m-002,37,10,16285.89,1628.59,401.92,2972.2,5,1,346,34.3,0.3,0.5,AT_RISK,12.05,TRAIN
cust-02217,m-002,20,2,1467.01,733.5,426.03,1040.98,2,1,198,178.0,0.0,0.5,NEW,7.54,VALIDATION
cust-02218,m-002,14,7,7169.63,1024.23,401.92,2348.26,5,1,351,56.2,0.286,0.286,REGULAR,2.98,TRAIN
cust-02219,m-002,109,5,7015.76,1403.15,237.28,2348.26,3,1,356,61.8,0.4,0.2,INACTIVE,93.7,TRAIN
cust-02220,m-002,43,6,6089.42,1014.9,401.92,2972.2,4,1,360,63.4,0.333,0.333,AT_RISK,8.93,TEST
cust-02221,m-002,63,6,4972.97,828.83,377.97,2348.26,4,1,299,47.2,0.167,0.0,INACTIVE,39.45,TRAIN
cust-02222,m-002,38,9,11260.19,1251.13,401.92,2972.2,5,1,354,39.5,0.556,0.222,AT_RISK,8.03,TRAIN
cust-02223,m-002,0,8,8591.88,1073.98,377.97,2972.2,6,1,245,35.0,0.125,0.375,REGULAR,0.0,TRAIN
cust-02224,m-002,5,8,13806.53,1725.82,237.28,2972.2,6,1,293,41.1,0.25,0.25,REGULAR,1.28,TRAIN
cust-02225,m-002,153,8,8006.74,1000.84,237.28,2972.2,6,1,327,24.9,0.25,0.375,INACTIVE,100.0,TRAIN
cust-02226,m-002,8,6,3282.49,547.08,237.28,1485.43,4,1,354,69.2,0.333,0.5,REGULAR,1.69,TRAIN
cust-02227,m-002,179,4,4028.44,1007.11,237.28,2348.26,4,1,355,58.7,0.75,0.0,INACTIVE,100.0,TRAIN
cust-02228,m-002,44,7,8177.08,1168.15,237.28,2972.2,5,1,334,48.3,0.429,0.429,AT_RISK,9.85,TRAIN
cust-02229,m-002,23,13,17998.16,1384.47,237.28,2972.2,8,1,332,25.8,0.462,0.308,REGULAR,5.18,TRAIN
cust-02230,m-002,37,9,13471.19,1496.8,377.97,2972.2,4,1,337,37.5,0.0,0.333,AT_RISK,8.21,TRAIN
cust-02231,m-002,49,3,1656.23,552.08,237.28,1040.98,3,1,315,133.0,0.333,0.333,INACTIVE,11.63,VALIDATION
cust-02232,m-002,30,7,7769.46,1109.92,401.92,2972.2,5,1,340,51.7,0.429,0.714,REGULAR,6.6,TRAIN
cust-02233,m-002,5,4,6724.29,1681.07,377.97,2972.2,3,1,329,108.0,0.25,0.5,REGULAR,1.14,TRAIN
cust-02234,m-002,86,4,5983.77,1495.94,237.28,2972.2,4,1,348,87.3,0.25,0.0,INACTIVE,18.48,TRAIN
cust-02235,m-002,74,7,9085.89,1297.98,377.97,2972.2,4,1,318,40.7,0.571,0.571,INACTIVE,67.35,TRAIN
cust-02236,m-002,79,12,10522.01,876.83,237.28,2348.26,5,1,335,23.3,0.25,0.333,INACTIVE,100.0,TRAIN
cust-02237,m-002,111,12,9589.06,799.09,237.28,2972.2,6,1,347,21.5,0.25,0.417,INACTIVE,100.0,TRAIN
cust-02238,m-002,63,8,11836.24,1479.53,237.28,2972.2,7,1,329,38.0,0.5,0.375,INACTIVE,51.82,TRAIN
cust-02239,m-002,78,6,4467.98,744.66,237.28,1485.43,4,1,357,55.8,0.5,0.5,INACTIVE,49.64,TRAIN
cust-02240,m-002,11,10,8216.77,821.68,237.28,2348.26,5,1,301,32.2,0.3,0.1,REGULAR,2.73,TRAIN
cust-02241,m-002,189,5,6417.62,1283.52,237.28,2972.2,3,1,348,39.8,0.2,0.6,INACTIVE,100.0,TRAIN
cust-02242,m-002,36,4,3248.85,812.21,237.28,2348.26,3,1,275,79.7,0.25,0.0,AT_RISK,9.78,VALIDATION
cust-02243,m-002,91,7,7338.2,1048.31,237.28,2972.2,5,1,326,39.2,0.286,0.143,INACTIVE,98.57,TRAIN
cust-02244,m-002,40,5,4395.34,879.07,401.92,1485.43,4,1,179,34.8,0.4,0.4,AT_RISK,24.47,TEST
cust-02245,m-002,52,5,3767.35,753.47,237.28,2348.26,4,1,295,60.8,0.0,0.2,AT_RISK,13.18,TRAIN
cust-02246,m-002,61,8,9314.18,1164.27,237.28,2972.2,7,1,363,43.1,0.5,0.375,INACTIVE,39.42,TRAIN
cust-02247,m-002,19,10,13230.95,1323.1,237.28,2972.2,6,1,350,36.8,0.4,0.1,REGULAR,4.06,TRAIN
cust-02248,m-002,71,4,4193.24,1048.31,377.97,2348.26,4,1,346,91.7,0.25,0.0,INACTIVE,15.35,VALIDATION
cust-02249,m-002,82,5,3756.28,751.26,401.92,1485.43,4,1,331,62.2,0.6,0.8,INACTIVE,48.22,TRAIN
cust-02250,m-002,137,4,5276.59,1319.15,401.92,2348.26,4,1,347,70.0,0.5,0.5,INACTIVE,100.0,TRAIN
cust-02251,m-002,71,6,5330.81,888.47,237.28,2348.26,4,1,327,51.2,0.167,0.833,INACTIVE,45.93,TRAIN
cust-02252,m-002,40,8,7866.21,983.28,237.28,2972.2,5,1,345,43.6,0.5,0.5,AT_RISK,8.67,TRAIN
cust-02253,m-002,32,5,4439.35,887.87,237.28,2972.2,4,1,291,64.8,0.8,0.4,AT_RISK,8.22,TRAIN
cust-02254,m-002,80,7,11917.57,1702.51,237.28,2972.2,4,1,352,45.3,0.143,0.286,INACTIVE,69.05,TRAIN
cust-02255,m-002,27,4,3306.3,826.58,377.97,1485.43,4,1,343,105.3,0.0,0.0,REGULAR,5.89,TRAIN
cust-02256,m-002,46,6,10876.59,1812.76,237.28,2972.2,3,1,342,59.2,0.167,0.333,AT_RISK,10.06,TEST
cust-02257,m-002,144,7,9547.11,1363.87,237.28,2972.2,5,1,348,34.0,0.714,0.429,INACTIVE,100.0,VALIDATION
cust-02258,m-002,76,9,12223.2,1358.13,237.28,2972.2,6,1,360,35.5,0.222,0.111,INACTIVE,76.54,TRAIN
cust-02259,m-002,0,10,12020.19,1202.02,401.92,2348.26,5,1,346,38.4,0.3,0.3,REGULAR,0.0,TRAIN
cust-02260,m-002,59,9,5881.54,653.5,237.28,1485.43,5,1,341,35.2,0.333,0.556,AT_RISK,48.64,TRAIN
cust-02261,m-002,72,3,1704.29,568.1,237.28,1040.98,3,1,273,100.5,0.0,0.0,INACTIVE,19.71,TRAIN
cust-02262,m-002,18,6,6476.98,1079.5,377.97,2348.26,4,1,360,68.4,0.167,0.333,REGULAR,3.74,TRAIN
cust-02263,m-002,62,7,6710.22,958.6,377.97,2972.2,4,1,349,47.8,0.286,0.429,INACTIVE,34.59,TRAIN
cust-02264,m-002,205,7,2508.43,358.35,237.28,426.03,4,1,329,20.7,0.143,0.286,INACTIVE,100.0,TRAIN
cust-02265,m-002,63,6,10252.65,1708.78,237.28,2972.2,4,1,342,55.8,0.333,0.167,INACTIVE,24.58,TRAIN
cust-02266,m-002,33,10,13732.74,1373.27,237.28,2972.2,5,1,342,34.3,0.3,0.2,AT_RISK,7.22,TEST
cust-02267,m-002,29,7,5034.7,719.24,237.28,1485.43,5,1,358,54.8,0.143,0.571,REGULAR,6.06,TRAIN
cust-02268,m-002,29,4,4169.13,1042.28,377.97,2348.26,4,1,130,33.7,0.5,0.25,REGULAR,16.6,TRAIN
cust-02269,m-002,36,6,6187.78,1031.3,237.28,2348.26,4,1,318,56.4,0.5,0.667,AT_RISK,8.46,TRAIN
cust-02270,m-002,29,7,4067.93,581.13,377.97,1040.98,3,1,361,55.3,0.429,0.714,REGULAR,6.01,TRAIN
cust-02271,m-002,71,11,11618.14,1056.19,237.28,2972.2,6,1,340,26.9,0.273,0.455,INACTIVE,81.77,VALIDATION
cust-02272,m-002,145,7,9939.73,1419.96,377.97,2972.2,5,1,344,33.2,0.571,0.143,INACTIVE,100.0,TRAIN
cust-02273,m-002,0,9,13189.97,1465.55,237.28,2972.2,5,1,295,36.9,0.222,0.333,REGULAR,0.0,TRAIN
cust-02274,m-002,36,8,8481.16,1060.14,237.28,2972.2,5,1,325,41.3,0.125,0.375,AT_RISK,8.28,TRAIN
cust-02275,m-002,84,2,1911.46,955.73,426.03,1485.43,2,1,107,23.0,0.0,0.5,INACTIVE,100.0,TRAIN
cust-02276,m-002,122,3,1704.29,568.1,237.28,1040.98,3,1,238,58.0,0.0,0.667,INACTIVE,100.0,TRAIN
cust-02277,m-002,154,5,2295.43,459.09,237.28,1040.98,4,1,271,29.2,0.4,0.6,INACTIVE,100.0,TRAIN
cust-02278,m-002,123,6,6563.84,1093.97,237.28,2972.2,6,1,349,45.2,0.667,0.167,INACTIVE,100.0,TRAIN
cust-02279,m-002,159,5,6656.51,1331.3,237.28,2348.26,3,1,340,45.2,0.6,0.6,INACTIVE,100.0,VALIDATION
cust-02280,m-002,55,5,6845.26,1369.05,237.28,2348.26,4,1,341,71.5,0.4,0.4,AT_RISK,12.06,VALIDATION
cust-02281,m-002,43,5,5958.32,1191.66,237.28,2348.26,4,1,211,42.0,0.0,0.4,AT_RISK,16.71,TRAIN
cust-02282,m-002,171,6,6260.08,1043.35,377.97,2972.2,5,1,344,34.6,0.5,0.167,INACTIVE,100.0,VALIDATION
cust-02283,m-002,93,3,2337.49,779.16,426.03,1485.43,2,1,306,106.5,0.333,0.333,INACTIVE,22.72,TRAIN
cust-02284,m-002,20,9,16115.99,1790.67,377.97,2972.2,5,1,355,41.9,0.222,0.111,REGULAR,4.21,TRAIN
cust-02285,m-002,68,3,5943.06,1981.02,1485.43,2972.2,2,1,295,113.5,0.333,0.333,INACTIVE,17.23,TRAIN
cust-02286,m-002,50,9,8829.0,981.0,237.28,2972.2,5,1,330,35.0,0.111,0.111,AT_RISK,33.83,TRAIN
cust-02287,m-002,45,4,7470.81,1867.7,426.03,2348.26,2,1,245,66.7,0.0,0.75,AT_RISK,13.72,TRAIN
cust-02288,m-002,23,9,10966.06,1218.45,237.28,2972.2,6,1,355,41.5,0.111,0.333,REGULAR,4.85,TRAIN
cust-02289,m-002,16,7,5529.02,789.86,237.28,2972.2,5,1,331,52.5,0.286,0.429,REGULAR,3.61,TRAIN
cust-02290,m-002,50,6,5315.69,885.95,237.28,2972.2,5,1,345,59.0,0.167,0.5,AT_RISK,10.84,VALIDATION
cust-02291,m-002,34,9,12810.78,1423.42,237.28,2972.2,4,1,333,37.4,0.556,0.444,AT_RISK,7.63,VALIDATION
cust-02292,m-002,131,7,26033.91,3719.13,377.97,18046.21,5,1,359,38.0,0.286,0.143,INACTIVE,100.0,TRAIN
cust-02293,m-002,139,7,6893.75,984.82,237.28,2972.2,6,1,348,34.8,0.429,0.857,INACTIVE,100.0,TRAIN
cust-02294,m-002,251,4,5876.58,1469.14,377.97,2972.2,4,1,286,11.7,0.25,0.5,INACTIVE,100.0,VALIDATION
cust-02295,m-002,14,12,8974.27,747.86,237.28,2972.2,5,1,364,31.8,0.333,0.083,REGULAR,2.88,TRAIN
cust-02296,m-002,27,7,9601.3,1371.61,237.28,2348.26,3,1,315,48.0,0.143,0.143,REGULAR,6.41,TRAIN
cust-02297,m-002,5,6,2673.4,445.57,237.28,1040.98,4,1,345,68.0,0.5,0.5,REGULAR,1.08,TRAIN
cust-02298,m-002,41,9,12549.51,1394.39,377.97,2972.2,4,1,362,40.1,0.444,0.444,AT_RISK,9.82,VALIDATION
cust-02299,m-002,36,9,10946.0,1216.22,237.28,2972.2,7,1,278,30.2,0.444,0.556,AT_RISK,18.38,TRAIN
cust-02300,m-002,2,7,5882.41,840.34,237.28,2972.2,6,1,345,57.2,0.286,0.143,REGULAR,0.43,TRAIN
cust-02301,m-002,8,9,7795.95,866.22,237.28,2348.26,6,1,349,42.6,0.0,0.222,REGULAR,1.71,TRAIN
cust-02302,m-002,105,8,11012.48,1376.56,237.28,2972.2,6,1,346,34.4,0.375,0.5,INACTIVE,100.0,TRAIN
cust-02303,m-002,37,7,7401.38,1057.34,237.28,2348.26,6,1,174,22.8,0.286,0.0,AT_RISK,37.16,TRAIN
cust-02304,m-002,28,10,13123.76,1312.38,237.28,2972.2,8,1,328,33.3,0.1,0.2,REGULAR,6.38,TRAIN
cust-02305,m-002,20,8,15410.04,1926.26,377.97,2972.2,4,1,345,46.4,0.0,0.125,REGULAR,4.34,TRAIN
cust-02306,m-002,35,7,5455.04,779.29,237.28,1485.43,6,1,309,45.7,0.143,0.857,AT_RISK,8.47,TRAIN
cust-02307,m-002,17,6,4784.38,797.4,237.28,2348.26,5,1,346,65.8,0.0,0.333,REGULAR,3.67,TRAIN
cust-02308,m-002,14,5,8093.41,1618.68,426.03,2348.26,3,1,331,79.2,0.0,0.2,REGULAR,3.16,TRAIN
cust-02309,m-002,3,13,10994.5,845.73,237.28,2972.2,8,1,274,22.6,0.615,0.231,REGULAR,0.82,TRAIN
cust-02310,m-002,47,7,7301.06,1043.01,377.97,2972.2,5,1,339,48.7,0.286,0.286,AT_RISK,10.37,TRAIN
cust-02311,m-002,21,6,6710.39,1118.4,237.28,2972.2,4,1,331,62.0,0.5,0.333,REGULAR,4.74,TRAIN
cust-02312,m-002,59,9,7712.71,856.97,237.28,2348.26,6,1,253,24.2,0.444,0.333,AT_RISK,69.62,TRAIN
cust-02313,m-002,109,8,6884.43,860.55,377.97,2348.26,6,1,350,34.4,0.5,0.5,INACTIVE,100.0,TRAIN
cust-02314,m-002,96,9,14856.77,1650.75,401.92,2972.2,6,1,314,27.2,0.556,0.444,INACTIVE,100.0,TRAIN
cust-02315,m-002,82,4,4308.25,1077.06,237.28,2348.26,3,1,216,44.7,0.5,0.5,INACTIVE,84.29,TRAIN
cust-02316,m-002,12,4,5096.83,1274.21,237.28,2972.2,4,1,235,74.3,0.75,0.25,REGULAR,3.81,TRAIN
cust-02317,m-002,116,6,5760.14,960.02,237.28,2972.2,5,1,265,29.8,0.167,0.333,INACTIVE,100.0,TRAIN
cust-02318,m-002,26,5,4898.92,979.78,237.28,2348.26,5,1,363,84.2,0.2,0.4,REGULAR,5.36,TRAIN
cust-02319,m-002,51,6,6227.14,1037.86,377.97,2348.26,3,1,343,58.4,0.167,0.167,AT_RISK,11.12,TRAIN
cust-02320,m-002,181,4,2058.15,514.54,237.28,1040.98,4,1,303,40.7,0.0,0.25,INACTIVE,100.0,TRAIN
cust-02321,m-002,89,6,9817.46,1636.24,237.28,2972.2,5,1,322,46.6,0.5,0.5,INACTIVE,84.27,VALIDATION
cust-02322,m-002,32,3,2319.24,773.08,237.28,1040.98,2,1,282,125.0,0.667,0.333,NEW,8.48,TRAIN
cust-02323,m-002,105,9,9978.94,1108.77,237.28,2348.26,5,1,363,32.2,0.222,0.333,INACTIVE,100.0,TEST
cust-02324,m-002,39,10,5886.91,588.69,237.28,1485.43,4,1,285,27.3,0.5,0.5,AT_RISK,27.78,TRAIN
cust-02325,m-002,25,5,4686.22,937.24,237.28,2348.26,4,1,322,74.2,0.4,0.4,REGULAR,5.8,VALIDATION
cust-02326,m-002,185,4,6763.36,1690.84,401.92,2972.2,4,1,351,55.3,0.25,0.25,INACTIVE,100.0,VALIDATION
cust-02327,m-002,18,6,6787.61,1131.27,237.28,2972.2,5,1,181,32.6,0.167,0.333,REGULAR,7.42,TRAIN
cust-02328,m-002,27,11,11866.02,1078.73,237.28,2972.2,6,1,355,32.8,0.364,0.364,REGULAR,5.69,TEST
cust-02329,m-002,21,7,8936.21,1276.6,237.28,2972.2,6,1,347,54.3,0.571,0.143,REGULAR,4.53,TRAIN
cust-02330,m-002,46,6,5217.76,869.63,377.97,1485.43,5,1,359,62.6,0.5,0.5,AT_RISK,9.58,TRAIN
cust-02331,m-002,15,7,6293.92,899.13,237.28,2348.26,6,1,349,55.7,0.143,0.571,REGULAR,3.21,TRAIN
cust-02332,m-002,132,4,7446.7,1861.68,401.92,2348.26,2,1,353,73.7,0.0,0.5,INACTIVE,100.0,TRAIN
cust-02333,m-002,39,10,16341.93,1634.19,237.28,2972.2,7,1,331,32.4,0.3,0.2,AT_RISK,18.71,TRAIN
cust-02334,m-002,25,10,13782.61,1378.26,237.28,2972.2,4,1,323,33.1,0.2,0.1,REGULAR,5.79,TRAIN
cust-02335,m-002,18,15,19422.32,1294.82,237.28,2972.2,7,1,331,22.4,0.267,0.4,REGULAR,4.07,VALIDATION
cust-02336,m-002,107,7,7639.84,1091.41,237.28,2972.2,5,1,349,40.3,0.143,0.143,INACTIVE,100.0,VALIDATION
cust-02337,m-002,140,13,15681.73,1206.29,237.28,2348.26,5,1,361,18.4,0.385,0.385,INACTIVE,100.0,TEST
cust-02338,m-002,29,5,3567.69,713.54,237.28,1485.43,5,1,353,81.0,0.0,0.2,REGULAR,6.14,TRAIN
cust-02339,m-002,27,12,8903.51,741.96,237.28,2972.2,7,1,357,30.0,0.417,0.167,REGULAR,5.66,TRAIN
cust-02340,m-002,33,11,10353.65,941.24,377.97,2348.26,5,1,361,32.8,0.636,0.273,AT_RISK,7.14,TRAIN
cust-02341,m-002,20,4,4793.07,1198.27,377.97,2972.2,4,1,345,108.3,0.25,0.0,REGULAR,4.34,VALIDATION
cust-02342,m-002,23,8,10350.48,1293.81,401.92,2972.2,4,1,299,39.4,0.5,0.375,REGULAR,5.75,TRAIN
cust-02343,m-002,20,11,13216.71,1201.52,377.97,2972.2,7,1,349,32.9,0.273,0.455,REGULAR,4.29,TRAIN
cust-02344,m-002,47,6,6501.09,1083.52,377.97,2348.26,4,1,337,58.0,0.167,0.0,AT_RISK,10.43,TEST
cust-02345,m-002,172,2,5944.4,2972.2,2972.2,2972.2,1,1,181,9.0,0.5,0.5,INACTIVE,100.0,TRAIN
cust-02346,m-002,165,3,1868.93,622.98,401.92,1040.98,3,1,200,17.5,1.0,0.0,INACTIVE,100.0,TRAIN
cust-02347,m-002,12,7,14876.53,2125.22,401.92,2972.2,4,1,328,52.7,0.571,0.429,REGULAR,2.74,TRAIN
cust-02348,m-002,0,7,5693.66,813.38,237.28,2972.2,6,1,355,59.2,0.286,0.429,REGULAR,0.0,TRAIN
cust-02349,m-002,24,6,8674.82,1445.8,401.92,2972.2,6,1,332,61.6,0.167,0.167,REGULAR,5.41,TRAIN
cust-02350,m-002,77,3,4933.8,1644.6,237.28,2348.26,2,1,260,91.5,0.0,0.333,INACTIVE,22.13,VALIDATION
cust-02351,m-002,189,6,3354.66,559.11,237.28,1485.43,5,1,354,33.0,0.333,0.5,INACTIVE,100.0,TRAIN
cust-02352,m-002,76,8,11056.92,1382.12,237.28,2348.26,5,1,289,30.4,0.25,0.5,INACTIVE,88.06,TRAIN
cust-02353,m-002,39,7,7276.95,1039.56,377.97,2972.2,4,1,344,50.8,0.143,0.286,AT_RISK,8.48,VALIDATION
cust-02354,m-002,175,6,9322.87,1553.81,426.03,2972.2,4,1,336,32.2,0.333,0.667,INACTIVE,100.0,TEST
cust-02355,m-002,50,6,7871.12,1311.85,237.28,2972.2,6,1,321,54.2,0.167,0.167,AT_RISK,11.65,TRAIN
cust-02356,m-002,158,8,10126.71,1265.84,401.92,2972.2,5,1,350,27.4,0.125,0.375,INACTIVE,100.0,VALIDATION
cust-02357,m-002,61,12,24677.12,2056.43,237.28,2972.2,5,1,327,24.2,0.417,0.417,INACTIVE,69.15,VALIDATION
cust-02358,m-002,11,7,8437.68,1205.38,401.92,2972.2,5,1,363,58.7,0.714,0.429,REGULAR,2.27,TRAIN
cust-02359,m-002,64,6,10417.29,1736.22,237.28,2972.2,5,1,329,53.0,0.0,0.333,INACTIVE,31.05,TRAIN
cust-02360,m-002,79,12,16318.39,1359.87,237.28,2972.2,7,1,341,23.8,0.5,0.417,INACTIVE,100.0,VALIDATION
cust-02361,m-002,45,3,1680.18,560.06,237.28,1040.98,3,1,330,142.5,0.0,0.667,NEW,10.2,VALIDATION
cust-02362,m-002,48,6,6984.34,1164.06,237.28,2972.2,5,1,334,57.2,0.333,0.333,AT_RISK,10.75,VALIDATION
cust-02363,m-002,42,4,4004.49,1001.12,237.28,2348.26,4,1,309,89.0,0.0,0.25,AT_RISK,10.16,TRAIN
cust-02364,m-002,53,5,4406.41,881.28,237.28,2348.26,5,1,364,77.8,0.2,0.6,AT_RISK,10.89,TRAIN
cust-02365,m-002,65,6,8650.87,1441.81,377.97,2972.2,6,1,309,48.8,0.167,0.5,INACTIVE,40.03,TRAIN
cust-02366,m-002,139,2,474.56,237.28,237.28,237.28,1,1,338,199.0,0.0,1.0,INACTIVE,30.75,VALIDATION
cust-02367,m-002,5,11,10190.66,926.42,237.28,2972.2,8,1,308,30.3,0.364,0.182,REGULAR,1.21,TRAIN
cust-02368,m-002,96,4,4193.24,1048.31,377.97,2348.26,4,1,280,61.3,0.75,0.5,INACTIVE,77.67,TRAIN
cust-02369,m-002,22,6,5727.2,954.53,237.28,2348.26,5,1,288,53.2,0.5,0.333,REGULAR,5.71,TEST
cust-02370,m-002,187,3,2904.38,968.13,377.97,1485.43,3,1,313,63.0,0.667,0.333,INACTIVE,100.0,TRAIN
cust-02371,m-002,323,2,3389.24,1694.62,1040.98,2348.26,2,1,331,8.0,0.0,0.0,INACTIVE,100.0,TRAIN
cust-02372,m-002,35,4,1511.88,377.97,377.97,377.97,1,1,326,97.0,0.5,0.5,AT_RISK,8.03,TEST
cust-02373,m-002,95,5,3732.33,746.47,377.97,1485.43,5,1,327,58.0,0.6,0.4,INACTIVE,77.22,TRAIN
cust-02374,m-002,23,5,8708.36,1741.67,1040.98,2348.26,3,1,324,75.2,0.0,0.8,REGULAR,5.31,TRAIN
cust-02375,m-002,78,7,9356.55,1336.65,237.28,2972.2,6,1,338,43.3,0.429,0.286,INACTIVE,69.31,TRAIN
cust-02376,m-002,92,4,2715.46,678.86,377.97,1485.43,3,1,204,37.3,0.25,0.25,INACTIVE,100.0,TRAIN
cust-02377,m-002,10,8,10117.88,1264.73,377.97,2972.2,6,1,343,47.6,0.375,0.25,REGULAR,2.18,VALIDATION
cust-02378,m-002,21,6,12083.82,2013.97,401.92,2972.2,4,1,290,53.8,0.333,0.0,REGULAR,5.41,TRAIN
cust-02379,m-002,7,6,9949.16,1658.19,377.97,2348.26,4,1,213,41.2,0.0,0.333,REGULAR,2.45,TRAIN
cust-02380,m-002,49,6,8011.65,1335.28,401.92,2972.2,4,1,339,58.0,0.167,0.167,AT_RISK,10.81,TRAIN
cust-02381,m-002,61,5,3756.28,751.26,401.92,1485.43,4,1,334,68.2,0.6,0.8,INACTIVE,13.66,TRAIN
cust-02382,m-002,68,6,4808.49,801.42,237.28,2348.26,5,1,356,57.6,0.333,0.333,INACTIVE,29.89,VALIDATION
cust-02383,m-002,17,4,5072.88,1268.22,237.28,2972.2,4,1,361,114.7,0.5,0.0,REGULAR,3.52,TEST
cust-02384,m-002,25,4,5500.52,1375.13,377.97,2348.26,3,1,290,88.3,0.25,0.25,REGULAR,6.44,TEST
cust-02385,m-002,6,8,5833.01,729.13,237.28,1485.43,6,1,355,49.9,0.75,0.5,REGULAR,1.26,TRAIN
cust-02386,m-002,81,9,7294.49,810.5,237.28,1485.43,5,1,349,33.5,0.111,0.444,INACTIVE,88.61,TEST
cust-02387,m-002,68,5,8708.09,1741.62,237.28,2972.2,4,1,298,57.5,0.8,0.0,INACTIVE,32.81,TRAIN
cust-02388,m-002,74,10,13990.37,1399.04,237.28,2972.2,6,1,311,26.3,0.5,0.2,INACTIVE,89.34,TRAIN
cust-02389,m-002,120,7,5508.96,786.99,237.28,1485.43,4,1,321,33.5,0.143,0.571,INACTIVE,100.0,TRAIN
cust-02390,m-002,12,10,17616.27,1761.63,237.28,2972.2,6,1,352,37.8,0.2,0.2,REGULAR,2.55,TRAIN
cust-02391,m-002,31,3,3372.78,1124.26,401.92,1485.43,2,1,260,114.5,0.0,0.667,NEW,8.91,VALIDATION
cust-02392,m-002,70,7,5223.29,746.18,401.92,1485.43,4,1,332,43.7,0.429,0.143,INACTIVE,55.22,TRAIN
cust-02393,m-002,4,7,14832.25,2118.89,1040.98,2972.2,4,1,345,56.8,0.143,0.429,REGULAR,0.87,TRAIN
cust-02394,m-002,17,7,3762.44,537.49,237.28,1040.98,5,1,314,49.5,0.714,0.571,REGULAR,4.05,TEST
cust-02395,m-002,13,11,7751.81,704.71,237.28,2972.2,6,1,330,31.7,0.364,0.455,REGULAR,2.95,TRAIN
cust-02396,m-002,82,5,3660.32,732.06,377.97,1485.43,3,1,308,56.5,0.4,0.2,INACTIVE,58.15,TRAIN
cust-02397,m-002,19,5,6302.61,1260.52,377.97,2972.2,5,1,353,83.5,0.2,0.2,REGULAR,4.03,TEST
cust-02398,m-002,95,5,2928.63,585.73,237.28,1485.43,5,1,274,44.8,0.8,0.0,INACTIVE,100.0,TRAIN
cust-02399,m-002,98,9,8149.34,905.48,377.97,2348.26,5,1,362,33.0,0.444,0.333,INACTIVE,100.0,TRAIN
cust-02400,m-002,207,3,2337.49,779.16,426.03,1485.43,2,1,227,10.0,0.333,0.0,INACTIVE,100.0,TRAIN
cust-02401,m-002,23,6,6212.02,1035.34,377.97,2972.2,4,1,250,45.4,0.667,0.333,REGULAR,6.87,TRAIN
cust-02402,m-002,12,11,12169.94,1106.36,237.28,2972.2,6,1,362,35.0,0.636,0.364,REGULAR,2.48,VALIDATION
cust-02403,m-002,95,3,3611.4,1203.8,237.28,2972.2,3,1,329,117.0,0.333,0.333,INACTIVE,21.59,TRAIN
cust-02404,m-002,17,7,12721.54,1817.36,1040.98,2972.2,4,1,341,54.0,0.571,0.714,REGULAR,3.73,TEST
cust-02405,m-002,58,6,5939.9,989.98,237.28,2348.26,6,1,247,37.8,0.5,0.333,AT_RISK,47.84,TRAIN
cust-02406,m-002,12,6,6032.53,1005.42,377.97,2348.26,5,1,324,62.4,0.5,0.5,REGULAR,2.77,TRAIN
cust-02407,m-002,39,6,5564.13,927.36,377.97,2348.26,3,1,357,63.6,0.667,0.0,AT_RISK,8.17,TRAIN
cust-02408,m-002,33,7,5810.24,830.03,237.28,2972.2,5,1,242,34.8,0.429,0.571,AT_RISK,10.19,TRAIN
cust-02409,m-002,172,4,3578.13,894.53,401.92,2348.26,3,1,360,62.7,0.5,0.0,INACTIVE,100.0,VALIDATION
cust-02410,m-002,123,5,7609.89,1521.98,377.97,2972.2,5,1,351,57.0,0.6,0.2,INACTIVE,100.0,TRAIN
cust-02411,m-002,69,3,4235.61,1411.87,401.92,2348.26,3,1,186,58.5,0.667,0.333,INACTIVE,43.42,TRAIN
cust-02412,m-002,33,4,2739.41,684.85,401.92,1485.43,3,1,233,66.7,0.25,0.5,AT_RISK,10.58,VALIDATION
cust-02413,m-002,39,10,11027.9,1102.79,237.28,2348.26,6,1,307,29.8,0.2,0.1,AT_RISK,23.3,TRAIN
cust-02414,m-002,15,9,4590.39,510.04,237.28,1040.98,5,1,358,42.9,0.222,0.333,REGULAR,3.13,TRAIN
cust-02415,m-002,7,8,8158.66,1019.83,237.28,2972.2,6,1,349,48.9,0.25,0.5,REGULAR,1.5,TRAIN
cust-02416,m-002,87,7,11058.26,1579.75,237.28,2972.2,5,1,340,42.2,0.571,0.286,INACTIVE,86.33,TRAIN
cust-02417,m-002,145,5,7410.07,1482.01,426.03,2972.2,4,1,354,52.2,0.6,0.4,INACTIVE,100.0,TRAIN
cust-02418,m-002,14,7,11532.52,1647.5,237.28,2972.2,4,1,357,57.2,0.0,0.0,REGULAR,2.93,TRAIN
cust-02419,m-002,205,3,1230.03,410.01,377.97,426.03,2,1,341,68.0,0.333,0.333,INACTIVE,100.0,TRAIN
cust-02420,m-002,79,6,11376.53,1896.09,377.97,2972.2,3,1,323,48.8,0.0,0.667,INACTIVE,63.59,TEST
cust-02421,m-002,204,2,827.95,413.98,401.92,426.03,2,1,273,69.0,0.0,0.0,INACTIVE,100.0,TRAIN
cust-02422,m-002,5,7,8608.34,1229.76,377.97,2972.2,6,1,354,58.2,0.571,0.571,REGULAR,1.06,TEST
cust-02423,m-002,167,6,5417.42,902.9,377.97,2348.26,4,1,351,36.8,0.0,0.167,INACTIVE,100.0,TRAIN
cust-02424,m-002,14,7,7860.52,1122.93,237.28,2972.2,5,1,362,58.0,0.286,0.286,REGULAR,2.89,TRAIN
cust-02425,m-002,123,8,12943.97,1618.0,401.92,2348.26,4,1,338,30.7,0.125,0.5,INACTIVE,100.0,TRAIN
cust-02426,m-002,110,6,6515.78,1085.96,237.28,2972.2,6,1,336,45.2,0.333,0.167,INACTIVE,100.0,VALIDATION
cust-02427,m-002,27,5,3708.38,741.68,377.97,1485.43,4,1,346,79.8,0.2,0.0,REGULAR,5.84,TRAIN
cust-02428,m-002,43,4,4178.12,1044.53,377.97,2972.2,4,1,245,67.3,0.0,0.0,AT_RISK,13.11,TEST
cust-02429,m-002,87,12,15296.78,1274.73,237.28,2972.2,6,1,364,25.2,0.167,0.167,INACTIVE,100.0,TEST
cust-02430,m-002,32,6,9474.47,1579.08,377.97,2972.2,4,1,352,64.0,0.167,0.167,AT_RISK,6.8,TRAIN
cust-02431,m-002,28,10,10147.83,1014.78,237.28,2972.2,6,1,354,36.2,0.6,0.5,REGULAR,5.92,VALIDATION
cust-02432,m-002,34,3,1017.17,339.06,237.28,401.92,3,1,197,81.5,0.0,1.0,NEW,12.88,TRAIN
cust-02433,m-002,20,6,12068.86,2011.48,377.97,2972.2,4,1,314,58.8,0.167,0.5,REGULAR,4.76,TRAIN
cust-02434,m-002,39,10,13995.58,1399.56,237.28,2972.2,7,1,354,35.0,0.2,0.3,AT_RISK,14.24,TEST
cust-02435,m-002,109,4,1443.04,360.76,237.28,401.92,2,1,355,82.0,0.5,0.0,INACTIVE,63.46,TRAIN
cust-02436,m-002,26,8,13173.64,1646.71,426.03,2972.2,4,1,352,46.6,0.375,0.375,REGULAR,5.52,TRAIN
cust-02437,m-002,59,5,7024.75,1404.95,237.28,2972.2,5,1,339,70.0,0.6,0.2,AT_RISK,13.01,TRAIN
cust-02438,m-002,25,9,9680.92,1075.66,401.92,2972.2,5,1,362,42.1,0.556,0.111,REGULAR,5.17,TRAIN
cust-02439,m-002,13,4,3248.85,812.21,237.28,2348.26,3,1,307,98.0,0.25,0.25,REGULAR,3.17,TRAIN
cust-02440,m-002,8,9,14184.5,1576.06,237.28,2972.2,7,1,339,41.4,0.333,0.333,REGULAR,1.76,TRAIN
cust-02441,m-002,7,7,4419.75,631.39,237.28,1485.43,5,1,288,46.8,0.286,0.571,REGULAR,1.82,TRAIN
cust-02442,m-002,38,10,6720.09,672.01,237.28,2348.26,6,1,294,28.4,0.4,0.1,AT_RISK,24.06,TRAIN
cust-02443,m-002,43,7,10563.67,1509.1,377.97,2972.2,5,1,290,41.2,0.0,0.143,AT_RISK,13.78,VALIDATION
cust-02444,m-002,96,3,3176.21,1058.74,401.92,2348.26,3,1,148,26.0,0.333,0.0,INACTIVE,100.0,TEST
cust-02445,m-002,15,8,10093.77,1261.72,377.97,2972.2,7,1,362,49.6,0.25,0.5,REGULAR,3.1,VALIDATION
cust-02446,m-002,58,5,5639.44,1127.89,377.97,2972.2,4,1,273,53.8,0.2,0.2,AT_RISK,22.18,TRAIN
cust-02447,m-002,127,5,2787.94,557.59,237.28,1485.43,4,1,354,56.8,0.2,0.2,INACTIVE,100.0,TRAIN
cust-02448,m-002,91,4,1443.2,360.8,237.28,426.03,4,1,154,21.0,0.0,0.25,INACTIVE,100.0,TRAIN
cust-02449,m-002,31,7,8225.14,1175.02,237.28,2972.2,6,1,339,51.3,0.0,0.286,AT_RISK,6.84,VALIDATION
cust-02450,m-002,50,6,8447.0,1407.83,237.28,2972.2,5,1,320,54.0,0.5,0.5,AT_RISK,11.68,TRAIN
cust-02451,m-002,25,8,11695.55,1461.94,237.28,2972.2,6,1,356,47.3,0.125,0.5,REGULAR,5.25,TRAIN
cust-02452,m-002,3,6,11157.97,1859.66,377.97,2972.2,3,1,318,63.0,0.167,0.333,REGULAR,0.71,TRAIN
cust-02453,m-002,83,9,9436.45,1048.49,377.97,2972.2,5,1,340,32.1,0.556,0.222,INACTIVE,94.61,VALIDATION
cust-02454,m-002,14,7,12954.3,1850.61,401.92,2972.2,5,1,290,46.0,0.0,0.286,REGULAR,3.61,TRAIN
cust-02455,m-002,84,5,5693.36,1138.67,237.28,2972.2,4,1,266,45.5,0.2,0.4,INACTIVE,81.35,TEST
cust-02456,m-002,12,11,8647.85,786.17,237.28,2348.26,6,1,304,29.2,0.455,0.273,REGULAR,2.95,TRAIN
cust-02457,m-002,57,9,12597.57,1399.73,377.97,2972.2,5,1,316,32.4,0.667,0.444,AT_RISK,50.39,TRAIN
cust-02458,m-002,249,6,7319.48,1219.91,377.97,2972.2,5,1,334,17.0,0.667,0.167,INACTIVE,100.0,TRAIN
cust-02459,m-002,6,8,8762.54,1095.32,377.97,2972.2,5,1,344,48.3,0.25,0.375,REGULAR,1.3,TRAIN
cust-02460,m-002,102,6,9110.28,1518.38,401.92,2348.26,4,1,355,50.6,0.667,0.0,INACTIVE,98.59,TRAIN
cust-02461,m-002,53,5,11690.89,2338.18,426.03,2972.2,3,1,231,44.5,0.2,0.6,AT_RISK,29.88,VALIDATION
cust-02462,m-002,114,3,3176.21,1058.74,401.92,2348.26,3,1,359,122.5,0.0,0.333,INACTIVE,23.75,VALIDATION
cust-02463,m-002,154,5,6361.74,1272.35,237.28,2972.2,5,1,354,50.0,0.4,0.8,INACTIVE,100.0,TRAIN
cust-02464,m-002,73,5,4202.7,840.54,237.28,2972.2,3,1,337,66.0,0.2,0.2,INACTIVE,26.7,TRAIN
cust-02465,m-002,171,7,8189.96,1169.99,377.97,2972.2,6,1,364,32.2,0.143,0.429,INACTIVE,100.0,TRAIN
cust-02466,m-002,37,3,2289.43,763.14,377.97,1485.43,3,1,274,118.5,0.0,0.333,NEW,10.09,TRAIN
cust-02467,m-002,19,10,6544.62,654.46,237.28,2972.2,4,1,349,36.7,0.5,0.1,REGULAR,4.07,TEST
cust-02468,m-002,7,10,13023.28,1302.33,401.92,2972.2,4,1,364,39.7,0.3,0.4,REGULAR,1.44,TRAIN
cust-02469,m-002,33,10,13386.49,1338.65,237.28,2972.2,6,1,344,34.6,0.4,0.2,AT_RISK,7.17,VALIDATION
cust-02470,m-002,65,10,10001.44,1000.14,237.28,2972.2,7,1,340,30.6,0.5,0.5,INACTIVE,65.9,TEST
cust-02471,m-002,158,10,14566.52,1456.65,377.97,2972.2,6,1,289,14.6,0.4,0.3,INACTIVE,100.0,TRAIN
cust-02472,m-002,109,4,7183.86,1795.96,377.97,2972.2,4,1,331,74.0,0.5,0.25,INACTIVE,77.12,TRAIN
cust-02473,m-002,26,12,11607.97,967.33,237.28,2348.26,7,1,360,30.4,0.417,0.417,REGULAR,5.4,TEST
cust-02474,m-002,33,8,17804.45,2225.56,1040.98,2972.2,4,1,330,42.4,0.5,0.125,AT_RISK,7.48,TRAIN
cust-02475,m-002,35,6,11041.5,1840.25,401.92,2972.2,4,1,361,65.2,0.333,0.167,AT_RISK,7.25,VALIDATION
cust-02476,m-002,51,8,9949.46,1243.68,237.28,2348.26,5,1,320,38.4,0.125,0.625,AT_RISK,30.82,VALIDATION
cust-02477,m-002,7,7,7106.61,1015.23,377.97,2972.2,5,1,341,55.7,0.429,0.571,REGULAR,1.54,TRAIN
cust-02478,m-002,203,2,804.0,402.0,377.97,426.03,2,1,327,124.0,0.5,0.5,INACTIVE,100.0,TRAIN
cust-02479,m-002,88,7,6706.44,958.06,377.97,2348.26,4,1,345,42.8,0.286,0.286,INACTIVE,86.88,TRAIN
cust-02480,m-002,7,9,3288.32,365.37,237.28,426.03,4,1,357,43.8,0.111,0.222,REGULAR,1.47,TEST
cust-02481,m-002,260,4,1655.9,413.98,401.92,426.03,2,1,326,22.0,0.5,0.25,INACTIVE,100.0,TRAIN
cust-02482,m-002,20,5,6152.93,1230.59,237.28,2348.26,4,1,337,79.2,0.4,0.2,REGULAR,4.44,TRAIN
cust-02483,m-002,108,6,6539.73,1089.96,237.28,2972.2,5,1,339,46.2,0.167,0.333,INACTIVE,100.0,TEST
cust-02484,m-002,65,3,1820.87,606.96,377.97,1040.98,3,1,329,132.0,0.0,0.333,INACTIVE,14.77,TRAIN
cust-02485,m-002,21,4,2550.66,637.66,237.28,1485.43,4,1,346,108.3,0.25,0.25,REGULAR,4.54,TRAIN
cust-02486,m-002,12,9,9542.47,1060.27,237.28,2348.26,6,1,359,43.4,0.222,0.333,REGULAR,2.5,TRAIN
cust-02487,m-002,211,7,6686.11,955.16,377.97,2972.2,5,1,348,22.8,0.429,0.286,INACTIVE,100.0,TRAIN
cust-02488,m-002,9,7,8428.42,1204.06,237.28,2972.2,4,1,354,57.5,0.429,0.286,REGULAR,1.9,TRAIN
cust-02489,m-002,68,6,6095.28,1015.88,237.28,2972.2,4,1,240,34.4,0.667,0.5,INACTIVE,71.56,TRAIN
cust-02490,m-002,16,7,11841.63,1691.66,426.03,2972.2,4,1,340,54.0,0.429,0.571,REGULAR,3.52,TEST
cust-02491,m-002,67,6,6219.71,1036.62,237.28,2348.26,4,1,338,54.2,0.5,0.5,INACTIVE,34.02,TRAIN
cust-02492,m-002,91,7,10578.63,1511.23,401.92,2972.2,5,1,354,43.8,0.286,0.429,INACTIVE,90.03,TEST
cust-02493,m-002,2,7,11047.19,1578.17,426.03,2972.2,5,1,289,47.8,0.286,0.429,REGULAR,0.52,TRAIN
cust-02494,m-002,243,1,237.28,237.28,237.28,237.28,1,1,243,243.0,1.0,0.0,INACTIVE,74.69,VALIDATION
cust-02495,m-002,24,3,1017.17,339.06,237.28,401.92,3,1,335,155.5,0.0,0.0,NEW,5.36,VALIDATION
cust-02496,m-002,20,11,15833.23,1439.38,377.97,2972.2,6,1,296,27.6,0.273,0.273,REGULAR,5.05,TRAIN
cust-02497,m-002,129,8,6134.65,766.83,237.28,2348.26,5,1,358,32.7,0.25,0.375,INACTIVE,100.0,VALIDATION
cust-02498,m-002,63,3,6361.44,2120.48,1040.98,2972.2,3,1,337,137.0,0.0,0.333,INACTIVE,13.98,TRAIN
cust-02499,m-002,23,10,11914.68,1191.47,237.28,2348.26,6,1,312,32.1,0.4,0.3,REGULAR,5.51,TRAIN
cust-02500,m-002,39,7,13798.92,1971.27,426.03,2972.2,3,1,351,52.0,0.429,0.0,AT_RISK,8.31,TRAIN
cust-02501,m-003,105,7,2567.72,366.82,32.96,660.98,6,1,360,42.5,0.286,0.0,INACTIVE,100.0,TRAIN
cust-02502,m-003,80,4,2132.74,533.19,250.33,818.58,3,1,302,74.0,0.25,0.5,INACTIVE,28.8,VALIDATION
cust-02503,m-003,42,7,1670.79,238.68,57.37,409.29,6,1,342,50.0,0.286,0.143,AT_RISK,9.18,TEST
cust-02504,m-003,12,8,2758.44,344.8,97.44,625.68,5,1,342,47.1,0.5,0.625,REGULAR,2.62,TRAIN
cust-02505,m-003,0,7,3443.07,491.87,27.64,1321.96,6,1,327,54.5,0.429,0.143,REGULAR,0.0,TEST
cust-02506,m-003,28,7,1850.33,264.33,97.44,409.29,4,1,208,30.0,0.429,0.429,REGULAR,10.05,TRAIN
cust-02507,m-003,37,9,4504.13,500.46,32.96,1910.85,8,1,363,40.8,0.333,0.444,AT_RISK,7.62,TRAIN
cust-02508,m-003,15,10,2323.03,232.3,27.64,625.68,7,1,322,34.1,0.1,0.3,REGULAR,3.48,VALIDATION
cust-02509,m-003,153,6,3139.7,523.28,57.37,1273.9,6,1,364,42.2,0.333,0.167,INACTIVE,100.0,TRAIN
cust-02510,m-003,21,7,1696.32,242.33,55.28,500.66,7,1,351,55.0,0.286,0.0,REGULAR,4.47,TRAIN
cust-02511,m-003,33,7,2827.86,403.98,27.64,1251.36,7,1,350,52.8,0.143,0.286,AT_RISK,7.05,TRAIN
cust-02512,m-003,57,5,1389.42,277.88,93.99,409.29,3,1,346,72.2,0.2,0.2,AT_RISK,12.32,TEST
cust-02513,m-003,3,8,3276.2,409.52,32.96,1251.36,6,1,340,48.1,0.25,0.25,REGULAR,0.66,TRAIN
cust-02514,m-003,74,4,1843.27,460.82,114.74,818.58,3,1,318,81.3,0.25,0.0,INACTIVE,17.4,TRAIN
cust-02515,m-003,1,9,2525.77,280.64,32.96,660.98,7,1,352,43.9,0.444,0.444,REGULAR,0.21,TRAIN
cust-02516,m-003,144,2,765.57,382.78,128.62,636.95,2,1,291,147.0,1.0,0.5,INACTIVE,36.99,TRAIN
cust-02517,m-003,194,7,824.86,117.84,27.64,312.84,6,1,349,25.8,0.286,0.286,INACTIVE,100.0,TRAIN
cust-02518,m-003,109,7,1264.88,180.7,32.96,312.84,6,1,324,35.8,0.143,0.857,INACTIVE,100.0,TRAIN
cust-02519,m-003,15,6,1945.69,324.28,32.96,938.52,6,1,348,66.6,0.333,0.333,REGULAR,3.22,TRAIN
cust-02520,m-003,10,10,2144.96,214.5,32.96,409.29,6,1,298,32.0,0.5,0.5,REGULAR,2.51,TRAIN
cust-02521,m-003,3,12,7345.03,612.09,27.64,1637.16,7,1,324,29.2,0.25,0.333,REGULAR,0.69,VALIDATION
cust-02522,m-003,10,5,1610.71,322.14,128.62,636.95,5,1,337,81.8,0.2,0.0,REGULAR,2.22,TRAIN
cust-02523,m-003,0,12,4023.04,335.25,64.31,818.58,7,1,296,26.9,0.25,0.25,REGULAR,0.0,TRAIN
cust-02524,m-003,34,5,1448.91,289.78,32.96,660.98,3,1,151,29.2,0.2,0.2,AT_RISK,23.98,TRAIN
cust-02525,m-003,117,2,459.11,229.56,128.62,330.49,2,1,184,67.0,0.5,0.0,INACTIVE,100.0,TRAIN
cust-02526,m-003,49,6,633.0,105.5,27.64,312.84,4,1,331,56.4,0.5,0.333,AT_RISK,11.07,TRAIN
cust-02527,m-003,1,10,3837.25,383.72,32.96,1637.16,8,1,341,37.8,0.3,0.4,REGULAR,0.22,TRAIN
cust-02528,m-003,137,7,2860.42,408.63,55.28,818.58,6,1,285,24.7,0.714,0.143,INACTIVE,100.0,TRAIN
cust-02529,m-003,25,6,1947.02,324.5,27.64,636.95,6,1,362,67.4,0.5,0.5,REGULAR,5.17,VALIDATION
cust-02530,m-003,68,9,5748.92,638.77,55.28,1910.85,7,1,334,33.2,0.444,0.556,INACTIVE,67.42,VALIDATION
cust-02531,m-003,19,9,3175.55,352.84,55.28,1001.32,8,1,359,42.5,0.222,0.111,REGULAR,3.96,VALIDATION
cust-02532,m-003,145,5,1986.72,397.34,32.96,1637.16,4,1,321,44.0,0.4,0.2,INACTIVE,100.0,TRAIN
cust-02533,m-003,28,10,3113.75,311.38,27.64,1637.16,8,1,317,32.1,0.4,0.6,REGULAR,6.6,VALIDATION
cust-02534,m-003,22,10,4313.12,431.31,27.64,1637.16,5,1,326,33.8,0.3,0.2,REGULAR,5.05,TRAIN
cust-02535,m-003,5,7,2123.81,303.4,32.96,636.95,5,1,359,59.0,0.286,0.286,REGULAR,1.04,TRAIN
cust-02536,m-003,54,8,3498.52,437.32,32.96,1227.87,6,1,204,21.4,0.25,0.125,AT_RISK,68.66,TRAIN
cust-02537,m-003,44,4,2177.45,544.36,250.33,1321.96,4,1,333,96.3,0.25,0.25,AT_RISK,9.88,TRAIN
cust-02538,m-003,228,6,1093.15,182.19,57.37,332.0,6,1,330,20.4,0.5,0.5,INACTIVE,100.0,TRAIN
cust-02539,m-003,78,7,3770.05,538.58,55.28,1910.85,5,1,321,40.5,0.286,0.143,INACTIVE,74.42,TEST
cust-02540,m-003,70,8,2718.03,339.75,57.37,660.98,7,1,293,31.9,0.375,0.125,INACTIVE,75.01,TEST
cust-02541,m-003,3,9,4698.99,522.11,32.96,1321.96,6,1,272,33.6,0.444,0.0,REGULAR,0.82,TRAIN
cust-02542,m-003,51,5,1147.91,229.58,64.31,636.95,5,1,316,66.2,0.2,0.4,AT_RISK,12.07,TEST
cust-02543,m-003,7,6,2198.66,366.44,57.37,1251.36,6,1,332,65.0,0.0,0.333,REGULAR,1.58,TRAIN
cust-02544,m-003,50,8,2131.8,266.48,32.96,938.52,5,1,316,38.0,0.375,0.25,AT_RISK,29.83,TRAIN
cust-02545,m-003,67,3,1558.36,519.45,330.49,818.58,2,1,224,78.5,0.333,0.333,INACTIVE,22.33,VALIDATION
cust-02546,m-003,75,10,3020.33,302.03,64.31,1273.9,8,1,351,30.7,0.3,0.5,INACTIVE,82.43,VALIDATION
cust-02547,m-003,131,8,1130.81,141.35,32.96,312.84,6,1,351,31.4,0.375,0.5,INACTIVE,100.0,VALIDATION
cust-02548,m-003,6,5,1240.43,248.09,27.64,636.95,5,1,327,80.2,0.4,0.2,REGULAR,1.37,VALIDATION
cust-02549,m-003,70,5,1340.33,268.07,32.96,818.58,5,1,327,64.2,0.8,0.2,INACTIVE,24.71,TRAIN
cust-02550,m-003,40,9,3354.23,372.69,32.96,991.47,6,1,328,36.0,0.444,0.444,AT_RISK,15.12,TRAIN
cust-02551,m-003,20,9,5759.07,639.9,57.37,1910.85,5,1,310,36.2,0.222,0.222,REGULAR,4.82,TRAIN
cust-02552,m-003,97,7,1165.31,166.47,32.96,660.98,5,1,352,42.5,0.143,0.286,INACTIVE,100.0,TEST
cust-02553,m-003,12,7,3006.29,429.47,114.74,1227.87,6,1,362,58.3,0.571,0.143,REGULAR,2.48,TRAIN
cust-02554,m-003,56,3,185.99,62.0,57.37,64.31,2,1,218,81.0,0.0,0.0,INACTIVE,19.18,TRAIN
cust-02555,m-003,11,7,923.05,131.86,27.64,330.49,7,1,354,57.2,0.571,0.143,REGULAR,2.32,TRAIN
cust-02556,m-003,14,5,1530.81,306.16,32.96,660.98,5,1,198,46.0,0.0,0.2,REGULAR,5.28,TRAIN
cust-02557,m-003,237,4,1799.85,449.96,93.99,818.58,4,1,293,18.7,0.0,0.25,INACTIVE,100.0,VALIDATION
cust-02558,m-003,63,7,2976.37,425.2,97.44,991.47,6,1,361,49.7,0.429,0.143,INACTIVE,33.0,TEST
cust-02559,m-003,9,9,3112.2,345.8,32.96,1637.16,7,1,328,39.9,0.333,0.111,REGULAR,2.05,TEST
cust-02560,m-003,71,9,1282.32,142.48,27.64,409.29,5,1,309,29.8,0.333,0.111,INACTIVE,78.98,TRAIN
cust-02561,m-003,82,7,1385.8,197.97,27.64,636.95,6,1,303,36.8,0.286,0.143,INACTIVE,88.03,TEST
cust-02562,m-003,64,3,813.66,271.22,187.98,312.84,2,1,343,139.5,0.333,0.333,INACTIVE,13.95,TRAIN
cust-02563,m-003,5,6,2248.43,374.74,64.31,1251.36,6,1,208,40.6,0.5,0.667,REGULAR,1.79,VALIDATION
cust-02564,m-003,42,5,4473.06,894.61,27.64,2547.8,5,1,336,73.5,0.4,0.2,AT_RISK,9.35,VALIDATION
cust-02565,m-003,62,6,5403.52,900.59,166.0,1910.85,5,1,320,51.6,0.333,0.333,INACTIVE,30.09,VALIDATION
cust-02566,m-003,35,13,3832.55,294.81,27.64,1251.36,8,1,345,25.8,0.538,0.462,AT_RISK,21.39,TRAIN
cust-02567,m-003,56,7,3070.1,438.59,64.31,660.98,5,1,305,41.5,0.429,0.571,AT_RISK,35.48,TRAIN
cust-02568,m-003,47,6,1734.29,289.05,27.64,625.68,5,1,254,41.4,0.333,0.0,AT_RISK,22.22,VALIDATION
cust-02569,m-003,74,7,3506.03,500.86,32.96,1273.9,5,1,303,38.2,0.143,0.571,INACTIVE,71.96,TEST
cust-02570,m-003,21,5,1659.56,331.91,32.96,938.52,4,1,362,85.2,0.2,0.4,REGULAR,4.34,TRAIN
cust-02571,m-003,4,4,1469.61,367.4,166.0,636.95,3,1,335,110.3,0.25,0.25,REGULAR,0.89,TRAIN
cust-02572,m-003,27,11,2678.6,243.51,27.64,818.58,8,1,342,31.5,0.091,0.455,REGULAR,5.9,TRAIN
cust-02573,m-003,100,4,1704.78,426.2,98.88,1273.9,3,1,314,71.3,0.0,0.5,INACTIVE,66.86,TRAIN
cust-02574,m-003,39,7,3551.91,507.42,27.64,1910.85,7,1,330,48.5,0.429,0.571,AT_RISK,8.84,TEST
cust-02575,m-003,96,8,2352.42,294.05,32.96,1321.96,6,1,352,36.6,0.75,0.125,INACTIVE,100.0,TRAIN
cust-02576,m-003,24,6,2569.74,428.29,64.31,818.58,5,1,360,67.2,0.333,0.167,REGULAR,4.99,TRAIN
cust-02577,m-003,38,6,938.08,156.35,32.96,330.49,6,1,349,62.2,0.333,0.667,AT_RISK,8.14,TRAIN
cust-02578,m-003,71,11,3164.5,287.68,27.64,1321.96,8,1,304,23.3,0.182,0.364,INACTIVE,89.01,TRAIN
cust-02579,m-003,124,2,875.95,437.98,57.37,818.58,2,1,258,134.0,0.5,1.0,INACTIVE,35.91,TRAIN
cust-02580,m-003,12,4,1280.32,320.08,57.37,625.68,4,1,267,85.0,0.5,0.5,REGULAR,3.36,TRAIN
cust-02581,m-003,22,6,1296.38,216.06,27.64,636.95,4,1,347,65.0,0.167,0.167,REGULAR,4.74,TRAIN
cust-02582,m-003,108,5,1163.66,232.73,32.96,636.95,5,1,210,25.5,0.2,0.4,INACTIVE,100.0,VALIDATION
cust-02583,m-003,97,5,2750.28,550.06,250.33,1637.16,4,1,342,61.2,0.0,0.2,INACTIVE,74.91,TRAIN
cust-02584,m-003,20,12,3904.98,325.42,57.37,938.52,9,1,349,29.9,0.417,0.417,REGULAR,4.29,VALIDATION
cust-02585,m-003,162,4,403.05,100.76,27.64,250.33,3,1,348,62.0,0.25,0.0,INACTIVE,100.0,TRAIN
cust-02586,m-003,19,6,1297.94,216.32,27.64,409.29,6,1,359,68.0,0.333,0.0,REGULAR,3.96,TRAIN
cust-02587,m-003,12,6,1544.69,257.45,27.64,409.29,6,1,358,69.2,0.333,0.667,REGULAR,2.51,TRAIN
cust-02588,m-003,8,9,2094.86,232.76,27.64,636.95,8,1,345,42.1,0.222,0.222,REGULAR,1.73,TRAIN
cust-02589,m-003,18,6,1671.36,278.56,64.31,750.99,5,1,313,59.0,1.0,0.5,REGULAR,4.3,TRAIN
cust-02590,m-003,20,7,2816.64,402.38,64.31,991.47,5,1,345,54.2,0.286,0.286,REGULAR,4.34,TRAIN
cust-02591,m-003,41,6,3413.93,568.99,166.0,1227.87,5,1,220,35.8,0.0,0.5,AT_RISK,21.71,TEST
cust-02592,m-003,15,10,5027.21,502.72,32.96,2547.8,7,1,358,38.1,0.2,0.4,REGULAR,3.13,TRAIN
cust-02593,m-003,86,5,2363.52,472.7,65.92,938.52,4,1,346,65.0,0.0,0.4,INACTIVE,50.09,TRAIN
cust-02594,m-003,10,10,4907.97,490.8,27.64,1910.85,7,1,330,35.6,0.3,0.1,REGULAR,2.27,TEST
cust-02595,m-003,55,3,947.2,315.73,64.31,818.58,2,1,213,79.0,0.333,0.333,INACTIVE,19.28,TRAIN
cust-02596,m-003,34,5,3479.51,695.9,93.99,991.47,5,1,286,63.0,0.2,0.6,AT_RISK,8.89,TRAIN
cust-02597,m-003,50,4,1322.11,330.53,250.33,409.29,4,1,351,100.3,0.25,0.75,AT_RISK,10.65,TRAIN
cust-02598,m-003,27,5,1339.6,267.92,27.64,938.52,3,1,337,77.5,0.4,0.4,REGULAR,5.99,TRAIN
cust-02599,m-003,71,9,2228.82,247.65,32.96,636.95,7,1,343,34.0,0.222,0.333,INACTIVE,70.98,TRAIN
cust-02600,m-003,7,13,5545.91,426.61,27.64,1637.16,7,1,349,28.5,0.385,0.385,REGULAR,1.5,TEST
cust-02601,m-003,151,5,2897.27,579.45,27.64,2547.8,5,1,326,43.8,0.4,0.0,INACTIVE,100.0,TRAIN
cust-02602,m-003,33,10,2679.04,267.9,27.64,750.99,9,1,356,35.9,0.5,0.2,AT_RISK,6.93,VALIDATION
cust-02603,m-003,23,10,3874.03,387.4,27.64,2547.8,7,1,343,35.6,0.3,0.2,REGULAR,5.01,TRAIN
cust-02604,m-003,22,10,2987.19,298.72,32.96,991.47,6,1,354,36.9,0.5,0.0,REGULAR,4.65,TRAIN
cust-02605,m-003,171,6,919.07,153.18,57.37,312.84,5,1,360,37.8,0.5,0.167,INACTIVE,100.0,TEST
cust-02606,m-003,185,3,320.81,106.94,57.37,166.0,3,1,315,65.0,0.333,0.333,INACTIVE,100.0,TRAIN
cust-02607,m-003,198,2,966.16,483.08,27.64,938.52,2,1,235,37.0,0.5,0.5,INACTIVE,100.0,TRAIN
cust-02608,m-003,34,9,5272.59,585.84,27.64,1910.85,6,1,340,38.2,0.444,0.111,AT_RISK,7.48,TRAIN
cust-02609,m-003,33,8,2930.24,366.28,27.64,1273.9,5,1,335,43.1,0.25,0.25,AT_RISK,7.37,VALIDATION
cust-02610,m-003,39,8,3042.76,380.34,32.96,636.95,7,1,356,45.3,0.375,0.25,AT_RISK,8.19,TRAIN
cust-02611,m-003,2,4,1719.13,429.78,114.74,636.95,3,1,327,108.3,0.5,0.25,REGULAR,0.46,VALIDATION
cust-02612,m-003,77,5,1773.41,354.68,27.64,660.98,4,1,235,39.5,0.4,0.6,INACTIVE,80.72,TRAIN
cust-02613,m-003,53,8,2770.84,346.36,82.92,991.47,6,1,336,40.4,0.375,0.125,AT_RISK,30.7,TEST
cust-02614,m-003,38,7,1530.78,218.68,57.37,625.68,6,1,353,52.5,0.143,0.143,AT_RISK,8.05,VALIDATION
cust-02615,m-003,3,6,1558.59,259.76,32.96,636.95,6,1,300,59.4,0.333,0.5,REGULAR,0.75,TRAIN
cust-02616,m-003,2,7,2272.16,324.59,93.99,750.99,7,1,351,58.2,0.286,0.0,REGULAR,0.43,TRAIN
cust-02617,m-003,55,7,2595.88,370.84,27.64,991.47,7,1,353,49.7,0.143,0.571,AT_RISK,19.6,TRAIN
cust-02618,m-003,26,10,4531.12,453.11,64.31,1637.16,8,1,318,32.4,0.5,0.3,REGULAR,6.11,TRAIN
cust-02619,m-003,69,7,1840.63,262.95,82.92,409.29,5,1,257,31.3,0.286,0.286,INACTIVE,76.61,TRAIN
cust-02620,m-003,7,5,1120.81,224.16,166.0,330.49,3,1,353,86.5,0.4,0.2,REGULAR,1.48,TRAIN
cust-02621,m-003,12,10,3697.43,369.74,32.96,1273.9,6,1,306,32.7,0.5,0.1,REGULAR,2.93,TRAIN
cust-02622,m-003,10,4,901.53,225.38,64.31,409.29,4,1,332,107.3,0.0,0.0,REGULAR,2.25,TRAIN
cust-02623,m-003,5,11,3450.27,313.66,27.64,1251.36,8,1,327,32.2,0.273,0.273,REGULAR,1.14,TRAIN
cust-02624,m-003,82,11,3723.14,338.47,27.64,1227.87,8,1,314,23.2,0.364,0.091,INACTIVE,100.0,TRAIN
cust-02625,m-003,56,10,3705.65,370.56,27.64,818.58,5,1,331,30.6,0.2,0.4,AT_RISK,50.75,TRAIN
cust-02626,m-003,9,7,1875.3,267.9,97.44,636.95,5,1,332,53.8,0.143,0.429,REGULAR,2.03,VALIDATION
cust-02627,m-003,82,8,1519.41,189.93,27.64,636.95,6,1,357,39.3,0.25,0.25,INACTIVE,81.23,TRAIN
cust-02628,m-003,29,8,2418.96,302.37,32.96,1251.36,6,1,356,46.7,0.375,0.25,REGULAR,6.09,TRAIN
cust-02629,m-003,13,7,4221.38,603.05,27.64,1637.16,5,1,345,55.3,0.143,0.143,REGULAR,2.82,TRAIN
cust-02630,m-003,44,3,778.63,259.54,27.64,500.66,2,1,214,85.0,0.333,0.333,NEW,15.35,TRAIN
cust-02631,m-003,197,5,2907.34,581.47,250.33,1273.9,5,1,305,27.0,0.2,0.2,INACTIVE,100.0,VALIDATION
cust-02632,m-003,13,5,2835.43,567.09,27.64,1910.85,4,1,331,79.5,0.0,0.8,REGULAR,2.94,VALIDATION
cust-02633,m-003,35,6,3639.15,606.52,98.88,1910.85,5,1,342,61.4,0.167,0.167,AT_RISK,7.65,TEST
cust-02634,m-003,4,9,3615.16,401.68,27.64,818.58,5,1,307,37.9,0.444,0.333,REGULAR,0.97,TRAIN
cust-02635,m-003,20,8,2600.85,325.11,27.64,1273.9,7,1,361,48.7,0.5,0.25,REGULAR,4.14,VALIDATION
cust-02636,m-003,8,10,4425.68,442.57,64.31,1321.96,6,1,232,24.9,0.2,0.2,REGULAR,2.58,TEST
cust-02637,m-003,7,6,1827.81,304.64,32.96,991.47,5,1,357,70.0,0.333,0.167,REGULAR,1.47,VALIDATION
cust-02638,m-003,55,7,1297.0,185.29,27.64,500.66,5,1,355,50.0,0.143,0.286,AT_RISK,19.09,VALIDATION
cust-02639,m-003,25,9,3406.93,378.55,57.37,818.58,8,1,359,41.8,0.444,0.444,REGULAR,5.21,TRAIN
cust-02640,m-003,5,8,2710.12,338.76,64.31,660.98,6,1,318,44.7,0.5,0.375,REGULAR,1.18,VALIDATION
cust-02641,m-003,16,7,1474.74,210.68,27.64,938.52,6,1,316,50.0,0.0,0.429,REGULAR,3.79,TRAIN
cust-02642,m-003,4,3,291.75,97.25,65.92,131.84,2,1,223,109.5,0.667,0.333,NEW,1.34,TRAIN
cust-02643,m-003,42,5,1655.94,331.19,27.64,660.98,5,1,354,78.0,0.2,0.2,AT_RISK,8.87,TRAIN
cust-02644,m-003,32,7,3950.33,564.33,82.92,1273.9,7,1,338,51.0,0.429,0.286,AT_RISK,7.08,VALIDATION
cust-02645,m-003,21,12,3501.18,291.76,27.64,664.0,8,1,347,29.6,0.417,0.333,REGULAR,4.53,TRAIN
cust-02646,m-003,66,13,5579.88,429.22,57.37,1910.85,8,1,355,24.1,0.385,0.385,INACTIVE,76.75,TEST
cust-02647,m-003,40,7,5142.64,734.66,312.84,1637.16,4,1,352,52.0,0.286,0.143,AT_RISK,8.5,TRAIN
cust-02648,m-003,102,9,2153.35,239.26,27.64,750.99,9,1,310,26.0,0.444,0.222,INACTIVE,100.0,TRAIN
cust-02649,m-003,19,11,7172.31,652.03,65.92,1637.16,7,1,327,30.8,0.182,0.455,REGULAR,4.34,TRAIN
cust-02650,m-003,41,4,597.06,149.26,32.96,409.29,4,1,347,102.0,0.25,0.5,AT_RISK,8.84,VALIDATION
cust-02651,m-003,72,8,1985.3,248.16,32.96,991.47,6,1,329,36.7,0.25,0.5,INACTIVE,69.31,TRAIN
cust-02652,m-003,184,5,1485.7,297.14,32.96,660.98,5,1,316,33.0,0.0,0.4,INACTIVE,100.0,TRAIN
cust-02653,m-003,5,5,2572.64,514.53,93.99,1321.96,5,1,364,89.8,0.4,0.4,REGULAR,1.03,TRAIN
cust-02654,m-003,135,10,3637.88,363.79,57.37,1273.9,7,1,355,24.4,0.2,0.2,INACTIVE,100.0,TRAIN
cust-02655,m-003,12,3,536.24,178.75,32.96,409.29,3,1,294,141.0,0.333,0.667,NEW,3.05,TRAIN
cust-02656,m-003,61,7,1623.39,231.91,65.92,660.98,4,1,360,49.8,0.429,0.571,INACTIVE,29.47,TRAIN
cust-02657,m-003,29,5,1659.69,331.94,97.44,636.95,5,1,257,57.0,0.6,0.0,REGULAR,8.43,TRAIN
cust-02658,m-003,23,7,3820.92,545.85,32.96,1251.36,4,1,355,55.3,0.143,0.143,REGULAR,4.85,VALIDATION
cust-02659,m-003,57,8,3960.48,495.06,57.37,1251.36,6,1,263,29.4,0.125,0.375,AT_RISK,57.59,TRAIN
cust-02660,m-003,30,9,4024.54,447.17,27.64,1227.87,6,1,329,37.4,0.556,0.444,REGULAR,6.82,VALIDATION
cust-02661,m-003,48,3,2713.8,904.6,166.0,1910.85,2,1,179,65.5,0.667,0.0,INACTIVE,20.0,TRAIN
cust-02662,m-003,158,5,1576.46,315.29,55.28,818.58,4,1,316,39.5,0.6,0.2,INACTIVE,100.0,VALIDATION
cust-02663,m-003,1,9,1950.34,216.7,27.64,625.68,5,1,309,38.5,0.444,0.222,REGULAR,0.24,TRAIN
cust-02664,m-003,74,6,2899.8,483.3,55.28,1251.36,5,1,331,51.4,0.5,0.333,INACTIVE,50.62,TRAIN
cust-02665,m-003,66,8,1410.66,176.33,27.64,660.98,5,1,307,34.4,0.625,0.5,INACTIVE,63.47,TRAIN
cust-02666,m-003,40,4,814.43,203.61,57.37,409.29,4,1,326,95.3,0.75,0.0,AT_RISK,9.17,VALIDATION
cust-02667,m-003,15,8,3700.36,462.54,32.96,1637.16,7,1,331,45.1,0.125,0.375,REGULAR,3.39,TRAIN
cust-02668,m-003,50,6,742.88,123.81,27.64,292.32,4,1,356,61.2,0.167,0.167,AT_RISK,10.5,TEST
cust-02669,m-003,22,8,3312.03,414.0,64.31,1321.96,6,1,332,44.3,0.5,0.375,REGULAR,4.95,TRAIN
cust-02670,m-003,28,5,2110.98,422.2,32.96,818.58,4,1,332,76.0,0.0,0.4,REGULAR,6.31,TRAIN
cust-02671,m-003,12,8,3392.37,424.05,27.64,1273.9,5,1,358,49.4,0.375,0.0,REGULAR,2.51,TRAIN
cust-02672,m-003,84,7,3006.26,429.47,27.64,1273.9,5,1,348,44.0,0.571,0.286,INACTIVE,78.05,TRAIN
cust-02673,m-003,86,5,791.49,158.3,64.31,250.33,4,1,296,52.5,0.2,0.0,INACTIVE,71.97,VALIDATION
cust-02674,m-003,60,7,1250.92,178.7,32.96,330.49,7,1,363,50.5,0.429,0.429,AT_RISK,26.61,TRAIN
cust-02675,m-003,112,7,3899.46,557.07,64.31,1273.9,5,1,297,30.8,0.143,0.429,INACTIVE,100.0,TEST
cust-02676,m-003,61,6,1143.67,190.61,27.64,500.66,4,1,225,32.8,0.333,0.5,INACTIVE,62.54,VALIDATION
cust-02677,m-003,40,7,1958.05,279.72,93.99,636.95,5,1,318,46.3,0.571,0.143,AT_RISK,9.4,TRAIN
cust-02678,m-003,56,8,1377.31,172.16,57.37,312.84,6,1,339,40.4,0.0,0.375,AT_RISK,35.75,TRAIN
cust-02679,m-003,38,7,2240.74,320.11,32.96,991.47,5,1,307,44.8,0.286,0.429,AT_RISK,9.25,TRAIN
cust-02680,m-003,99,9,2503.92,278.21,57.37,818.58,8,1,337,29.8,0.444,0.222,INACTIVE,100.0,TEST
cust-02681,m-003,30,9,4101.46,455.72,57.37,1251.36,7,1,331,37.6,0.333,0.444,REGULAR,6.78,TRAIN
cust-02682,m-003,6,9,3491.85,387.98,97.44,1227.87,6,1,353,43.4,0.444,0.222,REGULAR,1.27,TEST
cust-02683,m-003,13,6,2246.85,374.48,82.92,625.68,4,1,349,67.2,0.167,0.667,REGULAR,2.79,TRAIN
cust-02684,m-003,4,9,1453.99,161.55,32.96,409.29,6,1,356,44.0,0.333,0.556,REGULAR,0.84,TRAIN
cust-02685,m-003,4,7,3537.37,505.34,55.28,1251.36,4,1,334,55.0,0.571,0.571,REGULAR,0.9,TRAIN
cust-02686,m-003,9,6,2692.75,448.79,292.32,625.68,4,1,241,46.4,0.333,0.167,REGULAR,2.79,TRAIN
cust-02687,m-003,12,7,2471.55,353.08,32.96,1227.87,6,1,280,44.7,0.286,0.143,REGULAR,3.2,TRAIN
cust-02688,m-003,16,6,2137.67,356.28,55.28,1227.87,4,1,168,30.4,0.167,0.333,REGULAR,7.1,TRAIN
cust-02689,m-003,17,9,2434.61,270.51,82.92,636.95,7,1,289,34.0,0.222,0.444,REGULAR,4.4,TRAIN
cust-02690,m-003,110,1,64.31,64.31,64.31,64.31,1,1,110,110.0,1.0,1.0,INACTIVE,74.32,TRAIN
cust-02691,m-003,18,6,2382.59,397.1,97.44,818.58,6,1,259,48.2,0.333,0.333,REGULAR,5.19,TRAIN
cust-02692,m-003,60,15,4051.8,270.12,32.96,636.95,8,1,330,19.3,0.533,0.467,AT_RISK,74.65,TRAIN
cust-02693,m-003,10,6,1919.23,319.87,93.99,660.98,3,1,286,55.2,0.333,0.5,REGULAR,2.61,TRAIN
cust-02694,m-003,74,4,1143.99,286.0,250.33,330.49,3,1,344,90.0,0.25,0.0,INACTIVE,16.09,TEST
cust-02695,m-003,19,5,2280.49,456.1,312.84,818.58,3,1,254,58.8,0.4,0.2,REGULAR,5.59,TRAIN
cust-02696,m-003,128,8,2377.1,297.14,57.37,660.98,8,1,277,21.3,0.5,0.375,INACTIVE,100.0,TEST
cust-02697,m-003,37,4,1261.82,315.46,32.96,818.58,4,1,348,103.7,0.25,0.25,AT_RISK,7.95,TRAIN
cust-02698,m-003,12,8,1638.92,204.86,27.64,409.29,6,1,342,47.1,0.625,0.5,REGULAR,2.62,TRAIN
cust-02699,m-003,27,6,2326.19,387.7,93.99,1001.32,6,1,306,55.8,0.333,0.333,REGULAR,6.6,TRAIN
cust-02700,m-003,41,5,1552.87,310.57,128.62,660.98,5,1,353,78.0,0.2,0.4,AT_RISK,8.69,TRAIN
cust-02701,m-003,19,7,3504.44,500.63,98.88,1227.87,5,1,193,29.0,0.571,0.429,REGULAR,7.35,TRAIN
cust-02702,m-003,29,6,3822.42,637.07,55.28,2547.8,5,1,269,48.0,0.5,0.167,REGULAR,8.06,TRAIN
cust-02703,m-003,106,6,2278.21,379.7,27.64,1637.16,3,1,319,42.6,0.667,0.333,INACTIVE,100.0,TRAIN
cust-02704,m-003,200,1,312.84,312.84,312.84,312.84,1,1,200,200.0,1.0,1.0,INACTIVE,74.63,TEST
cust-02705,m-003,43,7,3364.5,480.64,27.64,1910.85,6,1,331,48.0,0.0,0.143,AT_RISK,9.71,TRAIN
cust-02706,m-003,102,5,927.38,185.48,57.37,409.29,5,1,352,62.5,0.4,0.4,INACTIVE,80.92,TRAIN
cust-02707,m-003,74,7,1084.14,154.88,57.37,330.49,5,1,325,41.8,0.571,0.429,INACTIVE,65.32,TRAIN
cust-02708,m-003,3,6,899.41,149.9,27.64,409.29,5,1,345,68.4,0.333,0.333,REGULAR,0.65,TRAIN
cust-02709,m-003,17,10,3292.71,329.27,27.64,991.47,6,1,351,37.1,0.3,0.1,REGULAR,3.62,TEST
cust-02710,m-003,22,8,2824.47,353.06,27.64,1362.66,6,1,335,44.7,0.25,0.375,REGULAR,4.91,TRAIN
cust-02711,m-003,114,8,679.49,84.94,32.96,312.84,4,1,352,34.0,0.0,0.5,INACTIVE,100.0,VALIDATION
cust-02712,m-003,65,9,3065.72,340.64,27.64,1637.16,6,1,359,36.8,0.0,0.556,INACTIVE,55.84,TEST
cust-02713,m-003,4,7,5154.43,736.35,330.49,1227.87,3,1,337,55.5,0.286,0.429,REGULAR,0.89,TEST
cust-02714,m-003,16,12,4763.56,396.96,27.64,1227.87,8,1,351,30.5,0.25,0.5,REGULAR,3.41,TEST
cust-02715,m-003,18,6,1652.82,275.47,27.64,636.95,6,1,364,69.2,0.5,0.333,REGULAR,3.7,TRAIN
cust-02716,m-003,11,10,2023.29,202.33,57.37,409.29,7,1,320,34.3,0.5,0.4,REGULAR,2.57,TRAIN
cust-02717,m-003,115,7,3240.19,462.88,27.64,1637.16,5,1,325,35.0,0.286,0.143,INACTIVE,100.0,TRAIN
cust-02718,m-003,25,6,986.19,164.36,27.64,409.29,5,1,333,61.6,0.667,0.333,REGULAR,5.61,TEST
cust-02719,m-003,73,3,434.52,144.84,57.37,312.84,3,1,260,93.5,0.333,0.667,INACTIVE,20.98,TRAIN
cust-02720,m-003,95,7,2243.38,320.48,57.37,818.58,4,1,348,42.2,0.571,0.143,INACTIVE,99.62,TEST
cust-02721,m-003,46,10,1653.72,165.37,32.96,625.68,5,1,314,29.8,0.3,0.2,AT_RISK,35.25,TEST
cust-02722,m-003,11,8,1792.68,224.08,64.31,409.29,5,1,225,30.6,0.625,0.25,REGULAR,3.65,TRAIN
cust-02723,m-003,45,8,1504.81,188.1,27.64,409.29,5,1,342,42.4,0.0,0.0,AT_RISK,13.74,TRAIN
cust-02724,m-003,34,2,1013.46,506.73,194.88,818.58,2,1,341,307.0,0.5,0.0,NEW,7.46,TRAIN
cust-02725,m-003,9,11,2533.21,230.29,27.64,409.29,7,1,362,35.3,0.455,0.364,REGULAR,1.86,TRAIN
cust-02726,m-003,151,6,1433.44,238.91,57.37,636.95,6,1,326,35.0,0.667,0.833,INACTIVE,100.0,VALIDATION
cust-02727,m-003,102,4,2391.45,597.86,57.37,1227.87,3,1,166,21.3,1.0,0.25,INACTIVE,100.0,TRAIN
cust-02728,m-003,26,9,2781.25,309.03,27.64,818.58,5,1,311,35.6,0.333,0.111,REGULAR,6.25,TRAIN
cust-02729,m-003,33,5,1327.98,265.6,27.64,664.0,5,1,329,74.0,0.4,0.6,AT_RISK,7.5,TRAIN
cust-02730,m-003,34,7,3974.88,567.84,55.28,1273.9,6,1,337,50.5,0.0,0.429,AT_RISK,7.54,TRAIN
cust-02731,m-003,13,7,2093.64,299.09,64.31,818.58,6,1,321,51.3,0.286,0.429,REGULAR,3.03,TRAIN
cust-02732,m-003,33,9,1167.63,129.74,27.64,312.84,5,1,329,37.0,0.444,0.333,AT_RISK,7.5,TEST
cust-02733,m-003,5,10,3545.95,354.6,27.64,818.58,8,1,362,39.7,0.6,0.5,REGULAR,1.03,TRAIN
cust-02734,m-003,36,7,2030.83,290.12,32.96,1273.9,5,1,314,46.3,0.143,0.286,AT_RISK,8.57,TEST
cust-02735,m-003,34,12,3295.89,274.66,27.64,1227.87,9,1,352,28.9,0.25,0.333,AT_RISK,14.87,TEST
cust-02736,m-003,16,9,4510.08,501.12,166.0,1273.9,7,1,290,34.2,0.444,0.333,REGULAR,4.12,TRAIN
cust-02737,m-003,20,4,2658.6,664.65,82.92,1227.87,3,1,351,110.3,0.0,0.5,REGULAR,4.26,TEST
cust-02738,m-003,12,4,3196.89,799.22,375.96,1251.36,4,1,301,96.3,0.25,0.25,REGULAR,2.98,TRAIN
cust-02739,m-003,38,8,3363.78,420.47,57.37,1910.85,8,1,303,37.9,0.375,0.25,AT_RISK,9.53,TEST
cust-02740,m-003,42,8,2827.92,353.49,32.96,1251.36,6,1,359,45.3,0.25,0.0,AT_RISK,8.75,TEST
cust-02741,m-003,1,13,2650.14,203.86,27.64,636.95,8,1,297,24.7,0.231,0.308,REGULAR,0.25,VALIDATION
cust-02742,m-003,41,7,3070.97,438.71,64.31,1273.9,5,1,361,53.3,0.286,0.0,AT_RISK,8.49,TRAIN
cust-02743,m-003,10,7,2823.42,403.35,55.28,1227.87,7,1,337,54.5,0.0,0.143,REGULAR,2.22,TRAIN
cust-02744,m-003,255,5,2242.32,448.46,292.32,818.58,3,1,344,22.2,0.2,0.6,INACTIVE,100.0,VALIDATION
cust-02745,m-003,20,5,878.74,175.75,57.37,409.29,5,1,357,84.2,0.0,0.4,REGULAR,4.19,TEST
cust-02746,m-003,52,9,2998.59,333.18,27.64,938.52,7,1,340,36.0,0.333,0.333,AT_RISK,35.44,TEST
cust-02747,m-003,20,13,3556.27,273.56,27.64,818.58,8,1,345,27.1,0.385,0.308,REGULAR,4.34,TRAIN
cust-02748,m-003,0,14,5683.97,406.0,32.96,1637.16,9,1,302,23.2,0.214,0.357,REGULAR,0.0,TEST
cust-02749,m-003,86,4,2371.55,592.89,97.44,818.58,3,1,249,54.3,0.25,0.25,INACTIVE,73.35,TRAIN
cust-02750,m-003,23,7,2017.1,288.16,64.31,818.58,5,1,349,54.3,0.286,0.429,REGULAR,4.93,TRAIN
cust-02751,m-003,136,5,1676.18,335.24,65.92,818.58,4,1,288,38.0,0.2,0.4,INACTIVE,100.0,TRAIN
cust-02752,m-003,86,9,3973.62,441.51,27.64,1321.96,6,1,339,31.6,0.444,0.222,INACTIVE,100.0,TRAIN
cust-02753,m-003,38,7,5185.4,740.77,32.96,2547.8,6,1,362,54.0,0.143,0.143,AT_RISK,7.85,TEST
cust-02754,m-003,37,8,2668.72,333.59,32.96,818.58,6,1,356,45.6,0.125,0.25,AT_RISK,7.77,TRAIN
cust-02755,m-003,53,11,2763.3,251.21,27.64,938.52,8,1,350,29.7,0.636,0.364,AT_RISK,46.27,TRAIN
cust-02756,m-003,79,5,925.72,185.14,97.44,409.29,3,1,251,43.0,0.0,0.4,INACTIVE,77.51,TRAIN
cust-02757,m-003,123,3,1586.74,528.91,312.84,636.95,2,1,310,93.5,0.333,0.667,INACTIVE,73.91,TRAIN
cust-02758,m-003,33,9,4706.63,522.96,57.37,1637.16,8,1,315,35.2,0.444,0.222,AT_RISK,7.83,VALIDATION
cust-02759,m-003,77,9,3159.71,351.08,172.11,660.98,6,1,334,32.1,0.333,0.556,INACTIVE,84.59,TRAIN
cust-02760,m-003,48,6,1663.86,277.31,27.64,1273.9,5,1,357,61.8,0.5,0.5,AT_RISK,10.06,TRAIN
cust-02761,m-003,111,6,1333.0,222.17,27.64,625.68,4,1,362,50.2,0.333,0.333,INACTIVE,100.0,TRAIN
cust-02762,m-003,60,10,5131.58,513.16,57.37,1637.16,7,1,361,33.4,0.6,0.6,AT_RISK,52.33,TRAIN
cust-02763,m-003,12,6,1008.36,168.06,57.37,312.84,4,1,292,56.0,0.5,0.333,REGULAR,3.07,TRAIN
cust-02764,m-003,48,6,1911.88,318.65,57.37,1251.36,5,1,315,53.4,0.0,0.333,AT_RISK,11.39,TRAIN
cust-02765,m-003,10,9,3931.27,436.81,27.64,1910.85,6,1,360,43.8,0.111,0.111,REGULAR,2.08,TRAIN
cust-02766,m-003,89,4,2630.52,657.63,93.99,1273.9,3,1,221,44.0,0.75,0.5,INACTIVE,97.57,TRAIN
cust-02767,m-003,3,13,4851.59,373.2,27.64,1227.87,7,1,316,26.1,0.231,0.308,REGULAR,0.71,TRAIN
cust-02768,m-003,23,5,2137.83,427.57,32.96,938.52,5,1,351,82.0,0.2,0.2,REGULAR,4.9,TRAIN
cust-02769,m-003,118,6,3618.63,603.1,57.37,1273.9,4,1,356,47.6,0.167,0.333,INACTIVE,100.0,TEST
cust-02770,m-003,113,5,1750.46,350.09,82.92,818.58,4,1,321,52.0,0.0,0.2,INACTIVE,100.0,TRAIN
cust-02771,m-003,33,12,3529.12,294.09,32.96,818.58,6,1,359,29.6,0.167,0.083,AT_RISK,11.97,TRAIN
cust-02772,m-003,32,5,1831.83,366.37,27.64,818.58,5,1,340,77.0,0.6,0.8,AT_RISK,7.04,TRAIN
cust-02773,m-003,44,5,2557.75,511.55,93.99,818.58,5,1,286,60.5,0.4,0.4,AT_RISK,11.5,VALIDATION
cust-02774,m-003,9,12,2466.55,205.55,27.64,409.29,9,1,354,31.4,0.417,0.25,REGULAR,1.9,TRAIN
cust-02775,m-003,133,11,2632.99,239.36,57.37,625.68,9,1,337,20.4,0.091,0.182,INACTIVE,100.0,VALIDATION
cust-02776,m-003,13,14,5963.35,425.95,57.37,1273.9,8,1,359,26.6,0.286,0.357,REGULAR,2.71,TRAIN
cust-02777,m-003,7,8,3280.07,410.01,93.99,1273.9,6,1,323,45.1,0.625,0.25,REGULAR,1.62,TRAIN
cust-02778,m-003,12,6,2393.94,398.99,82.92,1251.36,5,1,213,40.2,0.333,0.167,REGULAR,4.21,TRAIN
cust-02779,m-003,20,14,5759.74,411.41,55.28,1637.16,7,1,363,26.4,0.429,0.143,REGULAR,4.12,TRAIN
cust-02780,m-003,0,12,2858.71,238.23,64.31,636.95,8,1,350,31.8,0.0,0.25,REGULAR,0.0,TEST
cust-02781,m-003,69,9,2714.7,301.63,32.96,1227.87,6,1,358,36.1,0.0,0.444,INACTIVE,63.77,TRAIN
cust-02782,m-003,2,6,3565.6,594.27,250.33,1273.9,4,1,321,63.8,0.167,0.333,REGULAR,0.47,TRAIN
cust-02783,m-003,6,6,1546.25,257.71,32.96,409.29,4,1,360,70.8,0.167,0.167,REGULAR,1.25,TEST
cust-02784,m-003,66,4,1404.37,351.09,27.64,636.95,4,1,312,82.0,0.5,0.5,INACTIVE,15.81,TRAIN
cust-02785,m-003,5,10,5096.75,509.68,64.31,1001.32,7,1,307,33.6,0.3,0.4,REGULAR,1.22,TRAIN
cust-02786,m-003,146,4,381.62,95.4,27.64,166.0,3,1,354,69.3,0.75,0.0,INACTIVE,100.0,VALIDATION
cust-02787,m-003,39,9,3055.13,339.46,166.0,409.29,5,1,358,39.9,0.444,0.222,AT_RISK,8.15,TEST
cust-02788,m-003,5,8,1792.38,224.05,32.96,818.58,6,1,295,41.4,0.5,0.375,REGULAR,1.27,TRAIN
cust-02789,m-003,30,6,1753.69,292.28,57.37,818.58,6,1,320,58.0,0.333,0.167,REGULAR,7.01,TRAIN
cust-02790,m-003,47,13,3843.0,295.62,27.64,1227.87,7,1,353,25.5,0.308,0.385,AT_RISK,42.21,TRAIN
cust-02791,m-003,17,4,740.63,185.16,64.31,332.0,4,1,353,112.0,0.25,0.5,REGULAR,3.6,TEST
cust-02792,m-003,109,7,1136.22,162.32,27.64,409.29,6,1,348,39.8,0.286,0.143,INACTIVE,100.0,VALIDATION
cust-02793,m-003,26,10,1855.89,185.59,27.64,409.29,8,1,360,37.1,0.4,0.5,REGULAR,5.4,TRAIN
cust-02794,m-003,189,7,2424.77,346.4,27.64,991.47,6,1,351,27.0,0.0,0.429,INACTIVE,100.0,VALIDATION
cust-02795,m-003,25,10,3808.33,380.83,64.31,1910.85,8,1,297,30.2,0.3,0.3,REGULAR,6.29,TRAIN
cust-02796,m-003,40,6,4407.52,734.59,114.74,2547.8,6,1,226,37.2,0.5,0.167,AT_RISK,17.42,TRAIN
cust-02797,m-003,53,6,2177.04,362.84,32.96,1273.9,5,1,260,41.4,0.167,0.333,AT_RISK,32.63,TRAIN
cust-02798,m-003,16,4,2195.31,548.83,330.49,818.58,3,1,246,76.7,0.5,0.5,REGULAR,4.86,TEST
cust-02799,m-003,27,8,1530.33,191.29,32.96,409.29,5,1,275,35.4,0.25,0.625,REGULAR,7.34,TRAIN
cust-02800,m-003,52,5,1867.57,373.51,57.37,818.58,4,1,247,48.8,0.4,0.2,AT_RISK,20.53,TRAIN
cust-02801,m-003,128,8,3496.11,437.01,64.31,818.58,6,1,329,28.7,0.375,0.625,INACTIVE,100.0,TRAIN
cust-02802,m-003,9,10,2777.64,277.76,27.64,625.68,7,1,313,33.8,0.3,0.3,REGULAR,2.15,TRAIN
cust-02803,m-003,65,5,767.44,153.49,27.64,250.33,5,1,340,68.8,0.4,0.6,INACTIVE,14.3,TRAIN
cust-02804,m-003,113,4,1641.43,410.36,27.64,664.0,4,1,313,66.7,0.5,0.0,INACTIVE,96.44,TRAIN
cust-02805,m-003,24,9,3466.73,385.19,32.96,1273.9,7,1,332,38.5,0.444,0.444,REGULAR,5.41,TRAIN
cust-02806,m-003,102,7,1553.22,221.89,27.64,660.98,5,1,354,42.0,0.286,0.571,INACTIVE,100.0,TRAIN
cust-02807,m-003,51,6,1851.67,308.61,64.31,500.66,6,1,335,56.8,0.333,0.167,AT_RISK,11.38,TEST
cust-02808,m-003,52,3,734.22,244.74,32.96,636.95,3,1,329,138.5,0.333,0.333,INACTIVE,11.82,TRAIN
cust-02809,m-003,12,15,3839.09,255.94,27.64,1910.85,7,1,328,22.6,0.667,0.133,LOYAL,2.74,TEST
cust-02810,m-003,28,3,1979.56,659.85,114.74,1227.87,3,1,330,151.0,0.333,0.667,NEW,6.34,TRAIN
cust-02811,m-003,16,9,4171.18,463.46,55.28,1637.16,7,1,362,43.2,0.333,0.333,REGULAR,3.31,VALIDATION
cust-02812,m-003,128,5,2322.37,464.47,93.99,1321.96,5,1,332,51.0,0.4,0.4,INACTIVE,100.0,TEST
cust-02813,m-003,19,13,2928.46,225.27,57.37,625.68,7,1,326,25.6,0.615,0.231,REGULAR,4.36,TRAIN
cust-02814,m-003,9,12,5379.53,448.29,27.64,1910.85,9,1,312,27.5,0.5,0.25,REGULAR,2.16,VALIDATION
cust-02815,m-003,55,6,2077.23,346.2,55.28,1001.32,5,1,340,57.0,0.5,0.167,AT_RISK,12.1,TEST
cust-02816,m-003,12,5,2017.01,403.4,281.97,636.95,4,1,304,73.0,0.4,0.4,REGULAR,2.95,TRAIN
cust-02817,m-003,2,2,739.78,369.89,330.49,409.29,2,1,166,164.0,0.5,0.0,NEW,0.9,TRAIN
cust-02818,m-003,58,9,3354.28,372.7,32.96,1001.32,8,1,302,30.5,0.111,0.333,AT_RISK,55.61,VALIDATION
cust-02819,m-003,5,11,6215.81,565.07,55.28,1273.9,8,1,333,32.8,0.273,0.364,REGULAR,1.12,TRAIN
cust-02820,m-003,3,9,2319.05,257.67,57.37,636.95,7,1,228,28.1,0.556,0.556,REGULAR,0.98,TRAIN
cust-02821,m-003,21,8,1818.18,227.27,27.64,818.58,5,1,257,33.7,0.25,0.5,REGULAR,6.1,TRAIN
cust-02822,m-003,48,8,2148.67,268.58,32.96,625.68,4,1,277,32.7,0.5,0.25,AT_RISK,35.9,TRAIN
cust-02823,m-003,3,11,4893.99,444.91,27.64,1910.85,7,1,349,34.6,0.182,0.273,REGULAR,0.64,TRAIN
cust-02824,m-003,58,8,4022.85,502.86,93.99,1227.87,4,1,349,41.6,0.0,0.5,AT_RISK,37.03,VALIDATION
cust-02825,m-003,8,10,2477.75,247.78,27.64,1227.87,5,1,357,38.8,0.0,0.2,REGULAR,1.68,TEST
cust-02826,m-003,39,5,4070.36,814.07,32.96,1637.16,5,1,168,32.2,0.6,0.6,AT_RISK,27.51,TRAIN
cust-02827,m-003,13,4,693.57,173.39,32.96,312.84,4,1,359,115.3,0.25,0.25,REGULAR,2.71,TRAIN
cust-02828,m-003,4,9,4347.65,483.07,27.64,1910.85,6,1,304,37.5,0.889,0.111,REGULAR,0.98,TRAIN
cust-02829,m-003,104,2,179.05,89.52,64.31,114.74,2,1,249,145.0,0.5,0.0,INACTIVE,31.2,TRAIN
cust-02830,m-003,28,6,2255.22,375.87,64.31,636.95,5,1,361,66.6,0.5,0.167,REGULAR,5.8,TRAIN
cust-02831,m-003,114,8,3062.54,382.82,27.64,1910.85,6,1,331,31.0,0.125,0.5,INACTIVE,100.0,VALIDATION
cust-02832,m-003,31,11,4402.81,400.26,64.31,1321.96,7,1,331,30.0,0.273,0.455,AT_RISK,8.5,VALIDATION
cust-02833,m-003,102,5,870.07,174.01,64.31,500.66,4,1,278,44.0,0.6,0.2,INACTIVE,100.0,TEST
cust-02834,m-003,17,4,302.51,75.63,32.96,114.74,3,1,353,112.0,0.25,0.25,REGULAR,3.6,TRAIN
cust-02835,m-003,120,3,1548.26,516.09,250.33,660.98,3,1,332,106.0,0.0,0.333,INACTIVE,48.03,TRAIN
cust-02836,m-003,18,7,2416.28,345.18,93.99,636.95,6,1,328,51.7,0.286,0.143,REGULAR,4.1,TRAIN
cust-02837,m-003,87,3,1821.41,607.14,64.31,938.52,3,1,296,104.5,0.0,0.667,INACTIVE,21.97,TRAIN
cust-02838,m-003,47,11,2148.32,195.3,55.28,636.95,7,1,312,26.5,0.364,0.545,AT_RISK,42.01,VALIDATION
cust-02839,m-003,11,5,1541.66,308.33,65.92,818.58,5,1,246,58.8,0.2,0.4,REGULAR,3.34,TEST
cust-02840,m-003,11,7,3635.22,519.32,93.99,1637.16,5,1,340,54.8,0.571,0.714,REGULAR,2.42,TEST
cust-02841,m-003,75,8,3000.58,375.07,55.28,1273.9,6,1,227,21.7,0.5,0.5,INACTIVE,100.0,TRAIN
cust-02842,m-003,25,11,2781.49,252.86,27.64,636.95,7,1,330,30.5,0.455,0.636,REGULAR,5.66,TRAIN
cust-02843,m-003,54,6,683.47,113.91,27.64,409.29,5,1,245,38.2,0.5,0.0,AT_RISK,40.16,TRAIN
cust-02844,m-003,39,6,2460.6,410.1,55.28,636.95,4,1,356,63.4,0.5,0.5,AT_RISK,8.19,TRAIN
cust-02845,m-003,22,8,1386.31,173.29,32.96,409.29,6,1,361,48.4,0.5,0.625,REGULAR,4.56,TEST
cust-02846,m-003,12,9,3017.85,335.32,97.44,938.52,5,1,347,41.9,0.444,0.556,REGULAR,2.59,TRAIN
cust-02847,m-003,59,7,2377.92,339.7,32.96,625.68,6,1,352,48.8,0.143,0.286,AT_RISK,27.84,TRAIN
cust-02848,m-003,39,5,345.81,69.16,27.64,97.44,4,1,358,79.8,0.4,0.2,AT_RISK,8.15,TRAIN
cust-02849,m-003,46,9,3956.76,439.64,110.56,938.52,4,1,333,35.9,0.667,0.222,AT_RISK,25.48,TEST
cust-02850,m-003,49,7,3170.25,452.89,64.31,818.58,4,1,350,50.2,0.286,0.429,AT_RISK,10.47,TEST
cust-02851,m-003,112,9,1879.02,208.78,57.37,625.68,6,1,354,30.2,0.444,0.222,INACTIVE,100.0,TRAIN
cust-02852,m-003,110,2,723.12,361.56,97.44,625.68,2,1,192,82.0,0.5,0.5,INACTIVE,84.75,TRAIN
cust-02853,m-003,1,5,1727.43,345.49,93.99,660.98,5,1,253,63.0,0.0,0.8,REGULAR,0.3,VALIDATION
cust-02854,m-003,37,10,3198.9,319.89,27.64,938.52,7,1,302,29.4,0.3,0.2,AT_RISK,20.56,TRAIN
cust-02855,m-003,1,6,1722.56,287.09,57.37,660.98,5,1,327,65.2,0.5,0.5,REGULAR,0.23,TRAIN
cust-02856,m-003,18,7,1272.91,181.84,27.64,498.0,6,1,176,26.3,0.286,0.429,REGULAR,7.63,TRAIN
cust-02857,m-003,2,10,3084.09,308.41,27.64,818.58,7,1,354,39.1,0.4,0.4,REGULAR,0.42,VALIDATION
cust-02858,m-003,83,8,2884.51,360.56,65.92,991.47,6,1,223,20.0,0.5,0.125,INACTIVE,100.0,TRAIN
cust-02859,m-003,54,2,283.29,141.65,32.96,250.33,2,1,121,67.0,0.5,0.0,NEW,33.2,TRAIN
cust-02860,m-003,74,6,1569.53,261.59,27.64,636.95,6,1,343,53.8,0.5,0.333,INACTIVE,46.43,TRAIN
cust-02861,m-003,57,12,3641.03,303.42,55.28,818.58,8,1,364,27.9,0.417,0.083,AT_RISK,55.36,TRAIN
cust-02862,m-003,99,6,766.12,127.69,27.64,409.29,5,1,232,26.6,0.167,0.333,INACTIVE,100.0,TRAIN
cust-02863,m-003,131,5,1878.97,375.79,32.96,1251.36,4,1,257,31.5,0.8,0.4,INACTIVE,100.0,TRAIN
cust-02864,m-003,33,5,1192.01,238.4,55.28,625.68,5,1,343,77.5,0.4,0.8,AT_RISK,7.19,VALIDATION
cust-02865,m-003,114,3,1241.12,413.71,194.88,636.95,3,1,328,107.0,0.0,0.667,INACTIVE,36.49,TRAIN
cust-02866,m-003,10,11,23573.36,2143.03,57.37,20464.5,7,1,340,33.0,0.091,0.182,REGULAR,2.2,TRAIN
cust-02867,m-003,18,8,1559.34,194.92,27.64,409.29,6,1,362,49.1,0.625,0.625,REGULAR,3.72,TEST
cust-02868,m-003,8,12,5620.18,468.35,32.96,1321.96,10,1,360,32.0,0.417,0.5,REGULAR,1.66,TRAIN
cust-02869,m-003,25,6,2620.1,436.68,65.92,818.58,6,1,277,50.4,0.667,0.0,REGULAR,6.74,TRAIN
cust-02870,m-003,145,4,2110.17,527.54,57.37,1227.87,4,1,354,69.7,0.5,0.5,INACTIVE,100.0,TEST
cust-02871,m-003,59,8,2087.3,260.91,27.64,818.58,5,1,361,43.1,0.625,0.125,AT_RISK,36.07,TRAIN
cust-02872,m-003,42,10,3033.81,303.38,32.96,1273.9,5,1,308,29.6,0.3,0.2,AT_RISK,28.79,TEST
cust-02873,m-003,36,8,2823.38,352.92,27.64,1637.16,7,1,277,34.4,0.375,0.25,AT_RISK,12.11,TEST
cust-02874,m-003,38,8,3923.58,490.45,98.88,1910.85,5,1,362,46.3,0.375,0.25,AT_RISK,7.85,TRAIN
cust-02875,m-003,17,9,3638.92,404.32,93.99,818.58,5,1,291,34.2,0.222,0.111,REGULAR,4.37,TRAIN
cust-02876,m-003,11,7,2523.81,360.54,27.64,1273.9,6,1,321,51.7,0.429,0.429,REGULAR,2.56,VALIDATION
cust-02877,m-003,29,11,2567.53,233.41,32.96,818.58,7,1,326,29.7,0.273,0.273,REGULAR,6.65,TRAIN
cust-02878,m-003,45,7,2428.24,346.89,55.28,938.52,5,1,332,47.8,0.429,0.143,AT_RISK,10.14,TRAIN
cust-02879,m-003,5,10,2710.34,271.03,55.28,818.58,6,1,337,36.9,0.4,0.5,REGULAR,1.11,TEST
cust-02880,m-003,108,7,2824.03,403.43,64.31,664.0,6,1,355,41.2,0.286,0.286,INACTIVE,100.0,TRAIN
cust-02881,m-003,104,6,1453.7,242.28,27.64,625.68,5,1,338,46.8,0.167,0.5,INACTIVE,100.0,TRAIN
cust-02882,m-003,16,7,2908.84,415.55,32.96,818.58,5,1,331,52.5,0.429,0.286,REGULAR,3.61,TRAIN
cust-02883,m-003,35,4,837.05,209.26,32.96,409.29,4,1,246,70.3,0.0,1.0,AT_RISK,10.63,TRAIN
cust-02884,m-003,22,14,4990.96,356.5,27.64,938.52,8,1,364,26.3,0.286,0.357,REGULAR,4.52,TRAIN
cust-02885,m-003,8,12,4053.04,337.75,57.37,818.58,8,1,335,29.7,0.333,0.167,REGULAR,1.79,TRAIN
cust-02886,m-003,20,4,906.77,226.69,97.44,330.49,4,1,117,32.3,0.75,0.5,REGULAR,12.71,TRAIN
cust-02887,m-003,14,5,1833.37,366.67,131.84,938.52,3,1,250,59.0,0.2,0.4,REGULAR,4.18,TRAIN
cust-02888,m-003,46,7,1378.18,196.88,27.64,409.29,6,1,350,50.7,0.429,0.429,AT_RISK,9.83,TRAIN
cust-02889,m-003,41,10,4797.75,479.78,55.28,2547.8,6,1,330,32.1,0.4,0.3,AT_RISK,22.64,TRAIN
cust-02890,m-003,114,4,615.56,153.89,57.37,312.84,3,1,352,79.3,0.0,0.25,INACTIVE,76.27,VALIDATION
cust-02891,m-003,28,3,1380.77,460.26,32.96,938.52,3,1,321,146.5,0.0,0.333,NEW,6.52,TRAIN
cust-02892,m-003,19,4,900.22,225.06,32.96,636.95,4,1,308,96.3,0.25,0.25,REGULAR,4.61,TEST
cust-02893,m-003,0,6,1929.21,321.54,57.37,625.68,3,1,266,53.2,0.333,0.5,REGULAR,0.0,TRAIN
cust-02894,m-003,70,8,3085.88,385.73,27.64,1227.87,7,1,341,38.7,0.375,0.5,INACTIVE,62.3,TRAIN
cust-02895,m-003,27,7,1801.0,257.29,32.96,750.99,6,1,344,52.8,0.429,0.571,REGULAR,5.87,TRAIN
cust-02896,m-003,13,14,5496.79,392.63,27.64,1227.87,9,1,330,24.4,0.5,0.214,REGULAR,2.95,TRAIN
cust-02897,m-003,43,4,690.58,172.64,57.37,330.49,3,1,353,103.3,0.25,0.25,AT_RISK,9.11,TEST
cust-02898,m-003,26,7,4700.39,671.48,27.64,2547.8,6,1,343,52.8,0.286,0.429,REGULAR,5.67,TRAIN
cust-02899,m-003,42,9,3422.7,380.3,55.28,1227.87,7,1,295,31.6,0.333,0.444,AT_RISK,26.24,TEST
cust-02900,m-003,7,9,2153.82,239.31,57.37,498.0,6,1,305,37.2,0.556,0.333,REGULAR,1.72,TRAIN
cust-02901,m-003,1,6,1698.89,283.15,64.31,636.95,4,1,222,44.2,0.333,0.167,REGULAR,0.34,TRAIN
cust-02902,m-003,46,13,5873.37,451.8,64.31,1273.9,8,1,349,25.2,0.308,0.308,AT_RISK,41.06,TRAIN
cust-02903,m-003,14,8,8753.39,1094.17,55.28,5398.43,7,1,349,47.9,0.375,0.25,REGULAR,3.0,TRAIN
cust-02904,m-003,26,9,3372.72,374.75,27.64,938.52,7,1,336,38.8,0.556,0.111,REGULAR,5.79,TRAIN
cust-02905,m-003,44,5,1641.58,328.32,128.62,636.95,4,1,343,74.8,0.2,0.4,AT_RISK,9.59,TRAIN
cust-02906,m-003,11,7,2949.49,421.36,57.37,1227.87,5,1,237,37.7,0.429,0.0,REGULAR,3.47,TRAIN
cust-02907,m-003,225,3,909.95,303.32,250.33,409.29,2,1,315,45.0,0.0,0.333,INACTIVE,100.0,TRAIN
cust-02908,m-003,24,16,6101.64,381.35,32.96,1273.9,10,1,349,21.7,0.25,0.375,REGULAR,8.59,TRAIN
cust-02909,m-003,50,2,949.79,474.9,312.84,636.95,2,1,149,99.0,0.0,0.0,NEW,25.0,TRAIN
cust-02910,m-003,16,9,2569.72,285.52,27.64,938.52,6,1,337,40.1,0.222,0.444,REGULAR,3.55,TRAIN
cust-02911,m-003,5,8,2363.11,295.39,57.37,1227.87,5,1,357,50.3,0.25,0.125,REGULAR,1.05,TRAIN
cust-02912,m-003,26,5,1736.1,347.22,27.64,991.47,5,1,348,80.5,0.4,0.2,REGULAR,5.59,TEST
cust-02913,m-003,24,4,1477.22,369.3,32.96,818.58,3,1,177,51.0,0.0,0.0,REGULAR,10.11,TRAIN
cust-02914,m-003,100,5,1236.34,247.27,55.28,636.95,5,1,288,47.0,0.4,0.6,INACTIVE,100.0,TRAIN
cust-02915,m-003,3,14,3394.27,242.45,32.96,1227.87,6,1,337,25.7,0.214,0.214,REGULAR,0.67,TEST
cust-02916,m-003,9,6,1435.36,239.23,27.64,750.99,4,1,340,66.2,0.333,0.167,REGULAR,1.98,TRAIN
cust-02917,m-003,67,5,2750.31,550.06,55.28,1910.85,3,1,277,52.5,0.6,0.4,INACTIVE,39.83,TRAIN
cust-02918,m-003,9,8,2934.24,366.78,93.99,938.52,6,1,363,50.6,0.125,0.375,REGULAR,1.85,TRAIN
cust-02919,m-003,18,5,2513.11,502.62,57.37,1227.87,2,1,282,66.0,0.4,0.4,REGULAR,4.77,TRAIN
cust-02920,m-003,105,8,1042.14,130.27,27.64,500.66,4,1,275,24.3,0.25,0.375,INACTIVE,100.0,TRAIN
cust-02921,m-003,33,8,4099.88,512.48,32.96,1251.36,5,1,353,45.7,0.25,0.5,AT_RISK,6.99,VALIDATION
cust-02922,m-003,210,3,159.91,53.3,32.96,93.99,2,1,231,10.5,0.0,0.333,INACTIVE,100.0,TRAIN
cust-02923,m-003,33,4,1480.75,370.19,32.96,636.95,4,1,350,105.7,0.5,0.25,AT_RISK,7.05,TRAIN
cust-02924,m-003,8,9,3376.41,375.16,27.64,938.52,8,1,362,44.2,0.444,0.111,REGULAR,1.65,TEST
cust-02925,m-003,58,9,2956.66,328.52,32.96,818.58,5,1,355,37.1,0.333,0.556,AT_RISK,43.57,TRAIN
cust-02926,m-003,100,5,1495.97,299.19,57.37,660.98,3,1,326,56.5,0.4,0.8,INACTIVE,88.19,TRAIN
cust-02927,m-003,32,12,3355.82,279.65,27.64,660.98,6,1,295,23.9,0.333,0.25,AT_RISK,20.26,TRAIN
cust-02928,m-003,34,7,1363.41,194.77,32.96,330.49,5,1,249,35.8,0.286,0.571,AT_RISK,10.2,TRAIN
cust-02929,m-003,33,6,1900.83,316.8,57.37,664.0,4,1,301,53.6,0.5,0.5,AT_RISK,8.2,TRAIN
cust-02930,m-003,19,7,3275.31,467.9,97.44,818.58,3,1,351,55.3,0.429,0.429,REGULAR,4.05,TRAIN
cust-02931,m-003,7,5,446.79,89.36,32.96,194.88,4,1,341,83.5,0.2,0.2,REGULAR,1.54,TRAIN
cust-02932,m-003,138,3,1463.93,487.98,166.0,660.98,3,1,352,107.0,0.333,0.333,INACTIVE,75.82,TEST
cust-02933,m-003,77,7,4216.81,602.4,97.44,1910.85,6,1,337,43.3,0.143,0.143,INACTIVE,67.64,TRAIN
cust-02934,m-003,121,4,765.17,191.29,27.64,389.76,3,1,292,57.0,0.25,0.25,INACTIVE,100.0,TRAIN
cust-02935,m-003,90,4,857.51,214.38,57.37,636.95,4,1,315,75.0,0.5,0.0,INACTIVE,43.86,TRAIN
cust-02936,m-003,14,7,3988.33,569.76,57.37,1637.16,5,1,354,56.7,0.429,0.429,REGULAR,2.96,TRAIN
cust-02937,m-003,32,8,1977.13,247.14,64.31,636.95,5,1,320,41.1,0.75,0.375,AT_RISK,7.48,TRAIN
cust-02938,m-003,44,5,1673.72,334.74,64.31,636.95,5,1,332,72.0,0.2,0.2,AT_RISK,9.91,TRAIN
cust-02939,m-003,17,5,822.32,164.46,32.96,389.76,5,1,235,54.5,0.2,0.2,REGULAR,5.4,VALIDATION
cust-02940,m-003,137,8,2189.14,273.64,64.31,750.99,6,1,361,32.0,0.375,0.125,INACTIVE,100.0,TRAIN
cust-02941,m-003,4,4,2929.66,732.42,330.49,1251.36,3,1,313,103.0,0.75,0.25,REGULAR,0.96,TRAIN
cust-02942,m-003,12,7,2947.09,421.01,131.84,660.98,6,1,317,50.8,0.286,0.286,REGULAR,2.83,TRAIN
cust-02943,m-003,31,8,3029.64,378.7,27.64,1637.16,7,1,296,37.9,0.375,0.625,AT_RISK,7.83,TRAIN
cust-02944,m-003,89,5,1135.54,227.11,27.64,409.29,4,1,322,58.2,0.6,0.4,INACTIVE,66.87,TRAIN
cust-02945,m-003,15,8,1018.91,127.36,32.96,332.0,5,1,304,41.3,0.25,0.375,REGULAR,3.69,TRAIN
cust-02946,m-003,21,7,4454.92,636.42,27.64,1910.85,6,1,353,55.3,0.0,0.286,REGULAR,4.45,TRAIN
cust-02947,m-003,110,8,1997.45,249.68,32.96,818.58,7,1,339,32.7,0.375,0.5,INACTIVE,100.0,TEST
cust-02948,m-003,61,6,1864.28,310.71,128.62,636.95,5,1,310,49.8,0.667,0.167,INACTIVE,31.51,VALIDATION
cust-02949,m-003,55,3,425.99,142.0,93.99,166.0,2,1,344,144.5,0.0,0.0,INACTIVE,11.96,TRAIN
cust-02950,m-003,15,6,2105.46,350.91,55.28,818.58,5,1,313,59.6,0.333,0.333,REGULAR,3.58,TRAIN
cust-02951,m-003,38,7,2984.97,426.42,64.31,1251.36,6,1,282,40.7,0.286,0.571,AT_RISK,10.07,TEST
cust-02952,m-003,21,9,3643.39,404.82,57.37,1321.96,5,1,319,37.2,0.556,0.333,REGULAR,4.92,TRAIN
cust-02953,m-003,35,10,1996.76,199.68,93.99,500.66,6,1,306,30.1,0.5,0.2,AT_RISK,15.9,TRAIN
cust-02954,m-003,120,5,1030.97,206.19,32.96,330.49,5,1,328,52.0,0.0,0.4,INACTIVE,100.0,TRAIN
cust-02955,m-003,100,4,2216.46,554.12,55.28,1273.9,3,1,359,86.3,0.0,0.25,INACTIVE,41.38,TRAIN
cust-02956,m-003,55,9,2792.43,310.27,57.37,1227.87,7,1,360,38.1,0.222,0.333,AT_RISK,36.78,TRAIN
cust-02957,m-003,131,4,1084.1,271.03,93.99,409.29,4,1,342,70.3,0.5,0.25,INACTIVE,100.0,VALIDATION
cust-02958,m-003,5,14,3191.99,228.0,32.96,636.95,8,1,340,25.8,0.286,0.5,REGULAR,1.1,TRAIN
cust-02959,m-003,1,10,3534.02,353.4,166.0,636.95,6,1,340,37.7,0.2,0.4,REGULAR,0.22,VALIDATION
cust-02960,m-003,45,5,1425.99,285.2,65.92,636.95,4,1,284,59.8,0.4,0.2,AT_RISK,11.84,VALIDATION
cust-02961,m-003,102,8,1273.85,159.23,32.96,818.58,6,1,344,34.6,0.625,0.625,INACTIVE,100.0,TRAIN
cust-02962,m-003,7,7,2788.6,398.37,27.64,1273.9,5,1,331,54.0,0.286,0.571,REGULAR,1.58,TEST
cust-02963,m-003,10,7,2306.4,329.49,57.37,660.98,6,1,336,54.3,0.429,0.286,REGULAR,2.23,VALIDATION
cust-02964,m-003,24,4,862.1,215.52,64.31,312.84,3,1,267,81.0,0.0,0.0,REGULAR,6.72,TRAIN
cust-02965,m-003,13,2,1053.26,526.63,114.74,938.52,2,1,207,194.0,0.5,0.0,NEW,4.69,VALIDATION
cust-02966,m-003,0,11,2928.85,266.26,32.96,818.58,7,1,298,29.8,0.455,0.182,REGULAR,0.0,TRAIN
cust-02967,m-003,34,4,592.73,148.18,27.64,312.84,4,1,317,94.3,0.0,0.25,AT_RISK,8.02,TRAIN
cust-02968,m-003,4,5,3520.56,704.11,97.44,1637.16,4,1,282,69.5,0.6,0.6,REGULAR,1.06,TEST
cust-02969,m-003,45,6,3881.25,646.88,32.96,2547.8,6,1,253,41.6,0.167,0.167,AT_RISK,18.39,TRAIN
cust-02970,m-003,87,3,1020.48,340.16,64.31,625.68,3,1,172,42.5,0.667,0.667,INACTIVE,100.0,TEST
cust-02971,m-003,8,10,3693.02,369.3,27.64,1273.9,7,1,308,33.3,0.5,0.2,REGULAR,1.94,TRAIN
cust-02972,m-003,58,6,1611.29,268.55,27.64,625.68,5,1,340,56.4,0.5,0.333,AT_RISK,15.16,VALIDATION
cust-02973,m-003,19,8,2965.62,370.7,93.99,1227.87,6,1,362,49.0,0.5,0.25,REGULAR,3.93,TRAIN
cust-02974,m-003,3,12,2802.31,233.53,27.64,636.95,8,1,360,32.5,0.25,0.417,REGULAR,0.62,TRAIN
cust-02975,m-003,24,13,5123.34,394.1,32.96,1227.87,5,1,354,27.5,0.308,0.385,REGULAR,5.07,VALIDATION
cust-02976,m-003,30,10,2325.1,232.51,57.37,500.66,6,1,344,34.9,0.1,0.0,REGULAR,6.52,TEST
cust-02977,m-003,4,9,1998.25,222.03,27.64,409.29,7,1,271,33.4,0.556,0.111,REGULAR,1.1,TEST
cust-02978,m-003,23,3,650.09,216.7,55.28,312.84,3,1,257,117.0,0.333,0.667,NEW,6.69,TRAIN
cust-02979,m-003,16,4,470.71,117.68,27.64,312.84,4,1,88,24.0,0.5,0.75,REGULAR,13.48,VALIDATION
cust-02980,m-003,31,3,1918.74,639.58,312.84,1273.9,3,1,317,143.0,0.333,0.0,NEW,7.31,VALIDATION
cust-02981,m-003,4,9,4815.91,535.1,27.64,1910.85,7,1,362,44.8,0.556,0.444,REGULAR,0.83,TRAIN
cust-02982,m-003,56,10,1975.54,197.55,57.37,636.95,6,1,330,30.4,0.2,0.5,AT_RISK,51.09,TRAIN
cust-02983,m-003,12,4,1903.34,475.84,128.62,1273.9,4,1,355,114.3,0.5,0.0,REGULAR,2.53,TRAIN
cust-02984,m-003,9,7,2005.53,286.5,57.37,625.68,6,1,278,44.8,0.286,0.143,REGULAR,2.42,TEST
cust-02985,m-003,28,9,3938.55,437.62,57.37,1273.9,7,1,348,40.0,0.222,0.333,REGULAR,6.02,TRAIN
cust-02986,m-003,19,9,2657.83,295.31,32.96,660.98,7,1,354,41.9,0.444,0.444,REGULAR,4.01,TRAIN
cust-02987,m-003,2,8,2954.1,369.26,32.96,1321.96,6,1,334,47.4,0.375,0.75,REGULAR,0.45,TRAIN
cust-02988,m-003,27,7,1312.48,187.5,64.31,409.29,6,1,248,36.8,0.286,0.286,REGULAR,8.13,TRAIN
cust-02989,m-003,57,7,1821.16,260.17,27.64,1227.87,6,1,350,48.8,0.286,0.429,AT_RISK,24.48,TRAIN
cust-02990,m-003,10,5,1206.35,241.27,32.96,498.0,5,1,240,57.5,0.0,0.4,REGULAR,3.11,VALIDATION
cust-02991,m-003,21,9,3512.79,390.31,27.64,1273.9,7,1,292,33.9,0.333,0.222,REGULAR,5.38,VALIDATION
cust-02992,m-003,23,8,1826.68,228.34,27.64,818.58,5,1,274,35.9,0.375,0.125,REGULAR,6.27,TRAIN
cust-02993,m-003,87,6,1553.2,258.87,64.31,500.66,6,1,263,35.2,0.333,0.333,INACTIVE,100.0,TRAIN
cust-02994,m-003,11,7,2014.38,287.77,57.37,660.98,6,1,332,53.5,0.429,0.429,REGULAR,2.48,VALIDATION
cust-02995,m-003,25,7,1618.66,231.24,27.64,636.95,6,1,330,50.8,0.286,0.571,REGULAR,5.66,TRAIN
cust-02996,m-003,24,4,491.84,122.96,27.64,312.84,4,1,170,48.7,0.25,0.0,REGULAR,10.53,TRAIN
cust-02997,m-003,13,10,2699.63,269.96,27.64,991.47,8,1,337,36.0,0.2,0.4,REGULAR,2.88,TRAIN
cust-02998,m-003,67,1,409.29,409.29,409.29,409.29,1,1,67,67.0,1.0,0.0,INACTIVE,73.9,TRAIN
cust-02999,m-003,42,9,2732.65,303.63,27.64,1637.16,7,1,289,30.9,0.222,0.444,AT_RISK,27.51,TRAIN
cust-03000,m-003,67,3,1315.67,438.56,64.31,938.52,2,1,304,118.5,0.667,0.333,INACTIVE,16.48,TRAIN
cust-03001,m-003,19,3,836.87,278.96,114.74,409.29,3,1,147,64.0,0.333,0.333,NEW,9.63,TRAIN
cust-03002,m-003,63,11,3556.34,323.3,93.99,1273.9,6,1,362,29.9,0.727,0.364,INACTIVE,62.67,TRAIN
cust-03003,m-003,108,4,2627.84,656.96,57.37,1910.85,4,1,352,81.3,0.0,0.5,INACTIVE,63.0,TRAIN
cust-03004,m-003,103,5,3111.73,622.35,32.96,2547.8,5,1,312,52.2,0.6,0.6,INACTIVE,100.0,TRAIN
cust-03005,m-003,134,6,413.83,68.97,32.96,97.44,4,1,326,38.4,0.333,0.333,INACTIVE,100.0,TEST
cust-03006,m-003,11,9,5119.61,568.85,27.64,1637.16,7,1,261,31.2,0.444,0.111,REGULAR,3.15,TEST
cust-03007,m-003,16,7,2971.0,424.43,93.99,991.47,7,1,330,52.3,0.429,0.143,REGULAR,3.63,TRAIN
cust-03008,m-003,66,8,2194.86,274.36,27.64,1227.87,5,1,338,38.9,0.25,0.0,INACTIVE,55.25,TRAIN
cust-03009,m-003,65,6,2617.21,436.2,27.64,938.52,4,1,238,34.6,0.333,0.167,INACTIVE,66.0,TRAIN
cust-03010,m-003,17,3,497.39,165.8,32.96,292.32,3,1,171,77.0,0.0,0.0,NEW,7.41,TEST
cust-03011,m-003,29,6,4844.87,807.48,32.96,1910.85,6,1,308,55.8,0.167,0.333,REGULAR,7.04,TRAIN
cust-03012,m-003,34,6,3581.96,596.99,27.64,2547.8,5,1,356,64.4,0.5,0.167,AT_RISK,7.14,TRAIN
cust-03013,m-003,24,8,2531.81,316.48,97.44,636.95,6,1,359,47.9,0.25,0.25,REGULAR,5.0,TRAIN
cust-03014,m-003,55,11,3389.21,308.11,27.64,1637.16,7,1,334,27.9,0.273,0.364,AT_RISK,52.96,TRAIN
cust-03015,m-003,17,10,3908.08,390.81,57.37,1251.36,7,1,355,37.6,0.5,0.4,REGULAR,3.58,TRAIN
cust-03016,m-003,25,11,5663.81,514.89,57.37,1910.85,7,1,331,30.6,0.273,0.455,REGULAR,5.65,VALIDATION
cust-03017,m-003,2,7,4869.9,695.7,93.99,1637.16,5,1,331,54.8,0.429,0.143,REGULAR,0.45,TRAIN
cust-03018,m-003,2,7,2369.54,338.51,27.64,991.47,5,1,310,51.3,0.429,0.286,REGULAR,0.48,TRAIN
cust-03019,m-003,0,5,1950.86,390.17,32.96,1637.16,4,1,200,50.0,0.2,0.2,REGULAR,0.0,TRAIN
cust-03020,m-003,19,8,4816.96,602.12,250.33,1251.36,4,1,334,45.0,0.625,0.375,REGULAR,4.25,TRAIN
cust-03021,m-003,61,7,2475.15,353.59,93.99,818.58,5,1,331,45.0,0.429,0.143,INACTIVE,37.78,TEST
cust-03022,m-003,161,2,192.93,96.46,64.31,128.62,1,1,301,140.0,0.0,0.5,INACTIVE,71.48,TRAIN
cust-03023,m-003,1,7,1829.57,261.37,27.64,664.0,5,1,295,49.0,0.143,0.143,REGULAR,0.25,VALIDATION
cust-03024,m-003,14,9,4304.28,478.25,93.99,1321.96,6,1,314,37.5,0.333,0.333,REGULAR,3.33,TRAIN
cust-03025,m-003,11,7,2373.38,339.05,82.92,750.99,6,1,361,58.3,0.429,0.286,REGULAR,2.28,TRAIN
cust-03026,m-003,25,8,3334.92,416.86,57.37,1273.9,6,1,350,46.4,0.25,0.375,REGULAR,5.34,TRAIN
cust-03027,m-003,7,7,2247.38,321.05,27.64,1273.9,5,1,359,58.7,0.286,0.286,REGULAR,1.46,TRAIN
cust-03028,m-003,298,5,1081.02,216.2,93.99,409.29,3,1,351,13.2,0.4,0.6,INACTIVE,100.0,TRAIN
cust-03029,m-003,34,7,2259.13,322.73,32.96,818.58,7,1,322,48.0,0.0,0.429,AT_RISK,7.89,TEST
cust-03030,m-003,11,8,4075.64,509.46,57.37,1637.16,5,1,284,39.0,0.5,0.0,REGULAR,2.89,VALIDATION
cust-03031,m-003,26,6,1044.74,174.12,57.37,409.29,6,1,352,65.2,0.333,0.5,REGULAR,5.52,TEST
cust-03032,m-003,34,6,2440.26,406.71,32.96,1273.9,4,1,305,54.2,0.333,0.5,AT_RISK,8.33,TRAIN
cust-03033,m-003,14,6,3088.24,514.71,27.64,1001.32,5,1,334,64.0,0.333,0.333,REGULAR,3.13,TRAIN
cust-03034,m-003,70,6,2078.47,346.41,32.96,1273.9,5,1,331,52.2,0.5,0.167,INACTIVE,42.51,TRAIN
cust-03035,m-003,95,4,937.95,234.49,128.62,330.49,4,1,297,67.3,0.25,0.75,INACTIVE,65.46,TRAIN
cust-03036,m-003,158,6,2007.56,334.59,64.31,625.68,5,1,335,35.4,0.333,0.0,INACTIVE,100.0,TRAIN
cust-03037,m-003,38,9,1845.17,205.02,27.64,625.68,8,1,256,27.2,0.444,0.333,AT_RISK,27.29,VALIDATION
cust-03038,m-003,30,4,1414.71,353.68,32.96,818.58,4,1,305,91.7,0.5,0.75,REGULAR,7.35,TRAIN
cust-03039,m-003,103,4,1775.14,443.78,27.64,1273.9,4,1,332,76.3,0.5,0.25,INACTIVE,63.25,TRAIN
cust-03040,m-003,67,7,1353.75,193.39,27.64,409.29,5,1,361,49.0,0.571,0.286,INACTIVE,40.88,TRAIN
cust-03041,m-003,0,8,2110.87,263.86,27.64,818.58,6,1,333,47.6,0.875,0.0,REGULAR,0.0,VALIDATION
cust-03042,m-003,137,5,1300.99,260.2,65.92,660.98,3,1,257,30.0,0.6,0.4,INACTIVE,100.0,VALIDATION
cust-03043,m-003,10,4,2039.82,509.96,64.31,1273.9,4,1,268,86.0,0.25,0.5,REGULAR,2.79,TEST
cust-03044,m-003,37,9,2634.14,292.68,27.64,1227.87,6,1,324,35.9,0.444,0.222,AT_RISK,10.19,TRAIN
cust-03045,m-003,15,8,37074.99,4634.37,32.96,34395.3,5,1,359,49.1,0.125,0.25,REGULAR,3.12,TRAIN
cust-03046,m-003,71,5,883.58,176.72,27.64,409.29,5,1,210,34.8,0.2,0.6,INACTIVE,79.54,TRAIN
cust-03047,m-003,23,11,4154.38,377.67,32.96,991.47,7,1,356,33.3,0.364,0.364,REGULAR,4.83,VALIDATION
cust-03048,m-003,27,10,4082.38,408.24,27.64,1273.9,9,1,363,37.3,0.2,0.4,REGULAR,5.56,TRAIN
cust-03049,m-003,84,9,2742.32,304.7,57.37,636.95,7,1,281,24.6,0.222,0.111,INACTIVE,100.0,VALIDATION
cust-03050,m-003,18,13,3903.18,300.24,27.64,1273.9,8,1,354,28.0,0.462,0.154,REGULAR,3.8,TRAIN
cust-03051,m-003,94,7,1884.48,269.21,27.64,1001.32,5,1,340,41.0,0.286,0.286,INACTIVE,100.0,TRAIN
cust-03052,m-003,8,3,1825.8,608.6,250.33,938.52,3,1,154,73.0,0.0,0.667,NEW,3.87,TEST
cust-03053,m-003,111,7,2051.79,293.11,57.37,664.0,6,1,337,37.7,0.571,0.143,INACTIVE,100.0,VALIDATION
cust-03054,m-003,32,4,218.95,54.74,32.96,64.31,3,1,328,98.7,0.25,0.25,AT_RISK,7.29,TRAIN
cust-03055,m-003,26,13,4524.64,348.05,27.64,1273.9,9,1,364,28.2,0.462,0.462,REGULAR,5.34,TEST
cust-03056,m-003,35,13,2576.03,198.16,32.96,409.29,8,1,341,25.5,0.462,0.154,AT_RISK,21.93,TRAIN
cust-03057,m-003,0,7,3491.16,498.74,57.37,1251.36,6,1,300,50.0,0.429,0.286,REGULAR,0.0,TEST
cust-03058,m-003,19,7,3492.93,498.99,27.64,2547.8,6,1,346,54.5,0.429,0.571,REGULAR,4.11,TRAIN
cust-03059,m-003,79,7,1252.1,178.87,27.64,625.68,6,1,294,35.8,0.286,0.429,INACTIVE,84.88,TRAIN
cust-03060,m-003,33,5,1020.51,204.1,32.96,330.49,4,1,338,76.2,0.6,0.0,AT_RISK,7.3,TRAIN
cust-03061,m-003,14,6,683.27,113.88,32.96,330.49,3,1,339,65.0,0.333,0.0,REGULAR,3.09,TRAIN
cust-03062,m-003,28,5,808.13,161.63,27.64,312.84,4,1,363,83.8,0.4,0.2,REGULAR,5.77,VALIDATION
cust-03063,m-003,7,6,1637.98,273.0,32.96,409.29,4,1,119,22.4,0.167,0.5,REGULAR,4.38,VALIDATION
cust-03064,m-003,41,3,2186.47,728.82,93.99,1273.9,3,1,297,128.0,0.333,0.333,NEW,10.32,TRAIN
cust-03065,m-003,75,7,2372.63,338.95,27.64,818.58,3,1,330,42.5,0.857,0.286,INACTIVE,65.74,TRAIN
cust-03066,m-003,9,6,1229.9,204.98,57.37,312.84,5,1,346,67.4,0.5,0.667,REGULAR,1.95,TRAIN
cust-03067,m-003,21,15,6345.63,423.04,32.96,1637.16,10,1,338,22.6,0.333,0.4,REGULAR,4.65,TRAIN
cust-03068,m-003,82,8,1561.24,195.16,27.64,938.52,6,1,355,39.0,0.5,0.125,INACTIVE,81.78,TEST
cust-03069,m-003,17,5,1970.82,394.16,27.64,1273.9,5,1,353,84.0,0.0,0.2,REGULAR,3.6,TRAIN
cust-03070,m-003,47,7,1743.57,249.08,55.28,636.95,6,1,352,50.8,0.143,0.286,AT_RISK,9.99,TRAIN
cust-03071,m-003,44,5,1223.37,244.67,27.64,409.29,4,1,362,79.5,0.2,0.2,AT_RISK,9.09,TRAIN
cust-03072,m-003,10,7,2330.07,332.87,32.96,1227.87,7,1,299,48.2,0.143,0.714,REGULAR,2.5,TRAIN
cust-03073,m-003,47,4,1019.26,254.82,27.64,409.29,4,1,279,77.3,0.25,0.25,AT_RISK,12.59,TEST
cust-03074,m-003,28,11,4152.5,377.5,27.64,1227.87,7,1,356,32.8,0.0,0.182,REGULAR,5.88,TEST
cust-03075,m-003,61,6,1863.54,310.59,57.37,636.95,6,1,330,53.8,0.333,0.0,INACTIVE,24.62,TRAIN
cust-03076,m-003,29,9,3305.78,367.31,27.64,991.47,5,1,351,40.2,0.222,0.556,REGULAR,6.18,TRAIN
cust-03077,m-003,198,6,2046.95,341.16,27.64,636.95,4,1,363,33.0,0.333,0.167,INACTIVE,100.0,TRAIN
cust-03078,m-003,23,12,3769.79,314.15,32.96,1001.32,9,1,336,28.5,0.167,0.333,REGULAR,5.12,TRAIN
cust-03079,m-003,32,8,3076.72,384.59,27.64,1637.16,8,1,328,42.3,0.25,0.125,AT_RISK,7.29,TRAIN
cust-03080,m-003,2,13,2867.39,220.57,27.64,818.58,7,1,342,28.3,0.231,0.308,REGULAR,0.44,TRAIN
cust-03081,m-003,11,3,1166.35,388.78,97.44,818.58,3,1,354,171.5,1.0,0.333,NEW,2.32,TRAIN
cust-03082,m-003,33,8,3580.1,447.51,27.64,991.47,6,1,331,42.6,0.375,0.125,AT_RISK,7.45,VALIDATION
cust-03083,m-003,132,7,1982.77,283.25,32.96,1001.32,5,1,360,38.0,0.286,0.429,INACTIVE,100.0,TRAIN
cust-03084,m-003,86,9,4090.21,454.47,57.37,1321.96,6,1,357,33.9,0.222,0.222,INACTIVE,96.17,VALIDATION
cust-03085,m-003,55,9,2322.67,258.07,27.64,938.52,6,1,337,35.2,0.222,0.111,AT_RISK,41.9,VALIDATION
cust-03086,m-003,0,7,1893.0,270.43,27.64,660.98,7,1,324,54.0,0.143,0.286,REGULAR,0.0,TRAIN
cust-03087,m-003,5,4,1010.01,252.5,93.99,409.29,3,1,153,49.3,0.25,0.75,REGULAR,2.44,TEST
cust-03088,m-003,2,9,1852.64,205.85,27.64,636.95,7,1,364,45.2,0.333,0.333,REGULAR,0.41,TRAIN
cust-03089,m-003,46,14,7252.05,518.0,65.92,1910.85,9,1,360,24.2,0.286,0.429,AT_RISK,42.26,VALIDATION
cust-03090,m-003,16,8,2182.09,272.76,57.37,660.98,5,1,358,48.9,0.125,0.375,REGULAR,3.34,TRAIN
cust-03091,m-003,12,7,1604.0,229.14,64.31,409.29,5,1,359,57.8,0.286,0.143,REGULAR,2.5,TRAIN
cust-03092,m-003,60,10,1924.21,192.42,27.64,636.95,8,1,304,27.1,0.2,0.3,AT_RISK,64.1,TRAIN
cust-03093,m-003,41,5,1124.51,224.9,57.37,312.84,3,1,299,64.5,0.4,0.2,AT_RISK,10.25,TRAIN
cust-03094,m-003,23,5,2110.77,422.15,114.74,636.95,4,1,317,73.5,0.4,0.0,REGULAR,5.42,TEST
cust-03095,m-003,20,8,4773.05,596.63,98.88,1273.9,6,1,343,46.1,0.375,0.25,REGULAR,4.36,TRAIN
cust-03096,m-003,29,7,2300.98,328.71,55.28,636.95,7,1,316,47.8,0.429,0.571,REGULAR,6.86,TRAIN
cust-03097,m-003,16,7,1247.84,178.26,57.37,409.29,6,1,270,42.3,0.286,0.286,REGULAR,4.43,TRAIN
cust-03098,m-003,7,9,1791.43,199.05,32.96,636.95,7,1,282,34.4,0.0,0.333,REGULAR,1.86,VALIDATION
cust-03099,m-003,92,8,2236.76,279.6,32.96,818.58,6,1,339,35.3,0.25,0.5,INACTIVE,100.0,TRAIN
cust-03100,m-003,4,7,2057.37,293.91,27.64,660.98,5,1,312,51.3,0.429,0.0,REGULAR,0.96,TEST
cust-03101,m-003,123,4,567.33,141.83,27.64,409.29,4,1,254,43.7,0.25,0.5,INACTIVE,100.0,TRAIN
cust-03102,m-003,89,6,1472.42,245.4,64.31,409.29,5,1,315,45.2,0.333,0.5,INACTIVE,86.82,TRAIN
cust-03103,m-003,5,6,1407.26,234.54,32.96,500.66,6,1,330,65.0,0.5,0.5,REGULAR,1.13,TRAIN
cust-03104,m-003,0,15,3898.92,259.93,27.64,636.95,9,1,344,24.6,0.533,0.267,LOYAL,0.0,TRAIN
cust-03105,m-003,215,5,1601.59,320.32,32.96,660.98,4,1,350,33.8,0.2,0.0,INACTIVE,100.0,TEST
cust-03106,m-003,25,8,1574.02,196.75,57.37,409.29,6,1,338,44.7,0.375,0.25,REGULAR,5.53,TRAIN
cust-03107,m-003,3,6,2166.39,361.06,312.84,409.29,2,1,276,54.6,0.333,0.0,REGULAR,0.81,TRAIN
cust-03108,m-003,12,15,4599.16,306.61,27.64,1273.9,9,1,335,23.1,0.667,0.267,LOYAL,2.68,TRAIN
cust-03109,m-003,60,9,2286.34,254.04,32.96,750.99,7,1,337,34.6,0.667,0.444,AT_RISK,51.41,TEST
cust-03110,m-003,112,6,913.49,152.25,32.96,312.84,6,1,350,47.6,0.167,0.0,INACTIVE,100.0,TRAIN
cust-03111,m-003,7,6,1576.75,262.79,65.92,818.58,5,1,181,34.8,0.167,0.333,REGULAR,2.88,TRAIN
cust-03112,m-003,170,2,179.05,89.52,64.31,114.74,2,1,362,192.0,0.5,0.5,INACTIVE,35.12,TRAIN
cust-03113,m-003,28,8,3242.48,405.31,97.44,818.58,5,1,277,35.6,0.75,0.25,REGULAR,7.55,TRAIN
cust-03114,m-003,14,5,1058.15,211.63,55.28,409.29,5,1,342,82.0,0.2,0.4,REGULAR,3.06,TRAIN
cust-03115,m-003,12,9,4237.6,470.84,82.92,1273.9,5,1,297,35.6,0.333,0.444,REGULAR,3.02,TRAIN
cust-03116,m-003,64,10,3744.14,374.41,32.96,1251.36,6,1,300,26.2,0.1,0.3,INACTIVE,72.65,TRAIN
cust-03117,m-003,11,6,2564.84,427.47,64.31,991.47,5,1,351,68.0,0.5,0.0,REGULAR,2.34,TRAIN
cust-03118,m-003,12,7,2721.92,388.85,64.31,1273.9,5,1,363,58.5,0.429,0.143,REGULAR,2.47,TEST
cust-03119,m-003,17,9,4489.46,498.83,97.44,1251.36,5,1,353,42.0,0.333,0.444,REGULAR,3.6,TRAIN
cust-03120,m-003,53,8,1877.61,234.7,27.64,1251.36,5,1,347,42.0,0.5,0.375,AT_RISK,27.92,TRAIN
cust-03121,m-003,11,10,3781.61,378.16,32.96,1251.36,8,1,348,37.4,0.6,0.4,REGULAR,2.36,TRAIN
cust-03122,m-003,39,5,4018.11,803.62,166.0,1910.85,4,1,346,76.8,0.4,0.2,AT_RISK,8.43,TRAIN
cust-03123,m-003,11,9,2284.41,253.82,57.37,500.66,5,1,346,41.9,0.333,0.111,REGULAR,2.38,TRAIN
cust-03124,m-003,193,5,1420.66,284.13,55.28,660.98,5,1,351,39.5,0.8,0.6,INACTIVE,100.0,TRAIN
cust-03125,m-003,3,5,1666.18,333.24,93.99,818.58,3,1,266,65.8,0.4,0.6,REGULAR,0.84,TEST
cust-03126,m-003,28,7,1810.16,258.59,32.96,409.29,4,1,334,51.0,0.429,0.429,REGULAR,6.27,TRAIN
cust-03127,m-003,3,11,4857.68,441.61,27.64,1273.9,8,1,360,35.7,0.091,0.455,REGULAR,0.62,TRAIN
cust-03128,m-003,39,4,409.81,102.45,27.64,250.33,3,1,282,81.0,0.5,0.5,AT_RISK,10.34,TRAIN
cust-03129,m-003,49,7,4102.99,586.14,27.64,1910.85,6,1,351,50.3,0.143,0.286,AT_RISK,10.44,TRAIN
cust-03130,m-003,32,11,4315.31,392.3,27.64,1251.36,8,1,340,30.8,0.545,0.273,AT_RISK,8.84,TRAIN
cust-03131,m-003,35,4,838.01,209.5,32.96,409.29,4,1,289,84.7,0.0,0.0,AT_RISK,9.05,TRAIN
cust-03132,m-003,39,9,2672.76,296.97,27.64,1273.9,7,1,331,36.5,0.111,0.333,AT_RISK,12.56,TRAIN
cust-03133,m-003,20,10,4245.47,424.55,27.64,1227.87,5,1,295,30.6,0.4,0.1,REGULAR,5.07,TRAIN
cust-03134,m-003,55,8,1939.77,242.47,32.96,636.95,6,1,333,39.7,0.5,0.375,AT_RISK,35.3,TRAIN
cust-03135,m-003,63,13,4789.98,368.46,57.37,991.47,8,1,349,23.8,0.077,0.385,INACTIVE,72.3,TRAIN
cust-03136,m-003,53,5,2665.74,533.15,64.31,1910.85,5,1,332,69.8,0.2,0.4,AT_RISK,11.94,TRAIN
cust-03137,m-003,12,10,3029.14,302.91,64.31,1227.87,6,1,361,38.8,0.3,0.5,REGULAR,2.49,TRAIN
cust-03138,m-003,4,7,2561.61,365.94,55.28,938.52,6,1,299,49.2,0.429,0.286,REGULAR,1.0,VALIDATION
cust-03139,m-003,34,10,5008.28,500.83,64.31,938.52,5,1,354,35.6,0.5,0.2,AT_RISK,7.18,VALIDATION
cust-03140,m-003,60,8,2286.07,285.76,32.96,818.58,7,1,342,40.3,0.5,0.0,AT_RISK,42.67,TRAIN
cust-03141,m-003,48,8,6054.08,756.76,27.64,1637.16,4,1,348,42.9,0.5,0.125,AT_RISK,17.97,TRAIN
cust-03142,m-003,105,7,1847.21,263.89,93.99,636.95,6,1,335,38.3,0.143,0.571,INACTIVE,100.0,TEST
cust-03143,m-003,102,8,2218.11,277.26,32.96,636.95,7,1,346,34.9,0.375,0.25,INACTIVE,100.0,TRAIN
cust-03144,m-003,12,7,2645.49,377.93,27.64,1273.9,5,1,345,55.5,0.286,0.571,REGULAR,2.6,TRAIN
cust-03145,m-003,27,10,3957.52,395.75,27.64,938.52,6,1,344,35.2,0.3,0.3,REGULAR,5.87,VALIDATION
cust-03146,m-003,10,7,2732.91,390.42,93.99,660.98,6,1,363,58.8,0.143,0.429,REGULAR,2.06,TRAIN
cust-03147,m-003,10,12,2131.27,177.61,27.64,409.29,8,1,333,29.4,0.333,0.5,REGULAR,2.25,TRAIN
cust-03148,m-003,10,10,2491.68,249.17,32.96,664.0,8,1,362,39.1,0.3,0.3,REGULAR,2.07,TEST
cust-03149,m-003,44,5,2550.53,510.11,57.37,991.47,4,1,327,70.8,0.6,0.2,AT_RISK,10.06,TRAIN
cust-03150,m-003,48,2,1314.16,657.08,312.84,1001.32,2,1,129,81.0,0.0,0.5,NEW,27.69,TRAIN
cust-03151,m-003,27,8,1469.81,183.73,27.64,409.29,8,1,346,45.6,0.5,0.5,REGULAR,5.84,TRAIN
cust-03152,m-003,18,4,782.63,195.66,93.99,250.33,2,1,344,108.7,0.5,0.25,REGULAR,3.91,TRAIN
cust-03153,m-003,46,7,2306.17,329.45,97.44,818.58,6,1,340,49.0,0.429,0.143,AT_RISK,10.12,TEST
cust-03154,m-003,69,4,647.85,161.96,57.37,330.49,4,1,229,53.3,0.25,0.0,INACTIVE,46.05,TRAIN
cust-03155,m-003,25,5,2754.02,550.8,57.37,1273.9,4,1,247,55.5,0.4,0.0,REGULAR,7.56,TRAIN
cust-03156,m-003,45,6,1883.38,313.9,64.31,818.58,6,1,356,62.2,0.0,0.333,AT_RISK,9.45,TEST
cust-03157,m-003,25,5,1867.89,373.58,27.64,660.98,5,1,326,75.2,0.6,0.2,REGULAR,5.73,TRAIN
cust-03158,m-003,27,9,3686.04,409.56,57.37,1273.9,7,1,341,39.2,0.556,0.333,REGULAR,5.92,TEST
cust-03159,m-003,3,12,1643.23,136.94,57.37,409.29,7,1,354,31.9,0.583,0.5,REGULAR,0.63,TRAIN
cust-03160,m-003,34,5,1766.65,353.33,57.37,750.99,4,1,318,71.0,0.4,0.2,AT_RISK,7.99,TRAIN
cust-03161,m-003,25,7,1180.82,168.69,93.99,250.33,5,1,338,52.2,0.143,0.0,REGULAR,5.53,TRAIN
cust-03162,m-003,117,3,542.65,180.88,97.44,250.33,2,1,341,112.0,0.667,0.333,INACTIVE,33.16,TRAIN
cust-03163,m-003,348,2,858.88,429.44,194.88,664.0,2,1,364,16.0,0.5,0.0,INACTIVE,100.0,TRAIN
cust-03164,m-003,85,8,2643.88,330.48,64.31,818.58,6,1,340,36.4,0.375,0.125,INACTIVE,91.6,TRAIN
cust-03165,m-003,17,5,2964.46,592.89,97.44,1910.85,4,1,300,70.8,0.4,0.4,REGULAR,4.24,TRAIN
cust-03166,m-003,26,8,2222.9,277.86,57.37,636.95,4,1,334,44.0,0.5,0.25,REGULAR,5.82,TRAIN
cust-03167,m-003,1,8,2510.64,313.83,57.37,991.47,5,1,279,39.7,0.125,0.375,REGULAR,0.27,TRAIN
cust-03168,m-003,23,5,1767.58,353.52,32.96,1273.9,4,1,159,34.0,0.2,0.4,REGULAR,10.78,TRAIN
cust-03169,m-003,1,11,2813.0,255.73,27.64,938.52,7,1,357,35.6,0.273,0.273,REGULAR,0.21,TRAIN
cust-03170,m-003,16,3,405.14,135.05,57.37,250.33,3,1,299,141.5,0.333,0.0,NEW,4.0,TRAIN
cust-03171,m-003,62,8,2361.54,295.19,57.37,818.58,6,1,286,32.0,0.25,0.375,INACTIVE,61.2,TEST
cust-03172,m-003,173,5,1794.13,358.83,27.64,636.95,5,1,322,37.2,0.6,0.4,INACTIVE,100.0,TRAIN
cust-03173,m-003,27,12,5839.31,486.61,32.96,1637.16,8,1,278,22.8,0.25,0.417,REGULAR,13.56,TRAIN
cust-03174,m-003,14,8,3671.29,458.91,27.64,1910.85,7,1,316,43.1,0.375,0.375,REGULAR,3.31,VALIDATION
cust-03175,m-003,159,6,4543.2,757.2,32.96,2720.11,5,1,349,38.0,0.5,0.167,INACTIVE,100.0,VALIDATION
cust-03176,m-003,74,3,970.0,323.33,93.99,625.68,3,1,178,52.0,0.333,0.0,INACTIVE,64.01,TRAIN
cust-03177,m-003,102,3,258.85,86.28,64.31,128.62,2,1,182,40.0,0.333,0.333,INACTIVE,100.0,TRAIN
cust-03178,m-003,24,3,1182.9,394.3,93.99,991.47,3,1,235,105.5,0.667,0.333,NEW,7.63,TEST
cust-03179,m-003,1,3,741.29,247.1,166.0,409.29,2,1,343,171.0,0.333,0.333,NEW,0.22,VALIDATION
cust-03180,m-003,74,5,1502.56,300.51,27.64,500.66,4,1,347,68.2,0.8,0.0,INACTIVE,24.65,VALIDATION
cust-03181,m-003,114,5,1577.64,315.53,97.44,625.68,5,1,291,44.2,0.2,0.6,INACTIVE,100.0,TRAIN
cust-03182,m-003,17,8,2862.54,357.82,32.96,991.47,7,1,337,45.7,0.5,0.25,REGULAR,3.77,TRAIN
cust-03183,m-003,1,11,5517.51,501.59,64.31,1273.9,6,1,318,31.7,0.364,0.091,REGULAR,0.24,TRAIN
cust-03184,m-003,20,12,7839.7,653.31,32.96,1637.16,7,1,353,30.3,0.5,0.25,REGULAR,4.24,TRAIN
cust-03185,m-003,31,6,1033.09,172.18,32.96,409.29,5,1,326,59.0,0.5,0.0,AT_RISK,7.11,TRAIN
cust-03186,m-003,50,10,6351.84,635.18,64.31,2547.8,6,1,329,31.0,0.2,0.4,AT_RISK,39.86,TRAIN
cust-03187,m-003,9,7,1389.5,198.5,27.64,500.66,5,1,296,47.8,0.143,0.286,REGULAR,2.27,TEST
cust-03188,m-003,20,13,2440.7,187.75,27.64,409.29,7,1,356,28.0,0.308,0.154,REGULAR,4.2,TRAIN
cust-03189,m-003,21,4,665.62,166.4,32.96,409.29,4,1,245,74.7,0.0,0.0,REGULAR,6.4,VALIDATION
cust-03190,m-003,37,6,1037.66,172.94,32.96,664.0,5,1,305,53.6,0.167,0.167,AT_RISK,9.07,TRAIN
cust-03191,m-003,5,8,3332.53,416.57,27.64,991.47,4,1,336,47.3,0.5,0.25,REGULAR,1.11,VALIDATION
cust-03192,m-003,83,4,1143.13,285.78,64.31,498.0,4,1,341,86.0,0.25,0.5,INACTIVE,18.2,VALIDATION
cust-03193,m-003,39,8,3522.84,440.36,27.64,1273.9,8,1,310,38.7,0.375,0.125,AT_RISK,9.86,VALIDATION
cust-03194,m-003,4,10,4458.09,445.81,32.96,2547.8,8,1,291,31.9,0.6,0.5,REGULAR,1.03,TRAIN
cust-03195,m-003,41,7,3361.24,480.18,55.28,1273.9,7,1,320,46.5,0.286,0.0,AT_RISK,9.58,TRAIN
cust-03196,m-003,16,9,2711.11,301.23,57.37,1001.32,7,1,351,41.9,0.111,0.556,REGULAR,3.41,TRAIN
cust-03197,m-003,71,7,735.02,105.0,27.64,192.93,5,1,364,48.8,0.286,0.429,INACTIVE,47.89,TRAIN
cust-03198,m-003,53,12,6856.15,571.35,64.31,1227.87,7,1,357,27.6,0.417,0.25,AT_RISK,49.2,TRAIN
cust-03199,m-003,51,5,1626.03,325.21,166.0,409.29,4,1,254,50.8,0.2,0.2,AT_RISK,15.3,TRAIN
cust-03200,m-003,74,5,3409.89,681.98,64.31,1910.85,4,1,285,52.8,0.6,0.8,INACTIVE,51.21,TRAIN
cust-03201,m-003,56,3,706.73,235.58,93.99,498.0,3,1,306,125.0,0.667,0.0,INACTIVE,13.68,TRAIN
cust-03202,m-003,21,3,774.36,258.12,114.74,409.29,3,1,219,99.0,0.0,0.667,NEW,7.16,VALIDATION
cust-03203,m-003,89,10,3748.58,374.86,27.64,1637.16,6,1,356,29.7,0.5,0.2,INACTIVE,100.0,TRAIN
cust-03204,m-003,39,5,1154.05,230.81,65.92,409.29,4,1,187,37.0,0.6,0.4,AT_RISK,18.56,TRAIN
cust-03205,m-003,72,6,1840.48,306.75,27.64,991.47,6,1,261,37.8,0.333,0.333,INACTIVE,71.91,TRAIN
cust-03206,m-003,22,7,1843.65,263.38,64.31,500.66,6,1,289,44.5,0.143,0.143,REGULAR,5.69,TRAIN
cust-03207,m-003,188,4,2412.09,603.02,27.64,1910.85,4,1,246,19.3,0.25,0.0,INACTIVE,100.0,TRAIN
cust-03208,m-003,7,10,2374.27,237.43,27.64,818.58,6,1,348,37.9,0.7,0.1,REGULAR,1.5,TRAIN
cust-03209,m-003,60,8,4707.42,588.43,250.33,991.47,4,1,289,32.7,0.625,0.25,AT_RISK,56.47,TRAIN
cust-03210,m-003,26,7,1936.83,276.69,27.64,500.66,5,1,321,49.2,0.429,0.429,REGULAR,6.06,TRAIN
cust-03211,m-003,79,11,3773.08,343.01,27.64,1321.96,10,1,336,25.7,0.091,0.364,INACTIVE,97.53,TRAIN
cust-03212,m-003,52,6,3116.46,519.41,27.64,1273.9,6,1,358,61.2,0.0,0.167,AT_RISK,10.86,TRAIN
cust-03213,m-003,16,9,2042.4,226.93,57.37,636.95,7,1,345,41.1,0.222,0.222,REGULAR,3.47,TRAIN
cust-03214,m-003,20,7,1472.11,210.3,32.96,312.84,5,1,325,50.8,0.286,0.571,REGULAR,4.6,TRAIN
cust-03215,m-003,45,6,2034.74,339.12,93.99,818.58,5,1,346,60.2,0.167,0.333,AT_RISK,9.73,TRAIN
cust-03216,m-003,38,8,4910.76,613.84,55.28,1321.96,5,1,288,35.7,0.375,0.125,AT_RISK,13.31,VALIDATION
cust-03217,m-003,22,7,2981.41,425.92,64.31,1273.9,6,1,279,42.8,0.0,0.286,REGULAR,5.89,VALIDATION
cust-03218,m-003,57,4,895.26,223.82,57.37,660.98,4,1,175,39.3,0.0,0.0,AT_RISK,50.84,TRAIN
cust-03219,m-003,102,7,2713.18,387.6,114.74,1637.16,5,1,355,42.2,0.571,0.143,INACTIVE,100.0,TRAIN
cust-03220,m-003,13,6,3885.08,647.51,82.92,1273.9,6,1,342,65.8,0.167,0.167,REGULAR,2.84,TRAIN
cust-03221,m-003,53,5,1555.08,311.02,64.31,500.66,4,1,302,62.2,0.4,0.4,AT_RISK,13.12,TRAIN
cust-03222,m-003,18,12,4892.85,407.74,57.37,1227.87,9,1,354,30.5,0.333,0.333,REGULAR,3.8,TRAIN
cust-03223,m-003,15,8,2674.44,334.3,32.96,636.95,6,1,349,47.7,0.25,0.375,REGULAR,3.21,TRAIN
cust-03224,m-003,122,5,1262.01,252.4,93.99,636.95,5,1,210,22.0,0.2,0.8,INACTIVE,100.0,TEST
cust-03225,m-003,15,6,1203.65,200.61,27.64,409.29,5,1,327,62.4,0.5,0.333,REGULAR,3.43,TEST
cust-03226,m-003,95,8,3410.63,426.33,57.37,1637.16,5,1,338,34.7,0.75,0.5,INACTIVE,100.0,VALIDATION
cust-03227,m-003,46,12,3892.66,324.39,27.64,818.58,6,1,359,28.5,0.333,0.25,AT_RISK,35.83,TRAIN
cust-03228,m-003,5,5,1989.46,397.89,187.98,636.95,5,1,349,86.0,0.4,0.4,REGULAR,1.07,TRAIN
cust-03229,m-003,3,10,2365.63,236.56,32.96,409.29,7,1,357,39.3,0.1,0.2,REGULAR,0.63,TEST
cust-03230,m-003,11,5,3645.45,729.09,97.44,1910.85,3,1,353,85.5,0.2,0.2,REGULAR,2.33,VALIDATION
cust-03231,m-003,34,10,5005.85,500.58,32.96,1910.85,8,1,293,28.8,0.3,0.4,AT_RISK,16.47,VALIDATION
cust-03232,m-003,13,5,1014.67,202.93,27.64,409.29,4,1,313,75.0,0.4,0.2,REGULAR,3.11,TRAIN
cust-03233,m-003,128,4,1749.81,437.45,27.64,1637.16,3,1,299,57.0,0.25,0.0,INACTIVE,100.0,VALIDATION
cust-03234,m-003,18,10,2193.48,219.35,32.96,938.52,7,1,333,35.0,0.4,0.6,REGULAR,4.04,TRAIN
cust-03235,m-003,8,11,3913.77,355.8,32.96,1001.32,7,1,341,33.3,0.455,0.364,REGULAR,1.75,TRAIN
cust-03236,m-003,35,8,2705.91,338.24,32.96,1227.87,4,1,361,46.6,0.25,0.125,AT_RISK,7.25,TRAIN
cust-03237,m-003,79,7,4521.12,645.87,27.64,2547.8,4,1,293,35.7,0.143,0.143,INACTIVE,85.1,TRAIN
cust-03238,m-003,133,7,2604.0,372.0,64.31,1273.9,6,1,330,32.8,0.286,0.143,INACTIVE,100.0,TRAIN
cust-03239,m-003,12,10,5057.37,505.74,57.37,1321.96,7,1,338,36.2,0.3,0.4,REGULAR,2.65,TRAIN
cust-03240,m-003,3,7,754.86,107.84,27.64,250.33,6,1,349,57.7,0.143,0.143,REGULAR,0.64,TEST
cust-03241,m-003,307,1,192.93,192.93,192.93,192.93,1,1,307,307.0,0.0,1.0,INACTIVE,74.76,TRAIN
cust-03242,m-003,2,8,2409.65,301.21,32.96,938.52,7,1,281,39.9,0.125,0.125,REGULAR,0.53,TEST
cust-03243,m-003,52,8,2983.13,372.89,32.96,1251.36,5,1,355,43.3,0.375,0.25,AT_RISK,24.01,TEST
cust-03244,m-003,31,7,5743.35,820.48,64.31,2547.8,5,1,356,54.2,0.429,0.714,AT_RISK,6.51,VALIDATION
cust-03245,m-003,29,11,5154.94,468.63,57.37,1910.85,8,1,361,33.2,0.182,0.818,REGULAR,6.01,TRAIN
cust-03246,m-003,252,4,2088.85,522.21,55.28,1637.16,4,1,337,28.3,0.0,0.75,INACTIVE,100.0,TRAIN
cust-03247,m-003,83,2,912.57,456.28,93.99,818.58,2,1,188,105.0,0.0,0.0,INACTIVE,32.94,TRAIN
cust-03248,m-003,57,10,1908.33,190.83,27.64,750.99,7,1,350,32.6,0.3,0.4,AT_RISK,48.78,TRAIN
cust-03249,m-003,16,10,4307.32,430.73,27.64,1637.16,6,1,356,37.8,0.3,0.3,REGULAR,3.36,TRAIN
cust-03250,m-003,33,6,2677.61,446.27,93.99,636.95,4,1,327,58.8,0.667,0.5,AT_RISK,7.55,VALIDATION
cust-03251,m-003,82,8,4741.97,592.75,97.44,2547.8,6,1,347,37.9,0.375,0.25,INACTIVE,83.82,TRAIN
cust-03252,m-003,17,8,1216.55,152.07,32.96,636.95,6,1,358,48.7,0.0,0.375,REGULAR,3.55,TRAIN
cust-03253,m-003,20,10,4417.15,441.72,55.28,1637.16,6,1,330,34.4,0.3,0.3,REGULAR,4.53,TRAIN
cust-03254,m-003,19,10,3169.26,316.93,27.64,818.58,6,1,325,34.0,0.4,0.2,REGULAR,4.37,VALIDATION
cust-03255,m-003,0,6,5411.74,901.96,27.64,2547.8,5,1,320,64.0,0.667,0.667,REGULAR,0.0,TRAIN
cust-03256,m-003,30,10,2921.45,292.15,64.31,750.99,7,1,348,35.3,0.4,0.1,REGULAR,6.45,TRAIN
cust-03257,m-003,14,12,4331.84,360.99,32.96,1251.36,8,1,235,20.1,0.417,0.5,REGULAR,4.45,TRAIN
cust-03258,m-003,6,8,926.02,115.75,27.64,312.84,5,1,354,49.7,0.625,0.125,REGULAR,1.27,TRAIN
cust-03259,m-003,17,9,2538.2,282.02,57.37,1227.87,7,1,363,43.2,0.222,0.333,REGULAR,3.5,TRAIN
cust-03260,m-003,60,5,1526.85,305.37,32.96,625.68,4,1,359,74.8,0.6,0.4,AT_RISK,12.5,VALIDATION
cust-03261,m-003,12,8,1471.13,183.89,27.64,409.29,8,1,360,49.7,0.625,0.125,REGULAR,2.49,TRAIN
cust-03262,m-003,25,9,3540.01,393.33,27.64,1321.96,9,1,358,41.6,0.667,0.222,REGULAR,5.22,TRAIN
cust-03263,m-003,7,13,3467.95,266.77,93.99,625.68,8,1,278,22.6,0.538,0.462,REGULAR,1.88,TRAIN
cust-03264,m-003,61,8,1058.3,132.29,55.28,312.84,7,1,345,40.6,0.25,0.5,INACTIVE,43.82,TRAIN
cust-03265,m-003,133,8,3700.18,462.52,27.64,2547.8,7,1,364,33.0,0.375,0.375,INACTIVE,100.0,TRAIN
cust-03266,m-003,49,10,6068.84,606.88,27.64,1637.16,7,1,356,34.1,0.3,0.2,AT_RISK,32.64,TRAIN
cust-03267,m-003,12,5,1198.35,239.67,32.96,409.29,5,1,225,53.2,0.6,0.6,REGULAR,3.98,TEST
cust-03268,m-003,26,6,1512.11,252.02,55.28,330.49,4,1,363,67.4,0.333,0.167,REGULAR,5.36,TEST
cust-03269,m-003,6,5,484.61,96.92,32.96,172.11,2,1,251,61.2,0.0,0.2,REGULAR,1.79,TRAIN
cust-03270,m-003,43,16,5264.47,329.03,27.64,1910.85,10,1,351,20.5,0.375,0.312,AT_RISK,42.91,TRAIN
cust-03271,m-003,53,7,2256.0,322.29,27.64,991.47,6,1,362,51.5,0.429,0.143,AT_RISK,13.2,TRAIN
cust-03272,m-003,159,2,167.93,83.96,57.37,110.56,2,1,308,149.0,0.5,0.0,INACTIVE,53.59,VALIDATION
cust-03273,m-003,31,12,4114.21,342.85,27.64,1273.9,7,1,339,28.0,0.417,0.0,AT_RISK,11.34,TRAIN
cust-03274,m-003,50,8,2874.88,359.36,27.64,1273.9,8,1,327,39.6,0.25,0.125,AT_RISK,27.03,VALIDATION
cust-03275,m-003,18,8,1577.95,197.24,27.64,636.95,7,1,351,47.6,0.25,0.375,REGULAR,3.84,TRAIN
cust-03276,m-003,68,13,5817.19,447.48,55.28,2547.8,8,1,359,24.2,0.385,0.538,INACTIVE,79.87,TRAIN
cust-03277,m-003,11,7,3314.47,473.5,65.92,1227.87,6,1,318,51.2,0.429,0.143,REGULAR,2.59,TRAIN
cust-03278,m-003,3,8,3099.62,387.45,27.64,636.95,6,1,343,48.6,0.25,0.25,REGULAR,0.65,TRAIN
cust-03279,m-003,93,5,4599.11,919.82,55.28,2547.8,4,1,343,62.5,0.2,0.2,INACTIVE,66.03,TRAIN
cust-03280,m-003,46,7,2070.67,295.81,55.28,750.99,6,1,339,48.8,0.143,0.0,AT_RISK,10.15,TRAIN
cust-03281,m-003,32,9,2361.02,262.34,27.64,498.0,6,1,208,22.0,0.444,0.333,AT_RISK,26.48,TRAIN
cust-03282,m-003,4,8,1709.35,213.67,32.96,409.29,5,1,351,49.6,0.5,0.625,REGULAR,0.85,TRAIN
cust-03283,m-003,100,13,5808.14,446.78,57.37,1273.9,8,1,280,15.0,0.154,0.231,INACTIVE,100.0,TRAIN
cust-03284,m-003,73,3,749.77,249.92,27.64,409.29,3,1,332,129.5,0.333,0.0,INACTIVE,16.44,TRAIN
cust-03285,m-003,8,5,2779.63,555.93,55.28,1910.85,4,1,212,51.0,0.0,0.6,REGULAR,2.82,TRAIN
cust-03286,m-003,18,8,3504.74,438.09,27.64,1910.85,7,1,337,45.6,0.125,0.25,REGULAR,3.99,TRAIN
cust-03287,m-003,144,10,3536.7,353.67,93.99,660.98,5,1,348,22.7,0.6,0.5,INACTIVE,100.0,TRAIN
cust-03288,m-003,19,11,2225.49,202.32,57.37,409.29,7,1,334,31.5,0.455,0.455,REGULAR,4.25,VALIDATION
cust-03289,m-003,73,8,2563.37,320.42,32.96,818.58,6,1,298,32.1,0.25,0.25,INACTIVE,79.66,TRAIN
cust-03290,m-003,52,10,2711.55,271.16,27.64,1321.96,7,1,357,33.9,0.2,0.3,AT_RISK,38.04,TRAIN
cust-03291,m-003,24,10,3952.65,395.26,32.96,1001.32,8,1,305,31.2,0.4,0.2,REGULAR,5.88,TRAIN
cust-03292,m-003,7,11,3108.68,282.61,32.96,938.52,8,1,312,30.5,0.545,0.455,REGULAR,1.68,VALIDATION
cust-03293,m-003,46,7,1174.07,167.72,32.96,660.98,5,1,315,44.8,0.429,0.429,AT_RISK,12.72,VALIDATION
cust-03294,m-003,9,6,1678.18,279.7,32.96,938.52,6,1,360,70.2,0.333,0.0,REGULAR,1.87,TRAIN
cust-03295,m-003,5,8,1869.86,233.73,32.96,636.95,8,1,234,32.7,0.375,0.25,REGULAR,1.6,TEST
cust-03296,m-003,71,6,1074.15,179.02,64.31,292.32,5,1,348,55.4,0.5,0.333,INACTIVE,38.66,TRAIN
cust-03297,m-003,31,8,2996.36,374.54,57.37,1251.36,6,1,363,47.4,0.375,0.125,AT_RISK,6.39,TRAIN
cust-03298,m-003,20,8,3119.48,389.94,57.37,991.47,6,1,348,46.9,0.5,0.375,REGULAR,4.3,TRAIN
cust-03299,m-003,62,4,1058.04,264.51,97.44,375.96,2,1,357,98.3,0.25,0.25,INACTIVE,12.99,TRAIN
cust-03300,m-003,66,7,1291.62,184.52,32.96,500.66,5,1,355,48.2,0.286,0.286,INACTIVE,40.6,TRAIN
cust-03301,m-003,31,6,1713.44,285.57,32.96,636.95,4,1,296,53.0,0.167,0.333,AT_RISK,7.83,TEST
cust-03302,m-003,17,7,2219.26,317.04,64.31,660.98,7,1,232,35.8,0.286,0.143,REGULAR,5.47,TRAIN
cust-03303,m-003,0,6,2284.02,380.67,166.0,636.95,4,1,356,71.2,0.167,0.0,REGULAR,0.0,VALIDATION
cust-03304,m-003,87,5,1323.5,264.7,65.92,625.68,5,1,362,68.8,0.4,0.0,INACTIVE,45.28,TRAIN
cust-03305,m-003,11,5,1084.68,216.94,57.37,409.29,3,1,333,80.5,0.4,0.4,REGULAR,2.47,TEST
cust-03306,m-003,67,7,1744.26,249.18,27.64,409.29,5,1,310,40.5,0.571,0.286,INACTIVE,55.91,TRAIN
cust-03307,m-003,37,6,2955.3,492.55,93.99,1227.87,5,1,363,65.2,0.333,0.5,AT_RISK,7.62,TRAIN
cust-03308,m-003,32,3,1637.16,545.72,409.29,818.58,1,1,249,108.5,1.0,0.0,NEW,9.6,TRAIN
cust-03309,m-003,107,7,1644.1,234.87,32.96,625.68,5,1,329,37.0,0.286,0.143,INACTIVE,100.0,TRAIN
cust-03310,m-003,46,11,4325.06,393.19,27.64,636.95,7,1,353,30.7,0.364,0.273,AT_RISK,32.7,TRAIN
cust-03311,m-003,1,7,2276.78,325.25,27.64,938.52,6,1,360,59.8,0.286,0.143,REGULAR,0.21,TEST
cust-03312,m-003,74,10,4057.26,405.73,57.37,1227.87,7,1,359,31.7,0.5,0.7,INACTIVE,78.87,TRAIN
cust-03313,m-003,20,7,2092.45,298.92,27.64,636.95,7,1,272,42.0,0.571,0.286,REGULAR,5.49,TRAIN
cust-03314,m-003,36,10,4299.93,429.99,27.64,1637.16,9,1,346,34.4,0.5,0.4,AT_RISK,10.18,TRAIN
cust-03315,m-003,65,5,2239.51,447.9,64.31,818.58,5,1,312,61.8,0.4,0.2,INACTIVE,20.38,TRAIN
cust-03316,m-003,63,6,2210.73,368.46,27.64,818.58,5,1,274,42.2,0.167,0.333,INACTIVE,48.38,TRAIN
cust-03317,m-003,120,5,2870.62,574.12,64.31,1910.85,4,1,340,55.0,0.2,0.2,INACTIVE,100.0,TRAIN
cust-03318,m-003,35,9,2475.03,275.0,32.96,636.95,6,1,337,37.8,0.333,0.556,AT_RISK,7.77,TRAIN
cust-03319,m-003,1,2,506.73,253.36,97.44,409.29,2,1,270,269.0,0.5,0.0,NEW,0.28,TRAIN
cust-03320,m-003,50,8,2935.5,366.94,27.64,750.99,6,1,313,37.6,0.25,0.375,AT_RISK,30.54,TRAIN
cust-03321,m-003,4,8,2807.61,350.95,93.99,625.68,6,1,287,40.4,0.375,0.25,REGULAR,1.04,TRAIN
cust-03322,m-003,17,7,2085.63,297.95,64.31,818.58,4,1,281,44.0,0.429,0.429,REGULAR,4.52,TRAIN
cust-03323,m-003,20,6,3762.66,627.11,57.37,1637.16,5,1,291,54.2,0.667,0.5,REGULAR,5.14,TRAIN
cust-03325,m-003,3,8,3792.82,474.1,27.64,1910.85,5,1,314,44.4,0.375,0.25,REGULAR,0.71,TRAIN
cust-03326,m-003,25,6,1415.7,235.95,32.96,409.29,5,1,277,50.4,0.667,0.167,REGULAR,6.74,TEST
cust-03327,m-003,173,2,430.88,215.44,98.88,332.0,2,1,246,73.0,0.5,0.5,INACTIVE,100.0,TRAIN
cust-03328,m-003,108,6,646.31,107.72,55.28,250.33,4,1,303,39.0,0.0,0.333,INACTIVE,100.0,TRAIN
cust-03329,m-003,62,6,1933.33,322.22,57.37,938.52,5,1,355,58.6,0.667,0.5,INACTIVE,18.16,TEST
cust-03330,m-003,32,1,27.64,27.64,27.64,27.64,1,1,32,32.0,1.0,0.0,NEW,72.73,TRAIN
cust-03331,m-003,17,9,3347.87,371.99,194.88,636.95,6,1,342,40.6,0.444,0.444,REGULAR,3.72,TRAIN
cust-03332,m-003,147,4,2450.61,612.65,27.64,1273.9,4,1,330,61.0,0.25,0.5,INACTIVE,100.0,TEST
cust-03333,m-003,24,12,5428.65,452.39,27.64,1273.9,9,1,342,28.9,0.333,0.583,REGULAR,5.25,VALIDATION
cust-03334,m-003,101,6,2347.93,391.32,194.88,636.95,4,1,345,48.8,0.333,0.833,INACTIVE,100.0,TRAIN
cust-03335,m-003,12,7,1880.8,268.69,57.37,636.95,6,1,357,57.5,0.429,0.714,REGULAR,2.51,TRAIN
cust-03336,m-003,87,7,2042.09,291.73,27.64,818.58,6,1,260,28.8,0.143,0.286,INACTIVE,100.0,TRAIN
cust-03337,m-003,40,8,2691.14,336.39,65.92,636.95,6,1,353,44.7,0.625,0.125,AT_RISK,8.47,TEST
cust-03338,m-003,35,10,3427.22,342.72,57.37,991.47,7,1,295,28.9,0.3,0.2,AT_RISK,18.02,TRAIN
cust-03339,m-003,42,2,938.52,469.26,312.84,625.68,1,1,92,50.0,0.0,1.0,NEW,33.87,TRAIN
cust-03340,m-003,39,10,2457.68,245.77,32.96,1273.9,5,1,297,28.7,0.1,0.2,AT_RISK,25.27,VALIDATION
cust-03341,m-003,33,8,2757.52,344.69,27.64,991.47,7,1,332,42.7,0.375,0.25,AT_RISK,7.43,TRAIN
cust-03342,m-003,60,4,942.56,235.64,27.64,636.95,3,1,336,92.0,0.25,0.0,AT_RISK,13.35,TRAIN
cust-03343,m-003,35,9,2655.58,295.06,27.64,636.95,8,1,320,35.6,0.333,0.222,AT_RISK,8.18,TRAIN
cust-03344,m-003,16,12,5537.52,461.46,27.64,1637.16,6,1,344,29.8,0.333,0.333,REGULAR,3.48,TEST
cust-03345,m-003,41,4,600.69,150.17,55.28,281.97,4,1,349,102.7,0.25,0.25,AT_RISK,8.79,TEST
cust-03346,m-003,18,11,4479.19,407.2,57.37,938.52,8,1,298,28.0,0.364,0.364,REGULAR,4.52,TRAIN
cust-03347,m-003,17,8,1419.02,177.38,27.64,409.29,5,1,348,47.3,0.625,0.125,REGULAR,3.65,TEST
cust-03348,m-003,20,7,1529.22,218.46,64.31,625.68,5,1,331,51.8,0.0,0.143,REGULAR,4.52,TRAIN
cust-03349,m-003,1,8,3087.79,385.97,32.96,1227.87,5,1,316,45.0,0.375,0.375,REGULAR,0.24,TRAIN
cust-03350,m-003,10,7,1249.95,178.56,64.31,312.84,4,1,321,51.8,0.0,0.0,REGULAR,2.33,TRAIN
cust-03351,m-003,43,7,2613.06,373.29,57.37,636.95,4,1,355,52.0,0.429,0.0,AT_RISK,9.06,TRAIN
cust-03352,m-003,139,3,119.59,39.86,27.64,64.31,2,1,357,109.0,0.0,0.333,INACTIVE,74.12,TRAIN
cust-03353,m-003,15,5,1422.77,284.55,65.92,636.95,5,1,276,65.2,0.0,0.4,REGULAR,4.06,VALIDATION
cust-03354,m-003,105,4,972.12,243.03,57.37,636.95,4,1,345,80.0,0.0,0.5,INACTIVE,60.26,TRAIN
cust-03355,m-003,24,9,4304.14,478.24,64.31,1273.9,7,1,361,42.1,0.333,0.444,REGULAR,4.97,TRAIN
cust-03356,m-003,25,4,1398.3,349.58,93.99,660.98,3,1,364,113.0,0.25,0.5,REGULAR,5.14,TEST
cust-03357,m-003,83,3,1661.64,553.88,97.44,938.52,2,1,306,111.5,0.667,0.667,INACTIVE,20.28,TRAIN
cust-03358,m-003,68,4,784.7,196.18,27.64,409.29,4,1,330,87.3,0.5,0.5,INACTIVE,15.41,TEST
cust-03359,m-003,90,7,931.49,133.07,32.96,332.0,5,1,344,42.3,0.571,0.571,INACTIVE,91.12,TRAIN
cust-03360,m-003,5,10,5671.71,567.17,32.96,1227.87,6,1,352,38.6,0.5,0.6,REGULAR,1.06,TRAIN
cust-03361,m-003,46,6,2015.75,335.96,27.64,818.58,5,1,226,36.0,0.167,0.667,AT_RISK,30.2,VALIDATION
cust-03362,m-003,39,6,2749.17,458.2,57.37,818.58,5,1,300,52.2,0.333,0.167,AT_RISK,9.72,TRAIN
cust-03363,m-003,154,4,2584.68,646.17,64.31,1251.36,3,1,306,50.7,0.25,0.25,INACTIVE,100.0,TRAIN
cust-03364,m-003,60,8,3069.98,383.75,27.64,818.58,4,1,302,34.6,0.375,0.625,AT_RISK,52.95,TRAIN
cust-03365,m-003,86,7,4317.35,616.76,93.99,991.47,5,1,354,44.7,0.286,0.429,INACTIVE,80.12,TRAIN
cust-03366,m-003,37,12,5677.31,473.11,97.44,1273.9,7,1,300,23.9,0.25,0.333,AT_RISK,28.87,VALIDATION
cust-03367,m-003,81,8,2606.51,325.81,32.96,750.99,7,1,361,40.0,0.75,0.125,INACTIVE,78.28,TRAIN
cust-03368,m-003,4,9,2458.06,273.12,93.99,660.98,6,1,327,40.4,0.556,0.333,REGULAR,0.91,TRAIN
cust-03369,m-003,43,4,914.63,228.66,57.37,409.29,4,1,226,61.0,0.0,0.5,AT_RISK,14.21,TRAIN
cust-03370,m-003,8,7,3050.64,435.81,166.0,1637.16,4,1,334,54.3,0.143,0.286,REGULAR,1.79,TEST
cust-03371,m-003,65,6,2260.92,376.82,192.93,636.95,5,1,249,36.8,0.167,0.5,INACTIVE,61.8,VALIDATION
cust-03372,m-003,53,10,3628.11,362.81,32.96,1273.9,7,1,328,30.6,0.5,0.5,AT_RISK,45.68,TRAIN
cust-03373,m-003,88,3,1288.47,429.49,27.64,1227.87,3,1,292,102.0,0.667,0.333,INACTIVE,22.53,VALIDATION
cust-03374,m-003,1,9,5469.93,607.77,32.96,1910.85,7,1,358,44.6,0.444,0.444,REGULAR,0.21,TRAIN
cust-03375,m-003,59,8,1473.67,184.21,27.64,409.29,5,1,359,42.9,0.625,0.25,AT_RISK,36.44,TEST
cust-03376,m-003,58,4,821.17,205.29,97.44,375.96,3,1,341,94.3,0.25,0.25,AT_RISK,12.72,TEST
cust-03377,m-003,11,6,2287.77,381.3,27.64,818.58,4,1,337,65.2,0.333,0.167,REGULAR,2.44,TRAIN
cust-03378,m-003,133,6,3969.02,661.5,97.44,1321.96,5,1,208,15.0,0.333,0.667,INACTIVE,100.0,TEST
cust-03379,m-003,1,10,2101.5,210.15,32.96,818.58,8,1,358,39.7,0.5,0.5,REGULAR,0.21,TRAIN
cust-03380,m-003,9,3,1262.63,420.88,312.84,636.95,2,1,198,94.5,0.0,0.333,NEW,3.39,TRAIN
cust-03381,m-003,46,9,6211.59,690.18,32.96,2547.8,5,1,327,35.1,0.444,0.556,AT_RISK,26.87,TRAIN
cust-03382,m-003,34,8,1514.08,189.26,32.96,636.95,7,1,344,44.3,0.0,0.25,AT_RISK,7.39,TEST
cust-03383,m-003,26,2,638.77,319.38,229.48,409.29,2,1,227,201.0,0.5,1.0,NEW,8.55,TRAIN
cust-03384,m-003,107,3,624.91,208.3,27.64,409.29,3,1,246,69.5,0.333,0.333,INACTIVE,88.74,TRAIN
cust-03385,m-003,5,4,812.46,203.12,32.96,409.29,4,1,349,114.7,0.75,0.5,REGULAR,1.07,TRAIN
cust-03386,m-003,3,7,1752.25,250.32,27.64,818.58,4,1,355,58.7,0.571,0.429,REGULAR,0.63,VALIDATION
cust-03387,m-003,33,10,5949.7,594.97,32.96,1910.85,5,1,331,33.1,0.3,0.3,AT_RISK,7.45,TEST
cust-03388,m-003,76,10,4266.87,426.69,27.64,1910.85,6,1,345,29.9,0.3,0.5,INACTIVE,85.62,TRAIN
cust-03389,m-003,6,3,756.1,252.03,192.93,312.84,3,1,250,122.0,0.333,0.333,NEW,1.79,TRAIN
cust-03390,m-003,2,7,2304.94,329.28,27.64,660.98,5,1,230,38.0,0.143,0.429,REGULAR,0.65,TRAIN
cust-03391,m-003,26,11,3602.48,327.5,32.96,1227.87,8,1,358,33.2,0.273,0.273,REGULAR,5.43,VALIDATION
cust-03392,m-003,22,5,1642.75,328.55,64.31,818.58,4,1,215,48.2,0.6,0.4,REGULAR,7.64,VALIDATION
cust-03393,m-003,11,5,1030.82,206.16,57.37,312.84,4,1,119,27.0,0.6,0.4,REGULAR,6.87,TEST
cust-03394,m-003,6,12,2539.21,211.6,32.96,409.29,6,1,358,32.0,0.333,0.25,REGULAR,1.25,TRAIN
cust-03395,m-003,36,6,885.78,147.63,57.37,250.33,5,1,334,59.6,0.333,0.667,AT_RISK,8.06,TRAIN
cust-03396,m-003,62,7,1049.7,149.96,32.96,312.84,4,1,307,40.8,0.143,0.286,INACTIVE,46.9,TEST
cust-03397,m-003,33,4,2264.01,566.0,250.33,1273.9,4,1,357,108.0,0.25,0.0,AT_RISK,6.91,TRAIN
cust-03398,m-003,14,6,2690.97,448.49,27.64,938.52,4,1,332,63.6,0.0,0.5,REGULAR,3.15,TRAIN
cust-03399,m-003,163,5,2519.23,503.85,55.28,1910.85,5,1,308,36.2,0.4,0.6,INACTIVE,100.0,TRAIN
cust-03400,m-003,15,9,3495.83,388.43,64.31,991.47,6,1,330,39.4,0.667,0.444,REGULAR,3.4,TRAIN
cust-03401,m-003,70,6,2944.65,490.77,55.28,1910.85,6,1,219,29.8,0.0,0.167,INACTIVE,84.16,TRAIN
cust-03402,m-003,3,10,2967.4,296.74,27.64,818.58,7,1,305,33.6,0.3,0.2,REGULAR,0.74,TRAIN
cust-03403,m-003,177,6,1503.28,250.55,57.37,498.0,5,1,328,30.2,0.0,0.5,INACTIVE,100.0,TRAIN
cust-03404,m-003,41,5,1451.47,290.29,97.44,664.0,4,1,352,77.8,0.2,0.2,AT_RISK,8.71,TRAIN
cust-03405,m-003,42,5,1136.61,227.32,166.0,281.97,3,1,293,62.8,0.2,0.2,AT_RISK,10.71,TRAIN
cust-03406,m-003,85,7,2077.67,296.81,32.96,938.52,5,1,362,46.2,0.429,0.571,INACTIVE,75.76,TRAIN
cust-03407,m-003,42,3,1297.42,432.47,166.0,818.58,3,1,75,16.5,0.333,0.0,NEW,79.7,TRAIN
cust-03408,m-003,135,10,2657.55,265.76,27.64,1321.96,5,1,335,22.2,0.1,0.7,INACTIVE,100.0,TRAIN
cust-03409,m-003,54,6,2592.87,432.14,27.64,1273.9,6,1,272,43.6,0.5,0.5,AT_RISK,30.44,TRAIN
cust-03410,m-003,14,9,4678.57,519.84,93.99,1273.9,7,1,361,43.4,0.333,0.333,REGULAR,2.9,TRAIN
cust-03411,m-003,53,9,3689.33,409.93,128.62,818.58,5,1,337,35.5,0.222,0.333,AT_RISK,38.01,TRAIN
cust-03412,m-003,115,5,2389.2,477.84,65.92,1321.96,3,1,312,49.2,0.6,0.4,INACTIVE,100.0,TRAIN
cust-03413,m-003,33,12,5886.82,490.57,64.31,2547.8,7,1,344,28.3,0.333,0.417,AT_RISK,14.22,TRAIN
cust-03414,m-003,27,10,2667.08,266.71,27.64,818.58,7,1,353,36.2,0.2,0.4,REGULAR,5.72,TRAIN
cust-03415,m-003,217,2,442.25,221.12,32.96,409.29,2,1,260,43.0,0.0,0.5,INACTIVE,100.0,TRAIN
cust-03416,m-003,17,4,2197.87,549.47,93.99,1227.87,4,1,358,113.7,0.0,0.25,REGULAR,3.55,TRAIN
cust-03417,m-003,28,7,1624.31,232.04,32.96,636.95,7,1,360,55.3,0.0,0.571,REGULAR,5.82,TRAIN
cust-03418,m-003,37,10,3700.82,370.08,64.31,991.47,7,1,331,32.7,0.2,0.2,AT_RISK,14.81,VALIDATION
cust-03419,m-003,97,4,1698.12,424.53,250.33,636.95,4,1,215,39.3,0.5,0.75,INACTIVE,100.0,TEST
cust-03420,m-003,75,6,970.0,161.67,32.96,498.0,5,1,320,49.0,0.833,0.167,INACTIVE,56.52,TRAIN
cust-03421,m-003,54,5,1870.89,374.18,65.92,991.47,4,1,326,68.0,0.4,0.2,AT_RISK,12.39,TEST
cust-03422,m-003,16,9,9784.87,1087.21,32.96,8761.55,7,1,297,35.1,0.0,0.333,REGULAR,4.03,TEST
cust-03423,m-003,68,8,4087.5,510.94,64.31,1910.85,6,1,358,41.4,0.5,0.5,INACTIVE,54.11,TRAIN
cust-03424,m-003,7,7,2173.24,310.46,27.64,625.68,4,1,332,54.2,0.429,0.143,REGULAR,1.58,TRAIN
cust-03425,m-003,125,5,2282.29,456.46,64.31,1227.87,4,1,320,48.8,0.6,0.4,INACTIVE,100.0,VALIDATION
cust-03426,m-003,38,5,1518.24,303.65,97.44,409.29,3,1,302,66.0,0.2,0.4,AT_RISK,9.41,TRAIN
cust-03427,m-003,28,8,2868.59,358.57,57.37,818.58,6,1,298,38.6,0.625,0.25,REGULAR,7.02,TRAIN
cust-03428,m-003,11,15,2525.52,168.37,27.64,409.29,8,1,331,22.9,0.2,0.467,LOYAL,2.48,TRAIN
cust-03429,m-003,15,4,2174.43,543.61,65.92,1910.85,4,1,260,81.7,0.0,0.25,REGULAR,4.31,VALIDATION
cust-03430,m-003,87,4,634.69,158.67,27.64,330.49,3,1,334,82.3,0.5,0.25,INACTIVE,26.53,TRAIN
cust-03431,m-003,47,4,1036.77,259.19,64.31,409.29,4,1,306,86.3,0.5,0.0,AT_RISK,11.48,TRAIN
cust-03432,m-003,52,8,1301.66,162.71,27.64,818.58,5,1,281,32.7,0.25,0.25,AT_RISK,42.78,TEST
cust-03433,m-003,45,10,4186.69,418.67,55.28,1910.85,7,1,294,27.7,0.3,0.4,AT_RISK,37.39,TRAIN
cust-03434,m-003,37,5,1719.28,343.86,166.0,500.66,5,1,344,76.8,0.2,0.4,AT_RISK,8.04,TEST
cust-03435,m-003,78,6,1141.09,190.18,55.28,500.66,5,1,344,53.2,0.5,0.5,INACTIVE,54.16,TRAIN
cust-03436,m-003,4,9,4818.67,535.41,32.96,1910.85,7,1,355,43.9,0.444,0.444,REGULAR,0.84,TRAIN
cust-03437,m-003,33,5,2447.09,489.42,32.96,1273.9,4,1,338,76.2,0.4,0.4,AT_RISK,7.3,TRAIN
cust-03438,m-003,18,9,2994.42,332.71,57.37,1251.36,6,1,297,34.9,0.444,0.444,REGULAR,4.53,TEST
cust-03439,m-003,181,5,2554.49,510.9,82.92,1637.16,5,1,357,44.0,0.2,0.4,INACTIVE,100.0,TRAIN
cust-03440,m-003,12,5,2577.11,515.42,93.99,938.52,3,1,287,68.8,0.2,0.6,REGULAR,3.12,TRAIN
cust-03441,m-003,4,9,2999.74,333.3,57.37,991.47,6,1,342,42.2,0.333,0.333,REGULAR,0.87,TRAIN
cust-03442,m-003,11,8,4446.09,555.76,93.99,2547.8,5,1,337,46.6,0.625,0.25,REGULAR,2.44,TEST
cust-03443,m-003,270,3,499.62,166.54,32.96,409.29,3,1,335,32.5,0.333,0.0,INACTIVE,100.0,TRAIN
cust-03444,m-003,19,10,2008.24,200.82,27.64,818.58,7,1,333,34.9,0.5,0.4,REGULAR,4.27,TRAIN
cust-03445,m-003,88,8,1627.55,203.44,93.99,625.68,4,1,350,37.4,0.625,0.375,INACTIVE,94.7,TRAIN
cust-03446,m-003,5,8,1841.31,230.16,55.28,625.68,6,1,305,42.9,0.5,0.5,REGULAR,1.23,TEST
cust-03447,m-003,0,9,3104.07,344.9,27.64,938.52,7,1,345,43.1,0.333,0.444,REGULAR,0.0,TRAIN
cust-03448,m-003,134,2,283.29,141.65,32.96,250.33,2,1,195,61.0,0.0,0.0,INACTIVE,100.0,TEST
cust-03449,m-003,25,8,2266.32,283.29,27.64,818.58,6,1,287,37.4,0.375,0.125,REGULAR,6.51,TRAIN
cust-03450,m-003,49,11,7473.49,679.41,27.64,1910.85,6,1,327,27.8,0.273,0.273,AT_RISK,43.0,TRAIN
cust-03451,m-003,1,10,2412.21,241.22,32.96,636.95,8,1,326,36.1,0.5,0.2,REGULAR,0.23,TRAIN
cust-03452,m-003,45,12,3456.9,288.08,27.64,1273.9,10,1,363,28.9,0.333,0.583,AT_RISK,33.42,TRAIN
cust-03453,m-003,40,9,2384.32,264.92,27.64,818.58,6,1,314,34.2,0.444,0.556,AT_RISK,18.22,TEST
cust-03454,m-003,162,6,2626.46,437.74,57.37,1910.85,6,1,296,26.8,0.167,0.5,INACTIVE,100.0,TEST
cust-03455,m-003,105,10,4503.75,450.38,27.64,1637.16,8,1,362,28.6,0.4,0.4,INACTIVE,100.0,VALIDATION
cust-03456,m-003,33,6,2384.14,397.36,64.31,1273.9,6,1,331,59.6,0.333,0.333,AT_RISK,7.45,TRAIN
cust-03457,m-003,60,7,4787.98,684.0,32.96,1910.85,4,1,287,37.8,0.429,0.714,AT_RISK,48.92,TRAIN
cust-03458,m-003,142,3,1936.39,645.46,194.88,1411.02,3,1,238,48.0,0.0,0.333,INACTIVE,100.0,VALIDATION
cust-03459,m-003,32,4,1309.55,327.39,55.28,750.99,4,1,266,78.0,0.25,0.0,AT_RISK,8.99,TRAIN
cust-03460,m-003,10,11,3686.9,335.17,32.96,1637.16,8,1,343,33.3,0.273,0.273,REGULAR,2.18,TRAIN
cust-03461,m-003,59,9,3499.52,388.84,57.37,991.47,7,1,334,34.4,0.333,0.111,AT_RISK,50.11,TRAIN
cust-03462,m-003,141,4,1354.82,338.71,32.96,818.58,3,1,334,64.3,0.5,0.0,INACTIVE,100.0,TRAIN
cust-03463,m-003,116,10,2288.7,228.87,32.96,500.66,8,1,333,24.1,0.6,0.6,INACTIVE,100.0,VALIDATION
cust-03464,m-003,50,10,3851.77,385.18,27.64,1227.87,6,1,330,31.1,0.3,0.3,AT_RISK,39.68,TEST
cust-03465,m-003,122,11,4112.97,373.91,27.64,2547.8,7,1,363,24.1,0.182,0.091,INACTIVE,100.0,TRAIN
cust-03466,m-003,158,8,2057.64,257.2,64.31,625.68,6,1,362,29.1,0.75,0.375,INACTIVE,100.0,TRAIN
cust-03467,m-003,2,8,1754.06,219.26,27.64,409.29,6,1,318,45.1,0.25,0.5,REGULAR,0.47,TRAIN
cust-03468,m-003,173,4,850.09,212.52,93.99,312.84,4,1,337,54.7,0.5,0.75,INACTIVE,100.0,VALIDATION
cust-03469,m-003,10,8,1325.59,165.7,27.64,636.95,7,1,346,48.0,0.125,0.25,REGULAR,2.16,TRAIN
cust-03470,m-003,67,5,2443.43,488.69,312.84,660.98,5,1,361,73.5,0.4,0.4,INACTIVE,13.88,VALIDATION
cust-03471,m-003,88,4,1525.08,381.27,166.0,636.95,4,1,319,77.0,0.75,0.75,INACTIVE,37.12,TRAIN
cust-03472,m-003,20,9,2887.1,320.79,27.64,938.52,6,1,299,34.9,0.222,0.111,REGULAR,5.0,TRAIN
cust-03473,m-003,67,7,1884.44,269.21,57.37,625.68,6,1,311,40.7,0.571,0.0,INACTIVE,55.56,VALIDATION
cust-03474,m-003,55,11,2475.6,225.05,27.64,660.98,7,1,355,30.0,0.273,0.273,AT_RISK,49.09,TEST
cust-03475,m-003,26,10,4240.56,424.06,27.64,1273.9,7,1,327,33.4,0.5,0.3,REGULAR,5.95,TRAIN
cust-03476,m-003,20,3,316.25,105.42,32.96,250.33,2,1,205,92.5,0.0,0.0,NEW,7.28,TRAIN
cust-03477,m-003,5,9,2457.61,273.07,27.64,625.68,7,1,340,41.9,0.333,0.111,REGULAR,1.1,TRAIN
cust-03478,m-003,84,5,1228.83,245.77,93.99,625.68,4,1,333,62.2,0.4,0.6,INACTIVE,51.56,TEST
cust-03479,m-003,44,9,2891.94,321.33,27.64,1273.9,7,1,332,36.0,0.556,0.333,AT_RISK,21.91,TRAIN
cust-03480,m-003,16,11,3598.41,327.13,57.37,938.52,7,1,334,31.8,0.636,0.455,REGULAR,3.58,TRAIN
cust-03481,m-003,72,9,1510.08,167.79,55.28,330.49,7,1,348,34.5,0.667,0.556,INACTIVE,71.72,TRAIN
cust-03482,m-003,55,6,12842.95,2140.49,32.96,11575.08,5,1,349,58.8,0.0,0.333,AT_RISK,11.79,TRAIN
cust-03483,m-003,131,7,1953.36,279.05,64.31,660.98,5,1,348,36.2,0.571,0.571,INACTIVE,100.0,TRAIN
cust-03484,m-003,37,9,1578.25,175.36,32.96,409.29,5,1,320,35.4,0.222,0.667,AT_RISK,11.04,TRAIN
cust-03485,m-003,96,3,1144.52,381.51,250.33,636.95,3,1,295,99.5,0.667,0.0,INACTIVE,24.32,TRAIN
cust-03486,m-003,66,4,852.29,213.07,97.44,330.49,3,1,336,90.0,0.0,0.0,INACTIVE,14.69,TRAIN
cust-03487,m-003,117,7,1636.48,233.78,32.96,500.66,5,1,305,31.3,0.429,0.429,INACTIVE,100.0,VALIDATION
cust-03488,m-003,102,11,4006.34,364.21,57.37,991.47,10,1,361,25.9,0.364,0.091,INACTIVE,100.0,TEST
cust-03489,m-003,5,8,1842.38,230.3,32.96,625.68,5,1,362,51.0,0.5,0.25,REGULAR,1.03,TRAIN
cust-03490,m-003,1,8,4361.51,545.19,32.96,1910.85,6,1,353,50.3,0.375,0.375,REGULAR,0.21,TRAIN
cust-03491,m-003,63,5,3968.73,793.75,64.31,2547.8,4,1,331,67.0,0.0,0.2,INACTIVE,14.23,VALIDATION
cust-03492,m-003,27,9,4054.04,450.45,82.92,1273.9,7,1,297,33.8,0.667,0.333,REGULAR,6.8,TEST
cust-03493,m-003,57,9,5022.62,558.07,55.28,1910.85,7,1,217,20.0,0.333,0.667,AT_RISK,75.11,TRAIN
cust-03494,m-003,2,9,5504.97,611.66,27.64,2547.8,6,1,331,41.1,0.444,0.222,REGULAR,0.45,TRAIN
cust-03495,m-003,47,8,2596.61,324.58,57.37,818.58,5,1,364,45.3,0.25,0.375,AT_RISK,12.21,VALIDATION
cust-03496,m-003,61,12,5035.35,419.61,27.64,1637.16,8,1,322,23.7,0.25,0.167,INACTIVE,70.11,TRAIN
cust-03497,m-003,140,9,2239.39,248.82,55.28,750.99,7,1,358,27.2,0.0,0.667,INACTIVE,100.0,TRAIN
cust-03498,m-003,130,3,480.3,160.1,97.44,194.88,2,1,358,114.0,0.667,0.0,INACTIVE,51.16,TEST
cust-03499,m-003,18,5,1653.91,330.78,27.64,1001.32,5,1,343,81.2,0.4,0.2,REGULAR,3.92,TRAIN
cust-03500,m-003,53,6,1329.94,221.66,97.44,409.29,5,1,364,62.2,0.333,0.167,AT_RISK,10.89,TRAIN
cust-03501,m-004,2,6,5391.58,898.6,687.11,1721.89,4,1,308,61.2,0.167,0.167,REGULAR,0.49,TRAIN
cust-03502,m-004,2,6,5292.86,882.14,687.11,1272.21,2,1,342,68.0,0.333,0.333,REGULAR,0.44,TRAIN
cust-03503,m-004,4,8,8270.86,1033.86,482.75,1789.15,5,1,286,40.3,0.5,0.5,REGULAR,1.05,TRAIN
cust-03504,m-004,18,4,2924.82,731.2,482.75,1272.21,3,1,298,93.3,1.0,0.25,REGULAR,4.52,TRAIN
cust-03505,m-004,24,8,12259.7,1532.46,482.75,3021.37,5,1,289,37.9,0.25,0.5,REGULAR,6.21,VALIDATION
cust-03506,m-004,135,7,10473.75,1496.25,732.09,3021.37,4,1,348,35.5,0.143,0.143,INACTIVE,100.0,TRAIN
cust-03507,m-004,29,6,5378.8,896.47,482.75,1721.89,5,1,194,33.0,0.667,0.167,REGULAR,11.15,TRAIN
cust-03508,m-004,5,6,7924.34,1320.72,687.11,1789.15,5,1,341,67.2,0.667,0.333,REGULAR,1.1,TEST
cust-03509,m-004,21,5,6557.71,1311.54,482.75,3021.37,4,1,340,79.8,0.4,0.6,REGULAR,4.62,TEST
cust-03510,m-004,0,5,7529.25,1505.85,732.09,3021.37,5,1,301,75.2,0.4,0.6,REGULAR,0.0,TRAIN
cust-03511,m-004,311,3,5226.01,1742.0,482.75,3021.37,3,1,339,14.0,0.333,0.333,INACTIVE,100.0,TRAIN
cust-03512,m-004,6,4,2778.22,694.56,482.75,781.69,3,1,339,111.0,0.25,0.5,REGULAR,1.32,TEST
cust-03513,m-004,27,3,2245.87,748.62,732.09,781.69,2,1,313,143.0,0.333,0.333,NEW,6.45,TEST
cust-03514,m-004,33,6,4787.14,797.86,482.75,1272.21,4,1,318,57.0,0.333,0.5,AT_RISK,7.76,TRAIN
cust-03515,m-004,0,6,7476.5,1246.08,482.75,3021.37,5,1,327,65.4,0.5,0.833,REGULAR,0.0,TRAIN
cust-03516,m-004,122,8,6406.68,800.84,482.75,1721.89,4,1,350,32.6,0.25,0.5,INACTIVE,100.0,TRAIN
cust-03517,m-004,1,5,4691.69,938.34,482.75,1721.89,4,1,327,81.5,0.6,0.4,REGULAR,0.23,TRAIN
cust-03518,m-004,120,7,10492.01,1498.86,482.75,3021.37,5,1,322,33.7,0.286,0.429,INACTIVE,100.0,TRAIN
cust-03519,m-004,26,8,8667.22,1083.4,482.75,1721.89,4,1,362,48.0,0.625,0.25,REGULAR,5.37,TEST
cust-03520,m-004,30,5,6440.85,1288.17,482.75,3021.37,4,1,330,75.0,0.4,0.0,REGULAR,6.8,TRAIN
cust-03521,m-004,5,7,7361.13,1051.59,732.09,1789.15,4,1,331,54.3,0.429,0.571,REGULAR,1.13,TRAIN
cust-03522,m-004,219,4,7287.68,1821.92,1272.21,3021.37,3,1,341,40.7,0.5,0.0,INACTIVE,100.0,TRAIN
cust-03523,m-004,92,6,8974.48,1495.75,482.75,3021.37,6,1,340,49.6,0.167,0.333,INACTIVE,83.83,TRAIN
cust-03524,m-004,31,4,7461.94,1865.48,687.11,3021.37,3,1,268,79.0,0.0,0.5,AT_RISK,8.64,TRAIN
cust-03525,m-004,110,4,4613.64,1153.41,482.75,1721.89,3,1,341,77.0,0.5,0.0,INACTIVE,73.62,TRAIN
cust-03526,m-004,75,4,6769.84,1692.46,687.11,3021.37,4,1,362,95.7,0.5,0.5,INACTIVE,15.5,TRAIN
cust-03527,m-004,41,7,7617.63,1088.23,482.75,1789.15,5,1,306,44.2,0.429,0.286,AT_RISK,10.02,TRAIN
cust-03528,m-004,339,1,732.09,732.09,732.09,732.09,1,1,339,339.0,0.0,0.0,INACTIVE,74.78,TRAIN
cust-03529,m-004,117,5,5946.19,1189.24,482.75,3021.37,4,1,296,44.8,0.4,0.2,INACTIVE,100.0,TRAIN
cust-03530,m-004,43,5,4160.21,832.04,687.11,1272.21,4,1,340,74.2,0.4,0.6,AT_RISK,9.46,TRAIN
cust-03531,m-004,32,7,9081.73,1297.39,482.75,1789.15,4,1,360,54.7,0.429,0.286,AT_RISK,6.65,TRAIN
cust-03532,m-004,42,7,7150.29,1021.47,482.75,1721.89,5,1,256,35.7,0.286,0.571,AT_RISK,21.71,TEST
cust-03533,m-004,78,5,4100.03,820.01,482.75,1272.21,3,1,341,65.8,0.2,0.6,INACTIVE,35.41,TEST
cust-03534,m-004,126,4,3623.84,905.96,482.75,1721.89,4,1,357,77.0,0.5,0.25,INACTIVE,99.9,TRAIN
cust-03535,m-004,20,7,16330.73,2332.96,732.09,9818.55,5,1,331,51.8,0.286,0.286,REGULAR,4.52,TRAIN
cust-03536,m-004,2,9,13660.37,1517.82,482.75,3021.37,6,1,319,39.6,0.222,0.333,REGULAR,0.47,TRAIN
cust-03537,m-004,32,7,7079.23,1011.32,482.75,3021.37,5,1,360,54.7,0.571,0.143,AT_RISK,6.65,TRAIN
cust-03538,m-004,216,1,1789.15,1789.15,1789.15,1789.15,1,1,216,216.0,0.0,0.0,INACTIVE,74.65,TRAIN
cust-03539,m-004,17,7,7459.97,1065.71,482.75,3021.37,6,1,313,49.3,0.429,0.286,REGULAR,4.06,VALIDATION
cust-03540,m-004,25,3,4490.17,1496.72,687.11,3021.37,3,1,229,102.0,1.0,0.667,NEW,8.15,TRAIN
cust-03541,m-004,6,6,7226.56,1204.43,687.11,3021.37,5,1,299,58.6,0.5,0.167,REGULAR,1.5,TRAIN
cust-03542,m-004,142,4,4968.3,1242.08,482.75,3021.37,3,1,249,35.7,0.5,0.25,INACTIVE,100.0,TRAIN
cust-03543,m-004,15,5,6332.95,1266.59,482.75,1789.15,2,1,214,49.8,0.4,0.2,REGULAR,5.23,TRAIN
cust-03544,m-004,47,5,5500.65,1100.13,482.75,3021.37,4,1,328,70.2,0.6,0.0,AT_RISK,10.71,TRAIN
cust-03545,m-004,67,2,1468.8,734.4,687.11,781.69,2,1,136,69.0,0.5,0.5,INACTIVE,36.68,TRAIN
cust-03546,m-004,11,7,9983.23,1426.18,732.09,3021.37,5,1,256,40.8,0.286,0.429,REGULAR,3.21,TRAIN
cust-03547,m-004,236,2,2409.0,1204.5,687.11,1721.89,2,1,338,102.0,0.5,0.5,INACTIVE,100.0,TRAIN
cust-03548,m-004,128,3,3096.11,1032.04,687.11,1721.89,2,1,292,82.0,0.333,0.333,INACTIVE,100.0,TRAIN
cust-03549,m-004,90,4,3985.42,996.36,732.09,1789.15,2,1,331,80.3,0.0,0.25,INACTIVE,34.88,TRAIN
cust-03550,m-004,74,8,14079.32,1759.92,732.09,3021.37,5,1,319,35.0,0.5,0.375,INACTIVE,75.84,TRAIN
cust-03551,m-004,59,4,5757.76,1439.44,732.09,3021.37,3,1,340,93.7,0.5,0.25,AT_RISK,12.98,TEST
cust-03552,m-004,108,4,5897.76,1474.44,732.09,1721.89,2,1,320,70.7,0.25,0.25,INACTIVE,81.18,TRAIN
cust-03553,m-004,344,1,781.69,781.69,781.69,781.69,1,1,344,344.0,0.0,1.0,INACTIVE,74.78,TRAIN
cust-03554,m-004,22,5,9969.27,1993.85,482.75,3021.37,3,1,262,60.0,0.0,0.2,REGULAR,6.27,TRAIN
cust-03555,m-004,17,4,5067.5,1266.88,482.75,3021.37,3,1,362,115.0,0.5,0.25,REGULAR,3.51,VALIDATION
cust-03556,m-004,86,2,2570.84,1285.42,781.69,1789.15,2,1,312,226.0,0.5,0.5,INACTIVE,20.61,TRAIN
cust-03557,m-004,59,4,4325.8,1081.45,482.75,1789.15,4,1,360,100.3,0.25,0.25,AT_RISK,12.26,TRAIN
cust-03558,m-004,113,7,8574.79,1224.97,687.11,3021.37,5,1,356,40.5,0.286,0.143,INACTIVE,100.0,TEST
cust-03559,m-004,33,6,6237.36,1039.56,482.75,3021.37,4,1,246,42.6,0.167,0.333,AT_RISK,10.02,TRAIN
cust-03560,m-004,31,5,5730.49,1146.1,732.09,1721.89,3,1,331,75.0,0.2,0.2,AT_RISK,7.0,TRAIN
cust-03561,m-004,41,3,2155.91,718.64,687.11,781.69,2,1,106,32.5,0.0,0.333,NEW,41.49,TRAIN
cust-03562,m-004,62,7,8452.07,1207.44,482.75,1789.15,5,1,363,50.2,0.286,0.286,INACTIVE,30.47,TRAIN
cust-03563,m-004,29,4,6347.48,1586.87,781.69,3021.37,3,1,205,58.7,0.25,0.5,REGULAR,10.56,TEST
cust-03564,m-004,8,6,10501.02,1750.17,732.09,3021.37,4,1,334,65.2,0.5,0.5,REGULAR,1.79,VALIDATION
cust-03565,m-004,183,2,2476.26,1238.13,687.11,1789.15,2,1,211,28.0,0.0,1.0,INACTIVE,100.0,TRAIN
cust-03566,m-004,6,12,18136.62,1511.38,687.11,3021.37,6,1,337,30.1,0.5,0.5,REGULAR,1.33,TEST
cust-03567,m-004,8,4,3077.16,769.29,732.09,781.69,2,1,201,64.3,0.25,0.0,REGULAR,2.97,VALIDATION
cust-03568,m-004,30,10,10445.7,1044.57,482.75,3021.37,6,1,363,37.0,0.2,0.5,REGULAR,6.18,TRAIN
cust-03569,m-004,40,9,10060.01,1117.78,482.75,1789.15,5,1,283,30.4,0.556,0.222,AT_RISK,24.96,TRAIN
cust-03570,m-004,29,4,4325.8,1081.45,482.75,1789.15,4,1,362,111.0,0.5,0.5,REGULAR,5.99,VALIDATION
cust-03571,m-004,32,5,7347.17,1469.43,482.75,3021.37,5,1,234,50.5,0.2,0.8,AT_RISK,10.21,TRAIN
cust-03572,m-004,1,6,14606.72,2434.45,732.09,3021.37,3,1,228,45.4,0.333,0.333,REGULAR,0.33,TRAIN
cust-03573,m-004,84,4,3850.48,962.62,687.11,1789.15,2,1,335,83.7,0.0,0.75,INACTIVE,19.2,TRAIN
cust-03574,m-004,8,6,10213.62,1702.27,687.11,3021.37,5,1,277,53.8,0.667,0.167,REGULAR,2.16,TEST
cust-03575,m-004,197,4,8563.98,2141.0,732.09,3021.37,3,1,320,41.0,0.5,0.75,INACTIVE,100.0,TRAIN
cust-03576,m-004,15,6,9368.0,1561.33,781.69,3021.37,5,1,202,37.4,0.5,0.333,REGULAR,5.54,TRAIN
cust-03577,m-004,213,2,1513.78,756.89,732.09,781.69,2,1,248,35.0,0.0,0.0,INACTIVE,100.0,TRAIN
cust-03578,m-004,19,8,10495.18,1311.9,687.11,1789.15,6,1,274,36.4,0.25,0.25,REGULAR,5.18,VALIDATION
cust-03579,m-004,163,4,4084.62,1021.16,732.09,1789.15,3,1,331,56.0,0.0,0.25,INACTIVE,100.0,TRAIN
cust-03580,m-004,80,5,4851.07,970.21,482.75,1721.89,4,1,354,68.5,0.6,0.4,INACTIVE,34.15,TRAIN
cust-03581,m-004,79,6,8216.36,1369.39,687.11,3021.37,6,1,347,53.6,0.5,0.333,INACTIVE,55.13,TEST
cust-03582,m-004,26,3,5226.01,1742.0,482.75,3021.37,3,1,317,145.5,0.333,0.0,NEW,6.13,TRAIN
cust-03583,m-004,83,4,3623.84,905.96,482.75,1721.89,4,1,332,83.0,0.25,0.5,INACTIVE,18.69,TEST
cust-03584,m-004,112,4,4435.58,1108.9,687.11,1789.15,3,1,364,84.0,0.5,0.0,INACTIVE,65.01,TRAIN
cust-03585,m-004,1,6,8524.8,1420.8,482.75,3021.37,5,1,253,50.4,0.0,0.667,REGULAR,0.3,TRAIN
cust-03586,m-004,77,6,7735.34,1289.22,482.75,3021.37,5,1,347,54.0,0.167,0.333,INACTIVE,51.09,TEST
cust-03587,m-004,95,3,4490.17,1496.72,687.11,3021.37,3,1,340,122.5,0.667,0.333,INACTIVE,20.89,TRAIN
cust-03588,m-004,16,3,2986.33,995.44,482.75,1721.89,3,1,150,67.0,0.0,0.0,NEW,7.95,VALIDATION
cust-03589,m-004,319,1,1789.15,1789.15,1789.15,1789.15,1,1,319,319.0,1.0,0.0,INACTIVE,74.77,TRAIN
cust-03590,m-004,7,7,11280.57,1611.51,482.75,3021.37,5,1,355,58.0,0.143,0.571,REGULAR,1.47,VALIDATION
cust-03591,m-004,164,2,2409.0,1204.5,687.11,1721.89,2,1,333,169.0,0.5,1.0,INACTIVE,36.83,TRAIN
cust-03592,m-004,1,7,7212.93,1030.42,482.75,1789.15,5,1,359,59.7,0.0,0.143,REGULAR,0.21,TRAIN
cust-03593,m-004,15,5,8737.05,1747.41,482.75,3021.37,4,1,150,33.8,0.2,0.2,REGULAR,7.45,VALIDATION
cust-03594,m-004,188,4,5172.66,1293.16,687.11,3021.37,3,1,332,48.0,0.0,0.25,INACTIVE,100.0,TRAIN
cust-03595,m-004,32,5,5217.27,1043.45,687.11,1789.15,4,1,349,79.2,0.4,0.2,AT_RISK,6.86,TRAIN
cust-03596,m-004,65,3,1996.53,665.51,482.75,781.69,3,1,261,98.0,0.0,0.333,INACTIVE,18.61,TEST
cust-03597,m-004,34,4,6074.96,1518.74,482.75,3021.37,4,1,312,92.7,0.25,0.25,AT_RISK,8.15,VALIDATION
cust-03598,m-004,47,5,8804.31,1760.86,482.75,3021.37,4,1,256,52.2,0.8,0.0,AT_RISK,13.72,TEST
cust-03599,m-004,222,3,1996.53,665.51,482.75,781.69,3,1,338,58.0,0.333,0.667,INACTIVE,100.0,TRAIN
cust-03600,m-004,13,5,11634.95,2326.99,781.69,3021.37,3,1,352,84.8,0.4,0.4,REGULAR,2.76,TEST
cust-03601,m-004,191,2,1754.96,877.48,482.75,1272.21,2,1,271,80.0,0.5,0.5,INACTIVE,100.0,TRAIN
cust-03602,m-004,29,5,10268.21,2053.64,781.69,3021.37,3,1,268,59.8,0.4,0.6,REGULAR,8.09,TEST
cust-03603,m-004,192,3,5430.37,1810.12,687.11,3021.37,3,1,331,69.5,0.0,0.333,INACTIVE,100.0,TRAIN
cust-03604,m-004,9,5,10335.47,2067.09,781.69,3021.37,4,1,354,86.2,0.4,0.4,REGULAR,1.9,VALIDATION
cust-03605,m-004,131,2,2409.0,1204.5,687.11,1721.89,2,1,138,7.0,1.0,0.0,INACTIVE,100.0,VALIDATION
cust-03606,m-004,20,5,7230.31,1446.06,482.75,3021.37,5,1,348,82.0,0.4,0.4,REGULAR,4.3,TRAIN
cust-03607,m-004,45,2,1468.8,734.4,687.11,781.69,2,1,175,130.0,0.0,0.5,NEW,19.18,TRAIN
cust-03608,m-004,151,4,8321.56,2080.39,1721.89,3021.37,3,1,332,60.3,0.5,0.0,INACTIVE,100.0,TRAIN
cust-03609,m-004,12,7,5891.99,841.71,482.75,1789.15,5,1,322,51.7,0.714,0.286,REGULAR,2.79,TRAIN
cust-03610,m-004,19,7,11304.99,1615.0,687.11,3021.37,6,1,359,56.7,0.429,0.429,REGULAR,3.96,TRAIN
cust-03611,m-004,85,3,4225.47,1408.49,781.69,1721.89,2,1,121,18.0,0.0,0.333,INACTIVE,100.0,TRAIN
cust-03612,m-004,24,10,12616.34,1261.63,687.11,1789.15,6,1,333,34.3,0.4,0.6,REGULAR,5.39,TEST
cust-03613,m-004,54,5,6807.05,1361.41,482.75,3021.37,5,1,319,66.2,0.6,0.4,AT_RISK,12.66,TRAIN
cust-03614,m-004,28,3,2245.87,748.62,732.09,781.69,2,1,125,48.5,0.0,0.333,NEW,16.67,TRAIN
cust-03615,m-004,18,6,10368.54,1728.09,482.75,3021.37,5,1,265,49.4,0.333,0.0,REGULAR,5.08,TRAIN
cust-03616,m-004,2,3,2250.49,750.16,687.11,781.69,2,1,71,34.5,0.0,0.667,NEW,2.08,TRAIN
cust-03617,m-004,1,6,9653.26,1608.88,482.75,3021.37,4,1,347,69.2,0.333,0.167,REGULAR,0.22,TRAIN
cust-03618,m-004,159,2,2004.3,1002.15,732.09,1272.21,2,1,193,34.0,1.0,0.0,INACTIVE,100.0,TRAIN
cust-03619,m-004,176,2,2004.3,1002.15,732.09,1272.21,2,1,266,90.0,0.0,0.0,INACTIVE,100.0,TRAIN
cust-03620,m-004,86,1,482.75,482.75,482.75,482.75,1,1,86,86.0,0.0,0.0,INACTIVE,74.14,TRAIN
cust-03621,m-004,221,1,1272.21,1272.21,1272.21,1272.21,1,1,221,221.0,1.0,0.0,INACTIVE,74.66,VALIDATION
cust-03622,m-004,31,4,6954.82,1738.71,1721.89,1789.15,2,1,248,72.3,0.0,0.25,AT_RISK,9.34,TRAIN
cust-03623,m-004,344,1,687.11,687.11,687.11,687.11,1,1,344,344.0,0.0,0.0,INACTIVE,74.78,TRAIN
cust-03624,m-004,4,10,12024.32,1202.43,482.75,3021.37,7,1,349,38.3,0.3,0.5,REGULAR,0.86,TRAIN
cust-03625,m-004,36,3,4440.57,1480.19,687.11,3021.37,3,1,225,94.5,0.333,0.333,NEW,11.95,VALIDATION
cust-03626,m-004,24,4,5470.36,1367.59,687.11,1789.15,4,1,320,98.7,0.5,0.25,REGULAR,5.61,TRAIN
cust-03627,m-004,32,5,6701.73,1340.35,687.11,1789.15,4,1,285,63.2,0.8,0.2,AT_RISK,8.39,TRAIN
cust-03628,m-004,6,5,4659.49,931.9,687.11,1721.89,3,1,354,87.0,0.6,0.6,REGULAR,1.27,TRAIN
cust-03629,m-004,44,3,5075.27,1691.76,781.69,3021.37,3,1,310,133.0,0.333,0.667,NEW,10.61,TEST
cust-03630,m-004,310,2,1374.22,687.11,687.11,687.11,1,1,322,12.0,0.0,0.5,INACTIVE,100.0,TRAIN
cust-03631,m-004,12,3,4191.23,1397.08,482.75,3021.37,3,1,332,160.0,0.333,1.0,NEW,2.7,TEST
cust-03632,m-004,102,4,5017.9,1254.47,482.75,3021.37,4,1,169,22.3,0.25,0.5,INACTIVE,100.0,TRAIN
cust-03633,m-004,116,3,5475.35,1825.12,732.09,3021.37,3,1,330,107.0,0.333,0.0,INACTIVE,39.78,VALIDATION
cust-03634,m-004,86,5,4704.47,940.89,687.11,1721.89,4,1,230,36.0,0.4,0.4,INACTIVE,100.0,VALIDATION
cust-03635,m-004,5,7,9204.51,1314.93,482.75,3021.37,3,1,318,52.2,0.143,0.286,REGULAR,1.18,TEST
cust-03636,m-004,32,6,10519.28,1753.21,482.75,3021.37,4,1,293,52.2,0.667,0.333,AT_RISK,8.16,TRAIN
cust-03637,m-004,69,5,4472.79,894.56,482.75,1789.15,5,1,312,60.8,0.4,0.0,INACTIVE,28.83,VALIDATION
cust-03638,m-004,10,5,8586.31,1717.26,781.69,3021.37,5,1,358,87.0,0.4,0.4,REGULAR,2.09,TEST
cust-03639,m-004,200,6,6168.26,1028.04,482.75,1721.89,5,1,333,26.6,0.5,0.0,INACTIVE,100.0,TRAIN
cust-03640,m-004,0,5,5251.31,1050.26,482.75,3021.37,3,1,356,89.0,0.0,0.2,REGULAR,0.0,VALIDATION
cust-03641,m-004,125,7,9502.21,1357.46,482.75,3021.37,6,1,350,37.5,0.429,0.429,INACTIVE,100.0,TRAIN
cust-03642,m-004,26,7,9577.63,1368.23,732.09,3021.37,4,1,324,49.7,0.571,0.571,REGULAR,6.0,TEST
cust-03643,m-004,26,4,6797.16,1699.29,781.69,3021.37,4,1,362,112.0,0.5,0.5,REGULAR,5.37,TRAIN
cust-03644,m-004,0,7,7199.29,1028.47,687.11,1721.89,5,1,294,49.0,0.286,0.429,REGULAR,0.0,TRAIN
cust-03645,m-004,19,6,6289.26,1048.21,482.75,1789.15,5,1,340,64.2,0.333,0.167,REGULAR,4.18,TRAIN
cust-03646,m-004,14,10,18238.38,1823.84,732.09,3021.37,4,1,292,30.9,0.3,0.5,REGULAR,3.58,TEST
cust-03647,m-004,1,10,12617.24,1261.72,732.09,1789.15,5,1,340,37.7,0.2,0.2,REGULAR,0.22,TRAIN
cust-03648,m-004,24,5,4704.47,940.89,687.11,1721.89,4,1,130,26.5,0.2,0.0,REGULAR,13.74,TRAIN
cust-03649,m-004,66,3,2155.91,718.64,687.11,781.69,2,1,299,116.5,0.667,0.667,INACTIVE,16.5,TRAIN
cust-03650,m-004,55,5,5208.63,1041.73,482.75,1789.15,4,1,346,72.8,0.0,0.6,AT_RISK,11.89,VALIDATION
cust-03651,m-004,83,2,2521.24,1260.62,732.09,1789.15,2,1,353,270.0,0.0,0.5,INACTIVE,17.58,TRAIN
cust-03652,m-004,0,7,12804.81,1829.26,482.75,3021.37,5,1,301,50.2,0.143,0.143,REGULAR,0.0,TRAIN
cust-03653,m-004,114,2,3578.3,1789.15,1789.15,1789.15,1,1,142,28.0,0.0,0.0,INACTIVE,100.0,TRAIN
cust-03654,m-004,19,6,8683.7,1447.28,687.11,3021.37,5,1,314,59.0,0.333,0.333,REGULAR,4.52,VALIDATION
cust-03655,m-004,4,4,2479.28,619.82,482.75,781.69,3,1,202,66.0,0.5,0.25,REGULAR,1.48,TRAIN
cust-03656,m-004,111,3,5430.37,1810.12,687.11,3021.37,3,1,275,82.0,0.333,0.667,INACTIVE,73.66,VALIDATION
cust-03657,m-004,22,5,6667.49,1333.5,482.75,3021.37,4,1,180,39.5,0.4,0.4,REGULAR,9.12,TRAIN
cust-03658,m-004,188,1,482.75,482.75,482.75,482.75,1,1,188,188.0,0.0,0.0,INACTIVE,74.6,TRAIN
cust-03659,m-004,13,6,5209.5,868.25,482.75,1789.15,4,1,309,59.2,0.5,0.667,REGULAR,3.15,TRAIN
cust-03660,m-004,138,6,6486.7,1081.12,482.75,3021.37,5,1,294,31.2,0.333,0.167,INACTIVE,100.0,TRAIN
cust-03661,m-004,22,8,17250.76,2156.35,482.75,9835.77,5,1,243,31.6,0.375,0.125,REGULAR,6.76,TRAIN
cust-03662,m-004,26,3,1697.59,565.86,482.75,732.09,2,1,351,162.5,0.667,0.0,NEW,5.54,TRAIN
cust-03663,m-004,64,4,3940.44,985.11,687.11,1789.15,3,1,279,71.7,0.0,0.25,INACTIVE,17.14,TRAIN
cust-03664,m-004,15,7,6337.53,905.36,482.75,1789.15,5,1,315,50.0,0.286,0.429,REGULAR,3.56,TRAIN
cust-03665,m-004,132,7,9706.57,1386.65,482.75,3021.37,7,1,342,35.0,0.571,0.571,INACTIVE,100.0,TRAIN
cust-03666,m-004,12,6,8774.14,1462.36,687.11,3021.37,5,1,273,52.2,0.5,0.333,REGULAR,3.28,TRAIN
cust-03667,m-004,43,4,8002.06,2000.52,687.11,3021.37,3,1,346,101.0,0.5,0.25,AT_RISK,9.29,VALIDATION
cust-03668,m-004,73,7,7316.15,1045.16,687.11,1789.15,5,1,287,35.7,0.286,0.143,INACTIVE,74.96,TRAIN
cust-03669,m-004,91,4,9553.78,2388.45,1721.89,3021.37,3,1,339,82.7,0.5,0.25,INACTIVE,32.52,TRAIN
cust-03670,m-004,26,4,5017.9,1254.47,482.75,3021.37,4,1,206,60.0,0.75,0.5,REGULAR,9.42,TRAIN
cust-03671,m-004,26,4,8254.3,2063.58,1721.89,3021.37,3,1,350,108.0,0.25,0.25,REGULAR,5.56,VALIDATION
cust-03672,m-004,19,6,6448.64,1074.77,687.11,1789.15,4,1,322,60.6,0.5,0.0,REGULAR,4.41,VALIDATION
cust-03673,m-004,81,6,7426.9,1237.82,482.75,3021.37,6,1,317,47.2,0.333,0.333,INACTIVE,69.8,TRAIN
cust-03674,m-004,33,8,11465.98,1433.25,732.09,3021.37,4,1,277,34.9,0.375,0.375,AT_RISK,8.9,TEST
cust-03675,m-004,16,7,7013.19,1001.88,482.75,1789.15,5,1,284,44.7,0.429,0.0,REGULAR,4.21,VALIDATION
cust-03676,m-004,60,10,13124.8,1312.48,687.11,3021.37,5,1,341,31.2,0.4,0.5,AT_RISK,56.36,TRAIN
cust-03677,m-004,89,6,8310.94,1385.16,732.09,3021.37,5,1,346,51.4,0.167,0.333,INACTIVE,75.64,TEST
cust-03678,m-004,159,4,4775.48,1193.87,482.75,1789.15,4,1,340,60.3,0.75,0.5,INACTIVE,100.0,TEST
cust-03679,m-004,5,7,8766.37,1252.34,482.75,3021.37,7,1,334,54.8,0.571,0.429,REGULAR,1.12,TRAIN
cust-03680,m-004,116,6,5895.74,982.62,482.75,1789.15,5,1,282,33.2,0.333,0.333,INACTIVE,100.0,VALIDATION
cust-03681,m-004,28,6,7325.76,1220.96,687.11,3021.37,4,1,304,55.2,0.333,0.5,REGULAR,6.89,VALIDATION
cust-03682,m-004,180,6,8528.94,1421.49,482.75,3021.37,6,1,279,19.8,0.333,0.333,INACTIVE,100.0,TRAIN
cust-03683,m-004,149,5,3669.69,733.94,687.11,781.69,3,1,360,52.8,0.4,0.4,INACTIVE,100.0,VALIDATION
cust-03684,m-004,120,4,4725.88,1181.47,482.75,1789.15,4,1,190,23.3,0.25,0.0,INACTIVE,100.0,TRAIN
cust-03685,m-004,125,5,4808.55,961.71,482.75,1789.15,4,1,337,53.0,0.2,0.0,INACTIVE,100.0,VALIDATION
cust-03686,m-004,33,5,4646.71,929.34,482.75,1721.89,4,1,364,82.8,0.2,0.4,AT_RISK,6.78,TRAIN
cust-03687,m-004,79,4,4842.74,1210.68,482.75,1789.15,3,1,354,91.7,0.75,0.25,INACTIVE,16.69,TRAIN
cust-03688,m-004,103,9,11665.89,1296.21,482.75,3021.37,7,1,305,25.2,0.444,0.444,INACTIVE,100.0,TRAIN
cust-03689,m-004,31,8,14629.56,1828.7,482.75,3021.37,3,1,344,44.7,0.5,0.5,AT_RISK,6.74,TEST
cust-03690,m-004,189,2,2521.24,1260.62,732.09,1789.15,2,1,277,88.0,0.5,0.5,INACTIVE,100.0,TRAIN
cust-03691,m-004,11,9,11665.89,1296.21,482.75,3021.37,7,1,350,42.4,0.444,0.333,REGULAR,2.35,TRAIN
cust-03692,m-004,83,7,8604.85,1229.26,482.75,1789.15,2,1,324,40.2,0.429,0.429,INACTIVE,83.35,TRAIN
cust-03693,m-004,49,3,3726.19,1242.06,732.09,1721.89,3,1,263,107.0,0.333,0.0,INACTIVE,13.92,TRAIN
cust-03694,m-004,127,4,5712.78,1428.2,687.11,3021.37,4,1,285,52.7,0.75,0.25,INACTIVE,100.0,TRAIN
cust-03696,m-004,1,7,8226.25,1175.18,482.75,3021.37,6,1,360,59.8,0.143,0.143,REGULAR,0.21,TRAIN
cust-03697,m-004,4,5,5311.85,1062.37,687.11,1789.15,4,1,191,46.8,0.4,0.4,REGULAR,1.56,VALIDATION
cust-03698,m-004,45,4,4862.98,1215.75,687.11,1721.89,3,1,337,97.3,0.25,0.0,AT_RISK,9.99,TEST
cust-03699,m-004,202,8,8304.9,1038.11,482.75,3021.37,4,1,354,21.7,0.5,0.375,INACTIVE,100.0,TEST
cust-03700,m-004,94,2,4743.26,2371.63,1721.89,3021.37,2,1,289,195.0,0.0,0.5,INACTIVE,24.31,VALIDATION
cust-03701,m-004,22,7,7572.65,1081.81,482.75,1789.15,4,1,362,56.7,0.571,0.143,REGULAR,4.55,TRAIN
cust-03702,m-004,54,4,6702.58,1675.64,687.11,3021.37,4,1,299,81.7,0.5,0.25,AT_RISK,13.5,TRAIN
cust-03703,m-004,22,7,10567.43,1509.63,732.09,3021.37,5,1,349,54.5,0.286,0.429,REGULAR,4.71,TRAIN
cust-03704,m-004,165,2,1419.2,709.6,687.11,732.09,2,1,212,47.0,0.5,0.0,INACTIVE,100.0,TEST
cust-03705,m-004,254,3,5430.37,1810.12,687.11,3021.37,3,1,274,10.0,0.333,0.0,INACTIVE,100.0,VALIDATION
cust-03706,m-004,113,6,5923.06,987.18,482.75,1721.89,4,1,284,34.2,0.333,0.0,INACTIVE,100.0,TRAIN
cust-03707,m-004,65,5,9053.65,1810.73,732.09,3021.37,4,1,278,53.2,0.6,0.0,INACTIVE,35.17,TRAIN
cust-03708,m-004,54,4,5463.44,1365.86,482.75,3021.37,4,1,201,49.0,0.5,0.25,AT_RISK,27.55,TRAIN
cust-03709,m-004,12,12,16513.62,1376.14,482.75,3021.37,8,1,364,32.0,0.25,0.333,REGULAR,2.47,TRAIN
cust-03710,m-004,157,6,7762.06,1293.68,732.09,3021.37,3,1,338,36.2,0.333,0.667,INACTIVE,100.0,TRAIN
cust-03711,m-004,23,5,7871.03,1574.21,781.69,1789.15,3,1,304,70.2,0.0,0.4,REGULAR,5.66,TRAIN
cust-03712,m-004,12,5,8874.15,1774.83,687.11,3021.37,3,1,242,57.5,0.6,0.2,REGULAR,3.7,TEST
cust-03713,m-004,109,5,6531.29,1306.26,482.75,3021.37,3,1,343,58.5,0.4,0.2,INACTIVE,99.51,TRAIN
cust-03714,m-004,5,5,3951.83,790.37,482.75,1721.89,3,1,344,84.8,0.6,0.8,REGULAR,1.09,TRAIN
cust-03715,m-004,16,8,9101.28,1137.66,482.75,1789.15,5,1,306,41.4,0.375,0.25,REGULAR,3.91,VALIDATION
cust-03716,m-004,35,7,8269.99,1181.43,482.75,1789.15,5,1,361,54.3,0.143,0.429,AT_RISK,7.25,VALIDATION
cust-03717,m-004,7,6,6934.54,1155.76,687.11,1789.15,5,1,337,66.0,0.333,0.333,REGULAR,1.55,VALIDATION
cust-03718,m-004,66,5,4627.55,925.51,687.11,1789.15,3,1,317,62.8,0.4,0.2,INACTIVE,20.37,TRAIN
cust-03719,m-004,51,1,1721.89,1721.89,1721.89,1721.89,1,1,51,51.0,0.0,0.0,NEW,73.56,VALIDATION
cust-03720,m-004,34,4,5856.96,1464.24,781.69,3021.37,3,1,284,83.3,0.5,0.25,AT_RISK,8.95,TRAIN
cust-03721,m-004,12,4,4208.94,1052.24,482.75,1721.89,4,1,341,109.7,0.5,0.5,REGULAR,2.63,TRAIN
cust-03722,m-004,41,3,3257.95,1085.98,687.11,1789.15,3,1,234,96.5,0.0,0.667,NEW,13.09,TEST
cust-03723,m-004,14,11,19541.63,1776.51,687.11,3021.37,6,1,328,31.4,0.182,0.545,REGULAR,3.19,TRAIN
cust-03724,m-004,69,7,10734.43,1533.49,482.75,3021.37,5,1,328,43.2,0.429,0.429,INACTIVE,54.43,TRAIN
cust-03725,m-004,97,2,1419.2,709.6,687.11,732.09,2,1,115,18.0,0.0,1.0,INACTIVE,100.0,TRAIN
cust-03726,m-004,46,7,6677.43,953.92,482.75,1789.15,6,1,357,51.8,0.429,0.286,AT_RISK,9.64,TRAIN
cust-03727,m-004,41,9,11803.15,1311.46,482.75,3021.37,5,1,359,39.8,0.111,0.111,AT_RISK,10.34,VALIDATION
cust-03728,m-004,57,2,2453.98,1226.99,732.09,1721.89,2,1,343,286.0,0.0,0.5,NEW,12.43,VALIDATION
cust-03729,m-004,96,2,965.5,482.75,482.75,482.75,1,1,106,10.0,0.5,0.0,INACTIVE,100.0,VALIDATION
cust-03730,m-004,3,14,15644.14,1117.44,482.75,3021.37,7,1,282,21.5,0.571,0.357,REGULAR,0.8,VALIDATION
cust-03731,m-004,6,11,18055.45,1641.4,482.75,3021.37,7,1,347,34.1,0.364,0.636,REGULAR,1.29,TRAIN
cust-03732,m-004,38,5,7347.17,1469.43,482.75,3021.37,5,1,292,63.5,0.4,0.6,AT_RISK,9.73,VALIDATION
cust-03733,m-004,35,9,9671.53,1074.61,482.75,1789.15,7,1,324,36.1,0.444,0.444,AT_RISK,8.08,TRAIN
cust-03734,m-004,350,1,3021.37,3021.37,3021.37,3021.37,1,1,350,350.0,0.0,1.0,INACTIVE,74.79,TRAIN
cust-03735,m-004,30,7,8924.03,1274.86,482.75,1789.15,5,1,360,55.0,0.429,0.571,REGULAR,6.23,TRAIN
cust-03736,m-004,72,7,8719.67,1245.67,482.75,1789.15,4,1,275,33.8,0.143,0.429,INACTIVE,76.87,TRAIN
cust-03737,m-004,39,7,5321.43,760.2,482.75,1721.89,4,1,267,38.0,0.571,0.143,AT_RISK,12.41,TRAIN
cust-03738,m-004,22,2,4293.58,2146.79,1272.21,3021.37,2,1,228,206.0,0.5,0.5,NEW,7.21,TEST
cust-03739,m-004,114,3,1996.53,665.51,482.75,781.69,3,1,311,98.5,0.333,0.333,INACTIVE,50.65,TRAIN
cust-03740,m-004,35,3,1747.19,582.4,482.75,781.69,2,1,320,142.5,0.667,0.333,NEW,8.18,VALIDATION
cust-03741,m-004,53,5,7279.91,1455.98,482.75,3021.37,5,1,357,76.0,0.2,0.2,AT_RISK,11.1,TEST
cust-03742,m-004,98,9,14410.09,1601.12,482.75,3021.37,5,1,361,32.9,0.444,0.333,INACTIVE,100.0,TRAIN
cust-03743,m-004,32,6,6617.94,1102.99,482.75,1721.89,5,1,154,24.4,0.333,0.5,AT_RISK,26.88,TRAIN
cust-03744,m-004,17,7,8659.37,1237.05,482.75,1789.15,4,1,356,56.5,0.286,0.429,REGULAR,3.57,TEST
cust-03745,m-004,37,7,6958.71,994.1,482.75,1721.89,4,1,343,51.0,0.286,0.429,AT_RISK,8.07,TRAIN
cust-03746,m-004,50,7,8692.55,1241.79,781.69,3021.37,3,1,305,42.5,0.286,0.571,AT_RISK,23.5,TRAIN
cust-03747,m-004,50,7,8755.63,1250.8,687.11,1789.15,5,1,354,50.7,0.571,0.429,AT_RISK,10.56,TEST
cust-03748,m-004,111,3,5542.61,1847.54,732.09,3021.37,3,1,323,106.0,0.333,0.0,INACTIVE,33.19,TRAIN
cust-03749,m-004,28,7,5121.69,731.67,482.75,1721.89,4,1,351,53.8,0.143,0.286,REGULAR,5.97,TRAIN
cust-03750,m-004,22,7,6651.01,950.14,482.75,1721.89,5,1,245,37.2,0.143,0.286,REGULAR,6.71,VALIDATION
cust-03751,m-004,33,2,2503.58,1251.79,781.69,1721.89,2,1,342,309.0,0.5,0.5,NEW,7.22,TEST
cust-03752,m-004,53,8,14463.78,1807.97,482.75,3021.37,4,1,301,35.4,0.375,0.625,AT_RISK,39.56,TRAIN
cust-03753,m-004,10,5,11567.69,2313.54,781.69,3021.37,3,1,301,72.8,0.2,0.6,REGULAR,2.48,VALIDATION
cust-03754,m-004,112,5,7702.27,1540.45,482.75,3021.37,5,1,303,47.8,0.2,0.0,INACTIVE,100.0,TRAIN
cust-03755,m-004,0,9,12486.81,1387.42,732.09,3021.37,5,1,311,38.9,0.222,0.333,REGULAR,0.0,TRAIN
cust-03756,m-004,29,6,8076.8,1346.13,687.11,3021.37,4,1,262,46.6,0.167,0.667,REGULAR,8.27,TRAIN
cust-03757,m-004,103,3,4292.73,1430.91,781.69,1789.15,3,1,340,118.5,0.667,0.333,INACTIVE,22.65,VALIDATION
cust-03758,m-004,4,5,4741.29,948.26,482.75,1721.89,4,1,309,76.2,0.6,0.2,REGULAR,0.97,TRAIN
cust-03759,m-004,56,4,5316.84,1329.21,732.09,3021.37,3,1,222,55.3,0.25,0.0,AT_RISK,19.88,TEST
cust-03760,m-004,12,7,7039.01,1005.57,482.75,1789.15,4,1,349,56.2,0.429,0.143,REGULAR,2.57,TRAIN
cust-03761,m-004,62,6,8593.74,1432.29,687.11,3021.37,4,1,300,47.6,0.167,0.167,INACTIVE,37.05,TRAIN
cust-03762,m-004,48,7,9443.59,1349.08,687.11,3021.37,5,1,355,51.2,0.571,0.143,AT_RISK,10.11,TRAIN
cust-03763,m-004,88,5,5598.01,1119.6,482.75,1789.15,4,1,335,61.8,0.2,0.4,INACTIVE,58.94,TEST
cust-03764,m-004,6,8,11047.88,1380.98,482.75,3021.37,5,1,360,50.6,0.125,0.25,REGULAR,1.25,TRAIN
cust-03765,m-004,17,8,12293.94,1536.74,687.11,3021.37,5,1,304,41.0,0.125,0.5,REGULAR,4.18,TEST
cust-03766,m-004,32,4,3469.08,867.27,482.75,1721.89,3,1,325,97.7,0.5,1.0,AT_RISK,7.36,TEST
cust-03767,m-004,83,4,7804.62,1951.16,1272.21,3021.37,4,1,333,83.3,0.25,0.25,INACTIVE,18.64,TRAIN
cust-03768,m-004,74,4,5463.44,1365.86,482.75,3021.37,4,1,356,94.0,0.25,0.25,INACTIVE,15.55,TRAIN
cust-03769,m-004,39,3,4850.51,1616.84,1272.21,1789.15,2,1,179,70.0,0.667,0.0,NEW,16.25,TEST
cust-03770,m-004,42,4,5048.0,1262.0,781.69,1721.89,3,1,176,44.7,0.0,0.25,AT_RISK,17.8,TRAIN
cust-03771,m-004,4,9,13815.29,1535.03,482.75,3021.37,5,1,358,44.2,0.556,0.444,REGULAR,0.84,TRAIN
cust-03772,m-004,77,6,9790.36,1631.73,687.11,3021.37,5,1,321,48.8,0.5,0.167,INACTIVE,60.23,TEST
cust-03773,m-004,138,5,4000.83,800.17,482.75,1272.21,4,1,295,39.2,0.2,0.6,INACTIVE,100.0,TRAIN
cust-03774,m-004,20,8,11092.86,1386.61,482.75,3021.37,5,1,360,48.6,0.25,0.25,REGULAR,4.16,TRAIN
cust-03775,m-004,34,2,3511.04,1755.52,1721.89,1789.15,2,1,274,240.0,0.0,0.0,NEW,9.27,TRAIN
cust-03776,m-004,19,8,11938.48,1492.31,482.75,3021.37,6,1,332,44.7,0.375,0.375,REGULAR,4.28,TRAIN
cust-03777,m-004,166,3,1996.53,665.51,482.75,781.69,3,1,362,98.0,0.667,0.0,INACTIVE,100.0,TRAIN
cust-03778,m-004,68,3,2536.65,845.55,482.75,1272.21,3,1,182,57.0,0.667,0.0,INACTIVE,44.37,TEST
cust-03779,m-004,80,4,5497.68,1374.42,781.69,1721.89,3,1,360,93.3,0.25,0.75,INACTIVE,16.62,TRAIN
cust-03780,m-004,190,2,4293.58,2146.79,1272.21,3021.37,2,1,323,133.0,0.0,1.0,INACTIVE,100.0,TRAIN
cust-03781,m-004,20,7,9380.67,1340.1,687.11,1789.15,4,1,351,55.2,0.0,0.286,REGULAR,4.26,TEST
cust-03782,m-004,65,5,7479.65,1495.93,732.09,3021.37,4,1,333,67.0,0.2,0.4,INACTIVE,14.6,TRAIN
cust-03783,m-004,259,2,1264.44,632.22,482.75,781.69,2,1,306,47.0,0.5,0.5,INACTIVE,100.0,TRAIN
cust-03784,m-004,42,6,6560.88,1093.48,687.11,1789.15,4,1,282,48.0,0.167,0.333,AT_RISK,11.13,TRAIN
cust-03785,m-004,28,5,4522.39,904.48,482.75,1789.15,4,1,356,82.0,0.2,0.2,REGULAR,5.88,TRAIN
cust-03786,m-004,12,8,9256.04,1157.01,482.75,1789.15,7,1,323,44.4,0.375,0.5,REGULAR,2.78,TRAIN
cust-03787,m-004,64,7,9751.55,1393.08,482.75,3021.37,6,1,354,48.3,0.571,0.429,INACTIVE,37.07,TRAIN
cust-03788,m-004,107,4,5913.12,1478.28,482.75,3021.37,4,1,343,78.7,0.25,0.5,INACTIVE,65.78,TRAIN
cust-03789,m-004,80,5,5711.93,1142.39,687.11,1789.15,5,1,315,58.8,0.0,0.2,INACTIVE,50.79,TRAIN
cust-03790,m-004,19,7,10273.11,1467.59,482.75,3021.37,6,1,350,55.2,0.286,0.286,REGULAR,4.06,TRAIN
cust-03791,m-004,47,5,6634.47,1326.89,687.11,1721.89,3,1,356,77.2,0.6,0.2,AT_RISK,9.87,TEST
cust-03792,m-004,8,7,7055.71,1007.96,482.75,1721.89,4,1,243,39.2,0.286,0.0,REGULAR,2.46,TRAIN
cust-03793,m-004,14,4,3835.28,958.82,482.75,1789.15,3,1,364,116.7,0.5,0.5,REGULAR,2.88,TRAIN
cust-03794,m-004,90,4,5222.26,1305.56,687.11,3021.37,4,1,218,42.7,0.0,0.25,INACTIVE,100.0,TRAIN
cust-03795,m-004,8,6,8711.02,1451.84,732.09,3021.37,4,1,259,50.2,0.167,0.167,REGULAR,2.31,TRAIN
cust-03796,m-004,31,6,8012.0,1335.33,482.75,3021.37,6,1,329,59.6,0.167,0.5,AT_RISK,7.05,TRAIN
cust-03797,m-004,38,12,17829.68,1485.81,482.75,3021.37,7,1,343,27.7,0.25,0.333,AT_RISK,23.73,TRAIN
cust-03798,m-004,100,6,10790.9,1798.48,482.75,3021.37,4,1,322,44.4,0.0,0.333,INACTIVE,100.0,TRAIN
cust-03799,m-004,74,5,6247.43,1249.49,732.09,1789.15,4,1,346,68.0,0.2,0.6,INACTIVE,24.99,TRAIN
cust-03800,m-004,23,8,8491.0,1061.38,482.75,3021.37,6,1,264,34.4,0.125,0.125,REGULAR,6.51,TEST
cust-03801,m-004,0,9,9227.71,1025.3,482.75,3021.37,6,1,316,39.5,0.222,0.444,REGULAR,0.0,TRAIN
cust-03802,m-004,10,2,2204.64,1102.32,482.75,1721.89,2,1,169,159.0,0.0,0.0,NEW,4.41,TRAIN
cust-03803,m-004,70,8,13829.98,1728.75,482.75,3021.37,6,1,361,41.6,0.25,0.125,INACTIVE,57.1,TRAIN
cust-03804,m-004,18,9,17392.71,1932.52,732.09,3021.37,5,1,364,43.2,0.333,0.444,REGULAR,3.7,TRAIN
cust-03805,m-004,13,3,2736.39,912.13,732.09,1272.21,2,1,300,143.5,0.0,0.667,NEW,3.24,TRAIN
cust-03806,m-004,77,8,10081.1,1260.14,687.11,3021.37,5,1,286,29.9,0.125,0.75,INACTIVE,90.77,TRAIN
cust-03807,m-004,58,3,4130.89,1376.96,687.11,1721.89,2,1,305,123.5,0.333,0.0,INACTIVE,14.22,VALIDATION
cust-03808,m-004,179,4,5508.42,1377.1,482.75,3021.37,4,1,341,54.0,0.5,0.25,INACTIVE,100.0,TRAIN
cust-03809,m-004,30,2,2053.9,1026.95,781.69,1272.21,2,1,337,307.0,0.0,0.5,NEW,6.66,TRAIN
cust-03810,m-004,123,5,7048.23,1409.65,482.75,3021.37,4,1,352,57.2,0.2,0.4,INACTIVE,100.0,TRAIN
cust-03811,m-004,111,6,6467.2,1077.87,687.11,1721.89,5,1,301,38.0,0.333,0.333,INACTIVE,100.0,TRAIN
cust-03812,m-004,75,2,1169.86,584.93,482.75,687.11,2,1,322,247.0,0.5,0.0,INACTIVE,17.41,TRAIN
cust-03813,m-004,44,4,5470.36,1367.59,687.11,1789.15,4,1,330,95.3,0.5,0.25,AT_RISK,9.97,TEST
cust-03814,m-004,131,3,1747.19,582.4,482.75,781.69,2,1,358,113.5,0.333,0.0,INACTIVE,53.62,VALIDATION
cust-03815,m-004,235,2,1754.96,877.48,482.75,1272.21,2,1,275,40.0,0.5,0.5,INACTIVE,100.0,TEST
cust-03816,m-004,43,6,5204.88,867.48,482.75,1789.15,5,1,349,61.2,0.167,0.333,AT_RISK,9.21,TRAIN
cust-03817,m-004,38,7,10171.61,1453.09,482.75,3021.37,4,1,266,38.0,0.429,0.286,AT_RISK,10.67,VALIDATION
cust-03818,m-004,5,7,15928.53,2275.5,781.69,3021.37,4,1,238,38.8,0.286,0.429,REGULAR,1.57,TRAIN
cust-03819,m-004,11,3,6082.73,2027.58,1272.21,3021.37,3,1,260,124.5,0.667,0.0,NEW,3.16,TRAIN
cust-03820,m-004,13,5,8491.73,1698.35,687.11,3021.37,5,1,211,49.5,0.6,0.0,REGULAR,4.6,TRAIN
cust-03821,m-004,28,7,11478.91,1639.84,482.75,3021.37,5,1,256,38.0,0.714,0.571,REGULAR,8.17,TEST
cust-03822,m-004,28,7,9061.13,1294.45,687.11,1789.15,4,1,332,50.7,0.0,0.571,REGULAR,6.31,TRAIN
cust-03823,m-004,19,9,10163.89,1129.32,482.75,3021.37,5,1,317,37.2,0.222,0.333,REGULAR,4.48,TRAIN
cust-03824,m-004,51,8,8833.68,1104.21,482.75,1789.15,6,1,347,42.3,0.5,0.25,AT_RISK,24.04,TRAIN
cust-03825,m-004,14,3,3257.95,1085.98,687.11,1789.15,3,1,295,140.5,0.0,0.667,NEW,3.55,TRAIN
cust-03826,m-004,96,4,4673.98,1168.49,482.75,3021.37,3,1,331,78.3,0.25,0.5,INACTIVE,48.24,TRAIN
cust-03827,m-004,6,9,7597.35,844.15,482.75,1789.15,5,1,259,31.6,0.111,0.444,REGULAR,1.73,TRAIN
cust-03828,m-004,158,4,6505.14,1626.28,1272.21,1789.15,3,1,288,43.3,0.5,0.0,INACTIVE,100.0,TRAIN
cust-03829,m-004,0,3,6729.85,2243.28,687.11,3021.37,2,1,348,174.0,0.333,0.333,NEW,0.0,TRAIN
cust-03830,m-004,43,5,6380.51,1276.1,482.75,1721.89,3,1,363,80.0,0.2,0.6,AT_RISK,8.86,TRAIN
cust-03831,m-004,312,1,3021.37,3021.37,3021.37,3021.37,1,1,312,312.0,1.0,1.0,INACTIVE,74.76,VALIDATION
cust-03832,m-004,24,4,4026.86,1006.72,482.75,1789.15,3,1,218,64.7,0.0,0.0,REGULAR,8.22,TRAIN
cust-03833,m-004,33,5,9278.41,1855.68,732.09,3021.37,4,1,207,43.5,0.4,0.6,AT_RISK,11.9,TRAIN
cust-03834,m-004,76,8,13162.26,1645.28,732.09,3021.37,4,1,353,39.6,0.25,0.625,INACTIVE,70.7,TRAIN
cust-03835,m-004,0,2,1563.38,781.69,781.69,781.69,1,1,191,191.0,0.0,0.0,NEW,0.0,TRAIN
cust-03836,m-004,4,5,8039.27,1607.85,482.75,3021.37,4,1,321,79.2,0.4,0.2,REGULAR,0.93,TRAIN
cust-03837,m-004,31,8,7650.7,956.34,482.75,1789.15,6,1,274,34.7,0.375,0.125,AT_RISK,8.45,TRAIN
cust-03838,m-004,126,5,5345.73,1069.15,482.75,1721.89,4,1,333,51.8,0.4,1.0,INACTIVE,100.0,VALIDATION
cust-03839,m-004,2,4,8047.04,2011.76,732.09,3021.37,3,1,155,51.0,0.25,0.5,REGULAR,0.96,TRAIN
cust-03840,m-004,73,7,10224.41,1460.63,482.75,3021.37,5,1,321,41.3,0.143,0.143,INACTIVE,64.55,TRAIN
cust-03841,m-004,23,6,8185.02,1364.17,482.75,3021.37,5,1,342,63.8,0.167,0.5,REGULAR,5.03,TRAIN
cust-03842,m-004,123,2,4810.52,2405.26,1789.15,3021.37,2,1,245,122.0,0.5,0.5,INACTIVE,39.0,VALIDATION
cust-03843,m-004,188,3,3027.17,1009.06,482.75,1272.21,2,1,295,53.5,0.0,0.333,INACTIVE,100.0,TEST
cust-03844,m-004,17,7,9728.85,1389.84,482.75,3021.37,5,1,320,50.5,0.429,0.286,REGULAR,3.97,TRAIN
cust-03845,m-004,0,7,10451.05,1493.01,687.11,3021.37,5,1,294,49.0,0.286,0.143,REGULAR,0.0,TRAIN
cust-03846,m-004,26,7,8618.53,1231.22,482.75,1789.15,5,1,355,54.8,0.714,0.286,REGULAR,5.48,TEST
cust-03847,m-004,62,7,10398.67,1485.52,482.75,3021.37,5,1,362,50.0,0.429,0.286,INACTIVE,30.81,TRAIN
cust-03848,m-004,8,7,7417.29,1059.61,482.75,1789.15,6,1,329,53.5,0.143,0.286,REGULAR,1.82,TEST
cust-03849,m-004,57,5,5280.81,1056.16,732.09,1272.21,2,1,347,72.5,0.8,0.4,AT_RISK,12.28,TRAIN
cust-03850,m-004,13,7,11055.65,1579.38,482.75,3021.37,6,1,324,51.8,0.429,0.571,REGULAR,3.0,TRAIN
cust-03851,m-004,70,9,12007.03,1334.11,482.75,3021.37,5,1,299,28.6,0.333,0.444,INACTIVE,79.6,VALIDATION
cust-03852,m-004,56,5,7529.25,1505.85,732.09,3021.37,5,1,332,69.0,0.2,1.0,AT_RISK,12.61,TRAIN
cust-03853,m-004,97,4,4507.88,1126.97,732.09,1721.89,4,1,286,63.0,0.0,0.75,INACTIVE,76.35,TEST
cust-03854,m-004,67,6,5697.6,949.6,781.69,1789.15,2,1,327,52.0,0.667,0.167,INACTIVE,37.82,TRAIN
cust-03855,m-004,109,9,12023.45,1335.94,482.75,3021.37,6,1,310,25.1,0.333,0.111,INACTIVE,100.0,TRAIN
cust-03856,m-004,39,4,3623.84,905.96,482.75,1721.89,4,1,289,83.3,0.25,0.25,AT_RISK,10.09,TRAIN
cust-03857,m-004,25,6,9266.5,1544.42,482.75,3021.37,5,1,316,58.2,0.167,0.333,REGULAR,5.91,TEST
cust-03858,m-004,5,5,5145.39,1029.08,687.11,1721.89,4,1,288,70.8,0.4,0.4,REGULAR,1.3,TRAIN
cust-03859,m-004,159,6,7051.4,1175.23,687.11,1789.15,5,1,310,30.2,0.167,0.0,INACTIVE,100.0,TRAIN
cust-03860,m-004,1,8,7904.66,988.08,482.75,1789.15,6,1,310,44.1,0.125,0.25,REGULAR,0.24,TRAIN
cust-03861,m-004,34,5,3121.41,624.28,482.75,781.69,3,1,347,78.2,0.4,0.8,AT_RISK,7.33,TRAIN
cust-03862,m-004,41,4,5913.12,1478.28,482.75,3021.37,4,1,236,65.0,0.75,0.75,AT_RISK,12.97,TRAIN
cust-03863,m-004,73,4,7381.36,1845.34,781.69,3021.37,3,1,226,51.0,0.25,0.0,INACTIVE,57.12,TRAIN
cust-03864,m-004,63,7,7853.49,1121.93,482.75,3021.37,5,1,363,50.0,0.0,0.571,INACTIVE,32.48,TRAIN
cust-03865,m-004,196,3,5430.37,1810.12,687.11,3021.37,3,1,348,76.0,0.667,0.333,INACTIVE,100.0,TRAIN
cust-03866,m-004,54,5,6290.11,1258.02,482.75,3021.37,5,1,362,77.0,0.6,0.2,AT_RISK,11.16,TEST
cust-03867,m-004,111,6,7177.56,1196.26,482.75,3021.37,5,1,347,47.2,0.5,0.333,INACTIVE,100.0,TRAIN
cust-03868,m-004,118,5,7434.67,1486.93,687.11,3021.37,5,1,323,51.2,0.0,0.2,INACTIVE,100.0,VALIDATION
cust-03869,m-004,38,2,3753.46,1876.73,732.09,3021.37,2,1,188,150.0,0.0,0.0,NEW,15.08,TRAIN
cust-03870,m-004,36,9,10140.59,1126.73,482.75,3021.37,7,1,337,37.6,0.556,0.444,AT_RISK,7.99,VALIDATION
cust-03871,m-004,14,7,7815.43,1116.49,687.11,1789.15,5,1,304,48.3,0.0,0.286,REGULAR,3.44,VALIDATION
cust-03872,m-004,117,2,1754.96,877.48,482.75,1272.21,2,1,123,6.0,1.0,1.0,INACTIVE,100.0,TRAIN
cust-03873,m-004,10,4,5470.36,1367.59,687.11,1789.15,4,1,343,111.0,0.25,0.5,REGULAR,2.18,TRAIN
cust-03874,m-004,333,1,687.11,687.11,687.11,687.11,1,1,333,333.0,1.0,0.0,INACTIVE,74.78,TRAIN
cust-03875,m-004,41,4,5024.82,1256.2,732.09,1789.15,4,1,340,99.7,0.25,0.5,AT_RISK,9.02,TRAIN
cust-03876,m-004,5,5,6675.31,1335.06,687.11,1721.89,3,1,344,84.8,0.4,0.6,REGULAR,1.09,VALIDATION
cust-03877,m-004,72,4,6007.7,1501.92,482.75,3021.37,4,1,250,59.3,0.75,0.25,INACTIVE,40.56,VALIDATION
cust-03878,m-004,33,4,3768.02,942.01,482.75,1721.89,3,1,200,55.7,0.5,0.5,AT_RISK,12.31,TRAIN
cust-03879,m-004,54,5,6645.21,1329.04,482.75,3021.37,5,1,338,71.0,0.4,0.2,AT_RISK,11.95,TEST
cust-03880,m-004,8,7,8903.47,1271.92,687.11,3021.37,6,1,274,44.3,0.286,0.286,REGULAR,2.18,TRAIN
cust-03881,m-004,46,6,10368.54,1728.09,482.75,3021.37,5,1,336,58.0,0.333,0.0,AT_RISK,10.24,TRAIN
cust-03882,m-004,31,5,6746.71,1349.34,732.09,1789.15,4,1,342,77.8,0.0,0.4,AT_RISK,6.78,TRAIN
cust-03883,m-004,4,9,11261.19,1251.24,482.75,3021.37,6,1,320,39.5,0.333,0.333,REGULAR,0.93,TRAIN
cust-03884,m-004,4,5,6470.95,1294.19,482.75,1721.89,3,1,355,87.8,0.6,0.0,REGULAR,0.84,TRAIN
cust-03885,m-004,12,9,14629.33,1625.48,482.75,3021.37,5,1,285,34.1,0.444,0.333,REGULAR,3.15,TRAIN
cust-03886,m-004,99,6,6232.74,1038.79,482.75,3021.37,4,1,361,52.4,0.5,0.5,INACTIVE,90.41,VALIDATION
cust-03887,m-004,53,5,8063.85,1612.77,732.09,3021.37,3,1,332,69.8,0.4,0.8,AT_RISK,11.94,TRAIN
cust-03888,m-004,42,6,9688.86,1614.81,482.75,3021.37,4,1,312,54.0,0.167,0.167,AT_RISK,10.06,TRAIN
cust-03889,m-004,59,6,9340.68,1556.78,687.11,3021.37,5,1,353,58.8,0.333,0.0,AT_RISK,12.8,TRAIN
cust-03890,m-004,10,7,7833.09,1119.01,687.11,1789.15,5,1,266,42.7,0.286,0.143,REGULAR,2.81,TRAIN
cust-03891,m-004,49,8,8756.76,1094.6,482.75,1789.15,5,1,347,42.6,0.125,0.375,AT_RISK,20.16,VALIDATION
cust-03892,m-004,8,6,6685.2,1114.2,482.75,1789.15,6,1,309,60.2,0.333,0.5,REGULAR,1.94,TRAIN
cust-03893,m-004,66,7,7462.27,1066.04,482.75,1789.15,5,1,313,41.2,0.143,0.286,INACTIVE,52.96,TEST
cust-03894,m-004,145,2,3803.06,1901.53,781.69,3021.37,2,1,355,210.0,1.0,0.0,INACTIVE,30.55,TRAIN
cust-03895,m-004,26,4,5024.82,1256.21,732.09,1789.15,4,1,345,106.3,0.5,0.25,REGULAR,5.64,TRAIN
cust-03896,m-004,66,9,10450.05,1161.12,482.75,3021.37,5,1,347,35.1,0.333,0.222,INACTIVE,60.57,TRAIN
cust-03897,m-004,158,7,5915.17,845.02,482.75,1272.21,5,1,360,33.7,0.571,0.286,INACTIVE,100.0,TRAIN
cust-03898,m-004,84,7,11192.75,1598.96,687.11,3021.37,5,1,221,22.8,0.286,0.571,INACTIVE,100.0,VALIDATION
cust-03899,m-004,18,7,8210.47,1172.92,687.11,1789.15,3,1,363,57.5,0.714,0.286,REGULAR,3.71,TRAIN
cust-03900,m-004,3,5,7578.85,1515.77,781.69,3021.37,4,1,170,41.8,0.2,0.4,REGULAR,1.32,VALIDATION
cust-03901,m-004,30,8,8101.98,1012.75,732.09,1789.15,4,1,339,44.1,0.375,0.375,REGULAR,6.62,TRAIN
cust-03902,m-004,25,4,6498.22,1624.56,482.75,3021.37,4,1,233,69.3,0.5,0.75,REGULAR,8.01,TRAIN
cust-03903,m-004,83,5,6944.15,1388.83,687.11,3021.37,5,1,363,70.0,0.0,0.0,INACTIVE,36.6,TEST
cust-03904,m-004,269,3,4236.21,1412.07,482.75,3021.37,3,1,362,46.5,0.667,0.667,INACTIVE,100.0,TRAIN
cust-03905,m-004,65,2,2570.84,1285.42,781.69,1789.15,2,1,177,112.0,0.0,0.0,INACTIVE,27.39,TRAIN
cust-03906,m-004,263,1,732.09,732.09,732.09,732.09,1,1,263,263.0,1.0,0.0,INACTIVE,74.72,TRAIN
cust-03907,m-004,77,7,8211.37,1173.05,687.11,1789.15,5,1,354,46.2,0.429,0.571,INACTIVE,62.47,TRAIN
cust-03908,m-004,2,5,8087.03,1617.41,732.09,3021.37,4,1,334,83.0,0.6,0.4,REGULAR,0.45,TRAIN
cust-03909,m-004,67,3,4292.73,1430.91,781.69,1789.15,3,1,281,107.0,0.333,0.0,INACTIVE,17.82,VALIDATION
cust-03910,m-004,21,8,8554.08,1069.26,482.75,1789.15,5,1,260,34.1,0.125,0.5,REGULAR,6.03,TRAIN
cust-03911,m-004,10,8,11625.9,1453.24,482.75,3021.37,6,1,343,47.6,0.25,0.375,REGULAR,2.18,TRAIN
cust-03912,m-004,122,8,9152.12,1144.02,482.75,3021.37,5,1,362,34.3,0.25,0.375,INACTIVE,100.0,TRAIN
cust-03913,m-004,38,4,6498.22,1624.56,482.75,3021.37,4,1,306,89.3,0.25,0.25,AT_RISK,9.28,TRAIN
cust-03914,m-004,5,6,10368.54,1728.09,482.75,3021.37,5,1,325,64.0,0.333,0.333,REGULAR,1.15,VALIDATION
cust-03915,m-004,28,7,9246.15,1320.88,687.11,1789.15,5,1,329,50.2,0.286,0.714,REGULAR,6.36,TRAIN
cust-03916,m-004,8,11,12617.75,1147.07,482.75,3021.37,7,1,310,30.2,0.182,0.182,REGULAR,1.93,TEST
cust-03917,m-004,22,6,4192.8,698.8,482.75,781.69,3,1,340,63.6,0.167,0.167,REGULAR,4.84,TRAIN
cust-03918,m-004,17,13,20308.67,1562.21,687.11,3021.37,6,1,323,25.5,0.231,0.154,REGULAR,3.94,TRAIN
cust-03919,m-004,61,7,7664.33,1094.9,482.75,3021.37,6,1,298,39.5,0.571,0.286,INACTIVE,47.55,TRAIN
cust-03920,m-004,0,8,12795.2,1599.4,482.75,3021.37,6,1,305,43.6,0.5,0.0,REGULAR,0.0,TRAIN
cust-03921,m-004,26,8,11839.64,1479.96,732.09,3021.37,6,1,358,47.4,0.5,0.5,REGULAR,5.43,TRAIN
cust-03922,m-004,134,6,7121.4,1186.9,482.75,3021.37,4,1,329,39.0,0.167,0.0,INACTIVE,100.0,VALIDATION
cust-03923,m-004,10,7,6454.81,922.12,482.75,1721.89,5,1,296,47.7,0.143,0.714,REGULAR,2.53,VALIDATION
cust-03924,m-004,21,1,732.09,732.09,732.09,732.09,1,1,21,21.0,0.0,0.0,NEW,71.59,TRAIN
cust-03925,m-004,54,4,8047.04,2011.76,732.09,3021.37,3,1,286,77.3,0.75,0.5,AT_RISK,14.11,TRAIN
cust-03926,m-004,44,7,7626.27,1089.47,687.11,1789.15,5,1,353,51.5,0.286,0.286,AT_RISK,9.32,VALIDATION
cust-03927,m-004,26,3,6599.67,2199.89,1789.15,3021.37,2,1,302,138.0,0.333,0.667,NEW,6.44,TRAIN
cust-03928,m-004,1,3,4490.17,1496.72,687.11,3021.37,3,1,260,129.5,0.333,0.333,NEW,0.29,TEST
cust-03929,m-004,122,4,2924.82,731.2,482.75,1272.21,3,1,327,68.3,0.25,0.25,INACTIVE,100.0,VALIDATION
cust-03930,m-004,42,2,2476.26,1238.13,687.11,1789.15,2,1,326,284.0,0.5,0.5,NEW,9.63,TRAIN
cust-03931,m-004,18,2,3803.06,1901.53,781.69,3021.37,2,1,81,63.0,1.0,1.0,NEW,16.46,VALIDATION
cust-03932,m-004,99,4,4458.28,1114.57,732.09,1721.89,3,1,356,85.7,0.0,0.25,INACTIVE,40.75,TRAIN
cust-03933,m-004,32,9,13154.53,1461.61,482.75,3021.37,6,1,359,40.9,0.333,0.222,AT_RISK,6.67,TEST
cust-03934,m-004,8,5,7572.09,1514.42,482.75,1789.15,3,1,349,85.2,0.0,0.4,REGULAR,1.71,TRAIN
cust-03935,m-004,12,6,8124.68,1354.11,482.75,1789.15,4,1,330,63.6,0.333,0.167,REGULAR,2.72,TRAIN
cust-03936,m-004,113,4,6274.7,1568.68,732.09,3021.37,3,1,287,58.0,0.0,0.0,INACTIVE,100.0,TRAIN
cust-03937,m-004,23,6,8770.12,1461.69,482.75,3021.37,5,1,298,55.0,0.667,0.333,REGULAR,5.77,TRAIN
cust-03938,m-004,5,7,9910.93,1415.85,687.11,3021.37,6,1,251,41.0,0.571,0.429,REGULAR,1.49,TRAIN
cust-03939,m-004,2,3,3141.09,1047.03,687.11,1721.89,3,1,203,100.5,0.0,0.667,NEW,0.74,TRAIN
cust-03940,m-004,6,7,9363.89,1337.7,482.75,3021.37,4,1,315,51.5,0.286,0.286,REGULAR,1.42,TRAIN
cust-03941,m-004,25,8,9057.54,1132.19,482.75,3021.37,6,1,269,34.9,0.625,0.5,REGULAR,6.94,TRAIN
cust-03942,m-004,81,3,5592.21,1864.07,781.69,3021.37,3,1,315,117.0,0.667,0.333,INACTIVE,19.22,TRAIN
cust-03943,m-004,109,2,3061.36,1530.68,1272.21,1789.15,2,1,295,186.0,0.5,0.5,INACTIVE,27.62,TRAIN
cust-03944,m-004,48,5,5909.37,1181.87,687.11,3021.37,4,1,209,40.2,0.2,0.2,AT_RISK,28.84,TRAIN
cust-03945,m-004,88,5,6497.37,1299.47,482.75,1789.15,4,1,342,63.5,0.4,0.0,INACTIVE,55.99,TRAIN
cust-03946,m-004,33,4,7015.16,1753.79,482.75,3021.37,4,1,260,75.7,0.25,0.75,AT_RISK,9.48,TEST
cust-03947,m-004,77,10,10549.52,1054.95,482.75,3021.37,5,1,356,31.0,0.5,0.6,INACTIVE,85.18,TRAIN
cust-03948,m-004,8,9,33915.14,3768.35,482.75,23426.88,8,1,309,37.6,0.333,0.222,REGULAR,1.94,TRAIN
cust-03949,m-004,35,10,14990.34,1499.03,687.11,3021.37,6,1,353,35.3,0.2,0.3,AT_RISK,7.42,TRAIN
cust-03950,m-004,14,4,3691.1,922.78,482.75,1789.15,4,1,341,109.0,0.75,0.0,REGULAR,3.07,TRAIN
cust-03951,m-004,4,5,9593.77,1918.75,1272.21,3021.37,4,1,290,71.5,0.2,0.8,REGULAR,1.03,TRAIN
cust-03952,m-004,32,4,5065.66,1266.42,732.09,1789.15,3,1,218,62.0,0.25,0.25,AT_RISK,10.96,TRAIN
cust-03953,m-004,33,7,11300.97,1614.42,482.75,3021.37,5,1,331,49.7,0.429,0.571,AT_RISK,7.45,TRAIN
cust-03954,m-004,5,4,5259.08,1314.77,482.75,3021.37,3,1,340,111.7,0.5,0.75,REGULAR,1.1,TRAIN
cust-03955,m-004,135,8,11832.72,1479.09,482.75,3021.37,6,1,350,30.7,0.125,0.5,INACTIVE,100.0,VALIDATION
cust-03956,m-004,110,5,6399.89,1279.98,687.11,3021.37,4,1,254,36.0,0.4,0.6,INACTIVE,100.0,VALIDATION
cust-03957,m-004,135,6,11085.22,1847.54,732.09,3021.37,3,1,354,43.8,0.333,0.5,INACTIVE,100.0,TRAIN
cust-03958,m-004,55,5,6989.13,1397.83,732.09,3021.37,4,1,307,63.0,0.4,0.2,AT_RISK,13.39,TRAIN
cust-03959,m-004,61,7,11307.89,1615.41,482.75,3021.37,5,1,300,39.8,0.286,0.714,INACTIVE,47.0,TRAIN
cust-03960,m-004,44,5,6387.47,1277.49,781.69,1789.15,3,1,236,48.0,0.4,0.4,AT_RISK,13.92,VALIDATION
cust-03961,m-004,66,4,4208.94,1052.24,482.75,1721.89,4,1,226,53.3,0.5,0.5,INACTIVE,40.86,TRAIN
cust-03962,m-004,6,7,13544.67,1934.95,687.11,3021.37,5,1,295,48.2,0.286,0.143,REGULAR,1.52,VALIDATION
cust-03963,m-004,21,7,15321.15,2188.74,732.09,3021.37,4,1,292,45.2,0.429,0.429,REGULAR,5.38,TRAIN
cust-03964,m-004,38,8,10756.76,1344.6,482.75,3021.37,5,1,349,44.4,0.0,0.625,AT_RISK,8.14,TRAIN
cust-03965,m-004,90,7,12222.91,1746.13,732.09,3021.37,4,1,360,45.0,0.571,0.286,INACTIVE,86.2,TRAIN
cust-03966,m-004,75,7,8188.19,1169.74,687.11,1789.15,5,1,331,42.7,0.286,0.429,INACTIVE,65.39,TRAIN
cust-03967,m-004,38,11,15338.77,1394.43,482.75,3021.37,8,1,355,31.7,0.455,0.182,AT_RISK,17.46,TRAIN
cust-03968,m-004,59,5,5462.59,1092.52,482.75,1789.15,5,1,244,46.2,0.2,0.4,AT_RISK,37.26,TRAIN
cust-03969,m-004,42,7,8312.67,1187.52,482.75,3021.37,5,1,344,50.3,0.143,0.429,AT_RISK,9.13,TRAIN
cust-03970,m-004,260,4,6122.72,1530.68,1272.21,1789.15,2,1,323,21.0,0.25,0.5,INACTIVE,100.0,VALIDATION
cust-03971,m-004,15,9,11239.51,1248.83,482.75,3021.37,5,1,336,40.1,0.222,0.222,REGULAR,3.34,TRAIN
cust-03972,m-004,11,10,15355.3,1535.53,687.11,3021.37,6,1,277,29.6,0.4,0.3,REGULAR,2.97,TRAIN
cust-03973,m-004,133,3,1901.95,633.98,482.75,732.09,3,1,311,89.0,0.333,0.0,INACTIVE,97.97,TRAIN
cust-03974,m-004,117,4,7212.6,1803.15,482.75,3021.37,3,1,281,54.7,0.25,0.25,INACTIVE,100.0,TRAIN
cust-03975,m-004,49,4,5515.34,1378.84,732.09,1789.15,4,1,361,104.0,0.5,1.0,AT_RISK,10.15,TEST
cust-03976,m-004,25,4,4972.92,1243.23,482.75,3021.37,4,1,362,112.3,0.75,0.5,REGULAR,5.17,TRAIN
cust-03977,m-004,9,8,11362.02,1420.25,687.11,3021.37,4,1,295,40.9,0.375,0.0,REGULAR,2.28,TEST
cust-03978,m-004,124,5,7596.51,1519.3,732.09,3021.37,5,1,311,46.8,0.4,0.4,INACTIVE,100.0,TRAIN
cust-03979,m-004,53,6,4102.84,683.81,482.75,781.69,4,1,311,51.6,0.333,0.667,AT_RISK,14.84,VALIDATION
cust-03980,m-004,86,4,5987.3,1496.82,687.11,1789.15,3,1,150,21.3,0.0,0.25,INACTIVE,100.0,TRAIN
cust-03981,m-004,30,6,4638.34,773.06,482.75,1272.21,4,1,289,51.8,0.167,0.0,REGULAR,7.76,TRAIN
cust-03982,m-004,99,4,5470.36,1367.59,687.11,1789.15,4,1,284,61.7,0.75,0.5,INACTIVE,82.0,TRAIN
cust-03983,m-004,29,5,3260.97,652.19,482.75,781.69,3,1,271,60.5,0.2,0.0,REGULAR,8.0,TRAIN
cust-03984,m-004,19,5,3955.85,791.17,482.75,1272.21,5,1,257,59.5,0.6,0.4,REGULAR,5.52,TRAIN
cust-03985,m-004,128,5,7679.99,1536.0,482.75,3021.37,4,1,359,57.8,0.4,0.4,INACTIVE,100.0,TRAIN
cust-03986,m-004,44,6,9835.34,1639.22,732.09,3021.37,5,1,342,59.6,0.0,0.333,AT_RISK,9.62,VALIDATION
cust-03987,m-004,40,6,5043.04,840.51,482.75,1721.89,4,1,351,62.2,0.5,0.167,AT_RISK,8.52,TRAIN
cust-03988,m-004,0,7,11157.15,1593.88,781.69,3021.37,5,1,243,40.5,0.286,0.286,REGULAR,0.0,TRAIN
cust-03989,m-004,79,9,15368.57,1707.62,687.11,3021.37,5,1,323,30.5,0.333,0.444,INACTIVE,91.04,VALIDATION
cust-03990,m-004,59,6,6232.74,1038.79,482.75,3021.37,4,1,299,48.0,0.667,0.167,AT_RISK,31.25,TEST
cust-03991,m-004,69,6,7568.34,1261.39,687.11,1789.15,4,1,294,45.0,0.167,0.333,INACTIVE,53.54,VALIDATION
cust-03992,m-004,17,10,12343.82,1234.38,482.75,1789.15,6,1,345,36.4,0.1,0.4,REGULAR,3.68,TRAIN
cust-03993,m-004,18,4,4231.22,1057.8,482.75,1789.15,4,1,268,83.3,0.25,0.0,REGULAR,5.02,TRAIN
cust-03994,m-004,57,4,2888.0,722.0,687.11,781.69,3,1,233,58.7,0.25,0.75,AT_RISK,18.27,TRAIN
cust-03995,m-004,87,5,10218.61,2043.72,732.09,3021.37,3,1,282,48.8,0.2,0.8,INACTIVE,80.36,TRAIN
cust-03996,m-004,48,5,7777.35,1555.47,1272.21,1789.15,3,1,323,68.8,0.0,0.6,AT_RISK,11.11,TEST
cust-03997,m-004,69,7,9110.29,1301.47,732.09,3021.37,5,1,344,45.8,0.429,0.286,INACTIVE,49.8,TRAIN
cust-03998,m-004,109,5,4156.19,831.24,482.75,1721.89,4,1,339,57.5,0.4,0.8,INACTIVE,100.0,TRAIN
cust-03999,m-004,44,5,7484.27,1496.85,687.11,3021.37,5,1,339,73.8,0.2,0.8,AT_RISK,9.71,TRAIN
cust-04000,m-004,102,2,4293.58,2146.79,1272.21,3021.37,2,1,193,91.0,1.0,0.5,INACTIVE,55.93,TRAIN
cust-04001,m-004,27,8,8990.28,1123.79,482.75,3021.37,6,1,247,31.4,0.25,0.25,REGULAR,8.17,TEST
cust-04002,m-004,16,10,12107.8,1210.78,482.75,3021.37,7,1,323,34.1,0.3,0.4,REGULAR,3.7,TRAIN
cust-04003,m-004,103,6,10835.88,1805.98,482.75,3021.37,4,1,319,43.2,0.333,0.5,INACTIVE,100.0,TEST
cust-04004,m-004,51,5,8979.47,1795.89,482.75,3021.37,4,1,332,70.2,0.6,0.4,AT_RISK,11.49,TRAIN
cust-04005,m-004,34,8,8052.86,1006.61,687.11,1789.15,4,1,346,44.6,0.0,0.625,AT_RISK,7.35,TRAIN
cust-04006,m-004,14,1,1721.89,1721.89,1721.89,1721.89,1,1,14,14.0,0.0,0.0,NEW,70.0,TRAIN
cust-04007,m-004,73,6,9592.92,1598.82,781.69,1789.15,3,1,344,54.2,0.333,0.667,INACTIVE,44.07,TRAIN
cust-04008,m-004,0,7,9582.25,1368.89,687.11,3021.37,5,1,342,57.0,0.429,0.0,REGULAR,0.0,VALIDATION
cust-04009,m-004,75,7,11100.63,1585.8,482.75,3021.37,6,1,362,47.8,0.714,0.0,INACTIVE,56.3,TRAIN
cust-04010,m-004,34,4,5047.1,1261.78,687.11,1789.15,3,1,355,107.0,0.25,0.0,AT_RISK,7.16,TRAIN
cust-04011,m-004,32,5,7951.61,1590.32,687.11,3021.37,5,1,304,68.0,0.6,0.6,AT_RISK,7.87,VALIDATION
cust-04012,m-004,158,3,3190.69,1063.56,687.11,1721.89,3,1,328,85.0,0.333,0.667,INACTIVE,100.0,VALIDATION
cust-04013,m-004,8,8,9842.82,1230.35,687.11,1789.15,5,1,288,40.0,0.5,0.25,REGULAR,2.08,TRAIN
cust-04014,m-004,17,4,2683.64,670.91,482.75,781.69,4,1,364,115.7,0.25,0.5,REGULAR,3.49,TRAIN
cust-04015,m-004,144,3,2442.07,814.02,482.75,1272.21,3,1,207,31.5,1.0,0.0,INACTIVE,100.0,TRAIN
cust-04016,m-004,29,7,12737.55,1819.65,482.75,3021.37,5,1,328,49.8,0.286,0.429,REGULAR,6.61,TRAIN
cust-04017,m-004,136,7,9353.31,1336.19,482.75,3021.37,3,1,353,36.2,0.286,0.286,INACTIVE,100.0,TEST
cust-04018,m-004,8,5,6180.17,1236.03,732.09,1721.89,3,1,348,85.0,0.6,0.4,REGULAR,1.72,TRAIN
cust-04019,m-004,51,7,5080.73,725.82,482.75,1272.21,4,1,319,44.7,0.714,0.571,AT_RISK,21.4,VALIDATION
cust-04020,m-004,89,5,8046.19,1609.24,732.09,3021.37,5,1,332,60.8,0.4,0.2,INACTIVE,62.35,TRAIN
cust-04021,m-004,2,6,7022.2,1170.37,482.75,3021.37,5,1,278,55.2,0.333,0.0,REGULAR,0.54,TEST
cust-04022,m-004,35,9,14852.85,1650.32,482.75,3021.37,5,1,363,41.0,0.111,0.444,AT_RISK,7.21,TRAIN
cust-04023,m-004,92,7,9441.87,1348.84,482.75,1789.15,5,1,355,43.8,0.286,0.286,INACTIVE,91.68,TRAIN
cust-04024,m-004,38,8,11709.74,1463.72,687.11,3021.37,5,1,364,46.6,0.125,0.125,AT_RISK,7.81,TEST
cust-04025,m-004,63,6,8907.22,1484.54,482.75,3021.37,5,1,355,58.4,0.667,0.667,INACTIVE,20.17,TRAIN
cust-04026,m-004,68,5,4726.75,945.35,687.11,1789.15,3,1,306,59.5,0.8,0.0,INACTIVE,29.36,VALIDATION
cust-04027,m-004,46,5,3857.25,771.45,482.75,1721.89,3,1,321,68.8,0.6,0.2,AT_RISK,10.71,TRAIN
cust-04028,m-004,8,5,9076.83,1815.37,1272.21,3021.37,4,1,311,75.8,0.2,0.4,REGULAR,1.92,TRAIN
cust-04029,m-004,70,3,3793.45,1264.48,732.09,1789.15,3,1,291,110.5,0.333,0.333,INACTIVE,17.98,VALIDATION
cust-04030,m-004,64,3,3231.53,1077.18,687.11,1272.21,2,1,192,64.0,0.0,0.0,INACTIVE,24.87,TRAIN
cust-04031,m-004,122,1,781.69,781.69,781.69,781.69,1,1,122,122.0,0.0,0.0,INACTIVE,74.39,TRAIN
cust-04032,m-004,111,2,2544.42,1272.21,1272.21,1272.21,1,1,340,229.0,0.5,0.0,INACTIVE,24.41,TRAIN
cust-04033,m-004,33,5,11585.35,2317.07,732.09,3021.37,3,1,309,69.0,0.2,0.4,AT_RISK,7.98,TRAIN
cust-04034,m-004,43,7,9797.01,1399.57,482.75,3021.37,5,1,285,40.3,0.286,0.143,AT_RISK,15.33,TRAIN
cust-04035,m-004,5,5,5163.65,1032.73,482.75,1789.15,4,1,225,55.0,0.2,0.2,REGULAR,1.66,TRAIN
cust-04036,m-004,123,6,6112.1,1018.68,732.09,1272.21,3,1,316,38.6,0.833,0.5,INACTIVE,100.0,TEST
cust-04037,m-004,76,2,2409.0,1204.5,687.11,1721.89,2,1,130,54.0,0.5,0.5,INACTIVE,76.51,TRAIN
cust-04038,m-004,34,5,3809.25,761.85,732.09,781.69,2,1,340,76.5,0.4,0.0,AT_RISK,7.48,TRAIN
cust-04039,m-004,59,6,5473.38,912.23,482.75,1721.89,5,1,319,52.0,0.5,0.167,AT_RISK,24.33,TEST
cust-04040,m-004,6,6,7433.82,1238.97,687.11,1789.15,5,1,361,71.0,0.5,0.5,REGULAR,1.24,VALIDATION
cust-04041,m-004,54,7,7939.75,1134.25,482.75,1721.89,5,1,315,43.5,0.429,0.571,AT_RISK,28.57,TRAIN
cust-04042,m-004,33,5,7456.95,1491.39,687.11,3021.37,4,1,195,40.5,0.4,0.0,AT_RISK,12.63,TRAIN
cust-04043,m-004,23,4,3967.76,991.94,732.09,1721.89,3,1,304,93.7,0.0,0.25,REGULAR,5.66,VALIDATION
cust-04044,m-004,35,5,4254.79,850.96,687.11,1272.21,4,1,311,69.0,0.0,0.2,AT_RISK,8.41,TRAIN
cust-04045,m-004,11,4,5958.1,1489.52,482.75,3021.37,4,1,256,81.7,0.5,0.25,REGULAR,3.21,TRAIN
cust-04046,m-004,85,5,7479.65,1495.93,732.09,3021.37,4,1,324,59.8,0.2,0.4,INACTIVE,57.42,TRAIN
cust-04047,m-004,61,7,12182.27,1740.32,732.09,3021.37,4,1,271,35.0,0.714,0.429,INACTIVE,55.82,TEST
cust-04048,m-004,35,7,7459.97,1065.71,482.75,3021.37,6,1,302,44.5,0.286,0.143,AT_RISK,8.66,TRAIN
cust-04049,m-004,75,5,4005.45,801.09,482.75,1272.21,4,1,350,68.8,0.4,0.2,INACTIVE,25.33,TRAIN
cust-04050,m-004,168,5,6966.43,1393.29,687.11,3021.37,4,1,294,31.5,0.0,0.8,INACTIVE,100.0,TRAIN
cust-04051,m-004,1,4,5172.66,1293.16,687.11,3021.37,3,1,290,96.3,0.25,0.25,REGULAR,0.26,TRAIN
cust-04052,m-004,48,6,8328.6,1388.1,732.09,3021.37,5,1,267,43.8,0.0,0.0,AT_RISK,19.73,VALIDATION
cust-04053,m-004,65,6,9511.82,1585.3,482.75,3021.37,4,1,333,53.6,0.833,0.833,INACTIVE,31.7,TRAIN
cust-04054,m-004,50,6,10325.86,1720.98,732.09,3021.37,5,1,350,60.0,0.333,0.0,AT_RISK,10.68,TRAIN
cust-04055,m-004,45,6,7158.06,1193.01,482.75,1721.89,4,1,355,62.0,0.667,0.5,AT_RISK,9.48,TRAIN
cust-04056,m-004,77,10,15638.52,1563.85,687.11,3021.37,5,1,357,31.1,0.1,0.0,INACTIVE,84.98,TRAIN
cust-04057,m-004,15,5,7122.41,1424.48,482.75,1789.15,3,1,278,65.8,0.2,0.4,REGULAR,4.03,TRAIN
cust-04058,m-004,90,4,6947.9,1736.98,482.75,3021.37,3,1,316,75.3,0.25,0.75,INACTIVE,43.34,TRAIN
cust-04059,m-004,75,6,9431.08,1571.85,687.11,1789.15,3,1,182,21.4,0.667,0.5,INACTIVE,100.0,TRAIN
cust-04060,m-004,13,13,15028.15,1156.01,687.11,1789.15,5,1,327,26.2,0.462,0.231,REGULAR,2.97,TRAIN
cust-04061,m-004,75,8,7688.76,961.1,482.75,3021.37,4,1,334,37.0,0.75,0.25,INACTIVE,73.79,TRAIN
cust-04062,m-004,32,4,5807.36,1451.84,732.09,3021.37,4,1,196,54.7,0.25,0.25,AT_RISK,12.18,TRAIN
cust-04063,m-004,70,3,4130.89,1376.96,687.11,1721.89,2,1,354,142.0,0.667,0.667,INACTIVE,14.79,TRAIN
cust-04064,m-004,5,6,8755.58,1459.26,687.11,3021.37,4,1,320,63.0,0.833,0.0,REGULAR,1.17,TEST
cust-04065,m-004,77,7,5665.35,809.34,482.75,1721.89,4,1,332,42.5,0.429,0.429,INACTIVE,69.09,TRAIN
cust-04066,m-004,13,4,4017.36,1004.34,732.09,1721.89,3,1,185,57.3,0.25,0.5,REGULAR,5.24,TRAIN
cust-04067,m-004,11,3,4265.41,1421.8,687.11,1789.15,2,1,138,63.5,1.0,0.333,NEW,5.94,TRAIN
cust-04068,m-004,9,6,6261.94,1043.66,482.75,1789.15,5,1,310,60.2,0.0,0.5,REGULAR,2.17,VALIDATION
cust-04069,m-004,11,8,8217.54,1027.19,482.75,1721.89,4,1,349,48.3,0.375,0.25,REGULAR,2.36,VALIDATION
cust-04070,m-004,95,6,6217.86,1036.31,482.75,1721.89,5,1,362,53.4,0.667,0.167,INACTIVE,82.03,TRAIN
cust-04071,m-004,27,5,8734.15,1746.83,687.11,3021.37,4,1,333,76.5,0.4,0.4,REGULAR,6.06,TRAIN
cust-04072,m-004,107,2,3504.12,1752.06,482.75,3021.37,2,1,298,191.0,0.5,0.0,INACTIVE,26.84,TRAIN
cust-04073,m-004,197,2,1264.44,632.22,482.75,781.69,2,1,199,2.0,0.0,0.0,INACTIVE,100.0,TEST
cust-04074,m-004,62,5,5012.91,1002.58,482.75,1789.15,5,1,331,67.2,0.4,0.0,INACTIVE,14.01,TRAIN
cust-04075,m-004,10,2,1264.44,632.22,482.75,781.69,2,1,338,328.0,0.0,0.5,NEW,2.21,TRAIN
cust-04076,m-004,108,4,5558.02,1389.5,482.75,3021.37,4,1,335,75.7,0.25,0.5,INACTIVE,72.56,VALIDATION
cust-04077,m-004,29,4,4972.92,1243.23,482.75,3021.37,4,1,272,81.0,0.0,0.5,REGULAR,7.97,TRAIN
cust-04078,m-004,81,6,7581.66,1263.61,687.11,3021.37,4,1,335,50.8,0.333,0.333,INACTIVE,63.38,TRAIN
cust-04079,m-004,192,5,7635.01,1527.0,482.75,3021.37,4,1,359,41.8,0.4,0.0,INACTIVE,100.0,TRAIN
cust-04080,m-004,4,8,12523.58,1565.45,482.75,3021.37,6,1,211,29.6,0.25,0.625,REGULAR,1.42,TRAIN
cust-04081,m-004,8,7,8181.27,1168.75,482.75,3021.37,6,1,331,53.8,0.286,0.286,REGULAR,1.81,TRAIN
cust-04082,m-004,63,4,4768.56,1192.14,482.75,3021.37,3,1,243,60.0,0.25,0.25,INACTIVE,23.86,TEST
cust-04083,m-004,127,11,12138.29,1103.48,687.11,1789.15,5,1,303,17.6,0.182,0.182,INACTIVE,100.0,TRAIN
cust-04084,m-004,59,6,11090.74,1848.46,781.69,3021.37,4,1,278,43.8,0.333,0.5,AT_RISK,38.66,TRAIN
cust-04085,m-004,18,7,8094.67,1156.38,482.75,3021.37,4,1,159,23.5,0.429,0.286,REGULAR,8.44,VALIDATION
cust-04086,m-004,12,5,6634.47,1326.89,687.11,1721.89,3,1,323,77.8,0.6,0.0,REGULAR,2.78,VALIDATION
cust-04087,m-004,46,7,6998.65,999.81,482.75,1789.15,4,1,347,50.2,0.429,0.429,AT_RISK,9.91,TRAIN
cust-04088,m-004,98,4,4793.14,1198.29,482.75,1789.15,3,1,257,53.0,0.75,0.5,INACTIVE,95.99,TRAIN
cust-04089,m-004,81,5,7803.77,1560.75,781.69,1789.15,3,1,285,51.0,0.6,0.4,INACTIVE,66.24,TRAIN
cust-04090,m-004,1,5,6544.07,1308.81,687.11,3021.37,4,1,206,51.2,0.4,0.4,REGULAR,0.36,TRAIN
cust-04091,m-004,74,6,8975.72,1495.95,687.11,3021.37,4,1,317,48.6,0.5,0.333,INACTIVE,55.55,TRAIN
cust-04092,m-004,133,5,7796.85,1559.37,482.75,3021.37,5,1,342,52.2,0.2,0.0,INACTIVE,100.0,VALIDATION
cust-04093,m-004,148,7,9448.83,1349.83,781.69,1789.15,3,1,348,33.3,0.286,0.286,INACTIVE,100.0,TEST
cust-04094,m-004,156,5,5057.89,1011.58,482.75,1789.15,5,1,346,47.5,0.4,0.6,INACTIVE,100.0,TRAIN
cust-04095,m-004,79,5,4691.69,938.34,482.75,1721.89,4,1,359,70.0,0.0,0.6,INACTIVE,29.96,TRAIN
cust-04096,m-004,0,10,11640.34,1164.03,687.11,3021.37,4,1,297,33.0,0.1,0.5,REGULAR,0.0,TRAIN
cust-04097,m-004,18,4,6055.46,1513.86,1272.21,1789.15,3,1,216,66.0,0.5,0.0,REGULAR,6.22,TRAIN
cust-04098,m-004,194,2,1513.78,756.89,732.09,781.69,2,1,272,78.0,0.5,0.5,INACTIVE,100.0,VALIDATION
cust-04099,m-004,161,3,5497.63,1832.54,687.11,3021.37,3,1,335,87.0,0.333,0.333,INACTIVE,100.0,TRAIN
cust-04100,m-004,12,4,5515.34,1378.84,732.09,1789.15,4,1,331,106.3,0.25,0.25,REGULAR,2.71,VALIDATION
cust-04101,m-004,34,8,8554.08,1069.26,482.75,1789.15,5,1,341,43.9,0.125,0.25,AT_RISK,7.46,TRAIN
cust-04102,m-004,130,4,3268.74,817.18,482.75,1272.21,4,1,240,36.7,0.75,0.5,INACTIVE,100.0,TRAIN
cust-04103,m-004,26,6,6723.26,1120.54,482.75,3021.37,4,1,354,65.6,0.5,0.333,REGULAR,5.49,TRAIN
cust-04104,m-004,62,4,5007.16,1251.79,781.69,1721.89,2,1,180,39.3,0.5,0.0,INACTIVE,59.74,TRAIN
cust-04105,m-004,177,3,4440.57,1480.19,687.11,3021.37,3,1,276,49.5,0.0,0.333,INACTIVE,100.0,TRAIN
cust-04106,m-004,170,4,3428.12,857.03,687.11,1272.21,3,1,286,38.7,0.0,0.75,INACTIVE,100.0,TRAIN
cust-04107,m-004,9,7,8305.95,1186.56,687.11,1789.15,5,1,314,50.8,0.429,0.286,REGULAR,2.14,TRAIN
cust-04108,m-004,40,5,9368.85,1873.77,781.69,3021.37,3,1,306,66.5,0.6,0.4,AT_RISK,9.77,TRAIN
cust-04109,m-004,130,6,10375.46,1729.24,781.69,3021.37,5,1,331,40.2,0.333,0.333,INACTIVE,100.0,TRAIN
cust-04110,m-004,78,4,6257.04,1564.26,732.09,3021.37,4,1,249,57.0,0.75,0.25,INACTIVE,54.9,TEST
cust-04111,m-004,148,4,4816.32,1204.08,482.75,1789.15,3,1,327,59.7,0.5,0.5,INACTIVE,100.0,TRAIN
cust-04112,m-004,16,3,2487.05,829.02,482.75,1272.21,3,1,339,161.5,0.0,0.0,NEW,3.53,VALIDATION
cust-04113,m-004,5,4,5958.1,1489.52,482.75,3021.37,4,1,197,64.0,0.5,0.0,REGULAR,1.89,TRAIN
cust-04114,m-004,25,8,14241.6,1780.2,687.11,3021.37,4,1,358,47.6,0.375,0.375,REGULAR,5.22,TRAIN
cust-04115,m-004,33,5,7297.57,1459.51,482.75,3021.37,5,1,267,58.5,0.6,0.0,AT_RISK,9.24,TRAIN
cust-04116,m-004,18,5,10825.99,2165.2,1272.21,3021.37,4,1,241,55.8,0.2,0.0,REGULAR,5.58,TRAIN
cust-04117,m-004,200,2,4743.26,2371.63,1721.89,3021.37,2,1,348,148.0,1.0,0.0,INACTIVE,100.0,VALIDATION
cust-04118,m-004,112,3,2986.33,995.44,482.75,1721.89,3,1,282,85.0,0.333,0.333,INACTIVE,70.18,TRAIN
cust-04119,m-004,3,12,16153.28,1346.11,482.75,3021.37,6,1,340,30.6,0.5,0.333,REGULAR,0.66,TEST
cust-04120,m-004,50,4,4480.56,1120.14,687.11,1789.15,4,1,295,81.7,0.25,0.25,AT_RISK,12.67,TRAIN
cust-04121,m-004,49,6,5527.0,921.17,687.11,1272.21,4,1,270,44.2,0.333,0.0,AT_RISK,20.76,TRAIN
cust-04122,m-004,101,6,8502.52,1417.09,482.75,3021.37,5,1,300,39.8,0.167,0.333,INACTIVE,100.0,TRAIN
cust-04123,m-004,99,2,3511.04,1755.52,1721.89,1789.15,2,1,333,234.0,0.5,0.0,INACTIVE,22.23,TRAIN
cust-04124,m-004,38,3,3986.87,1328.96,482.75,3021.37,2,1,99,30.5,0.0,0.333,NEW,39.75,TRAIN
cust-04125,m-004,24,7,13171.91,1881.7,781.69,3021.37,3,1,303,46.5,0.286,0.0,REGULAR,5.92,TRAIN
cust-04126,m-004,33,5,9046.73,1809.35,482.75,3021.37,4,1,275,60.5,0.4,0.0,AT_RISK,8.97,TRAIN
cust-04127,m-004,8,6,8596.2,1432.7,482.75,3021.37,5,1,353,69.0,0.5,0.333,REGULAR,1.69,TEST
cust-04128,m-004,65,1,3021.37,3021.37,3021.37,3021.37,1,1,65,65.0,0.0,1.0,INACTIVE,73.86,TRAIN
cust-04129,m-004,55,9,10375.17,1152.8,482.75,1789.15,5,1,358,37.9,0.444,0.222,AT_RISK,37.14,TRAIN
cust-04130,m-004,53,4,4507.88,1126.97,732.09,1721.89,4,1,359,102.0,0.5,0.25,AT_RISK,11.04,TRAIN
cust-04131,m-004,0,5,8063.85,1612.77,732.09,3021.37,3,1,148,37.0,0.0,0.6,REGULAR,0.0,TRAIN
cust-04132,m-004,35,5,6920.63,1384.13,482.75,1721.89,3,1,247,53.0,0.4,0.6,AT_RISK,10.58,TRAIN
cust-04133,m-004,128,3,9064.11,3021.37,3021.37,3021.37,1,1,305,88.5,0.333,0.0,INACTIVE,90.62,VALIDATION
cust-04134,m-004,201,3,4535.15,1511.72,732.09,3021.37,3,1,358,78.5,0.667,0.333,INACTIVE,100.0,VALIDATION
cust-04135,m-004,20,9,11326.47,1258.5,687.11,1789.15,5,1,319,37.4,0.333,0.333,REGULAR,4.69,TRAIN
cust-04136,m-004,316,1,1789.15,1789.15,1789.15,1789.15,1,1,316,316.0,0.0,0.0,INACTIVE,74.76,TEST
cust-04137,m-004,3,3,3926.53,1308.84,482.75,1721.89,2,1,349,173.0,0.0,0.333,NEW,0.64,TRAIN
cust-04138,m-004,262,3,1448.25,482.75,482.75,482.75,1,1,326,32.0,0.333,0.333,INACTIVE,100.0,TRAIN
cust-04139,m-004,104,6,9828.42,1638.07,482.75,3021.37,5,1,342,47.6,0.333,0.667,INACTIVE,100.0,TRAIN
cust-04140,m-004,101,3,4236.21,1412.07,482.75,3021.37,3,1,364,131.5,0.0,0.0,INACTIVE,20.75,VALIDATION
cust-04141,m-004,78,7,6459.43,922.78,482.75,1721.89,6,1,359,46.8,0.429,0.571,INACTIVE,63.05,VALIDATION
cust-04142,m-004,9,7,11107.55,1586.79,732.09,3021.37,6,1,356,57.8,0.286,0.571,REGULAR,1.89,TRAIN
cust-04143,m-004,85,7,8377.35,1196.76,732.09,1789.15,4,1,306,36.8,0.286,0.143,INACTIVE,93.07,TRAIN
cust-04144,m-004,31,3,3926.53,1308.84,482.75,1721.89,2,1,194,81.5,0.333,0.667,NEW,11.92,TRAIN
cust-04145,m-004,3,7,7154.31,1022.04,687.11,1721.89,5,1,259,42.7,0.429,0.286,REGULAR,0.87,TEST
cust-04146,m-004,129,5,7796.85,1559.37,482.75,3021.37,5,1,341,53.0,0.6,0.6,INACTIVE,100.0,TEST
cust-04147,m-004,32,8,11968.58,1496.07,482.75,3021.37,6,1,259,32.4,0.25,0.375,AT_RISK,9.23,TRAIN
cust-04148,m-004,58,8,14375.96,1797.0,687.11,3021.37,5,1,363,43.6,0.125,0.5,AT_RISK,33.55,VALIDATION
cust-04149,m-004,171,3,4236.21,1412.07,482.75,3021.37,3,1,357,93.0,0.333,0.333,INACTIVE,100.0,TEST
cust-04150,m-004,99,2,1468.8,734.4,687.11,781.69,2,1,270,171.0,0.5,0.0,INACTIVE,27.4,TRAIN
cust-04151,m-004,33,8,8484.24,1060.53,482.75,1789.15,4,1,278,35.0,0.25,0.5,AT_RISK,8.87,TRAIN
cust-04152,m-004,26,3,2200.89,733.63,687.11,781.69,3,1,251,112.5,0.667,0.333,NEW,7.74,TRAIN
cust-04153,m-004,54,5,10893.25,2178.65,1272.21,3021.37,3,1,331,69.2,0.6,0.4,AT_RISK,12.2,TEST
cust-04154,m-004,0,9,16023.83,1780.43,482.75,3021.37,5,1,344,43.0,0.333,0.222,REGULAR,0.0,TRAIN
cust-04155,m-004,61,3,2061.33,687.11,687.11,687.11,1,1,347,143.0,0.667,0.0,INACTIVE,13.15,TRAIN
cust-04156,m-004,37,3,4310.39,1436.8,732.09,1789.15,2,1,58,10.5,0.0,0.333,NEW,86.78,VALIDATION
cust-04157,m-004,77,7,6718.27,959.75,482.75,1789.15,5,1,217,23.3,0.143,0.571,INACTIVE,100.0,TRAIN
cust-04158,m-004,114,6,5945.34,990.89,482.75,1789.15,5,1,350,47.2,0.167,0.167,INACTIVE,100.0,VALIDATION
cust-04159,m-004,23,5,8046.19,1609.24,732.09,3021.37,5,1,278,63.8,0.4,0.6,REGULAR,6.18,TRAIN
cust-04160,m-004,36,4,5558.02,1389.5,482.75,3021.37,4,1,253,72.3,0.25,0.25,AT_RISK,10.63,TRAIN
cust-04161,m-004,174,6,9559.58,1593.26,482.75,3021.37,5,1,327,30.6,0.167,0.5,INACTIVE,100.0,TEST
cust-04162,m-004,32,4,3718.42,929.6,482.75,1721.89,4,1,329,99.0,0.25,0.25,AT_RISK,7.27,TRAIN
cust-04163,m-004,79,4,8613.58,2153.4,781.69,3021.37,3,1,313,78.0,0.25,0.25,INACTIVE,20.37,TRAIN
cust-04164,m-004,126,3,2155.91,718.64,687.11,781.69,2,1,290,82.0,0.0,0.333,INACTIVE,98.47,TRAIN
cust-04165,m-004,91,6,5359.64,893.27,687.11,1789.15,3,1,306,43.0,0.333,0.167,INACTIVE,94.23,TRAIN
cust-04166,m-004,5,7,11557.23,1651.03,732.09,3021.37,5,1,340,55.8,0.714,0.286,REGULAR,1.1,TRAIN
cust-04167,m-004,17,5,6297.03,1259.41,732.09,1789.15,5,1,332,78.8,0.2,0.2,REGULAR,3.83,TEST
cust-04168,m-004,10,6,7433.82,1238.97,687.11,1789.15,5,1,359,69.8,0.167,0.167,REGULAR,2.08,TRAIN
cust-04169,m-004,57,5,7570.09,1514.02,732.09,3021.37,3,1,320,65.8,0.4,0.0,AT_RISK,13.32,TRAIN
cust-04170,m-004,1,4,4624.74,1156.18,781.69,1789.15,3,1,187,62.0,0.25,0.25,REGULAR,0.4,TEST
cust-04171,m-004,2,5,6789.39,1357.88,482.75,3021.37,4,1,361,89.8,0.2,0.6,REGULAR,0.41,TRAIN
cust-04172,m-004,127,5,4567.37,913.47,482.75,1789.15,4,1,310,45.8,0.0,0.2,INACTIVE,100.0,TRAIN
cust-04173,m-004,121,5,5802.37,1160.47,687.11,1789.15,4,1,315,48.5,0.4,0.4,INACTIVE,100.0,TRAIN
cust-04174,m-004,26,7,9801.15,1400.16,482.75,3021.37,7,1,216,31.7,0.429,0.143,REGULAR,8.99,TEST
cust-04175,m-004,65,5,4754.07,950.81,687.11,1721.89,3,1,342,69.2,0.4,0.4,INACTIVE,14.21,TRAIN
cust-04176,m-004,54,4,4476.54,1119.14,482.75,1789.15,3,1,361,102.3,0.5,0.5,AT_RISK,11.19,TRAIN
cust-04177,m-004,14,4,5448.08,1362.02,732.09,1721.89,3,1,272,86.0,0.5,0.25,REGULAR,3.85,TRAIN
cust-04178,m-004,44,9,10723.27,1191.47,732.09,3021.37,5,1,247,25.4,0.111,0.333,AT_RISK,41.21,TEST
cust-04179,m-004,13,7,11732.39,1676.06,732.09,3021.37,4,1,362,58.2,0.429,0.286,REGULAR,2.69,TRAIN
cust-04180,m-004,66,3,7764.63,2588.21,1721.89,3021.37,2,1,349,141.5,0.0,0.0,INACTIVE,14.14,TEST
cust-04181,m-004,77,6,8528.94,1421.49,482.75,3021.37,6,1,362,57.0,0.333,0.167,INACTIVE,45.91,TEST
cust-04182,m-004,120,4,5856.96,1464.24,781.69,3021.37,3,1,271,50.3,0.5,0.0,INACTIVE,100.0,TEST
cust-04183,m-004,4,7,8517.03,1216.72,482.75,3021.37,6,1,351,57.8,0.429,0.143,REGULAR,0.85,TRAIN
cust-04184,m-004,54,6,7603.94,1267.32,687.11,3021.37,4,1,320,53.2,0.667,0.5,AT_RISK,13.82,VALIDATION
cust-04185,m-004,15,2,2453.98,1226.99,732.09,1721.89,2,1,210,195.0,0.0,0.0,NEW,5.33,VALIDATION
cust-04186,m-004,9,8,11612.58,1451.57,482.75,3021.37,6,1,242,33.3,0.5,0.5,REGULAR,2.78,VALIDATION
cust-04187,m-004,71,8,11224.1,1403.01,482.75,3021.37,6,1,286,30.7,0.375,0.375,INACTIVE,79.0,TRAIN
cust-04188,m-004,121,5,6463.13,1292.63,482.75,3021.37,4,1,349,57.0,0.2,0.4,INACTIVE,100.0,TRAIN
cust-04189,m-004,7,9,14933.75,1659.31,732.09,3021.37,5,1,334,40.9,0.333,0.444,REGULAR,1.57,TEST
cust-04190,m-004,26,4,3785.68,946.42,482.75,1789.15,4,1,266,80.0,0.5,0.5,REGULAR,7.3,VALIDATION
cust-04191,m-004,10,7,9273.47,1324.78,781.69,1721.89,3,1,289,46.5,0.429,0.286,REGULAR,2.59,TEST
cust-04192,m-004,279,2,1419.2,709.6,687.11,732.09,2,1,345,66.0,0.0,0.0,INACTIVE,100.0,TRAIN
cust-04193,m-004,35,7,8154.37,1164.91,482.75,3021.37,4,1,327,48.7,0.429,0.143,AT_RISK,8.0,TRAIN
cust-04194,m-004,86,9,14791.45,1643.49,482.75,3021.37,6,1,347,32.6,0.222,0.222,INACTIVE,98.63,TRAIN
cust-04195,m-004,4,2,4743.26,2371.63,1721.89,3021.37,2,1,89,85.0,1.0,0.0,NEW,3.33,TRAIN
cust-04197,m-004,91,1,3021.37,3021.37,3021.37,3021.37,1,1,91,91.0,0.0,0.0,INACTIVE,74.18,TRAIN
cust-04198,m-004,18,9,9272.69,1030.3,482.75,3021.37,6,1,286,33.5,0.222,0.444,REGULAR,4.7,TRAIN
cust-04199,m-004,26,6,9518.74,1586.46,482.75,3021.37,5,1,350,64.8,0.333,0.5,REGULAR,5.56,TRAIN
cust-04200,m-004,21,5,6980.97,1396.19,482.75,3021.37,4,1,327,76.5,0.2,0.0,REGULAR,4.8,TRAIN
cust-04201,m-004,96,2,2570.84,1285.42,781.69,1789.15,2,1,360,264.0,0.5,0.0,INACTIVE,19.94,TEST
cust-04202,m-004,50,3,3276.51,1092.17,732.09,1272.21,2,1,163,56.5,0.0,0.0,INACTIVE,22.87,TRAIN
cust-04203,m-004,37,5,3861.27,772.25,482.75,1272.21,4,1,145,27.0,0.4,0.4,AT_RISK,34.01,TEST
cust-04204,m-004,36,10,10823.08,1082.31,482.75,3021.37,6,1,338,33.6,0.3,0.5,AT_RISK,11.56,VALIDATION
cust-04205,m-004,34,6,6984.14,1164.02,687.11,1789.15,6,1,351,63.4,0.5,0.167,AT_RISK,7.24,TRAIN
cust-04206,m-004,81,9,12153.63,1350.4,482.75,3021.37,6,1,316,29.4,0.333,0.444,INACTIVE,96.56,TRAIN
cust-04207,m-004,248,2,2004.3,1002.15,732.09,1272.21,2,1,253,5.0,0.0,0.0,INACTIVE,100.0,TEST
cust-04208,m-004,74,4,3835.28,958.82,482.75,1789.15,3,1,257,61.0,0.5,0.0,INACTIVE,41.01,TRAIN
cust-04209,m-004,38,7,9875.33,1410.76,732.09,1789.15,5,1,296,43.0,0.429,0.286,AT_RISK,9.6,TRAIN
cust-04210,m-004,19,4,7264.5,1816.12,732.09,3021.37,4,1,214,65.0,0.75,0.0,REGULAR,6.63,TEST
cust-04211,m-004,93,5,9526.51,1905.3,1272.21,3021.37,4,1,348,63.8,0.4,0.2,INACTIVE,63.79,TRAIN
cust-04212,m-004,53,5,10285.87,2057.17,732.09,3021.37,4,1,355,75.5,0.6,0.2,AT_RISK,11.17,TEST
cust-04213,m-004,46,8,11844.26,1480.53,687.11,3021.37,6,1,342,42.3,0.25,0.25,AT_RISK,15.61,TRAIN
cust-04214,m-004,41,10,14963.92,1496.39,687.11,3021.37,6,1,337,32.9,0.2,0.4,AT_RISK,21.25,TRAIN
cust-04215,m-004,141,3,5475.35,1825.12,732.09,3021.37,3,1,317,88.0,0.333,0.333,INACTIVE,100.0,VALIDATION
cust-04216,m-004,83,10,13108.34,1310.83,482.75,3021.37,6,1,361,30.9,0.5,0.3,INACTIVE,95.35,TEST
cust-04217,m-004,119,4,4748.16,1187.04,482.75,1789.15,3,1,242,41.0,0.25,0.0,INACTIVE,100.0,TRAIN
cust-04218,m-004,14,4,3129.18,782.3,482.75,1272.21,3,1,336,107.3,0.25,0.0,REGULAR,3.12,VALIDATION
cust-04219,m-004,16,5,4405.53,881.11,482.75,1721.89,5,1,291,68.8,0.4,0.4,REGULAR,4.11,TRAIN
cust-04220,m-004,13,5,5194.99,1039.0,687.11,1721.89,5,1,348,83.8,0.4,0.4,REGULAR,2.79,TRAIN
cust-04221,m-004,20,6,8468.6,1411.43,732.09,1789.15,4,1,256,47.2,0.5,0.167,REGULAR,5.84,TRAIN
cust-04222,m-004,130,6,8551.22,1425.2,482.75,3021.37,5,1,313,36.6,0.667,0.5,INACTIVE,100.0,TEST
cust-04223,m-004,68,6,9041.74,1506.96,482.75,3021.37,5,1,330,52.4,0.333,0.667,INACTIVE,38.81,VALIDATION
cust-04224,m-004,44,8,12308.36,1538.54,687.11,3021.37,5,1,280,33.7,0.0,0.375,AT_RISK,27.19,TRAIN
cust-04225,m-004,53,6,8086.18,1347.7,732.09,1789.15,5,1,291,47.6,0.333,0.333,AT_RISK,21.71,TRAIN
cust-04226,m-004,18,3,3141.09,1047.03,687.11,1721.89,3,1,134,58.0,0.333,0.0,NEW,10.0,TRAIN
cust-04227,m-004,43,5,7796.85,1559.37,482.75,3021.37,5,1,262,54.8,0.2,0.6,AT_RISK,12.26,TEST
cust-04228,m-004,16,7,9202.73,1314.68,482.75,1789.15,3,1,277,43.5,0.286,0.429,REGULAR,4.32,TRAIN
cust-04229,m-004,57,9,9674.65,1074.96,687.11,1789.15,4,1,302,30.6,0.444,0.444,AT_RISK,53.71,TEST
cust-04230,m-004,11,7,7752.15,1107.45,482.75,1789.15,4,1,340,54.8,0.286,0.429,REGULAR,2.42,TRAIN
cust-04231,m-004,236,2,1754.96,877.48,482.75,1272.21,2,1,358,122.0,0.5,0.0,INACTIVE,100.0,TEST
cust-04232,m-004,207,1,1272.21,1272.21,1272.21,1272.21,1,1,207,207.0,1.0,0.0,INACTIVE,74.64,TRAIN
cust-04233,m-004,86,9,9894.45,1099.38,482.75,1721.89,5,1,359,34.1,0.111,0.333,INACTIVE,95.77,TRAIN
cust-04234,m-004,86,6,8041.2,1340.2,687.11,1789.15,5,1,328,48.4,0.333,0.5,INACTIVE,76.0,TRAIN
cust-04235,m-004,238,2,2476.26,1238.13,687.11,1789.15,2,1,363,125.0,0.0,0.0,INACTIVE,100.0,TRAIN
cust-04236,m-004,186,3,4980.69,1660.23,687.11,3021.37,3,1,258,36.0,0.667,0.333,INACTIVE,100.0,TEST
cust-04237,m-004,107,5,3665.07,733.01,687.11,781.69,3,1,339,58.0,0.2,0.4,INACTIVE,97.1,TRAIN
cust-04238,m-004,40,8,9373.8,1171.73,482.75,1789.15,5,1,324,40.6,0.625,0.125,AT_RISK,9.23,TEST
cust-04239,m-004,118,4,5757.76,1439.44,732.09,3021.37,3,1,274,52.0,0.0,0.5,INACTIVE,100.0,TRAIN
cust-04240,m-004,30,5,5457.97,1091.59,482.75,1789.15,4,1,350,80.0,0.2,0.4,REGULAR,6.41,TRAIN
cust-04241,m-004,4,7,8344.01,1192.0,482.75,3021.37,5,1,318,52.3,0.429,0.286,REGULAR,0.94,TRAIN
cust-04242,m-004,87,5,3530.13,706.03,687.11,781.69,2,1,307,55.0,0.4,0.4,INACTIVE,69.19,VALIDATION
cust-04243,m-004,313,1,1789.15,1789.15,1789.15,1789.15,1,1,313,313.0,1.0,0.0,INACTIVE,74.76,TRAIN
cust-04244,m-004,32,6,6138.16,1023.03,482.75,3021.37,4,1,362,66.0,0.667,0.5,AT_RISK,6.61,TRAIN
cust-04245,m-004,95,7,12339.77,1762.82,732.09,3021.37,6,1,352,42.8,0.429,0.143,INACTIVE,98.48,TRAIN
cust-04246,m-004,5,7,10100.09,1442.87,732.09,3021.37,6,1,312,51.2,0.571,0.429,REGULAR,1.2,TEST
cust-04247,m-004,49,8,9635.56,1204.45,687.11,3021.37,6,1,361,44.6,0.25,0.25,AT_RISK,16.75,TEST
cust-04248,m-004,0,4,3237.4,809.35,482.75,1789.15,2,1,352,117.3,0.25,0.25,REGULAR,0.0,VALIDATION
cust-04249,m-004,54,8,10175.68,1271.96,687.11,3021.37,6,1,326,38.9,0.375,0.125,AT_RISK,35.04,TRAIN
cust-04250,m-004,204,5,5481.15,1096.23,482.75,1721.89,4,1,284,20.0,0.2,0.2,INACTIVE,100.0,TRAIN
cust-04251,m-004,185,3,6532.41,2177.47,1721.89,3021.37,3,1,266,40.5,0.333,0.333,INACTIVE,100.0,TRAIN
cust-04252,m-004,33,5,6265.69,1253.14,482.75,1789.15,3,1,250,54.2,0.8,0.2,AT_RISK,9.86,TRAIN
cust-04253,m-004,134,2,2503.58,1251.79,781.69,1721.89,2,1,194,60.0,0.5,0.5,INACTIVE,100.0,TEST
cust-04254,m-004,34,8,10836.8,1354.6,687.11,3021.37,6,1,297,37.6,0.0,0.125,AT_RISK,8.56,TRAIN
cust-04255,m-004,28,5,4941.03,988.21,482.75,1721.89,4,1,233,51.2,0.0,0.2,REGULAR,8.97,TRAIN
cust-04256,m-004,22,11,15332.71,1393.88,482.75,3021.37,5,1,327,30.5,0.273,0.273,REGULAR,5.03,TRAIN
cust-04257,m-004,123,4,5947.36,1486.84,781.69,1721.89,2,1,243,40.0,0.5,0.5,INACTIVE,100.0,TRAIN
cust-04258,m-004,102,3,3352.53,1117.51,781.69,1789.15,2,1,257,77.5,1.0,1.0,INACTIVE,66.4,TRAIN
cust-04259,m-004,83,3,3793.45,1264.48,732.09,1789.15,3,1,351,134.0,0.0,0.0,INACTIVE,17.68,VALIDATION
cust-04260,m-004,258,4,3019.4,754.85,482.75,1272.21,3,1,359,33.7,0.25,0.0,INACTIVE,100.0,VALIDATION
cust-04261,m-004,18,5,4816.71,963.34,732.09,1789.15,3,1,347,82.2,0.4,0.2,REGULAR,3.88,TRAIN
cust-04262,m-004,81,6,8705.98,1451.0,687.11,3021.37,4,1,340,51.8,0.667,0.333,INACTIVE,61.62,TRAIN
cust-04263,m-004,8,3,4440.57,1480.19,687.11,3021.37,3,1,354,173.0,0.667,0.333,NEW,1.69,VALIDATION
cust-04264,m-004,19,6,9511.82,1585.3,482.75,3021.37,4,1,335,63.2,0.333,0.333,REGULAR,4.24,VALIDATION
cust-04265,m-004,3,6,5895.74,982.62,482.75,1789.15,5,1,287,56.8,0.5,0.167,REGULAR,0.78,TEST
cust-04266,m-004,3,2,2476.26,1238.13,687.11,1789.15,2,1,258,255.0,0.0,0.0,NEW,0.87,TRAIN
cust-04267,m-004,175,4,3835.28,958.82,482.75,1789.15,3,1,342,55.7,0.25,0.25,INACTIVE,100.0,TEST
cust-04268,m-004,51,6,5032.46,838.74,482.75,1721.89,3,1,363,62.4,0.333,0.167,AT_RISK,10.51,TRAIN
cust-04269,m-004,11,4,7219.52,1804.88,687.11,3021.37,4,1,345,111.3,0.25,1.0,REGULAR,2.38,TRAIN
cust-04270,m-004,114,7,7958.65,1136.95,687.11,3021.37,5,1,316,33.7,0.286,0.286,INACTIVE,100.0,TRAIN
cust-04271,m-004,33,7,8674.69,1239.24,482.75,1789.15,4,1,322,48.2,0.143,0.571,AT_RISK,7.66,TRAIN
cust-04272,m-004,12,4,6306.64,1576.66,781.69,3021.37,3,1,89,25.7,0.5,0.25,REGULAR,10.0,TEST
cust-04273,m-004,31,7,7743.55,1106.22,732.09,1721.89,4,1,334,50.5,0.429,0.143,AT_RISK,6.94,TRAIN
cust-04274,m-004,197,5,4564.91,912.98,687.11,1721.89,3,1,331,33.5,0.0,0.2,INACTIVE,100.0,TRAIN
cust-04275,m-004,16,8,13294.48,1661.81,482.75,3021.37,6,1,338,46.0,0.375,0.5,REGULAR,3.54,TRAIN
cust-04276,m-004,61,5,15827.48,3165.5,482.75,10809.58,4,1,307,61.5,0.6,0.6,INACTIVE,14.85,VALIDATION
cust-04277,m-004,13,4,6074.96,1518.74,482.75,3021.37,4,1,176,54.3,0.5,0.75,REGULAR,5.51,TRAIN
cust-04278,m-004,27,8,10960.22,1370.03,482.75,3021.37,6,1,363,48.0,0.5,0.0,REGULAR,5.56,TRAIN
cust-04279,m-004,13,5,7641.93,1528.39,687.11,1789.15,3,1,327,78.5,0.4,0.2,REGULAR,2.97,TRAIN
cust-04280,m-004,30,8,9431.2,1178.9,482.75,3021.37,7,1,351,45.9,0.25,0.375,REGULAR,6.39,TRAIN
cust-04281,m-004,57,5,7484.27,1496.85,687.11,3021.37,5,1,295,59.5,0.2,0.6,AT_RISK,14.44,TRAIN
cust-04282,m-004,6,7,10050.49,1435.78,732.09,3021.37,6,1,358,58.7,0.429,0.286,REGULAR,1.25,TEST
cust-04283,m-004,32,7,13234.99,1890.71,687.11,3021.37,5,1,292,43.3,0.429,0.571,AT_RISK,8.19,TRAIN
cust-04284,m-004,126,4,5127.68,1281.92,687.11,3021.37,3,1,208,27.3,0.25,0.0,INACTIVE,100.0,TRAIN
cust-04285,m-004,33,2,2453.98,1226.99,732.09,1721.89,2,1,114,81.0,0.5,0.0,NEW,21.52,VALIDATION
cust-04286,m-004,49,6,13064.82,2177.47,1721.89,3021.37,3,1,350,60.2,0.5,0.333,AT_RISK,10.47,TEST
cust-04287,m-004,43,5,6198.43,1239.69,482.75,1789.15,3,1,294,62.8,0.2,0.0,AT_RISK,10.93,VALIDATION
cust-04288,m-004,96,7,9801.15,1400.16,482.75,3021.37,7,1,329,38.8,0.286,0.571,INACTIVE,100.0,TRAIN
cust-04289,m-004,105,6,7494.16,1249.03,482.75,3021.37,6,1,359,50.8,0.333,0.667,INACTIVE,100.0,VALIDATION
cust-04290,m-004,18,8,6860.38,857.55,687.11,1721.89,4,1,305,41.0,0.25,0.25,REGULAR,4.41,TEST
cust-04291,m-004,88,4,5448.08,1362.02,732.09,1721.89,3,1,293,68.3,0.25,0.5,INACTIVE,52.0,TRAIN
cust-04292,m-004,8,8,8452.94,1056.62,687.11,1789.15,6,1,349,48.7,0.25,0.25,REGULAR,1.71,TRAIN
cust-04293,m-004,86,4,2683.64,670.91,482.75,781.69,4,1,285,66.3,0.25,0.25,INACTIVE,52.1,TEST
cust-04294,m-004,74,5,7038.73,1407.75,732.09,3021.37,4,1,307,58.2,0.4,0.2,INACTIVE,41.72,TRAIN
cust-04295,m-004,64,5,7776.45,1555.29,687.11,1789.15,3,1,312,62.0,0.8,0.8,INACTIVE,18.34,TRAIN
cust-04296,m-004,138,5,4560.29,912.06,687.11,1721.89,3,1,355,54.2,0.4,0.4,INACTIVE,100.0,TRAIN
cust-04298,m-004,32,4,2932.98,733.24,687.11,781.69,3,1,318,95.3,0.25,0.5,AT_RISK,7.52,VALIDATION
cust-04299,m-004,61,5,10240.89,2048.18,687.11,3021.37,4,1,300,59.8,0.4,0.4,INACTIVE,17.0,TRAIN
cust-04300,m-004,75,4,5515.34,1378.84,732.09,1789.15,4,1,352,92.3,0.75,0.25,INACTIVE,15.93,TRAIN
cust-04301,m-004,40,8,9249.12,1156.14,482.75,3021.37,7,1,314,39.1,0.5,0.375,AT_RISK,10.87,TRAIN
cust-04302,m-004,19,9,8954.25,994.92,482.75,1721.89,6,1,361,42.8,0.556,0.222,REGULAR,3.94,TEST
cust-04303,m-004,47,8,11408.22,1426.03,482.75,3021.37,5,1,345,42.6,0.625,0.5,AT_RISK,16.79,TRAIN
cust-04304,m-004,90,4,6769.84,1692.46,687.11,3021.37,4,1,329,79.7,0.0,0.0,INACTIVE,35.9,TRAIN
cust-04305,m-004,87,5,5145.39,1029.08,687.11,1721.89,4,1,343,64.0,0.0,0.2,INACTIVE,53.47,TEST
cust-04306,m-004,45,6,7562.32,1260.39,482.75,3021.37,5,1,343,59.6,0.333,0.167,AT_RISK,9.81,TRAIN
cust-04307,m-004,8,5,18178.08,3635.62,781.69,10796.72,3,1,202,48.5,0.2,0.4,REGULAR,2.96,TRAIN
cust-04308,m-004,0,6,6435.86,1072.64,482.75,1789.15,5,1,329,65.8,0.167,0.333,REGULAR,0.0,TRAIN
cust-04309,m-004,76,7,9273.47,1324.78,781.69,1721.89,3,1,357,46.8,0.429,0.429,INACTIVE,59.72,TRAIN
cust-04310,m-004,10,4,3714.28,928.57,482.75,1272.21,3,1,161,50.3,0.25,0.0,REGULAR,4.63,TRAIN
cust-04311,m-004,25,6,8771.36,1461.89,482.75,3021.37,4,1,297,54.4,0.167,0.167,REGULAR,6.29,TRAIN
cust-04312,m-004,25,9,10573.23,1174.8,482.75,1789.15,6,1,343,39.8,0.444,0.111,REGULAR,5.45,TRAIN
cust-04313,m-004,53,11,15306.21,1391.47,482.75,3021.37,6,1,364,31.1,0.273,0.364,AT_RISK,43.74,VALIDATION
cust-04314,m-004,43,10,10399.0,1039.9,482.75,1789.15,5,1,356,34.8,0.3,0.3,AT_RISK,21.33,TRAIN
cust-04315,m-004,33,6,8061.6,1343.6,482.75,3021.37,5,1,349,63.2,0.667,0.5,AT_RISK,7.07,TRAIN
cust-04316,m-004,14,6,8666.04,1444.34,687.11,3021.37,5,1,355,68.2,0.5,0.333,REGULAR,2.95,TEST
cust-04317,m-004,128,2,2004.3,1002.15,732.09,1272.21,2,1,263,135.0,0.5,0.5,INACTIVE,36.36,TEST
cust-04318,m-004,34,6,10572.9,1762.15,687.11,3021.37,5,1,350,63.2,0.167,0.333,AT_RISK,7.26,TRAIN
cust-04319,m-004,252,3,4535.15,1511.72,732.09,3021.37,3,1,334,41.0,0.333,0.0,INACTIVE,100.0,TRAIN
cust-04320,m-004,93,9,8994.31,999.37,482.75,1789.15,5,1,322,28.6,0.222,0.222,INACTIVE,100.0,TRAIN
cust-04321,m-004,132,8,10805.76,1350.72,732.09,3021.37,5,1,290,22.6,0.25,0.125,INACTIVE,100.0,TRAIN
cust-04322,m-004,197,1,1721.89,1721.89,1721.89,1721.89,1,1,197,197.0,0.0,0.0,INACTIVE,74.62,TRAIN
cust-04323,m-004,69,2,2476.26,1238.13,687.11,1789.15,2,1,103,34.0,0.5,0.5,INACTIVE,100.0,TRAIN
cust-04324,m-004,5,5,4605.27,921.05,687.11,1721.89,3,1,179,43.5,0.6,0.4,REGULAR,2.08,TRAIN
cust-04325,m-004,3,7,7173.81,1024.83,482.75,3021.37,5,1,292,48.2,0.286,0.143,REGULAR,0.77,TRAIN
cust-04326,m-004,0,7,11683.27,1669.04,687.11,3021.37,4,1,264,44.0,0.429,0.429,REGULAR,0.0,TRAIN
cust-04327,m-004,64,6,8378.2,1396.37,732.09,3021.37,5,1,265,40.2,0.167,0.5,INACTIVE,53.75,TRAIN
cust-04329,m-004,29,8,11428.46,1428.56,482.75,3021.37,7,1,341,44.6,0.125,0.375,REGULAR,6.36,TRAIN
cust-04330,m-004,7,4,6747.56,1686.89,732.09,3021.37,4,1,71,21.3,0.0,0.25,REGULAR,7.29,TEST
cust-04331,m-004,14,7,8947.21,1278.17,482.75,1789.15,5,1,250,39.3,0.286,0.143,REGULAR,4.18,TRAIN
cust-04332,m-004,89,2,2053.9,1026.95,781.69,1272.21,2,1,221,132.0,1.0,0.5,INACTIVE,30.07,TRAIN
cust-04333,m-004,330,1,732.09,732.09,732.09,732.09,1,1,330,330.0,0.0,0.0,INACTIVE,74.77,VALIDATION
cust-04334,m-004,36,6,8457.54,1409.59,482.75,3021.37,5,1,294,51.6,0.167,0.0,AT_RISK,9.15,TRAIN
cust-04335,m-004,40,6,8881.14,1480.19,687.11,3021.37,3,1,341,60.2,0.5,0.333,AT_RISK,8.77,TRAIN
cust-04336,m-004,5,4,5807.36,1451.84,732.09,3021.37,4,1,204,66.3,0.75,0.25,REGULAR,1.83,TEST
cust-04337,m-004,38,5,3669.69,733.94,687.11,781.69,3,1,181,35.8,0.0,0.4,AT_RISK,18.96,TRAIN
cust-04338,m-004,27,3,3993.79,1331.26,482.75,1789.15,3,1,173,73.0,0.333,0.333,NEW,11.64,TRAIN
cust-04339,m-004,3,6,8726.38,1454.4,482.75,3021.37,5,1,326,64.6,0.333,0.0,REGULAR,0.69,TRAIN
cust-04340,m-004,1,6,9359.24,1559.87,732.09,3021.37,4,1,128,25.4,0.167,0.5,REGULAR,0.58,TRAIN
cust-04341,m-004,78,7,7395.01,1056.43,482.75,1721.89,4,1,361,47.2,0.429,0.429,INACTIVE,62.36,TRAIN
cust-04342,m-004,13,5,4522.39,904.48,482.75,1789.15,4,1,363,87.5,0.0,0.8,REGULAR,2.68,TRAIN
cust-04343,m-004,87,4,6864.42,1716.1,781.69,3021.37,4,1,332,81.7,0.25,0.0,INACTIVE,27.54,TEST
cust-04344,m-004,119,4,3759.26,939.82,482.75,1272.21,3,1,346,75.7,0.5,0.25,INACTIVE,90.67,TRAIN
cust-04345,m-004,278,6,5495.66,915.94,482.75,1789.15,5,1,342,12.8,0.167,0.333,INACTIVE,100.0,TRAIN
cust-04346,m-004,43,7,7040.39,1005.77,482.75,1272.21,4,1,267,37.3,0.286,0.429,AT_RISK,20.58,TRAIN
cust-04347,m-004,117,4,5515.34,1378.84,732.09,1789.15,4,1,334,72.3,0.5,0.5,INACTIVE,93.24,TRAIN
cust-04348,m-004,12,6,5605.44,934.24,482.75,1789.15,4,1,314,60.4,0.5,0.667,REGULAR,2.86,TRAIN
cust-04349,m-004,35,5,9818.53,1963.71,781.69,3021.37,4,1,338,75.8,0.0,0.4,AT_RISK,7.74,TRAIN
cust-04350,m-004,18,10,9400.78,940.08,482.75,1721.89,5,1,361,38.1,0.3,0.4,REGULAR,3.73,TRAIN
cust-04351,m-004,12,6,4883.66,813.94,482.75,1721.89,3,1,363,70.2,0.167,0.0,REGULAR,2.47,TRAIN
cust-04352,m-004,24,8,9490.3,1186.29,482.75,3021.37,5,1,352,46.9,0.25,0.625,REGULAR,5.1,TEST
cust-04353,m-004,98,1,3021.37,3021.37,3021.37,3021.37,1,1,98,98.0,0.0,1.0,INACTIVE,74.24,TRAIN
cust-04354,m-004,173,4,4039.64,1009.91,687.11,1789.15,3,1,355,60.7,0.5,0.5,INACTIVE,100.0,TRAIN
cust-04355,m-004,139,7,12655.13,1807.88,1272.21,3021.37,4,1,362,37.2,0.571,0.714,INACTIVE,100.0,VALIDATION
cust-04356,m-004,33,7,11557.23,1651.03,732.09,3021.37,5,1,210,29.5,0.429,0.286,AT_RISK,16.98,TRAIN
cust-04357,m-004,0,4,5470.36,1367.59,687.11,1789.15,4,1,216,72.0,0.25,0.75,REGULAR,0.0,VALIDATION
cust-04358,m-004,18,10,13774.38,1377.44,482.75,3021.37,7,1,333,35.0,0.6,0.2,REGULAR,4.04,TRAIN
cust-04359,m-004,55,3,3748.47,1249.49,687.11,1789.15,3,1,246,95.5,0.0,0.333,INACTIVE,16.7,TRAIN
cust-04360,m-004,23,8,10829.88,1353.74,482.75,3021.37,5,1,277,36.3,0.375,0.125,REGULAR,6.21,TRAIN
cust-04361,m-004,297,1,482.75,482.75,482.75,482.75,1,1,297,297.0,0.0,0.0,INACTIVE,74.75,TRAIN
cust-04362,m-004,42,7,11323.55,1617.65,732.09,3021.37,3,1,270,38.0,0.571,0.714,AT_RISK,17.62,VALIDATION
cust-04363,m-004,20,3,3748.47,1249.49,687.11,1789.15,3,1,327,153.5,0.333,0.333,NEW,4.57,TRAIN
cust-04364,m-004,17,7,9351.47,1335.92,482.75,3021.37,6,1,324,51.2,0.429,0.857,REGULAR,3.92,VALIDATION
cust-04365,m-004,23,6,9340.68,1556.78,687.11,3021.37,5,1,311,57.6,0.167,0.333,REGULAR,5.53,TRAIN
cust-04366,m-004,43,3,5592.21,1864.07,781.69,3021.37,3,1,345,151.0,0.333,0.333,NEW,9.32,TEST
cust-04367,m-004,57,8,8293.56,1036.7,482.75,1789.15,6,1,323,38.0,0.125,0.5,AT_RISK,41.69,TEST
cust-04368,m-004,17,4,4413.3,1103.32,687.11,1721.89,4,1,258,80.3,0.0,0.5,REGULAR,4.92,TRAIN
cust-04369,m-004,7,3,4783.25,1594.42,1272.21,1789.15,3,1,326,159.5,0.333,0.0,NEW,1.61,TEST
cust-04370,m-004,136,2,2476.26,1238.13,687.11,1789.15,2,1,166,30.0,0.5,0.5,INACTIVE,100.0,TRAIN
cust-04371,m-004,93,7,5669.37,809.91,687.11,1272.21,4,1,313,36.7,0.286,0.429,INACTIVE,100.0,TRAIN
cust-04372,m-004,61,2,2476.26,1238.13,687.11,1789.15,2,1,114,53.0,0.5,0.5,INACTIVE,51.78,TRAIN
cust-04373,m-004,118,7,9380.67,1340.1,687.11,1789.15,4,1,354,39.3,0.429,0.143,INACTIVE,100.0,TRAIN
cust-04374,m-004,5,5,8294.29,1658.86,1272.21,1789.15,3,1,342,84.2,0.4,0.2,REGULAR,1.09,TRAIN
cust-04375,m-004,83,8,8732.18,1091.52,482.75,3021.37,6,1,331,35.4,0.125,0.625,INACTIVE,90.15,TRAIN
cust-04376,m-004,45,9,15625.89,1736.21,732.09,3021.37,5,1,333,36.0,0.333,0.333,AT_RISK,23.6,TRAIN
cust-04377,m-004,54,4,4231.22,1057.8,482.75,1789.15,4,1,336,94.0,0.5,0.25,AT_RISK,12.02,TRAIN
cust-04378,m-004,65,4,3419.48,854.87,482.75,1721.89,3,1,292,75.7,0.25,0.25,INACTIVE,16.64,TRAIN
cust-04379,m-004,61,9,9385.37,1042.82,482.75,1789.15,6,1,361,37.5,0.333,0.333,INACTIVE,47.89,TRAIN
cust-04380,m-004,120,4,6048.54,1512.14,482.75,3021.37,3,1,277,52.3,0.5,0.25,INACTIVE,100.0,TRAIN
cust-04381,m-004,35,6,8907.22,1484.54,482.75,3021.37,5,1,343,61.6,0.333,0.667,AT_RISK,7.63,TRAIN
cust-04382,m-004,45,11,18080.31,1643.66,687.11,3021.37,5,1,361,31.6,0.182,0.545,AT_RISK,29.42,TRAIN
cust-04383,m-004,183,1,781.69,781.69,781.69,781.69,1,1,183,183.0,0.0,0.0,INACTIVE,74.59,TRAIN
cust-04384,m-004,99,4,5508.42,1377.1,482.75,3021.37,4,1,345,82.0,0.25,0.25,INACTIVE,46.96,TRAIN
cust-04385,m-004,31,8,11675.5,1459.44,482.75,3021.37,6,1,359,46.9,0.25,0.5,AT_RISK,6.46,TRAIN
cust-04386,m-004,10,8,11485.88,1435.74,781.69,1721.89,3,1,315,43.6,0.25,0.25,REGULAR,2.37,TEST
cust-04387,m-004,5,4,3223.76,805.94,482.75,1272.21,4,1,298,97.7,0.5,0.25,REGULAR,1.25,TRAIN
cust-04388,m-004,4,1,1721.89,1721.89,1721.89,1721.89,1,1,4,4.0,1.0,0.0,NEW,60.0,TRAIN
cust-04389,m-004,7,14,18533.6,1323.83,482.75,3021.37,7,1,297,22.3,0.214,0.429,REGULAR,1.76,TRAIN
cust-04390,m-004,66,3,2646.43,882.14,687.11,1272.21,2,1,229,81.5,0.667,0.667,INACTIVE,21.52,TRAIN
cust-04391,m-004,4,8,9276.28,1159.54,687.11,1721.89,4,1,323,45.6,0.625,0.125,REGULAR,0.93,TRAIN
cust-04392,m-004,158,5,7484.27,1496.85,687.11,3021.37,5,1,352,48.5,0.2,0.4,INACTIVE,100.0,TRAIN
cust-04393,m-004,11,4,5920.04,1480.01,687.11,1789.15,3,1,224,71.0,0.5,0.5,REGULAR,3.67,TRAIN
cust-04394,m-004,13,7,10026.07,1432.3,482.75,1789.15,4,1,360,57.8,0.143,0.286,REGULAR,2.7,TEST
cust-04395,m-004,26,3,5075.27,1691.76,781.69,3021.37,3,1,331,152.5,0.333,0.0,NEW,5.87,TEST
cust-04396,m-004,105,4,4718.96,1179.74,482.75,3021.37,3,1,346,80.3,0.25,0.5,INACTIVE,59.74,VALIDATION
cust-04397,m-004,47,9,12259.75,1362.19,482.75,3021.37,7,1,353,38.2,0.111,0.333,AT_RISK,23.16,TRAIN
cust-04398,m-004,13,4,5508.42,1377.1,482.75,3021.37,4,1,312,99.7,0.5,0.25,REGULAR,3.12,TRAIN
cust-04399,m-004,20,3,6015.47,2005.16,1272.21,3021.37,3,1,80,30.0,0.0,0.333,NEW,18.52,TRAIN
cust-04400,m-004,111,6,6530.44,1088.41,482.75,1789.15,5,1,300,37.8,0.0,0.167,INACTIVE,100.0,TRAIN
cust-04401,m-004,74,5,5953.11,1190.62,482.75,1789.15,5,1,356,70.5,0.4,0.2,INACTIVE,20.8,TRAIN
cust-04402,m-004,92,3,4191.23,1397.08,482.75,3021.37,3,1,359,133.5,0.0,0.0,INACTIVE,19.17,VALIDATION
cust-04403,m-004,122,7,5896.61,842.37,482.75,1789.15,4,1,363,40.2,0.0,0.571,INACTIVE,100.0,TRAIN
cust-04404,m-004,56,4,3785.68,946.42,482.75,1789.15,4,1,359,101.0,0.0,0.5,AT_RISK,11.67,TRAIN
cust-04405,m-004,4,6,9810.76,1635.13,482.75,3021.37,4,1,281,55.4,0.5,0.5,REGULAR,1.06,VALIDATION
cust-04406,m-004,76,4,5048.0,1262.0,781.69,1721.89,3,1,234,52.7,0.25,0.25,INACTIVE,59.21,VALIDATION
cust-04407,m-004,89,3,5475.35,1825.12,732.09,3021.37,3,1,152,31.5,1.0,0.0,INACTIVE,100.0,TRAIN
cust-04408,m-004,17,5,8294.29,1658.86,1272.21,1789.15,3,1,260,60.8,0.0,0.4,REGULAR,4.89,TRAIN
cust-04409,m-004,6,4,6297.88,1574.47,732.09,3021.37,3,1,104,32.7,0.0,0.25,REGULAR,4.29,VALIDATION
cust-04410,m-004,13,5,7796.85,1559.37,482.75,3021.37,5,1,316,75.8,0.0,0.4,REGULAR,3.08,TRAIN
cust-04411,m-004,18,10,13470.82,1347.08,482.75,3021.37,5,1,311,32.6,0.4,0.1,REGULAR,4.33,TRAIN
cust-04412,m-004,147,3,5430.37,1810.12,687.11,3021.37,3,1,298,75.5,0.333,0.0,INACTIVE,100.0,VALIDATION
cust-04413,m-004,75,6,6093.54,1015.59,687.11,1789.15,4,1,349,54.8,0.667,0.167,INACTIVE,46.37,TRAIN
cust-04414,m-004,143,3,5075.27,1691.76,781.69,3021.37,3,1,298,77.5,0.333,0.333,INACTIVE,100.0,TRAIN
cust-04415,m-004,43,1,781.69,781.69,781.69,781.69,1,1,43,43.0,0.0,0.0,NEW,73.3,TRAIN
cust-04416,m-004,9,3,6015.47,2005.16,1272.21,3021.37,3,1,170,80.5,0.0,0.333,NEW,3.95,TRAIN
cust-04418,m-004,10,4,5987.3,1496.82,687.11,1789.15,3,1,245,78.3,0.0,0.25,REGULAR,3.05,TRAIN
cust-04419,m-004,69,10,14267.2,1426.72,732.09,3021.37,5,1,356,31.9,0.3,0.3,INACTIVE,70.15,TRAIN
cust-04420,m-004,16,7,11478.91,1639.84,482.75,3021.37,5,1,287,45.2,0.0,0.143,REGULAR,4.17,TEST
cust-04421,m-004,61,4,5852.78,1463.2,687.11,1721.89,2,1,295,78.0,0.75,0.25,INACTIVE,15.46,TRAIN
cust-04422,m-004,62,6,30275.82,5045.97,732.09,24536.57,3,1,301,47.8,0.167,0.333,INACTIVE,36.7,TRAIN
cust-04423,m-004,44,4,3428.12,857.03,687.11,1272.21,3,1,261,72.3,0.25,0.25,AT_RISK,12.6,TRAIN
cust-04424,m-004,31,3,4485.55,1495.18,732.09,3021.37,2,1,266,117.5,0.0,0.333,NEW,8.71,TRAIN
cust-04425,m-004,55,7,8935.13,1276.45,732.09,1789.15,4,1,320,44.2,0.143,0.143,AT_RISK,29.05,TRAIN
cust-04426,m-004,20,4,5508.42,1377.1,482.75,3021.37,4,1,360,113.3,0.5,0.25,REGULAR,4.16,VALIDATION
cust-04427,m-004,44,5,4491.35,898.27,482.75,1272.21,3,1,295,62.8,0.2,0.2,AT_RISK,11.15,TRAIN
cust-04428,m-004,1,6,8283.62,1380.6,687.11,3021.37,6,1,335,66.8,0.167,0.167,REGULAR,0.22,TRAIN
cust-04429,m-004,23,3,2237.71,745.9,482.75,1272.21,2,1,346,161.5,0.0,0.0,NEW,4.97,TEST
cust-04430,m-004,11,8,13494.22,1686.78,687.11,3021.37,5,1,361,50.0,0.375,0.0,REGULAR,2.28,TRAIN
cust-04431,m-004,18,5,9885.79,1977.16,781.69,3021.37,4,1,287,67.2,0.4,0.6,REGULAR,4.69,TRAIN
cust-04432,m-004,3,8,9045.84,1130.73,687.11,3021.37,4,1,313,44.3,0.25,0.375,REGULAR,0.72,TEST
cust-04433,m-004,4,4,2982.58,745.64,687.11,781.69,3,1,293,96.3,0.5,0.75,REGULAR,1.02,TEST
cust-04434,m-004,141,8,13420.04,1677.5,482.75,3021.37,5,1,333,27.4,0.5,0.375,INACTIVE,100.0,TRAIN
cust-04435,m-004,17,6,8490.88,1415.15,687.11,1789.15,4,1,321,60.8,0.167,0.5,REGULAR,3.96,TRAIN
cust-04436,m-004,13,8,10892.96,1361.62,482.75,3021.37,6,1,292,39.9,0.5,0.375,REGULAR,3.33,TRAIN
cust-04437,m-004,107,2,3504.12,1752.06,482.75,3021.37,2,1,225,118.0,0.0,0.5,INACTIVE,35.51,TEST
cust-04438,m-004,118,3,2046.13,682.04,482.75,781.69,2,1,306,94.0,0.333,0.667,INACTIVE,64.83,VALIDATION
cust-04439,m-004,19,6,8844.3,1474.05,482.75,1789.15,4,1,342,64.6,0.333,0.5,REGULAR,4.15,TEST
cust-04440,m-004,316,2,1264.44,632.22,482.75,781.69,2,1,320,4.0,0.5,0.0,INACTIVE,100.0,TEST
cust-04441,m-004,228,2,1754.96,877.48,482.75,1272.21,2,1,269,41.0,0.5,0.5,INACTIVE,100.0,TRAIN
cust-04442,m-004,123,7,9135.47,1305.07,482.75,1789.15,4,1,357,39.0,0.571,0.143,INACTIVE,100.0,TEST
cust-04443,m-004,95,3,5300.19,1766.73,1721.89,1789.15,2,1,326,115.5,0.667,0.667,INACTIVE,21.79,TRAIN
cust-04444,m-004,37,7,7752.15,1107.45,482.75,1789.15,4,1,296,43.2,0.143,0.286,AT_RISK,9.34,VALIDATION
cust-04445,m-004,82,3,3253.33,1084.44,732.09,1789.15,2,1,325,121.5,0.333,0.0,INACTIVE,18.87,TRAIN
cust-04446,m-004,29,9,9788.39,1087.6,482.75,1789.15,6,1,302,34.1,0.222,0.222,REGULAR,7.18,TRAIN
cust-04447,m-004,72,5,6993.75,1398.75,687.11,3021.37,4,1,287,53.8,0.2,0.0,INACTIVE,46.05,VALIDATION
cust-04448,m-004,102,7,10522.45,1503.21,687.11,3021.37,6,1,347,40.8,0.429,0.143,INACTIVE,100.0,TRAIN
cust-04449,m-004,73,6,4955.54,825.92,482.75,1789.15,5,1,326,50.6,0.5,0.667,INACTIVE,50.34,TRAIN
cust-04450,m-004,233,3,3775.79,1258.6,781.69,1721.89,3,1,315,41.0,0.0,0.333,INACTIVE,100.0,VALIDATION
cust-04451,m-004,131,5,8783.75,1756.75,687.11,3021.37,4,1,271,35.0,1.0,0.4,INACTIVE,100.0,TRAIN
cust-04452,m-004,54,11,15714.27,1428.57,482.75,3021.37,8,1,318,26.4,0.182,0.545,AT_RISK,54.1,VALIDATION
cust-04453,m-004,29,3,2237.71,745.9,482.75,1272.21,2,1,100,35.5,0.333,0.667,NEW,21.53,TRAIN
cust-04454,m-004,45,2,3511.04,1755.52,1721.89,1789.15,2,1,123,78.0,0.5,0.0,NEW,27.22,TRAIN
cust-04455,m-004,71,5,4713.97,942.79,482.75,1789.15,4,1,282,52.8,0.0,0.6,INACTIVE,46.12,VALIDATION
cust-04456,m-004,4,7,8051.99,1150.28,482.75,1789.15,6,1,345,56.8,0.286,0.143,REGULAR,0.87,TRAIN
cust-04457,m-004,33,4,8314.64,2078.66,482.75,3021.37,3,1,299,88.7,0.75,0.25,AT_RISK,8.25,TRAIN
cust-04458,m-004,7,6,8423.62,1403.94,687.11,1789.15,4,1,225,43.6,0.333,0.167,REGULAR,2.32,TEST
cust-04459,m-004,23,7,10320.87,1474.41,687.11,1789.15,4,1,162,23.2,0.286,0.429,REGULAR,10.58,TEST
cust-04460,m-004,14,3,3843.05,1281.02,781.69,1789.15,3,1,363,174.5,0.333,0.333,NEW,2.88,TRAIN
cust-04461,m-004,296,5,8734.15,1746.83,687.11,3021.37,4,1,360,16.0,0.2,0.4,INACTIVE,100.0,TRAIN
cust-04462,m-004,101,7,6317.45,902.49,687.11,1721.89,3,1,315,35.7,0.286,0.0,INACTIVE,100.0,TRAIN
cust-04463,m-004,22,6,11063.42,1843.9,687.11,3021.37,4,1,332,62.0,0.333,0.333,REGULAR,4.95,TRAIN
cust-04464,m-004,83,4,5712.78,1428.2,687.11,3021.37,4,1,194,37.0,0.5,0.25,INACTIVE,100.0,TRAIN
cust-04465,m-004,29,5,5896.95,1179.39,781.69,1789.15,3,1,362,83.2,0.6,0.6,REGULAR,5.99,TRAIN
cust-04466,m-004,168,3,2536.65,845.55,482.75,1272.21,3,1,339,85.5,0.0,0.0,INACTIVE,100.0,TRAIN
cust-04467,m-004,13,6,7829.92,1304.99,482.75,3021.37,5,1,320,61.4,0.333,0.167,REGULAR,3.04,TRAIN
cust-04468,m-004,25,6,7607.74,1267.96,482.75,1721.89,4,1,312,57.4,0.333,0.333,REGULAR,5.99,TRAIN
cust-04469,m-004,45,3,5075.27,1691.76,781.69,3021.37,3,1,238,96.5,0.333,0.667,NEW,14.12,TRAIN
cust-04470,m-004,28,3,4333.57,1444.52,1272.21,1789.15,2,1,140,56.0,0.333,0.333,NEW,14.89,TRAIN
cust-04471,m-004,109,4,4276.2,1069.05,482.75,1789.15,4,1,209,33.3,0.5,0.25,INACTIVE,100.0,TRAIN
cust-04472,m-004,124,7,5424.65,774.95,482.75,1272.21,5,1,343,36.5,0.714,0.429,INACTIVE,100.0,TEST
cust-04473,m-004,10,7,11006.05,1572.29,482.75,3021.37,6,1,311,50.2,0.143,0.429,REGULAR,2.4,TRAIN
cust-04474,m-004,78,7,8441.37,1205.91,781.69,1789.15,3,1,325,41.2,0.286,0.286,INACTIVE,73.14,TRAIN
cust-04475,m-004,40,7,10928.05,1561.15,687.11,3021.37,5,1,354,52.3,0.429,0.429,AT_RISK,8.45,TEST
cust-04476,m-004,120,4,3419.48,854.87,482.75,1721.89,3,1,262,47.3,0.25,0.0,INACTIVE,100.0,TRAIN
cust-04477,m-004,69,8,9420.46,1177.56,687.11,1721.89,5,1,360,41.6,0.375,0.25,INACTIVE,55.44,VALIDATION
cust-04478,m-004,13,6,7698.52,1283.09,687.11,3021.37,5,1,357,68.8,0.0,0.333,REGULAR,2.72,TRAIN
cust-04479,m-004,53,6,6100.1,1016.68,482.75,1789.15,5,1,319,53.2,0.667,0.333,AT_RISK,12.42,TRAIN
cust-04480,m-004,8,7,8350.93,1192.99,732.09,1789.15,5,1,340,55.3,0.571,0.286,REGULAR,1.76,TEST
cust-04481,m-004,14,7,9706.57,1386.65,482.75,3021.37,7,1,280,44.3,0.143,0.286,REGULAR,3.74,TRAIN
cust-04482,m-004,203,4,5042.48,1260.62,732.09,1789.15,2,1,317,38.0,0.25,0.25,INACTIVE,100.0,TRAIN
cust-04483,m-004,20,10,13430.46,1343.05,482.75,3021.37,6,1,350,36.7,0.3,0.5,REGULAR,4.27,VALIDATION
cust-04484,m-004,71,4,7797.7,1949.42,482.75,3021.37,3,1,266,65.0,0.0,0.75,INACTIVE,28.94,TRAIN
cust-04485,m-004,64,7,7734.79,1104.97,732.09,1721.89,3,1,334,45.0,0.571,0.571,INACTIVE,42.83,TRAIN
cust-04486,m-004,24,9,13402.63,1489.18,482.75,3021.37,6,1,341,39.6,0.333,0.444,REGULAR,5.26,VALIDATION
cust-04487,m-004,5,4,8247.38,2061.85,482.75,3021.37,3,1,229,74.7,0.75,0.5,REGULAR,1.63,TRAIN
cust-04488,m-004,142,3,4584.75,1528.25,781.69,3021.37,2,1,343,100.5,0.0,0.667,INACTIVE,93.21,VALIDATION
cust-04489,m-004,355,1,1272.21,1272.21,1272.21,1272.21,1,1,355,355.0,1.0,0.0,INACTIVE,74.79,TRAIN
cust-04490,m-004,96,3,3276.51,1092.17,732.09,1272.21,2,1,342,123.0,0.333,1.0,INACTIVE,20.99,TRAIN
cust-04491,m-004,33,9,13566.15,1507.35,687.11,3021.37,6,1,330,37.1,0.333,0.444,AT_RISK,7.48,TRAIN
cust-04492,m-004,23,5,4115.23,823.05,687.11,1272.21,3,1,335,78.0,0.2,0.2,REGULAR,5.13,VALIDATION
cust-04493,m-004,359,1,1789.15,1789.15,1789.15,1789.15,1,1,359,359.0,0.0,0.0,INACTIVE,74.79,TRAIN
cust-04494,m-004,3,7,10659.71,1522.82,482.75,3021.37,4,1,282,46.5,0.143,0.286,REGULAR,0.8,TRAIN
cust-04495,m-004,69,8,7740.4,967.55,482.75,1721.89,4,1,279,30.0,0.5,0.5,INACTIVE,76.98,TEST
cust-04496,m-004,105,4,4507.88,1126.97,732.09,1721.89,4,1,363,86.0,0.5,0.5,INACTIVE,50.13,TRAIN
cust-04497,m-004,42,6,6730.18,1121.7,482.75,1789.15,5,1,238,39.2,0.167,0.333,AT_RISK,17.38,TRAIN
cust-04498,m-004,31,5,6387.47,1277.49,781.69,1789.15,3,1,349,79.5,0.2,0.4,AT_RISK,6.64,TEST
cust-04499,m-004,14,4,3428.12,857.03,687.11,1272.21,3,1,115,33.7,0.25,0.5,REGULAR,9.05,TEST
cust-04500,m-004,4,5,5998.09,1199.62,482.75,1789.15,5,1,185,45.2,0.4,0.6,REGULAR,1.61,TEST
cust-04501,m-027,33,7,3163.36,451.91,89.22,1356.12,5,1,342,51.5,0.429,0.143,AT_RISK,7.22,TEST
cust-04502,m-032,73,9,11339.13,1259.9,644.7,2083.19,5,1,342,33.6,0.444,0.333,INACTIVE,75.06,TEST
cust-04503,m-013,78,13,9106.64,700.51,271.73,1163.64,4,1,324,20.5,0.308,0.308,INACTIVE,100.0,TEST
cust-04504,m-015,18,10,652.02,65.2,42.0,93.33,8,1,284,29.6,0.3,0.2,REGULAR,4.74,TEST
cust-04505,m-019,132,9,1087.25,120.81,33.58,256.11,6,1,363,28.9,0.222,0.222,INACTIVE,100.0,TRAIN
cust-04506,m-013,72,8,7998.3,999.79,271.73,2532.63,6,1,356,40.6,0.25,0.5,INACTIVE,62.23,TEST
cust-04507,m-018,18,8,1085.74,135.72,36.75,427.26,7,1,358,48.6,0.25,0.5,REGULAR,3.76,TRAIN
cust-04508,m-008,14,8,9918.14,1239.77,266.13,2774.3,6,1,356,48.9,0.0,0.125,REGULAR,2.94,VALIDATION
cust-04509,m-043,67,7,3901.95,557.42,269.88,900.25,4,1,330,43.8,0.143,0.286,INACTIVE,49.98,TRAIN
cust-04511,m-008,23,15,17123.29,1141.55,266.13,1942.06,5,1,347,23.1,0.467,0.4,REGULAR,4.96,TRAIN
cust-04512,m-039,4,9,1351.26,150.14,88.81,263.1,5,1,290,35.8,0.222,0.444,REGULAR,1.03,TRAIN
cust-04513,m-005,47,7,2707.78,386.83,85.02,942.87,6,1,300,42.2,0.571,0.571,AT_RISK,18.91,TRAIN
cust-04514,m-020,97,7,554.82,79.26,33.64,181.83,6,1,348,41.8,0.286,0.429,INACTIVE,100.0,TRAIN
cust-04515,m-017,236,2,340.72,170.36,89.82,250.9,2,1,242,6.0,1.0,0.5,INACTIVE,100.0,TRAIN
cust-04516,m-041,124,6,741.86,123.64,27.29,357.44,5,1,354,46.0,0.667,0.5,INACTIVE,100.0,TRAIN
cust-04517,m-036,7,12,1320.25,110.02,54.69,213.72,9,1,336,29.9,0.083,0.333,REGULAR,1.56,TRAIN
cust-04518,m-036,96,12,1617.39,134.78,28.43,371.58,8,1,361,24.1,0.5,0.417,INACTIVE,100.0,TRAIN
cust-04520,m-046,14,8,2031.93,253.99,111.7,723.13,5,1,322,44.0,0.0,0.25,REGULAR,3.25,TRAIN
cust-04521,m-021,46,7,1719.63,245.66,22.25,576.02,7,1,328,47.0,0.571,0.429,AT_RISK,10.49,TRAIN
cust-04522,m-037,95,8,988.61,123.58,45.38,315.66,6,1,345,35.7,0.875,0.125,INACTIVE,100.0,TRAIN
cust-04523,m-037,111,5,584.66,116.93,33.5,257.7,5,1,317,51.5,0.2,0.2,INACTIVE,100.0,TRAIN
cust-04524,m-020,39,8,779.54,97.44,43.93,182.24,7,1,332,41.9,0.25,0.25,AT_RISK,8.78,TRAIN
cust-04525,m-025,20,11,12226.38,1111.49,391.84,2224.07,8,1,335,31.5,0.182,0.364,REGULAR,4.46,TRAIN
cust-04526,m-016,33,11,3023.75,274.89,75.51,445.18,5,1,345,31.2,0.545,0.364,AT_RISK,9.85,VALIDATION
cust-04527,m-006,73,3,623.49,207.83,207.83,207.83,1,1,361,144.0,0.667,0.0,INACTIVE,15.12,TRAIN
cust-04528,m-027,70,4,1544.5,386.12,32.87,1356.12,3,1,259,63.0,0.25,0.0,INACTIVE,30.69,TRAIN
cust-04529,m-009,72,7,1545.84,220.83,51.51,564.75,4,1,301,38.2,0.429,0.571,INACTIVE,68.58,TRAIN
cust-04530,m-031,20,11,1625.25,147.75,41.64,287.19,8,1,361,34.1,0.273,0.364,REGULAR,4.14,TRAIN
cust-04531,m-019,26,9,650.15,72.24,32.1,156.34,6,1,304,34.8,0.444,0.222,REGULAR,6.39,TRAIN
cust-04532,m-035,74,5,5926.34,1185.27,910.6,1635.59,4,1,294,55.0,0.6,0.0,INACTIVE,47.31,TRAIN
cust-04533,m-014,19,12,14611.6,1217.63,265.14,2109.87,7,1,354,30.5,0.5,0.083,REGULAR,4.01,TEST
cust-04534,m-046,5,4,361.02,90.26,22.76,217.61,4,1,278,91.0,0.5,0.25,REGULAR,1.34,TRAIN
cust-04535,m-039,32,9,1243.47,138.16,88.81,263.1,4,1,336,38.0,0.667,0.556,AT_RISK,7.12,TRAIN
cust-04536,m-038,20,10,1058.03,105.8,42.2,172.06,4,1,350,36.7,0.3,0.5,REGULAR,4.27,TRAIN
cust-04537,m-011,3,13,1317.45,101.34,31.75,250.22,9,1,360,29.8,0.231,0.154,REGULAR,0.62,TRAIN
cust-04538,m-015,32,6,517.02,86.17,51.71,109.29,4,1,309,55.4,0.5,0.333,AT_RISK,7.74,TRAIN
cust-04539,m-023,6,11,5246.41,476.95,55.92,1170.48,7,1,271,26.5,0.455,0.364,REGULAR,1.65,TEST
cust-04540,m-034,63,6,1014.54,169.09,26.72,401.72,6,1,308,49.0,0.167,0.5,INACTIVE,36.29,VALIDATION
cust-04541,m-028,150,6,1549.79,258.3,23.81,1100.73,5,1,271,24.2,0.5,0.5,INACTIVE,100.0,TRAIN
cust-04542,m-011,13,17,1933.26,113.72,38.53,365.62,11,1,362,21.8,0.353,0.294,LOYAL,2.69,TRAIN
cust-04543,m-002,36,10,12699.21,1269.92,237.28,2972.2,5,1,277,26.8,0.6,0.2,AT_RISK,23.51,TRAIN
cust-04544,m-023,47,13,3346.11,257.39,26.95,743.92,10,1,305,21.5,0.462,0.385,AT_RISK,49.77,TRAIN
cust-04545,m-014,7,5,6281.17,1256.23,505.99,2109.87,3,1,293,71.5,0.2,0.8,REGULAR,1.79,TRAIN
cust-04546,m-014,8,8,9134.97,1141.87,482.82,2109.87,6,1,320,44.6,0.75,0.125,REGULAR,1.87,TRAIN
cust-04547,m-035,46,7,8073.48,1153.35,390.48,2412.27,5,1,342,49.3,0.571,0.286,AT_RISK,10.06,TRAIN
cust-04548,m-043,13,12,9290.61,774.22,269.88,2567.7,6,1,362,31.7,0.333,0.667,REGULAR,2.69,TRAIN
cust-04549,m-024,76,5,2330.68,466.14,226.82,714.03,4,1,347,67.8,0.2,0.2,INACTIVE,28.68,VALIDATION
cust-04550,m-004,4,5,6837.15,1367.43,781.69,1789.15,4,1,332,82.0,0.4,0.2,REGULAR,0.9,TRAIN
cust-04551,m-022,68,8,7616.71,952.09,712.53,1444.79,5,1,342,39.1,0.375,0.0,INACTIVE,58.22,TRAIN
cust-04552,m-046,25,9,1498.88,166.54,22.76,345.2,6,1,263,29.8,0.444,0.333,REGULAR,7.1,TEST
cust-04553,m-024,69,3,2573.76,857.92,453.64,1537.04,3,1,212,71.5,0.0,0.667,INACTIVE,24.3,TEST
cust-04554,m-010,23,10,1712.41,171.24,27.0,774.08,7,1,358,37.2,0.2,0.4,REGULAR,4.81,TRAIN
cust-04555,m-015,33,3,394.43,131.48,84.28,218.22,3,1,262,114.5,0.667,0.0,NEW,9.41,TRAIN
cust-04556,m-019,45,7,467.74,66.82,30.62,88.91,6,1,339,49.0,0.143,0.429,AT_RISK,9.93,TEST
cust-04557,m-001,3,6,692.42,115.4,35.57,226.36,5,1,169,33.2,0.167,0.167,REGULAR,1.32,TEST
cust-04558,m-007,41,4,4925.48,1231.37,628.05,2427.55,4,1,347,102.0,0.75,0.5,AT_RISK,8.84,TRAIN
cust-04559,m-028,37,10,2487.01,248.7,57.08,733.23,8,1,355,35.3,0.3,0.4,AT_RISK,10.34,TRAIN
cust-04561,m-006,13,9,1320.11,146.68,85.78,310.45,4,1,320,38.4,0.222,0.333,REGULAR,3.04,VALIDATION
cust-04562,m-005,77,10,2823.9,282.39,42.51,632.0,7,1,321,27.1,0.4,0.1,INACTIVE,92.78,TRAIN
cust-04563,m-008,20,9,9489.25,1054.36,266.13,2774.3,6,1,344,40.5,0.333,0.556,REGULAR,4.35,TRAIN
cust-04564,m-025,3,8,9251.58,1156.45,391.84,2224.07,7,1,362,51.3,0.625,0.25,REGULAR,0.62,TRAIN
cust-04565,m-009,113,8,852.22,106.53,61.55,188.25,5,1,353,34.3,0.125,0.25,INACTIVE,100.0,TEST
cust-04566,m-038,24,6,1281.88,213.65,103.23,365.65,3,1,285,52.2,0.667,0.5,REGULAR,6.29,TRAIN
cust-04567,m-019,159,4,378.61,94.65,56.78,177.82,4,1,359,66.7,0.75,0.25,INACTIVE,100.0,TRAIN
cust-04568,m-006,4,7,630.58,90.08,85.78,112.22,3,1,328,54.0,0.571,0.143,REGULAR,0.91,VALIDATION
cust-04569,m-002,71,7,10834.33,1547.76,237.28,2972.2,6,1,359,48.0,0.286,0.571,INACTIVE,49.29,TRAIN
cust-04570,m-037,20,13,1353.4,104.11,45.38,198.52,8,1,334,26.2,0.308,0.462,REGULAR,4.48,TRAIN
cust-04571,m-028,102,6,3959.19,659.86,23.81,2199.69,4,1,364,52.4,0.667,0.5,INACTIVE,95.36,TRAIN
cust-04572,m-014,27,6,5190.63,865.1,482.82,2109.87,5,1,300,54.6,0.167,0.5,REGULAR,6.73,TRAIN
cust-04573,m-043,21,9,11333.85,1259.32,411.29,2567.7,5,1,330,38.6,0.0,0.333,REGULAR,4.76,TRAIN
cust-04574,m-005,10,10,1780.0,178.0,25.41,342.62,7,1,302,32.4,0.1,0.2,REGULAR,2.48,TRAIN
cust-04576,m-045,93,5,366.29,73.26,67.99,94.33,2,1,208,28.8,0.6,0.6,INACTIVE,100.0,VALIDATION
cust-04577,m-024,73,6,2362.34,393.72,70.64,1428.06,6,1,262,37.8,0.167,0.333,INACTIVE,73.62,TEST
cust-04578,m-015,188,2,508.08,254.04,180.21,327.87,2,1,317,129.0,0.0,0.0,INACTIVE,100.0,TRAIN
cust-04580,m-033,9,10,10467.65,1046.76,348.67,2575.37,8,1,299,32.2,0.4,0.2,REGULAR,2.25,TRAIN
cust-04581,m-019,30,11,1666.91,151.54,30.62,312.68,9,1,337,30.7,0.364,0.182,REGULAR,6.66,TEST
cust-04582,m-001,6,16,1902.16,118.88,35.19,490.48,8,1,305,19.9,0.062,0.25,LOYAL,1.47,TRAIN
cust-04583,m-035,71,7,7888.48,1126.93,390.48,2412.27,5,1,277,34.3,0.429,0.143,INACTIVE,74.2,TRAIN
cust-04584,m-027,2,7,2037.06,291.01,32.87,528.18,4,1,331,54.8,0.286,0.571,REGULAR,0.45,TRAIN
cust-04585,m-029,46,10,1157.45,115.74,44.48,233.69,7,1,343,33.0,0.3,0.3,AT_RISK,29.53,VALIDATION
cust-04586,m-037,5,9,977.62,108.62,44.95,193.36,7,1,210,25.6,0.222,0.111,REGULAR,1.78,TRAIN
cust-04587,m-013,7,17,22155.95,1303.29,271.73,2897.77,7,1,360,22.1,0.176,0.471,LOYAL,1.45,TRAIN
cust-04588,m-023,77,10,3415.98,341.6,55.92,1521.72,8,1,334,28.6,0.4,0.5,INACTIVE,89.84,VALIDATION
cust-04589,m-034,13,16,1688.6,105.54,26.72,280.47,9,1,328,21.0,0.312,0.25,LOYAL,2.96,TRAIN
cust-04590,m-015,64,10,795.38,79.54,42.0,143.49,9,1,309,27.2,0.4,0.3,INACTIVE,70.68,TRAIN
cust-04591,m-036,33,10,980.68,98.07,30.39,268.08,6,1,355,35.8,0.5,0.3,AT_RISK,6.95,TRAIN
cust-04592,m-047,21,9,860.68,95.63,30.31,239.61,6,1,330,38.6,0.333,0.333,REGULAR,4.76,TRAIN
cust-04593,m-005,115,6,952.88,158.81,25.41,314.29,5,1,327,42.4,0.5,0.333,INACTIVE,100.0,TRAIN
cust-04594,m-027,19,10,2815.34,281.53,27.71,678.06,6,1,292,30.3,0.5,0.2,REGULAR,4.86,TRAIN
cust-04595,m-001,6,17,1747.86,102.82,35.19,391.86,11,1,318,19.5,0.294,0.235,LOYAL,1.41,VALIDATION
cust-04596,m-044,134,3,450.45,150.15,52.72,320.33,3,1,349,107.5,0.333,0.0,INACTIVE,68.46,TRAIN
cust-04598,m-037,23,6,1259.18,209.86,31.54,658.8,5,1,307,56.8,0.333,0.333,REGULAR,5.6,VALIDATION
cust-04599,m-026,16,9,955.88,106.21,28.65,181.26,7,1,352,42.0,0.111,0.222,REGULAR,3.4,TRAIN
cust-04600,m-001,79,14,1442.18,103.01,35.19,391.86,9,1,327,19.1,0.357,0.286,INACTIVE,100.0,TRAIN
cust-04601,m-039,8,10,1184.01,118.4,88.81,135.07,4,1,357,38.8,0.6,0.3,REGULAR,1.68,TRAIN
cust-04602,m-046,145,8,3460.4,432.55,172.6,723.13,6,1,353,29.7,0.5,0.25,INACTIVE,100.0,VALIDATION
cust-04603,m-024,7,6,2005.05,334.18,54.88,714.03,6,1,298,58.2,0.167,0.167,REGULAR,1.76,TRAIN
cust-04604,m-007,91,7,10652.1,1521.73,628.05,2427.55,5,1,362,45.2,0.143,0.571,INACTIVE,87.5,TRAIN
cust-04605,m-046,43,6,1388.41,231.4,34.98,695.91,5,1,245,40.4,0.333,0.833,AT_RISK,17.01,VALIDATION
cust-04606,m-033,21,6,5799.18,966.53,348.67,2575.37,5,1,357,67.2,0.167,0.333,REGULAR,4.4,TRAIN
cust-04607,m-005,12,11,3395.99,308.73,42.51,1027.86,7,1,345,33.3,0.182,0.091,REGULAR,2.6,TRAIN
cust-04608,m-026,0,10,1228.48,122.85,28.65,334.44,8,1,334,37.1,0.1,0.4,REGULAR,0.0,TRAIN
cust-04609,m-013,82,8,8287.68,1035.96,271.73,2897.77,6,1,302,31.4,0.375,0.25,INACTIVE,96.2,TRAIN
cust-04610,m-014,80,2,1295.49,647.74,482.82,812.67,2,1,83,3.0,0.0,0.5,INACTIVE,100.0,TRAIN
cust-04611,m-013,9,10,15321.29,1532.13,861.11,2897.77,5,1,355,38.4,0.1,0.5,REGULAR,1.9,TRAIN
cust-04612,m-021,77,5,3335.26,667.05,117.14,2304.08,5,1,331,63.5,0.2,0.2,INACTIVE,37.64,VALIDATION
cust-04613,m-017,1,3,247.0,82.33,59.88,125.45,3,1,184,91.5,0.0,0.333,NEW,0.41,TRAIN
cust-04614,m-007,0,9,8347.96,927.55,206.76,2427.55,5,1,355,44.4,0.222,0.333,REGULAR,0.0,TRAIN
cust-04615,m-045,13,9,920.34,102.26,43.04,236.76,8,1,320,38.4,0.444,0.111,REGULAR,3.04,TRAIN
cust-04616,m-028,54,10,5153.55,515.36,57.08,2199.69,8,1,333,31.0,0.3,0.5,AT_RISK,46.63,TRAIN
cust-04617,m-025,84,6,8945.81,1490.97,685.18,2224.07,4,1,244,32.0,0.167,0.5,INACTIVE,100.0,TRAIN
cust-04618,m-027,40,7,3385.93,483.7,27.71,2034.18,6,1,302,43.7,0.571,0.429,AT_RISK,9.9,VALIDATION
cust-04619,m-035,13,9,9753.67,1083.74,662.22,2412.27,5,1,305,36.5,0.444,0.667,REGULAR,3.19,TRAIN
cust-04620,m-038,5,8,1514.66,189.33,103.23,365.65,4,1,337,47.4,0.25,0.25,REGULAR,1.11,TRAIN
cust-04621,m-016,20,10,2709.99,271.0,75.51,445.18,5,1,352,36.9,0.5,0.2,REGULAR,4.25,TRAIN
cust-04622,m-011,6,6,999.49,166.58,42.92,349.98,6,1,305,59.8,0.333,0.333,REGULAR,1.47,TRAIN
cust-04623,m-030,36,8,582.34,72.79,27.38,178.95,4,1,335,42.7,0.25,0.125,AT_RISK,8.04,TRAIN
cust-04624,m-018,162,7,884.09,126.3,45.57,254.24,7,1,307,24.2,0.286,0.571,INACTIVE,100.0,TEST
cust-04626,m-030,63,12,2559.82,213.32,27.38,511.8,8,1,351,26.2,0.25,0.333,INACTIVE,68.62,TEST
cust-04627,m-042,44,10,916.82,91.68,30.27,229.86,9,1,359,35.0,0.2,0.3,AT_RISK,22.67,TRAIN
cust-04628,m-046,24,12,5152.78,429.4,22.76,2169.39,8,1,347,29.4,0.5,0.333,REGULAR,5.17,TRAIN
cust-04629,m-028,7,13,5285.85,406.6,57.08,1466.46,8,1,362,29.6,0.231,0.538,REGULAR,1.45,TRAIN
cust-04630,m-035,84,10,12577.79,1257.78,662.22,2412.27,6,1,350,29.6,0.3,0.5,INACTIVE,99.55,VALIDATION
cust-04631,m-036,47,7,966.5,138.07,30.39,371.58,6,1,346,49.8,0.286,0.429,AT_RISK,10.16,TRAIN
cust-04633,m-009,20,9,1576.56,175.17,51.51,418.52,9,1,331,38.9,0.222,0.444,REGULAR,4.52,TRAIN
cust-04634,m-004,74,4,7264.5,1816.12,732.09,3021.37,4,1,233,53.0,0.5,0.25,INACTIVE,55.22,TRAIN
cust-04635,m-046,93,11,6186.66,562.42,22.76,2169.39,8,1,358,26.5,0.364,0.273,INACTIVE,100.0,TRAIN
cust-04636,m-014,61,6,6368.34,1061.39,482.82,1579.66,5,1,311,50.0,0.167,0.167,INACTIVE,31.16,TEST
cust-04637,m-007,6,12,12698.32,1058.19,486.95,2427.55,6,1,341,30.5,0.5,0.25,REGULAR,1.32,TRAIN
cust-04638,m-041,33,6,1597.83,266.3,129.78,610.34,5,1,311,55.6,0.5,0.667,AT_RISK,7.93,TRAIN
cust-04640,m-039,106,8,2918.72,364.84,88.81,2220.25,3,1,308,28.9,0.5,0.375,INACTIVE,100.0,VALIDATION
cust-04641,m-019,180,4,601.43,150.36,83.25,347.44,3,1,263,27.7,0.75,0.25,INACTIVE,100.0,TRAIN
cust-04642,m-019,34,10,1724.24,172.42,32.1,625.36,6,1,322,32.0,0.3,0.3,AT_RISK,10.89,TRAIN
cust-04643,m-013,18,8,11596.14,1449.52,861.11,2897.77,4,1,298,40.0,0.5,0.25,REGULAR,4.52,VALIDATION
cust-04644,m-016,75,9,1776.81,197.42,75.51,445.18,4,1,305,28.8,0.444,0.222,INACTIVE,87.68,TRAIN
cust-04645,m-019,66,9,1147.46,127.5,32.1,256.11,8,1,340,34.2,0.222,0.333,INACTIVE,62.22,TRAIN
cust-04646,m-032,28,8,10121.86,1265.23,644.7,2083.19,6,1,341,44.7,0.25,0.125,REGULAR,6.14,TRAIN
cust-04647,m-045,13,8,1353.06,169.13,36.65,377.32,7,1,355,48.9,0.375,0.125,REGULAR,2.74,TRAIN
cust-04648,m-002,6,8,5929.13,741.14,237.28,1485.43,5,1,314,44.0,0.25,0.375,REGULAR,1.43,TEST
cust-04649,m-046,56,4,944.16,236.04,22.76,445.43,4,1,362,102.0,0.75,0.25,AT_RISK,11.57,TRAIN
cust-04650,m-036,0,12,2350.07,195.84,71.24,450.72,7,1,342,31.1,0.5,0.333,REGULAR,0.0,TRAIN
cust-04651,m-014,6,8,9493.52,1186.69,482.82,2109.87,5,1,362,50.9,0.25,0.125,REGULAR,1.24,TRAIN
cust-04652,m-037,172,5,423.6,84.72,31.54,128.85,4,1,304,33.0,0.4,0.2,INACTIVE,100.0,TEST
cust-04653,m-046,19,8,3173.05,396.63,34.98,1446.26,6,1,328,44.1,0.25,0.125,REGULAR,4.33,TEST
cust-04654,m-002,10,10,11942.21,1194.22,377.97,2972.2,5,1,354,38.2,0.3,0.2,REGULAR,2.11,TRAIN
cust-04655,m-024,43,9,2822.15,313.57,54.88,520.23,7,1,355,39.0,0.556,0.333,AT_RISK,15.06,TRAIN
cust-04656,m-017,70,5,4443.4,888.68,123.34,2252.88,3,1,337,66.8,0.2,0.4,INACTIVE,20.33,TRAIN
cust-04657,m-001,33,15,1497.43,99.83,35.19,367.86,10,1,363,23.6,0.4,0.333,AT_RISK,20.9,TRAIN
cust-04658,m-043,20,5,2899.56,579.91,269.88,900.25,4,1,317,74.2,0.0,0.4,REGULAR,4.72,TEST
cust-04659,m-038,6,11,1683.77,153.07,42.2,365.65,4,1,364,35.8,0.182,0.545,REGULAR,1.23,VALIDATION
cust-04660,m-032,11,10,10981.27,1098.13,333.71,2083.19,5,1,328,35.2,0.4,0.5,REGULAR,2.51,VALIDATION
cust-04661,m-021,33,7,1208.09,172.58,39.92,322.11,5,1,334,50.2,0.286,0.143,AT_RISK,7.39,TRAIN
cust-04662,m-006,230,6,769.47,128.24,85.78,310.45,4,1,347,23.4,0.333,0.333,INACTIVE,100.0,TRAIN
cust-04663,m-039,14,12,1374.94,114.58,88.81,263.1,5,1,347,30.3,0.417,0.417,REGULAR,3.02,TRAIN
cust-04664,m-047,45,10,804.66,80.47,30.31,146.88,7,1,340,32.8,0.3,0.5,AT_RISK,28.2,VALIDATION
cust-04665,m-042,47,12,1156.86,96.4,30.27,302.34,9,1,360,28.5,0.25,0.167,AT_RISK,37.51,TRAIN
cust-04666,m-039,125,4,422.93,105.73,91.89,135.07,3,1,355,76.7,0.25,0.75,INACTIVE,98.78,TRAIN
cust-04667,m-017,3,5,624.52,124.9,59.88,188.76,4,1,275,68.0,0.0,0.6,REGULAR,0.82,TRAIN
cust-04669,m-006,70,9,1493.74,165.97,85.78,310.45,5,1,350,35.0,0.556,0.222,INACTIVE,67.46,TRAIN
cust-04671,m-001,46,14,1945.89,138.99,61.38,339.54,8,1,363,24.4,0.214,0.429,AT_RISK,41.88,TRAIN
cust-04672,m-044,25,11,3143.91,285.81,26.36,1190.6,8,1,356,33.1,0.364,0.455,REGULAR,5.25,TRAIN
cust-04673,m-032,96,8,9924.62,1240.58,831.37,1743.56,5,1,260,23.4,0.25,0.375,INACTIVE,100.0,TRAIN
cust-04674,m-007,30,7,9428.67,1346.95,206.76,2427.55,5,1,250,36.7,0.429,0.571,REGULAR,8.96,TRAIN
cust-04675,m-015,102,6,688.35,114.72,38.47,327.33,4,1,292,38.0,0.667,0.167,INACTIVE,100.0,TRAIN
cust-04676,m-007,91,3,5099.57,1699.86,1314.17,2427.55,3,1,293,101.0,0.0,0.667,INACTIVE,23.21,TEST
cust-04677,m-032,17,10,13009.88,1300.99,644.7,2083.19,6,1,349,36.9,0.1,0.3,REGULAR,3.64,TRAIN
cust-04678,m-014,9,7,6354.04,907.72,505.99,2109.87,4,1,323,52.3,0.429,0.286,REGULAR,2.08,TRAIN
cust-04679,m-006,4,16,2678.12,167.38,85.78,310.45,5,1,338,22.3,0.375,0.25,LOYAL,0.88,TRAIN
cust-04680,m-038,42,4,640.63,160.16,42.2,365.65,4,1,360,106.0,0.25,0.25,AT_RISK,8.73,TEST
cust-04681,m-045,103,7,475.59,67.94,43.04,119.13,5,1,294,31.8,0.143,0.429,INACTIVE,100.0,TRAIN
cust-04682,m-026,20,8,1201.18,150.15,40.34,359.52,6,1,341,45.9,0.375,0.5,REGULAR,4.39,TRAIN
cust-04683,m-046,10,9,2885.55,320.62,22.76,690.4,7,1,318,38.5,0.333,0.111,REGULAR,2.35,TRAIN
cust-04684,m-016,46,4,1251.75,312.94,171.95,445.18,3,1,330,94.7,0.5,0.0,AT_RISK,10.42,VALIDATION
cust-04685,m-040,49,7,2015.9,287.99,32.37,1606.84,3,1,349,50.0,0.143,0.286,AT_RISK,10.5,TRAIN
cust-04686,m-032,1,7,7554.89,1079.27,831.37,2083.19,4,1,356,59.2,0.286,0.286,REGULAR,0.21,TRAIN
cust-04689,m-038,65,5,1032.6,206.52,42.2,365.65,3,1,339,68.5,0.2,0.4,INACTIVE,14.34,TRAIN
cust-04690,m-023,32,13,4306.46,331.27,34.83,1243.4,9,1,324,24.3,0.308,0.154,AT_RISK,18.93,TEST
cust-04691,m-034,89,6,555.3,92.55,32.97,189.45,6,1,265,35.2,0.333,0.167,INACTIVE,100.0,TRAIN
cust-04692,m-039,30,16,2302.84,143.93,88.81,263.1,5,1,328,19.9,0.312,0.312,REGULAR,21.99,TRAIN
cust-04693,m-029,11,12,3022.72,251.89,110.11,469.6,8,1,354,31.2,0.417,0.417,REGULAR,2.32,TEST
cust-04694,m-002,14,8,10292.02,1286.5,237.28,2972.2,5,1,230,30.9,0.375,0.125,REGULAR,4.55,TRAIN
cust-04695,m-010,45,9,1536.36,170.71,27.0,580.56,6,1,360,39.4,0.111,0.556,AT_RISK,17.75,TEST
cust-04696,m-041,22,8,2113.23,264.15,27.29,433.1,6,1,334,44.6,0.5,0.125,REGULAR,4.93,VALIDATION
cust-04697,m-043,59,7,5938.11,848.3,336.04,2567.7,4,1,241,30.3,0.286,0.143,AT_RISK,61.34,TRAIN
cust-04698,m-013,45,8,79092.55,9886.57,271.73,73446.27,7,1,262,31.0,0.375,0.125,AT_RISK,33.83,TRAIN
cust-04699,m-025,20,9,9073.81,1008.2,391.84,2224.07,5,1,332,39.0,0.111,0.333,REGULAR,4.5,TRAIN
cust-04700,m-009,19,7,626.15,89.45,39.11,138.13,6,1,302,47.2,0.429,0.286,REGULAR,4.7,TRAIN
cust-04701,m-037,18,14,1349.82,96.42,33.5,283.5,8,1,357,26.1,0.429,0.429,REGULAR,3.77,TRAIN
cust-04702,m-045,29,6,416.04,69.34,36.65,162.87,4,1,266,47.4,0.167,0.0,REGULAR,8.15,TRAIN
cust-04703,m-026,33,6,688.06,114.68,48.83,231.66,5,1,314,56.2,0.167,0.167,AT_RISK,7.86,VALIDATION
cust-04704,m-004,82,3,2046.13,682.04,482.75,781.69,2,1,309,113.5,0.333,0.333,INACTIVE,19.84,TRAIN
cust-04705,m-024,20,8,1547.16,193.4,54.88,657.45,8,1,275,36.4,0.25,0.5,REGULAR,5.43,TRAIN
cust-04706,m-028,61,10,2458.03,245.8,57.08,510.12,6,1,330,29.9,0.5,0.2,INACTIVE,60.47,TRAIN
cust-04707,m-043,39,11,10136.16,921.47,269.88,2567.7,7,1,335,29.6,0.364,0.364,AT_RISK,22.81,TRAIN
cust-04708,m-023,29,6,1602.21,267.04,26.95,506.94,6,1,323,58.8,0.0,0.333,REGULAR,6.71,VALIDATION
cust-04709,m-028,0,11,2694.15,244.92,23.81,510.12,10,1,276,27.6,0.182,0.273,REGULAR,0.0,TRAIN
cust-04710,m-043,130,10,8632.84,863.28,336.04,2567.7,6,1,323,21.4,0.4,0.2,INACTIVE,100.0,TRAIN
cust-04711,m-039,13,9,1402.04,155.78,88.81,263.1,5,1,362,43.6,0.556,0.222,REGULAR,2.69,TRAIN
cust-04712,m-043,121,6,7734.65,1289.11,269.88,2567.7,5,1,362,48.2,0.333,0.833,INACTIVE,100.0,TRAIN
cust-04713,m-022,35,8,8668.75,1083.59,695.1,1444.79,5,1,303,38.3,0.125,0.375,AT_RISK,8.63,TRAIN
cust-04714,m-024,16,8,3897.69,487.21,23.95,1428.06,5,1,343,46.7,0.375,0.25,REGULAR,3.49,TRAIN
cust-04715,m-011,4,12,2250.36,187.53,54.54,731.24,5,1,312,28.0,0.417,0.25,REGULAR,0.96,TRAIN
cust-04717,m-032,0,7,8400.29,1200.04,333.71,2083.19,5,1,277,46.2,0.286,0.286,REGULAR,0.0,TRAIN
cust-04718,m-041,5,9,2215.14,246.13,27.29,714.88,5,1,340,41.9,0.333,0.222,REGULAR,1.1,VALIDATION
cust-04719,m-022,31,7,13295.88,1899.41,410.45,4174.73,5,1,356,54.2,0.143,0.143,AT_RISK,6.51,TRAIN
cust-04720,m-045,5,7,787.43,112.49,39.71,262.2,6,1,351,57.7,0.286,0.286,REGULAR,1.07,TRAIN
cust-04721,m-007,1,10,8991.96,899.2,486.95,1357.85,5,1,294,32.6,0.5,0.2,REGULAR,0.25,TRAIN
cust-04722,m-039,11,13,1840.24,141.56,88.81,263.1,5,1,363,29.3,0.231,0.385,REGULAR,2.27,TRAIN
cust-04724,m-043,29,4,6305.53,1576.38,269.88,2567.7,3,1,221,64.0,0.25,0.25,REGULAR,9.8,TRAIN
cust-04725,m-012,129,5,1229.24,245.85,160.3,480.9,3,1,363,58.5,0.4,0.0,INACTIVE,100.0,VALIDATION
cust-04726,m-043,74,6,3452.26,575.38,411.29,900.25,3,1,330,51.2,0.333,0.333,INACTIVE,50.97,TRAIN
cust-04727,m-015,59,6,1304.05,217.34,91.93,436.44,5,1,234,35.0,0.0,0.667,AT_RISK,54.83,TRAIN
cust-04728,m-006,8,6,795.91,132.65,85.78,310.45,4,1,360,70.4,0.333,0.0,REGULAR,1.66,TRAIN
cust-04729,m-006,82,12,3702.84,308.57,85.78,1929.4,5,1,309,20.6,0.417,0.25,INACTIVE,100.0,TRAIN
cust-04730,m-020,12,8,571.14,71.39,33.64,245.7,6,1,299,41.0,0.5,0.25,REGULAR,3.0,TRAIN
cust-04731,m-003,1,5,3143.24,628.65,97.44,1910.85,3,1,291,72.5,0.4,0.4,REGULAR,0.26,TRAIN
cust-04732,m-030,34,7,2869.49,409.93,43.79,1535.4,5,1,314,46.7,0.143,0.286,AT_RISK,8.1,TRAIN
cust-04733,m-006,75,6,990.46,165.08,85.78,310.45,3,1,303,45.6,0.333,0.5,INACTIVE,62.6,TRAIN
cust-04734,m-047,12,8,766.09,95.76,31.12,224.46,5,1,364,50.3,0.375,0.25,REGULAR,2.47,TRAIN
cust-04735,m-033,26,7,4952.92,707.56,348.67,835.87,5,1,299,45.5,0.714,0.143,REGULAR,6.5,VALIDATION
cust-04736,m-011,20,10,865.03,86.5,31.75,233.32,8,1,347,36.3,0.5,0.2,REGULAR,4.31,TRAIN
cust-04737,m-006,21,9,1697.14,188.57,85.78,310.45,3,1,328,38.4,0.556,0.444,REGULAR,4.79,TRAIN
cust-04738,m-022,33,6,8584.38,1430.73,881.93,4174.73,2,1,252,43.8,0.167,0.167,AT_RISK,9.78,TRAIN
cust-04739,m-003,212,4,1133.92,283.48,93.99,660.98,4,1,252,13.3,0.5,0.0,INACTIVE,100.0,TRAIN
cust-04740,m-044,26,8,928.78,116.1,26.36,273.59,5,1,340,44.9,0.5,0.375,REGULAR,5.72,TRAIN
cust-04741,m-015,120,11,2374.81,215.89,50.76,761.72,7,1,347,22.7,0.273,0.455,INACTIVE,100.0,TEST
cust-04742,m-006,175,10,1609.64,160.96,85.78,310.45,5,1,363,20.9,0.4,0.2,INACTIVE,100.0,TRAIN
cust-04743,m-039,0,6,902.87,150.48,88.81,263.1,4,1,319,63.8,0.333,0.667,REGULAR,0.0,TRAIN
cust-04744,m-012,73,3,681.11,227.04,118.06,398.61,3,1,303,115.0,0.333,0.333,INACTIVE,18.01,TRAIN
cust-04746,m-005,103,6,746.44,124.41,25.41,247.41,4,1,314,42.2,0.333,0.167,INACTIVE,100.0,TRAIN
cust-04747,m-019,6,10,1826.18,182.62,30.62,625.36,7,1,352,38.4,0.1,0.2,REGULAR,1.27,VALIDATION
cust-04748,m-020,9,7,1014.14,144.88,33.64,403.44,6,1,307,49.7,0.143,0.429,REGULAR,2.19,VALIDATION
cust-04749,m-044,8,15,3019.32,201.29,26.36,595.3,10,1,324,22.6,0.267,0.333,LOYAL,1.85,TRAIN
cust-04750,m-044,4,6,978.65,163.11,26.36,500.7,5,1,279,55.0,0.333,0.833,REGULAR,1.07,TRAIN
cust-04751,m-038,68,5,1136.14,227.23,103.23,365.65,4,1,349,70.2,0.2,0.2,INACTIVE,14.57,TRAIN
cust-04752,m-005,9,8,2132.6,266.58,25.41,632.0,7,1,266,36.7,0.25,0.0,REGULAR,2.53,TEST
cust-04753,m-010,12,8,820.57,102.57,31.82,250.64,7,1,271,37.0,0.625,0.375,REGULAR,3.31,TRAIN
cust-04754,m-040,19,8,2693.12,336.64,51.55,681.75,6,1,308,41.3,0.5,0.125,REGULAR,4.61,TRAIN
cust-04755,m-037,25,10,1313.59,131.36,31.54,515.4,8,1,364,37.7,0.7,0.4,REGULAR,5.14,VALIDATION
cust-04757,m-033,7,15,20554.09,1370.27,539.82,2575.37,7,1,362,25.4,0.2,0.467,LOYAL,1.45,VALIDATION
cust-04758,m-039,18,7,835.74,119.39,88.81,263.1,4,1,357,56.5,0.286,0.429,REGULAR,3.77,TRAIN
cust-04759,m-018,266,3,343.15,114.38,36.32,254.24,3,1,355,44.5,0.333,0.333,INACTIVE,100.0,TEST
cust-04760,m-025,82,3,3734.58,1244.86,685.18,2088.28,3,1,301,109.5,0.667,0.0,INACTIVE,20.36,TEST
cust-04761,m-014,1,12,12914.36,1076.2,265.14,2109.87,6,1,301,27.3,0.0,0.25,REGULAR,0.25,TEST
cust-04762,m-033,52,8,14981.2,1872.65,794.69,2575.37,5,1,343,41.6,0.25,0.125,AT_RISK,26.94,TRAIN
cust-04764,m-044,60,7,1531.93,218.85,38.7,595.3,6,1,263,33.8,0.429,0.0,AT_RISK,56.35,TRAIN
cust-04765,m-046,2,10,3643.76,364.38,34.98,723.13,6,1,287,31.7,0.2,0.5,REGULAR,0.52,TRAIN
cust-04766,m-003,38,6,3229.21,538.2,166.0,818.58,4,1,359,64.2,0.333,0.333,AT_RISK,7.92,TRAIN
cust-04767,m-012,5,8,2422.22,302.78,82.22,641.2,5,1,322,45.3,0.75,0.5,REGULAR,1.16,TRAIN
cust-04768,m-018,40,4,639.05,159.76,46.73,381.36,4,1,331,97.0,0.5,0.0,AT_RISK,9.04,TRAIN
cust-04769,m-001,112,15,1713.78,114.25,35.19,391.86,6,1,350,17.0,0.533,0.2,INACTIVE,100.0,TRAIN
cust-04770,m-012,49,5,1489.18,297.84,113.76,797.22,4,1,331,70.5,0.0,0.2,AT_RISK,11.07,TRAIN
cust-04771,m-025,131,5,6362.09,1272.42,391.84,2224.07,5,1,348,54.2,0.6,0.4,INACTIVE,100.0,TRAIN
cust-04772,m-016,19,4,1193.29,298.32,113.49,445.18,3,1,355,112.0,0.75,0.5,REGULAR,4.0,TRAIN
cust-04774,m-020,35,4,569.1,142.28,38.28,348.81,4,1,306,90.3,0.25,0.25,AT_RISK,8.55,TEST
cust-04775,m-002,33,7,13593.36,1941.91,426.03,2972.2,5,1,210,29.5,0.429,0.286,AT_RISK,16.98,TRAIN
cust-04776,m-031,21,13,1663.88,127.99,41.16,332.43,8,1,318,24.8,0.462,0.385,REGULAR,4.94,TRAIN
cust-04777,m-024,27,12,2147.36,178.95,23.95,714.03,9,1,359,30.2,0.25,0.417,REGULAR,5.62,TRAIN
cust-04778,m-012,45,6,3187.58,531.26,160.3,1594.44,4,1,315,54.0,0.167,0.167,AT_RISK,10.68,TEST
cust-04780,m-017,39,10,3462.16,346.22,29.94,1126.44,7,1,346,34.1,0.4,0.2,AT_RISK,15.78,TRAIN
cust-04781,m-023,16,11,3923.39,356.67,26.95,1755.72,9,1,331,31.5,0.364,0.273,REGULAR,3.61,TRAIN
cust-04782,m-028,28,12,6673.88,556.16,31.9,2199.69,8,1,352,29.5,0.167,0.333,REGULAR,5.95,TRAIN
cust-04784,m-038,103,4,770.49,192.62,103.23,365.65,4,1,336,77.7,0.5,0.5,INACTIVE,60.87,TRAIN
cust-04785,m-035,2,10,13094.1,1309.41,662.22,2412.27,4,1,330,36.4,0.1,0.2,REGULAR,0.45,TEST
cust-04786,m-007,7,9,7973.93,885.99,206.76,2427.55,7,1,352,43.1,0.444,0.667,REGULAR,1.49,VALIDATION
cust-04787,m-011,34,9,726.44,80.72,38.53,159.42,6,1,330,37.0,0.222,0.333,AT_RISK,7.7,TRAIN
cust-04788,m-020,12,11,1327.78,120.71,38.28,363.66,8,1,355,34.3,0.818,0.455,REGULAR,2.53,VALIDATION
cust-04789,m-047,95,9,1082.74,120.3,36.72,400.89,7,1,326,28.9,0.444,0.333,INACTIVE,100.0,TRAIN
cust-04791,m-012,34,7,1059.68,151.38,82.22,175.96,3,1,339,50.8,0.143,0.143,AT_RISK,7.5,TRAIN
cust-04793,m-025,78,5,4898.87,979.77,391.84,2224.07,4,1,253,43.8,0.0,0.2,INACTIVE,74.33,TRAIN
cust-04794,m-031,19,13,1034.24,79.56,30.71,249.64,7,1,355,28.0,0.462,0.538,REGULAR,4.0,TRAIN
cust-04795,m-002,58,4,3330.25,832.56,401.92,1485.43,3,1,318,86.7,0.25,0.25,AT_RISK,13.64,TRAIN
cust-04796,m-015,73,9,899.16,99.91,51.71,186.66,9,1,344,33.9,0.444,0.556,INACTIVE,74.52,TRAIN
cust-04798,m-004,11,3,3186.07,1062.02,732.09,1721.89,2,1,349,169.0,0.667,0.0,NEW,2.36,TRAIN
cust-04799,m-017,41,7,2748.78,392.68,29.94,1360.04,5,1,235,32.3,0.286,0.0,AT_RISK,26.08,VALIDATION
cust-04800,m-035,99,5,6279.27,1255.85,662.22,2412.27,4,1,327,57.0,0.4,0.6,INACTIVE,85.64,TRAIN
cust-04801,m-008,3,14,16289.75,1163.55,266.13,2774.3,8,1,331,25.2,0.286,0.286,REGULAR,0.68,TRAIN
cust-04802,m-045,115,3,535.13,178.38,49.55,349.6,3,1,332,108.5,0.0,0.667,INACTIVE,35.65,TRAIN
cust-04803,m-029,77,8,2054.23,256.78,44.48,467.38,6,1,354,39.6,0.25,0.25,INACTIVE,72.37,TRAIN
cust-04804,m-031,39,4,319.74,79.94,41.64,191.46,3,1,327,96.0,0.75,0.25,AT_RISK,8.92,TRAIN
cust-04805,m-021,116,13,4581.29,352.41,55.33,2304.08,9,1,346,19.2,0.538,0.385,INACTIVE,100.0,TRAIN
cust-04806,m-035,73,6,9076.31,1512.72,390.48,2412.27,5,1,321,49.6,0.167,0.333,INACTIVE,52.1,TRAIN
cust-04807,m-040,46,9,1941.27,215.7,32.37,574.12,5,1,358,39.0,0.333,0.444,AT_RISK,20.11,TRAIN
cust-04808,m-014,34,4,6583.37,1645.84,1446.92,2109.87,3,1,312,92.7,0.25,0.25,AT_RISK,8.15,TEST
cust-04809,m-027,2,12,4411.38,367.62,27.71,1666.28,7,1,293,26.5,0.417,0.5,REGULAR,0.51,TRAIN
cust-04810,m-029,73,5,2014.78,402.96,24.87,934.76,5,1,353,70.0,0.6,0.4,INACTIVE,19.97,TRAIN
cust-04811,m-020,72,8,950.59,118.82,33.64,428.28,7,1,357,40.7,0.25,0.5,INACTIVE,62.03,TEST
cust-04812,m-006,70,6,865.08,144.18,85.78,310.45,4,1,355,57.0,0.333,0.167,INACTIVE,34.25,TRAIN
cust-04813,m-004,104,4,2728.62,682.16,482.75,781.69,3,1,283,59.7,0.0,0.25,INACTIVE,93.91,TRAIN
cust-04814,m-001,53,10,1779.32,177.93,47.84,490.48,8,1,303,27.8,0.3,0.3,AT_RISK,50.88,VALIDATION
cust-04815,m-045,66,10,1491.27,149.13,47.54,262.2,8,1,363,33.0,0.4,0.4,INACTIVE,63.1,TEST
cust-04816,m-008,6,13,20595.39,1584.26,567.43,2774.3,6,1,356,29.2,0.308,0.308,REGULAR,1.26,TRAIN
cust-04817,m-038,0,15,2411.75,160.78,42.2,365.65,5,1,330,23.6,0.267,0.6,LOYAL,0.0,TRAIN
cust-04818,m-044,82,6,570.46,95.08,38.7,273.59,4,1,296,42.8,0.167,0.167,INACTIVE,79.51,TRAIN
cust-04819,m-033,2,9,9344.31,1038.26,348.67,2364.31,5,1,337,41.9,0.333,0.111,REGULAR,0.44,TEST
cust-04820,m-036,3,14,1962.42,140.17,30.39,557.37,8,1,355,27.1,0.429,0.214,REGULAR,0.63,TRAIN
cust-04821,m-010,21,7,912.66,130.38,62.66,250.64,5,1,313,48.7,0.143,0.143,REGULAR,5.02,VALIDATION
cust-04822,m-005,59,3,636.1,212.03,107.27,314.29,2,1,364,152.5,0.0,0.667,INACTIVE,12.12,TRAIN
cust-04823,m-041,3,6,1544.47,257.41,54.85,543.23,5,1,188,37.0,0.333,0.167,REGULAR,1.19,TRAIN
cust-04824,m-012,1,13,4665.76,358.9,82.22,1594.44,6,1,322,26.8,0.154,0.077,REGULAR,0.23,TRAIN
cust-04825,m-015,16,8,746.74,93.34,60.07,186.12,6,1,324,44.0,0.0,0.625,REGULAR,3.69,TRAIN
cust-04826,m-047,72,6,868.04,144.67,36.72,400.89,5,1,331,51.8,0.333,0.333,INACTIVE,46.57,TEST
cust-04827,m-014,21,11,11009.24,1000.84,265.14,2109.87,8,1,335,31.4,0.182,0.273,REGULAR,4.69,TRAIN
cust-04828,m-034,29,10,861.4,86.14,32.97,192.36,7,1,354,36.1,0.3,0.2,REGULAR,6.13,TRAIN
cust-04829,m-045,10,12,1497.23,124.77,36.65,262.2,7,1,345,30.5,0.417,0.5,REGULAR,2.17,VALIDATION
cust-04830,m-041,79,6,2152.19,358.7,30.43,714.88,4,1,353,54.8,0.0,0.167,INACTIVE,53.04,TEST
cust-04831,m-045,14,8,1089.17,136.15,43.04,233.62,8,1,312,42.6,0.25,0.25,REGULAR,3.35,TRAIN
cust-04832,m-026,5,4,504.19,126.05,28.65,334.44,3,1,270,88.3,0.5,0.0,REGULAR,1.38,TRAIN
cust-04833,m-013,40,11,13546.43,1231.49,271.73,2897.77,6,1,317,27.7,0.364,0.273,AT_RISK,27.88,TRAIN
cust-04834,m-031,4,6,688.34,114.72,30.71,175.65,5,1,251,49.4,0.667,0.167,REGULAR,1.19,TRAIN
cust-04835,m-009,20,13,1771.67,136.28,52.72,364.56,7,1,337,26.4,0.385,0.462,REGULAR,4.44,TEST
cust-04836,m-040,6,8,3582.16,447.77,32.37,1148.24,5,1,172,23.7,0.5,0.25,REGULAR,2.6,TEST
cust-04837,m-047,8,8,687.88,85.98,69.1,133.63,5,1,266,36.9,0.125,0.5,REGULAR,2.25,TEST
cust-04838,m-007,85,7,10000.35,1428.62,628.05,2427.55,3,1,357,45.3,0.143,0.0,INACTIVE,77.36,TRAIN
cust-04839,m-018,6,11,1073.98,97.63,36.32,284.84,8,1,364,35.8,0.364,0.364,REGULAR,1.23,TRAIN
cust-04841,m-023,41,11,31927.95,2902.54,26.95,28676.76,8,1,355,31.4,0.182,0.182,AT_RISK,23.04,TEST
cust-04842,m-027,62,9,2871.74,319.08,32.87,1356.12,9,1,361,37.4,0.222,0.444,INACTIVE,49.75,TRAIN
cust-04843,m-032,18,7,7372.08,1053.15,333.71,2083.19,6,1,321,50.5,0.429,0.143,REGULAR,4.19,TEST
cust-04844,m-030,36,5,1127.87,225.57,48.83,536.85,4,1,331,73.8,0.0,0.4,AT_RISK,8.13,TRAIN
cust-04845,m-044,5,8,2444.26,305.53,26.36,1785.9,5,1,291,40.9,0.75,0.375,REGULAR,1.28,TRAIN
cust-04846,m-043,60,5,3581.35,716.27,269.88,1103.72,4,1,236,44.0,0.6,0.2,AT_RISK,42.99,TRAIN
cust-04847,m-040,3,9,2399.75,266.64,32.37,1205.13,6,1,347,43.0,0.333,0.222,REGULAR,0.65,VALIDATION
cust-04848,m-041,38,11,3394.18,308.56,54.85,1072.32,6,1,340,30.2,0.182,0.273,AT_RISK,20.06,TRAIN
cust-04849,m-043,7,9,6862.96,762.55,269.88,2567.7,6,1,351,43.0,0.333,0.222,REGULAR,1.49,TRAIN
cust-04850,m-015,38,3,579.0,193.0,180.21,218.58,2,1,255,108.5,0.0,0.333,NEW,11.13,TRAIN
cust-04851,m-041,9,6,2431.01,405.17,30.43,915.51,5,1,278,53.8,0.333,0.5,REGULAR,2.42,TRAIN
cust-04852,m-009,21,9,1062.77,118.09,52.72,199.71,8,1,276,31.9,0.222,0.222,REGULAR,5.69,TEST
cust-04853,m-028,63,10,2795.01,279.5,23.81,750.52,9,1,336,30.3,0.1,0.2,INACTIVE,63.07,TRAIN
cust-04854,m-013,80,5,7402.22,1480.44,556.98,2532.63,3,1,249,42.2,0.2,0.4,INACTIVE,80.7,TRAIN
cust-04855,m-017,16,7,613.31,87.62,59.73,125.45,4,1,340,54.0,0.571,0.571,REGULAR,3.52,TRAIN
cust-04856,m-040,60,5,1164.42,232.88,75.05,458.44,3,1,358,74.5,0.4,0.4,AT_RISK,12.53,TRAIN
cust-04857,m-012,4,8,1394.0,174.25,82.22,320.6,4,1,257,36.1,0.625,0.25,REGULAR,1.16,TRAIN
cust-04858,m-009,26,9,991.49,110.17,35.76,376.5,6,1,308,35.2,0.111,0.222,REGULAR,6.31,TRAIN
cust-04859,m-022,13,9,20773.44,2308.16,695.1,4174.73,5,1,333,40.0,0.333,0.111,REGULAR,2.92,TRAIN
cust-04860,m-034,0,8,822.95,102.87,35.29,301.29,7,1,359,51.3,0.25,0.375,REGULAR,0.0,TRAIN
cust-04861,m-037,32,10,711.89,71.19,31.54,164.7,7,1,304,30.2,0.4,0.3,AT_RISK,10.57,TRAIN
cust-04862,m-021,13,7,791.94,113.13,39.92,249.81,5,1,327,52.3,0.286,0.143,REGULAR,2.97,TRAIN
cust-04863,m-017,40,12,3203.84,266.99,29.94,563.22,7,1,355,28.6,0.583,0.417,AT_RISK,25.53,TEST
cust-04864,m-003,11,7,1335.84,190.83,27.64,409.29,6,1,353,57.0,0.571,0.143,REGULAR,2.33,TRAIN
cust-04865,m-030,49,6,4011.3,668.55,100.97,1535.4,4,1,219,34.0,0.167,0.5,AT_RISK,39.2,TRAIN
cust-04866,m-025,128,3,3545.91,1181.97,391.84,2224.07,3,1,273,72.5,0.0,0.333,INACTIVE,100.0,TRAIN
cust-04867,m-038,60,6,1027.26,171.21,42.2,365.65,4,1,286,45.2,0.667,0.5,AT_RISK,37.88,TEST
cust-04868,m-045,7,11,1019.38,92.67,47.54,129.12,8,1,293,28.6,0.091,0.091,REGULAR,1.79,TRAIN
cust-04869,m-017,42,8,2086.18,260.77,59.73,680.02,6,1,338,42.3,0.125,0.375,AT_RISK,9.29,VALIDATION
cust-04870,m-017,11,10,4413.2,441.32,29.94,1689.66,7,1,362,39.0,0.7,0.2,REGULAR,2.27,TRAIN
cust-04871,m-028,10,4,1190.81,297.7,119.22,449.62,4,1,278,89.3,0.5,0.25,REGULAR,2.69,VALIDATION
cust-04872,m-033,35,13,13119.28,1009.18,348.67,2575.37,8,1,345,25.8,0.385,0.385,AT_RISK,21.39,TRAIN
cust-04873,m-019,52,6,1109.16,184.86,32.1,366.2,3,1,348,59.2,0.333,0.167,AT_RISK,11.17,TEST
cust-04874,m-014,22,11,7982.73,725.7,265.14,1579.66,7,1,309,28.7,0.182,0.364,REGULAR,5.32,TRAIN
cust-04875,m-002,11,7,13028.55,1861.22,237.28,2972.2,4,1,343,55.3,0.429,0.571,REGULAR,2.4,TRAIN
cust-04876,m-027,19,8,1944.97,243.12,89.22,677.34,7,1,356,48.1,0.375,0.125,REGULAR,3.99,TRAIN
cust-04877,m-046,32,10,3369.14,336.91,22.76,870.44,9,1,362,36.7,0.6,0.2,AT_RISK,6.61,TRAIN
cust-04878,m-045,28,8,1059.88,132.49,87.4,350.43,6,1,339,44.4,0.125,0.375,REGULAR,6.18,TEST
cust-04879,m-003,108,5,1360.09,272.02,32.96,938.52,5,1,351,60.8,0.0,0.8,INACTIVE,93.81,TRAIN
cust-04880,m-032,35,8,8308.9,1038.61,333.71,1743.56,5,1,362,46.7,0.375,0.375,AT_RISK,7.23,TRAIN
cust-04881,m-041,101,5,1180.24,236.05,82.06,543.23,5,1,364,65.8,0.0,0.2,INACTIVE,73.55,TEST
cust-04882,m-027,122,4,235.13,58.78,27.71,83.13,3,1,329,69.0,0.0,0.5,INACTIVE,100.0,VALIDATION
cust-04883,m-023,15,15,3806.73,253.78,26.95,932.55,10,1,315,21.4,0.333,0.2,REGULAR,3.56,TRAIN
cust-04884,m-029,33,6,1364.45,227.41,24.87,469.6,6,1,299,53.2,0.333,0.333,AT_RISK,8.25,TRAIN
cust-04885,m-042,18,8,766.77,95.85,39.21,168.33,6,1,266,35.4,0.5,0.375,REGULAR,5.06,TEST
cust-04886,m-010,30,7,726.2,103.74,27.0,267.12,6,1,346,52.7,0.0,0.143,REGULAR,6.48,TEST
cust-04887,m-014,46,8,7226.69,903.34,482.82,1579.66,6,1,332,40.9,0.25,0.5,AT_RISK,18.01,TRAIN
cust-04888,m-028,1,14,7121.46,508.68,23.81,2932.92,8,1,356,27.3,0.214,0.357,REGULAR,0.21,TRAIN
cust-04889,m-026,37,6,464.74,77.46,40.34,119.84,6,1,270,46.6,0.167,0.333,AT_RISK,10.24,TRAIN
cust-04890,m-005,61,8,2625.94,328.24,25.41,685.24,6,1,329,38.3,0.375,0.375,INACTIVE,47.91,TEST
cust-04891,m-027,96,9,3151.22,350.14,32.87,874.84,9,1,361,33.1,0.667,0.444,INACTIVE,100.0,TEST
cust-04892,m-029,68,10,3255.83,325.58,24.87,1408.8,8,1,326,28.7,0.6,0.2,INACTIVE,74.55,TRAIN
cust-04893,m-012,1,12,3096.68,258.06,82.22,603.36,6,1,353,32.0,0.167,0.25,REGULAR,0.21,TRAIN
cust-04894,m-035,17,9,11951.52,1327.95,662.22,2412.27,6,1,305,36.0,0.333,0.556,REGULAR,4.17,TRAIN
cust-04895,m-032,2,9,10488.65,1165.41,644.7,2083.19,5,1,363,45.1,0.333,0.778,REGULAR,0.41,TRAIN
cust-04896,m-044,91,6,1636.7,272.78,66.6,903.42,5,1,291,40.0,0.333,0.167,INACTIVE,99.87,TRAIN
cust-04897,m-038,1,6,1239.37,206.56,103.23,365.65,4,1,342,68.2,0.333,0.333,REGULAR,0.22,VALIDATION
cust-04898,m-031,47,8,736.4,92.05,30.71,187.23,5,1,342,42.1,0.375,0.125,AT_RISK,17.63,TRAIN
cust-04899,m-017,229,2,187.12,93.56,61.67,125.45,2,1,255,26.0,0.5,1.0,INACTIVE,100.0,TRAIN
cust-04900,m-006,12,16,2591.25,161.95,85.78,310.45,5,1,334,21.5,0.375,0.25,LOYAL,2.69,TRAIN
cust-04901,m-005,2,10,5193.32,519.33,42.51,989.64,7,1,262,28.9,0.4,0.2,REGULAR,0.57,TEST
cust-04902,m-040,118,5,1506.92,301.38,103.1,401.71,3,1,356,59.5,0.0,0.6,INACTIVE,100.0,TRAIN
cust-04903,m-018,59,4,749.4,187.35,52.59,427.26,4,1,199,46.7,0.25,0.25,AT_RISK,40.57,TRAIN
cust-04904,m-016,13,9,1563.45,173.72,75.51,445.18,5,1,310,37.1,0.667,0.111,REGULAR,3.14,TRAIN
cust-04905,m-042,20,9,1063.92,118.21,31.7,426.52,8,1,343,40.4,0.222,0.444,REGULAR,4.36,TEST
cust-04906,m-044,51,2,688.9,344.45,93.6,595.3,2,1,249,198.0,0.5,0.0,NEW,15.3,TRAIN
cust-04907,m-017,8,4,995.9,248.98,61.67,566.28,3,1,327,106.3,0.5,0.0,REGULAR,1.83,VALIDATION
cust-04909,m-039,6,9,1099.72,122.19,88.81,263.1,5,1,264,32.2,0.667,0.444,REGULAR,1.7,TEST
cust-04910,m-006,32,8,1209.73,151.22,85.78,310.45,5,1,319,41.0,0.625,0.375,AT_RISK,7.5,TRAIN
cust-04911,m-029,11,6,2056.99,342.83,110.11,934.76,5,1,357,69.2,0.333,0.0,REGULAR,2.3,VALIDATION
cust-04912,m-029,63,8,2289.49,286.19,110.11,934.76,6,1,358,42.1,0.25,0.25,INACTIVE,44.51,TRAIN
cust-04913,m-001,47,11,1160.83,105.53,35.19,249.66,8,1,359,31.2,0.636,0.455,AT_RISK,33.49,TRAIN
cust-04914,m-042,6,8,952.92,119.12,30.27,297.88,6,1,332,46.6,0.375,0.125,REGULAR,1.35,TRAIN
cust-04915,m-009,6,13,2196.79,168.98,51.51,564.75,8,1,324,26.5,0.308,0.231,REGULAR,1.38,VALIDATION
cust-04916,m-034,38,8,729.91,91.24,26.72,189.45,7,1,340,43.1,0.25,0.5,AT_RISK,8.36,TRAIN
cust-04917,m-015,14,6,877.56,146.26,38.47,380.86,6,1,322,61.6,0.167,0.333,REGULAR,3.25,VALIDATION
cust-04918,m-019,17,5,602.74,120.55,30.62,347.44,4,1,352,83.8,0.2,0.6,REGULAR,3.61,TRAIN
cust-04919,m-035,54,8,7898.72,987.34,390.48,2412.27,6,1,294,34.3,0.5,0.75,AT_RISK,43.28,TRAIN
cust-04920,m-005,59,16,4177.51,261.09,25.41,742.23,10,1,352,19.5,0.312,0.125,AT_RISK,71.79,TEST
cust-04921,m-032,2,5,3697.59,739.52,333.71,1037.24,3,1,307,76.2,0.2,0.4,REGULAR,0.49,TRAIN
cust-04922,m-006,72,8,971.15,121.39,85.78,310.45,4,1,360,41.1,0.25,0.25,INACTIVE,61.31,VALIDATION
cust-04923,m-030,245,3,519.2,173.07,48.83,291.42,3,1,330,42.5,0.0,0.667,INACTIVE,100.0,TRAIN
cust-04924,m-039,13,4,578.87,144.72,88.81,263.1,4,1,255,80.7,0.5,0.0,REGULAR,3.81,TRAIN
cust-04925,m-015,54,10,1485.12,148.51,50.76,571.29,6,1,362,34.2,0.6,0.2,AT_RISK,40.86,TEST
cust-04927,m-031,51,3,301.45,100.48,62.41,155.76,3,1,192,70.5,0.0,0.667,INACTIVE,19.82,TEST
cust-04928,m-033,11,4,4056.11,1014.03,348.67,2364.31,4,1,327,105.3,0.5,0.25,REGULAR,2.52,TRAIN
cust-04929,m-013,130,5,9156.88,1831.38,271.73,2897.77,4,1,358,57.0,0.4,0.2,INACTIVE,100.0,VALIDATION
cust-04930,m-014,48,8,8348.84,1043.6,265.14,2109.87,6,1,341,41.9,0.5,0.25,AT_RISK,19.68,TRAIN
cust-04931,m-008,137,11,13856.48,1259.68,567.43,2774.3,6,1,362,22.5,0.545,0.273,INACTIVE,100.0,TRAIN
cust-04932,m-004,30,3,4980.69,1660.23,687.11,3021.37,3,1,236,103.0,0.333,0.0,NEW,9.49,TRAIN
cust-04933,m-022,7,5,3735.72,747.14,695.1,903.03,3,1,224,54.2,0.2,0.2,REGULAR,2.33,TRAIN
cust-04935,m-015,159,11,851.71,77.43,38.47,190.43,7,1,360,20.1,0.364,0.364,INACTIVE,100.0,TRAIN
cust-04937,m-025,38,10,10015.41,1001.54,391.84,2224.07,7,1,319,31.2,0.3,0.1,AT_RISK,19.11,TRAIN
cust-04938,m-007,36,6,8327.3,1387.88,730.8,2427.55,5,1,344,61.6,0.333,0.333,AT_RISK,7.83,TRAIN
cust-04940,m-013,39,8,11077.05,1384.63,556.98,2897.77,5,1,359,45.7,0.375,0.375,AT_RISK,8.12,TRAIN
cust-04941,m-016,102,8,2075.37,259.42,75.51,445.18,5,1,345,34.7,0.5,0.5,INACTIVE,100.0,VALIDATION
cust-04942,m-005,83,4,712.71,178.18,54.06,342.62,4,1,348,88.3,0.25,0.75,INACTIVE,17.84,TRAIN
cust-04943,m-001,35,9,1025.87,113.99,35.57,284.6,7,1,348,39.1,0.889,0.222,AT_RISK,7.52,TRAIN
cust-04944,m-040,99,9,4786.62,531.85,64.74,1148.24,5,1,331,29.0,0.333,0.222,INACTIVE,100.0,TRAIN
cust-04945,m-030,58,7,3729.89,532.84,97.66,1535.4,5,1,323,44.2,0.143,0.571,AT_RISK,34.13,TRAIN
cust-04946,m-020,37,10,875.2,87.52,43.93,181.83,8,1,346,34.3,0.3,0.3,AT_RISK,12.05,VALIDATION
cust-04947,m-010,129,6,742.03,123.67,31.82,250.64,6,1,302,34.6,0.5,0.167,INACTIVE,100.0,TEST
cust-04948,m-004,14,8,15511.88,1938.98,482.75,3021.37,5,1,337,46.1,0.375,0.625,REGULAR,3.11,TEST
cust-04949,m-027,56,6,2855.49,475.92,178.44,678.06,4,1,329,54.6,0.5,0.5,AT_RISK,14.83,TRAIN
cust-04950,m-040,8,7,2030.05,290.01,73.02,574.12,5,1,337,54.8,0.0,0.143,REGULAR,1.78,TRAIN
cust-04951,m-043,35,6,6097.63,1016.27,411.29,2567.7,4,1,359,64.8,0.167,0.167,AT_RISK,7.29,TRAIN
cust-04952,m-027,26,9,1621.05,180.12,56.9,678.06,6,1,308,35.2,0.556,0.111,REGULAR,6.31,TRAIN
cust-04953,m-041,47,9,2744.96,305.0,54.85,1167.6,7,1,234,23.4,0.333,0.444,AT_RISK,50.4,TRAIN
cust-04954,m-010,107,8,749.5,93.69,43.92,193.52,6,1,330,31.9,0.0,0.25,INACTIVE,100.0,VALIDATION
cust-04955,m-006,28,6,665.01,110.84,85.78,207.83,4,1,363,67.0,0.167,0.167,REGULAR,5.77,TRAIN
cust-04956,m-041,22,13,3819.28,293.79,27.29,1086.46,8,1,308,23.8,0.154,0.308,REGULAR,5.34,TRAIN
cust-04957,m-041,142,5,1862.34,372.47,66.3,1072.32,4,1,319,44.2,0.4,0.4,INACTIVE,100.0,TRAIN
cust-04958,m-003,120,5,1728.58,345.72,27.64,636.95,5,1,273,38.2,0.4,0.6,INACTIVE,100.0,TRAIN
cust-04959,m-032,75,9,9776.31,1086.26,333.71,1743.56,6,1,311,29.5,0.444,0.222,INACTIVE,86.28,TRAIN
cust-04960,m-010,4,5,1169.73,233.95,51.15,774.08,5,1,336,83.0,0.4,0.0,REGULAR,0.89,TRAIN
cust-04961,m-003,34,5,1216.49,243.3,27.64,312.84,3,1,340,76.5,0.6,0.4,AT_RISK,7.48,TRAIN
cust-04962,m-002,47,7,10843.32,1549.05,237.28,2972.2,6,1,342,49.2,0.429,0.429,AT_RISK,10.28,TRAIN
cust-04963,m-017,23,13,2332.6,179.43,29.94,680.02,7,1,270,20.6,0.308,0.077,REGULAR,9.97,TEST
cust-04964,m-029,41,7,1527.4,218.2,44.48,469.6,6,1,346,50.8,0.286,0.571,AT_RISK,8.86,TRAIN
cust-04965,m-017,25,12,1446.34,120.53,29.94,377.52,6,1,361,30.5,0.583,0.333,REGULAR,5.18,TRAIN
cust-04966,m-026,40,11,1251.09,113.74,44.24,282.2,6,1,221,18.1,0.364,0.455,AT_RISK,46.36,TRAIN
cust-04967,m-023,14,4,677.21,169.3,53.9,313.92,4,1,358,114.7,0.25,0.5,REGULAR,2.92,VALIDATION
cust-04968,m-033,1,7,8945.73,1277.96,348.67,2575.37,4,1,360,59.8,0.286,0.429,REGULAR,0.21,TEST
cust-04969,m-040,3,13,3101.22,238.56,32.37,1148.24,8,1,362,29.9,0.385,0.154,REGULAR,0.62,TRAIN
cust-04970,m-042,6,5,822.62,164.52,30.27,350.04,5,1,241,58.8,0.4,0.2,REGULAR,1.86,VALIDATION
cust-04971,m-047,18,11,1546.52,140.59,30.31,287.7,6,1,351,33.3,0.364,0.364,REGULAR,3.84,TRAIN
cust-04972,m-018,50,6,828.87,138.15,36.32,508.48,6,1,361,62.2,0.167,0.0,AT_RISK,10.36,TRAIN
cust-04973,m-033,46,5,7121.31,1424.26,794.69,2364.31,3,1,358,78.0,0.4,0.6,AT_RISK,9.61,TRAIN
cust-04975,m-020,35,10,1046.24,104.62,43.93,363.66,7,1,314,31.0,0.4,0.4,AT_RISK,14.33,TRAIN
cust-04976,m-047,33,7,741.11,105.87,30.31,267.26,6,1,347,52.3,0.429,0.286,AT_RISK,7.11,TRAIN
cust-04977,m-016,70,9,2462.09,273.57,75.51,445.18,4,1,330,32.5,0.222,0.333,INACTIVE,72.11,TRAIN
cust-04978,m-004,64,9,10844.23,1204.91,687.11,3021.37,5,1,360,37.0,0.333,0.444,INACTIVE,53.8,VALIDATION
cust-04979,m-001,14,6,674.06,112.34,55.47,142.3,5,1,191,35.4,0.5,0.333,REGULAR,5.47,VALIDATION
cust-04980,m-034,39,7,569.64,81.38,32.97,189.45,5,1,350,51.8,0.571,0.286,AT_RISK,8.33,TRAIN
cust-04982,m-046,24,9,2134.14,237.13,22.76,596.62,6,1,284,32.5,0.333,0.444,REGULAR,6.32,TRAIN
cust-04983,m-016,37,14,2990.15,213.58,75.51,445.18,5,1,354,24.4,0.357,0.5,AT_RISK,26.72,TEST
cust-04984,m-028,5,9,6145.47,682.83,119.22,1466.46,6,1,347,42.8,0.556,0.444,REGULAR,1.08,TRAIN
cust-04985,m-032,2,5,4090.13,818.03,333.71,1037.24,3,1,337,83.8,0.0,0.6,REGULAR,0.44,TEST
cust-04986,m-015,42,8,1189.49,148.69,51.71,380.86,6,1,275,33.3,0.0,0.0,AT_RISK,24.46,TRAIN
cust-04987,m-031,123,4,377.44,94.36,30.71,207.68,4,1,327,68.0,0.75,0.0,INACTIVE,100.0,VALIDATION
cust-04988,m-031,12,9,1261.69,140.19,30.71,382.92,7,1,331,39.9,0.333,0.444,REGULAR,2.71,TRAIN
cust-04989,m-045,48,11,2007.12,182.47,47.54,651.48,8,1,340,29.2,0.364,0.455,AT_RISK,38.76,TRAIN
cust-04990,m-044,298,4,2894.39,723.6,166.9,2381.2,3,1,348,16.7,0.75,0.0,INACTIVE,100.0,TRAIN
cust-04991,m-011,54,6,880.48,146.75,54.54,365.62,5,1,351,59.4,0.333,0.333,AT_RISK,11.51,TRAIN
cust-04992,m-040,42,6,3089.71,514.95,219.06,1722.36,4,1,341,59.8,0.167,0.5,AT_RISK,9.21,TRAIN
cust-04993,m-027,125,6,919.22,153.2,32.87,290.75,4,1,331,41.2,0.167,0.333,INACTIVE,100.0,VALIDATION
cust-04994,m-008,5,11,14780.52,1343.68,567.43,2774.3,7,1,310,30.5,0.455,0.455,REGULAR,1.21,TRAIN
cust-04995,m-047,38,9,949.79,105.53,31.12,287.7,7,1,361,40.4,0.222,0.333,AT_RISK,7.87,TRAIN
cust-04996,m-004,40,5,7996.59,1599.32,732.09,3021.37,4,1,232,48.0,0.2,0.6,AT_RISK,12.88,VALIDATION
cust-04997,m-021,0,8,729.21,91.15,22.25,180.28,6,1,350,50.0,0.25,0.5,REGULAR,0.0,TRAIN
cust-04998,m-009,46,6,514.21,85.7,30.99,154.53,4,1,345,59.8,0.333,0.5,AT_RISK,9.97,TRAIN
cust-04999,m-039,43,14,1786.2,127.59,88.81,263.1,4,1,342,23.0,0.5,0.143,AT_RISK,39.4,TRAIN
cust-05000,m-041,9,8,1335.56,166.94,27.29,714.88,7,1,343,47.7,0.25,0.5,REGULAR,1.96,TRAIN
cust-05001,m-018,28,4,394.61,98.65,36.32,157.77,4,1,344,105.3,0.0,0.25,REGULAR,6.09,TRAIN
cust-05002,m-022,80,6,11858.16,1976.36,695.1,4174.73,5,1,312,46.4,0.167,0.167,INACTIVE,69.57,TRAIN
cust-05003,m-026,50,7,1092.18,156.03,43.96,501.66,6,1,341,48.5,0.286,0.0,AT_RISK,13.21,TEST
cust-05004,m-002,46,7,8912.1,1273.16,237.28,2972.2,7,1,333,47.8,0.286,0.143,AT_RISK,10.33,TRAIN
cust-05005,m-028,76,10,1978.24,197.82,31.9,510.12,7,1,331,28.3,0.1,0.4,INACTIVE,88.72,VALIDATION
cust-05006,m-009,17,12,1244.36,103.7,30.99,199.71,7,1,348,30.1,0.667,0.167,REGULAR,3.65,TRAIN
cust-05007,m-037,31,7,589.95,84.28,44.95,129.64,5,1,344,52.2,0.571,0.429,AT_RISK,6.74,TEST
cust-05008,m-029,12,8,2903.83,362.98,44.48,901.92,5,1,292,40.0,0.75,0.375,REGULAR,3.07,VALIDATION
cust-05009,m-006,24,12,1360.14,113.35,85.78,207.83,4,1,362,30.7,0.417,0.167,REGULAR,4.96,TRAIN
cust-05010,m-044,72,7,1402.98,200.43,26.36,500.7,4,1,342,45.0,0.286,0.286,INACTIVE,56.24,TEST
cust-05011,m-011,37,9,1100.25,122.25,44.77,446.37,8,1,261,28.0,0.444,0.667,AT_RISK,24.09,TRAIN
cust-05012,m-026,69,10,1448.66,144.87,43.96,501.66,8,1,354,31.7,0.4,0.5,INACTIVE,70.53,TEST
cust-05013,m-029,1,11,2014.13,183.1,44.48,713.92,8,1,349,34.8,0.273,0.455,REGULAR,0.21,TRAIN
cust-05014,m-043,2,13,10360.38,796.95,411.29,1103.72,5,1,336,27.8,0.385,0.308,REGULAR,0.45,TRAIN
cust-05015,m-030,79,10,4603.74,460.37,27.38,2047.2,8,1,354,30.6,0.4,0.2,INACTIVE,89.29,TEST
cust-05016,m-045,32,7,478.2,68.31,39.71,102.8,6,1,322,48.3,0.286,0.286,AT_RISK,7.43,TRAIN
cust-05017,m-014,23,11,15374.11,1397.65,265.14,2109.87,6,1,359,33.6,0.364,0.182,REGULAR,4.79,TRAIN
cust-05018,m-034,11,8,916.37,114.55,50.82,301.29,6,1,306,42.1,0.75,0.375,REGULAR,2.69,VALIDATION
cust-05019,m-018,41,10,1002.67,100.27,36.32,216.44,6,1,359,35.3,0.6,0.4,AT_RISK,17.09,TEST
cust-05020,m-003,12,9,2335.67,259.52,27.64,660.98,6,1,277,33.1,0.556,0.222,REGULAR,3.24,TRAIN
cust-05021,m-042,17,11,1576.75,143.34,30.27,403.12,5,1,354,33.7,0.273,0.273,REGULAR,3.59,TRAIN
cust-05022,m-031,68,8,1161.54,145.19,43.32,443.24,7,1,231,23.3,0.5,0.25,INACTIVE,89.03,TRAIN
cust-05023,m-010,13,9,1107.14,123.02,31.82,270.08,7,1,344,41.4,0.556,0.444,REGULAR,2.83,TRAIN
cust-05024,m-045,2,9,830.84,92.32,43.04,233.62,7,1,323,40.1,0.222,0.222,REGULAR,0.46,TRAIN
cust-05025,m-038,11,5,619.1,123.82,42.2,172.06,4,1,359,87.0,0.4,0.4,REGULAR,2.29,VALIDATION
cust-05026,m-008,18,16,17865.99,1116.62,266.13,2774.3,8,1,342,21.6,0.312,0.25,REGULAR,3.94,TRAIN
cust-05027,m-040,30,16,2724.07,170.25,32.37,574.12,7,1,350,21.3,0.25,0.5,REGULAR,19.46,TRAIN
cust-05028,m-035,24,8,9176.15,1147.02,390.48,1635.59,5,1,318,42.0,0.0,0.375,REGULAR,5.64,TRAIN
cust-05029,m-022,40,8,7422.81,927.85,410.45,1444.79,6,1,279,34.1,0.125,0.375,AT_RISK,19.56,TRAIN
cust-05030,m-047,6,5,497.76,99.55,36.72,267.26,5,1,264,64.5,0.4,0.2,REGULAR,1.7,VALIDATION
cust-05031,m-042,10,10,904.51,90.45,39.21,175.02,8,1,355,38.3,0.7,0.1,REGULAR,2.11,TRAIN
cust-05032,m-016,3,14,2896.7,206.91,75.51,445.18,5,1,360,27.5,0.357,0.357,REGULAR,0.62,TRAIN
cust-05034,m-032,11,7,5931.83,847.4,333.71,1090.85,5,1,302,48.5,0.286,0.286,REGULAR,2.72,TRAIN
cust-05035,m-034,57,10,796.77,79.68,26.72,157.06,8,1,352,32.8,0.2,0.4,AT_RISK,48.41,TRAIN
cust-05036,m-016,18,13,1840.61,141.59,75.51,189.44,4,1,347,27.4,0.308,0.538,REGULAR,3.88,TRAIN
cust-05037,m-002,44,1,1485.43,1485.43,1485.43,1485.43,1,1,44,44.0,0.0,1.0,NEW,73.33,TRAIN
cust-05038,m-046,47,8,2971.33,371.42,22.76,1336.29,7,1,258,30.1,0.5,0.125,AT_RISK,38.96,VALIDATION
cust-05039,m-047,23,9,1034.28,114.92,36.72,267.26,6,1,284,32.6,0.333,0.222,REGULAR,6.05,TRAIN
cust-05040,m-022,2,11,23212.64,2110.24,410.45,4174.73,6,1,356,35.4,0.273,0.364,REGULAR,0.42,TRAIN
cust-05041,m-046,1,11,2765.29,251.39,34.98,596.62,8,1,354,35.3,0.455,0.273,REGULAR,0.21,TRAIN
cust-05042,m-025,53,3,4108.22,1369.41,1009.97,2088.28,2,1,265,106.0,0.333,0.0,INACTIVE,14.94,TRAIN
cust-05043,m-002,148,7,7721.56,1103.08,377.97,2972.2,5,1,306,26.3,0.286,0.429,INACTIVE,100.0,TRAIN
cust-05044,m-030,23,12,1545.6,128.8,27.38,511.8,6,1,346,29.4,0.167,0.333,REGULAR,4.97,TRAIN
cust-05045,m-028,46,11,1800.06,163.64,23.81,1020.24,7,1,359,31.3,0.455,0.455,AT_RISK,31.63,TEST
cust-05046,m-046,9,4,699.17,174.79,61.0,345.2,3,1,300,97.0,0.0,0.25,REGULAR,2.24,TRAIN
cust-05047,m-036,37,11,763.95,69.45,30.39,121.56,7,1,306,26.9,0.545,0.364,AT_RISK,24.19,TRAIN
cust-05048,m-013,29,12,13047.83,1087.32,271.73,2532.63,7,1,347,28.9,0.5,0.583,REGULAR,6.4,TRAIN
cust-05049,m-034,66,8,803.97,100.5,26.72,275.13,6,1,331,37.9,0.25,0.375,INACTIVE,57.06,TRAIN
cust-05050,m-009,1,14,1494.61,106.76,35.76,552.52,8,1,363,27.8,0.286,0.286,REGULAR,0.21,VALIDATION
cust-05051,m-023,67,4,574.59,143.65,104.64,253.47,3,1,277,70.0,1.0,0.0,INACTIVE,18.08,TRAIN
cust-05052,m-004,20,5,5574.83,1114.97,482.75,1789.15,4,1,356,84.0,0.0,0.2,REGULAR,4.2,TRAIN
cust-05053,m-020,93,12,1766.14,147.18,33.64,348.81,8,1,303,19.1,0.083,0.417,INACTIVE,100.0,TRAIN
cust-05054,m-031,24,9,1120.0,124.44,43.32,221.62,6,1,344,40.0,0.222,0.0,REGULAR,5.22,TRAIN
cust-05055,m-002,155,3,4694.91,1564.97,237.28,2972.2,3,1,259,52.0,0.0,0.0,INACTIVE,100.0,TRAIN
cust-05056,m-044,1,6,2781.69,463.62,58.37,893.44,5,1,358,71.4,0.333,0.333,REGULAR,0.21,TEST
cust-05057,m-025,22,11,10545.97,958.72,391.84,2088.28,6,1,336,31.4,0.182,0.273,REGULAR,4.9,VALIDATION
cust-05058,m-047,8,9,896.3,99.59,30.31,383.6,7,1,347,42.4,0.333,0.222,REGULAR,1.72,TRAIN
cust-05059,m-025,26,9,7405.0,822.78,391.84,1009.97,6,1,312,35.8,0.444,0.222,REGULAR,6.23,TRAIN
cust-05060,m-011,70,7,660.22,94.32,38.53,148.79,6,1,357,47.8,0.286,0.429,INACTIVE,47.96,TRAIN
cust-05061,m-006,16,7,1200.13,171.45,85.78,310.45,5,1,301,47.5,0.0,0.571,REGULAR,3.97,TRAIN
cust-05062,m-040,3,9,2834.06,314.9,32.37,1148.24,6,1,324,40.1,0.333,0.333,REGULAR,0.69,TRAIN
cust-05063,m-041,5,8,1258.71,157.34,30.43,306.7,4,1,327,46.0,0.375,0.375,REGULAR,1.14,TRAIN
cust-05064,m-021,86,6,922.16,153.69,22.25,393.57,4,1,315,45.8,0.0,0.333,INACTIVE,80.71,TRAIN
cust-05065,m-035,26,5,6255.91,1251.18,390.48,2412.27,5,1,280,63.5,0.8,0.4,REGULAR,6.94,TRAIN
cust-05066,m-013,140,6,6641.22,1106.87,271.73,2897.77,6,1,319,35.8,0.167,0.333,INACTIVE,100.0,TRAIN
cust-05067,m-036,65,11,1277.91,116.17,28.43,371.58,5,1,335,27.0,0.182,0.091,INACTIVE,71.51,TRAIN
cust-05068,m-029,19,15,3519.04,234.6,53.41,631.83,7,1,336,22.6,0.4,0.2,REGULAR,4.23,TRAIN
cust-05069,m-006,17,10,1657.54,165.75,85.78,310.45,4,1,332,35.0,0.2,0.5,REGULAR,3.83,TEST
cust-05070,m-017,11,8,2830.64,353.83,59.73,1360.04,7,1,289,39.7,0.25,0.5,REGULAR,2.84,TRAIN
cust-05071,m-004,130,4,6565.48,1641.37,482.75,3021.37,4,1,294,54.7,0.25,0.25,INACTIVE,100.0,TEST
cust-05072,m-025,145,3,3961.94,1320.65,727.9,2224.07,3,1,317,86.0,0.333,0.667,INACTIVE,100.0,TRAIN
cust-05073,m-030,41,11,3948.25,358.93,97.66,1128.3,4,1,354,31.3,0.455,0.455,AT_RISK,23.21,TRAIN
cust-05074,m-043,1,8,6507.19,813.4,269.88,2567.7,7,1,336,47.9,0.125,0.125,REGULAR,0.22,TRAIN
cust-05075,m-010,218,4,535.58,133.9,77.7,193.52,4,1,349,43.7,0.5,0.0,INACTIVE,100.0,TRAIN
cust-05076,m-005,31,7,1162.9,166.13,25.41,314.29,4,1,307,46.0,0.0,0.143,AT_RISK,7.55,VALIDATION
cust-05077,m-019,41,12,1718.27,143.19,51.07,549.3,6,1,362,29.2,0.5,0.167,AT_RISK,26.17,TRAIN
cust-05078,m-043,46,8,7210.26,901.28,269.88,2567.7,6,1,354,44.0,0.5,0.25,AT_RISK,12.72,TRAIN
cust-05079,m-015,5,7,1099.52,157.07,42.0,380.86,7,1,207,33.7,0.429,0.429,REGULAR,1.8,TRAIN
cust-05080,m-017,27,6,1703.41,283.9,59.73,563.22,4,1,273,49.2,0.167,0.167,REGULAR,7.39,TRAIN
cust-05081,m-006,6,15,2588.66,172.58,85.78,310.45,5,1,318,22.3,0.2,0.2,LOYAL,1.41,TRAIN
cust-05082,m-017,11,11,4970.41,451.86,59.73,1126.44,6,1,345,33.4,0.545,0.182,REGULAR,2.38,TRAIN
cust-05083,m-020,4,14,879.79,62.84,33.64,116.27,10,1,334,25.4,0.214,0.214,REGULAR,0.9,TEST
cust-05084,m-004,2,9,14143.43,1571.49,482.75,3021.37,5,1,343,42.6,0.333,0.222,REGULAR,0.44,TRAIN
cust-05085,m-013,42,10,12042.64,1204.26,271.73,2897.77,6,1,353,34.6,0.5,0.3,AT_RISK,20.0,TRAIN
cust-05086,m-030,70,10,3376.18,337.62,43.79,1165.68,8,1,355,31.7,0.2,0.5,INACTIVE,72.2,TRAIN
cust-05087,m-016,85,8,2019.9,252.49,75.51,445.18,4,1,364,39.9,0.5,0.375,INACTIVE,85.12,VALIDATION
cust-05088,m-001,12,12,1790.7,149.22,47.84,569.2,6,1,362,31.8,0.333,0.417,REGULAR,2.48,TRAIN
cust-05089,m-046,11,7,2189.47,312.78,119.3,596.62,5,1,284,45.5,0.429,0.571,REGULAR,2.89,TRAIN
cust-05090,m-039,13,10,1188.53,118.85,88.81,263.1,5,1,324,34.6,0.1,0.4,REGULAR,3.0,TRAIN
cust-05091,m-020,19,3,478.38,159.46,114.72,181.83,2,1,207,94.0,0.667,0.333,NEW,6.85,TEST
cust-05092,m-027,46,6,1588.21,264.7,27.71,678.06,5,1,349,60.6,0.333,0.5,AT_RISK,9.86,TEST
cust-05093,m-022,2,14,15260.5,1090.04,410.45,4174.73,8,1,350,26.8,0.286,0.357,REGULAR,0.43,TRAIN
cust-05094,m-002,65,7,14228.64,2032.66,377.97,2972.2,4,1,349,47.3,0.286,0.429,INACTIVE,40.48,TRAIN
cust-05095,m-035,64,4,4572.26,1143.06,390.48,1635.59,3,1,202,46.0,0.0,0.5,INACTIVE,50.65,VALIDATION
cust-05096,m-041,0,9,2089.63,232.18,27.29,543.23,7,1,288,36.0,0.222,0.333,REGULAR,0.0,TEST
cust-05097,m-022,31,7,8011.75,1144.54,410.45,4174.73,5,1,310,46.5,0.429,0.714,AT_RISK,7.48,TRAIN
cust-05098,m-045,84,10,1098.67,109.87,39.71,350.43,7,1,360,30.7,0.3,0.3,INACTIVE,97.4,TRAIN
cust-05099,m-004,21,6,10593.46,1765.58,482.75,3021.37,4,1,319,59.6,0.667,0.167,REGULAR,4.92,TRAIN
cust-05100,m-022,40,4,6464.29,1616.07,695.1,4174.73,4,1,342,100.7,0.25,0.0,AT_RISK,8.75,TRAIN
cust-05101,m-021,23,9,2524.23,280.47,55.33,576.02,8,1,348,40.6,0.444,0.444,REGULAR,4.94,VALIDATION
cust-05103,m-028,11,4,630.99,157.75,31.9,255.06,4,1,351,113.3,0.5,0.5,REGULAR,2.34,TRAIN
cust-05104,m-042,5,10,1223.66,122.37,30.27,229.86,7,1,292,31.9,0.3,0.3,REGULAR,1.28,TEST
cust-05105,m-003,42,8,4003.16,500.4,57.37,1910.85,7,1,293,35.9,0.25,0.375,AT_RISK,19.86,TRAIN
cust-05106,m-047,3,9,1065.05,118.34,30.31,400.89,6,1,332,41.1,0.333,0.222,REGULAR,0.68,TRAIN
cust-05108,m-020,34,12,1602.05,133.5,43.93,363.66,10,1,355,29.2,0.667,0.5,AT_RISK,14.36,VALIDATION
cust-05109,m-023,20,10,3767.43,376.74,53.9,1170.48,7,1,340,35.6,0.2,0.4,REGULAR,4.4,TRAIN
cust-05110,m-004,118,3,2155.91,718.64,687.11,781.69,2,1,356,119.0,0.0,0.333,INACTIVE,24.79,TEST
cust-05111,m-020,143,7,735.19,105.03,33.64,181.83,6,1,346,33.8,0.143,0.571,INACTIVE,100.0,TRAIN
cust-05112,m-031,7,9,1097.5,121.94,41.64,443.24,8,1,340,41.6,0.333,0.222,REGULAR,1.54,TRAIN
cust-05113,m-044,55,8,2146.21,268.28,38.7,670.08,6,1,267,30.3,0.375,0.375,AT_RISK,52.44,TRAIN
cust-05114,m-030,0,10,1292.32,129.23,43.79,511.8,5,1,332,36.9,0.4,0.2,REGULAR,0.0,TRAIN
cust-05115,m-022,26,7,10020.51,1431.5,410.45,4174.73,6,1,338,52.0,0.571,0.571,REGULAR,5.75,TEST
cust-05116,m-033,73,5,7632.49,1526.5,835.87,2575.37,4,1,288,53.8,0.2,0.4,INACTIVE,47.74,TRAIN
cust-05117,m-028,42,8,2134.13,266.77,60.46,726.52,7,1,362,45.7,0.25,0.25,AT_RISK,8.68,TRAIN
cust-05118,m-014,47,4,5112.23,1278.06,505.99,1579.66,3,1,323,92.0,0.25,0.5,AT_RISK,10.88,TRAIN
cust-05120,m-003,8,18,7852.31,436.24,55.28,2547.8,10,1,347,19.9,0.222,0.333,LOYAL,1.72,TRAIN
cust-05121,m-015,123,8,705.83,88.23,50.76,190.43,7,1,347,32.0,0.75,0.375,INACTIVE,100.0,VALIDATION
cust-05122,m-006,6,9,1399.97,155.55,85.78,310.45,5,1,320,39.2,0.556,0.333,REGULAR,1.4,VALIDATION
cust-05123,m-036,31,5,527.87,105.57,52.79,150.24,4,1,193,40.5,0.4,0.0,AT_RISK,11.98,VALIDATION
cust-05124,m-035,25,9,10458.93,1162.1,390.48,2412.27,7,1,272,30.9,0.333,0.222,REGULAR,6.87,TRAIN
cust-05125,m-044,68,12,2943.21,245.27,38.7,960.99,7,1,314,22.4,0.5,0.417,INACTIVE,84.59,TRAIN
cust-05126,m-015,7,4,316.81,79.2,47.83,109.11,3,1,262,85.0,0.25,0.5,REGULAR,2.0,TEST
cust-05127,m-037,58,13,1131.04,87.0,44.95,315.66,9,1,340,23.5,0.385,0.385,AT_RISK,64.51,TEST
cust-05128,m-042,105,11,1071.27,97.39,30.27,260.96,6,1,350,24.5,0.273,0.364,INACTIVE,100.0,TEST
cust-05130,m-016,46,11,1828.4,166.22,75.51,445.18,5,1,282,23.6,0.364,0.455,AT_RISK,45.79,TRAIN
cust-05131,m-017,54,13,3498.98,269.15,29.94,1126.44,7,1,359,25.4,0.308,0.308,AT_RISK,54.15,VALIDATION
cust-05132,m-016,75,10,1487.05,148.7,75.51,445.18,5,1,182,11.9,0.5,0.4,INACTIVE,100.0,TEST
cust-05133,m-024,88,4,1461.25,365.31,157.54,768.52,4,1,264,58.7,0.5,0.5,INACTIVE,68.86,TRAIN
cust-05134,m-029,11,7,1688.35,241.19,53.41,601.28,5,1,329,53.0,0.571,0.143,REGULAR,2.5,TRAIN
cust-05135,m-036,156,5,403.73,80.75,28.43,185.79,5,1,362,51.5,0.4,0.6,INACTIVE,100.0,TRAIN
cust-05136,m-044,57,6,1564.8,260.8,38.7,960.99,5,1,337,56.0,0.167,0.5,AT_RISK,14.15,TRAIN
cust-05137,m-016,57,7,1063.24,151.89,75.51,189.44,3,1,351,49.0,0.0,0.0,AT_RISK,24.14,VALIDATION
cust-05138,m-026,24,7,580.08,82.87,36.07,211.65,6,1,348,54.0,0.571,0.429,REGULAR,5.16,VALIDATION
cust-05139,m-031,64,3,162.6,54.2,41.64,62.41,3,1,179,57.5,0.667,0.667,INACTIVE,36.42,TRAIN
cust-05140,m-013,38,4,4410.72,1102.68,1041.72,1163.64,2,1,362,108.0,0.25,0.5,AT_RISK,7.85,TRAIN
cust-05141,m-027,9,8,979.67,122.46,27.71,416.57,6,1,257,35.4,0.375,0.25,REGULAR,2.62,TRAIN
cust-05142,m-020,14,6,1048.48,174.75,33.64,537.92,5,1,346,66.4,0.667,0.333,REGULAR,3.03,TRAIN
cust-05143,m-035,4,6,5500.47,916.74,390.48,1315.1,5,1,318,62.8,0.5,0.5,REGULAR,0.94,TRAIN
cust-05144,m-006,11,13,2065.21,158.86,85.78,310.45,5,1,359,29.0,0.385,0.385,REGULAR,2.29,TRAIN
cust-05145,m-006,28,6,595.84,99.31,85.78,112.22,3,1,343,63.0,0.333,0.333,REGULAR,6.1,VALIDATION
cust-05146,m-047,41,8,848.4,106.05,30.31,267.26,5,1,354,44.7,0.375,0.25,AT_RISK,8.66,TRAIN
cust-05147,m-018,192,5,974.97,194.99,45.57,508.48,5,1,304,28.0,0.2,0.4,INACTIVE,100.0,TRAIN
cust-05148,m-018,106,8,863.35,107.92,36.75,274.16,7,1,345,34.1,0.25,0.375,INACTIVE,100.0,TEST
cust-05149,m-023,22,7,1197.96,171.14,62.45,380.43,6,1,344,53.7,0.286,0.429,REGULAR,4.78,VALIDATION
cust-05150,m-011,6,13,1147.53,88.27,38.53,195.68,9,1,331,27.1,0.231,0.538,REGULAR,1.36,TRAIN
cust-05152,m-037,4,12,1192.7,99.39,33.5,257.7,9,1,358,32.2,0.167,0.167,REGULAR,0.84,TRAIN
cust-05153,m-026,17,18,1910.46,106.14,48.83,334.44,9,1,362,20.3,0.278,0.278,REGULAR,3.51,TRAIN
cust-05154,m-017,62,6,2225.81,370.97,29.94,1126.44,6,1,360,59.6,0.167,0.333,INACTIVE,16.48,TEST
cust-05155,m-032,156,5,4109.59,821.92,333.71,1743.56,4,1,295,34.8,0.6,0.2,INACTIVE,100.0,VALIDATION
cust-05156,m-007,94,9,11656.03,1295.11,628.05,2427.55,4,1,355,32.6,0.444,0.556,INACTIVE,100.0,TRAIN
cust-05157,m-047,70,7,609.89,87.13,37.88,149.64,6,1,335,44.2,0.286,0.143,INACTIVE,54.32,TRAIN
cust-05158,m-009,26,14,1617.5,115.54,35.76,364.89,8,1,347,24.7,0.429,0.286,REGULAR,7.55,TRAIN
cust-05159,m-003,28,6,2049.5,341.58,27.64,660.98,6,1,359,66.2,0.167,0.167,REGULAR,5.83,TRAIN
cust-05160,m-015,19,6,1067.05,177.84,38.47,437.16,5,1,280,52.2,0.5,0.333,REGULAR,5.07,TEST
cust-05161,m-013,20,3,3950.72,1316.91,556.98,2532.63,3,1,294,137.0,0.0,0.333,NEW,5.08,TEST
cust-05162,m-022,6,12,13318.52,1109.88,712.53,1444.79,5,1,244,21.6,0.333,0.167,REGULAR,1.84,TRAIN
cust-05163,m-014,0,13,10860.01,835.39,265.14,2109.87,7,1,346,28.8,0.462,0.154,REGULAR,0.0,TRAIN
cust-05164,m-002,73,7,6956.77,993.82,237.28,2348.26,5,1,330,42.8,0.286,0.571,INACTIVE,61.84,TRAIN
cust-05165,m-012,48,10,3374.76,337.48,82.22,1195.83,5,1,341,32.6,0.3,0.1,AT_RISK,33.63,TRAIN
cust-05166,m-011,116,6,641.56,106.93,31.75,365.62,6,1,343,45.4,0.833,0.5,INACTIVE,100.0,TRAIN
cust-05167,m-016,90,9,1432.03,159.11,75.51,445.18,5,1,351,32.6,0.333,0.444,INACTIVE,100.0,TEST
cust-05169,m-020,40,9,933.71,103.75,45.56,181.83,6,1,355,39.4,0.444,0.111,AT_RISK,9.33,TRAIN
cust-05170,m-040,78,5,2916.15,583.23,51.55,1148.24,5,1,305,56.8,0.6,0.2,INACTIVE,50.92,TEST
cust-05171,m-031,80,7,670.62,95.8,41.16,177.6,6,1,310,38.3,0.286,0.286,INACTIVE,81.84,TRAIN
cust-05172,m-042,97,11,1064.78,96.8,30.27,229.86,8,1,343,24.6,0.364,0.364,INACTIVE,100.0,TEST
cust-05173,m-035,45,7,8576.62,1225.23,390.48,2412.27,4,1,354,51.5,0.571,0.286,AT_RISK,9.51,TRAIN
cust-05174,m-038,27,5,873.72,174.74,103.23,365.65,4,1,299,68.0,0.4,0.2,REGULAR,6.75,TRAIN
cust-05175,m-001,76,9,828.43,92.05,37.64,245.24,8,1,356,35.0,0.444,0.444,INACTIVE,77.47,TRAIN
cust-05176,m-027,17,8,2318.01,289.75,113.8,656.13,6,1,361,49.1,0.25,0.5,REGULAR,3.52,TRAIN
cust-05177,m-024,95,14,4367.89,311.99,47.9,1428.06,10,1,351,19.7,0.571,0.214,INACTIVE,100.0,TRAIN
cust-05178,m-015,100,3,577.57,192.52,168.56,218.58,3,1,324,112.0,0.0,0.667,INACTIVE,23.08,VALIDATION
cust-05179,m-044,3,7,2572.82,367.55,52.72,1190.6,6,1,345,57.0,0.286,0.286,REGULAR,0.65,TRAIN
cust-05180,m-012,14,9,3303.1,367.01,160.3,804.48,6,1,348,41.8,0.111,0.222,REGULAR,3.01,TEST
cust-05181,m-027,13,8,1965.31,245.66,56.9,903.12,7,1,349,48.0,0.125,0.25,REGULAR,2.79,TRAIN
cust-05182,m-018,0,12,1183.93,98.66,36.32,284.84,6,1,353,32.1,0.167,0.417,REGULAR,0.0,TEST
cust-05183,m-034,6,10,1046.77,104.68,32.97,219.84,7,1,321,35.0,0.6,0.6,REGULAR,1.4,TRAIN
cust-05184,m-035,52,6,7349.62,1224.94,662.22,2412.27,4,1,209,31.4,0.0,0.5,AT_RISK,49.47,TRAIN
cust-05185,m-027,7,5,398.25,79.65,32.87,218.71,3,1,350,85.8,0.2,0.0,REGULAR,1.5,TRAIN
cust-05186,m-002,63,10,8679.47,867.95,237.28,2348.26,6,1,357,32.7,0.4,0.3,INACTIVE,58.65,TRAIN
cust-05188,m-039,98,7,912.99,130.43,91.89,263.1,4,1,337,39.8,0.143,0.571,INACTIVE,100.0,TRAIN
cust-05189,m-020,56,13,1696.0,130.46,43.93,245.7,5,1,353,24.8,0.308,0.308,AT_RISK,58.66,TEST
cust-05190,m-033,180,8,10687.44,1335.93,348.67,2575.37,5,1,354,24.9,0.75,0.375,INACTIVE,100.0,TRAIN
cust-05191,m-004,32,12,16623.4,1385.28,482.75,3021.37,7,1,360,29.8,0.5,0.25,AT_RISK,9.95,TRAIN
cust-05192,m-032,52,6,6867.67,1144.61,644.7,1743.56,5,1,215,32.6,0.167,0.333,AT_RISK,47.16,TRAIN
cust-05193,m-018,24,10,1066.63,106.66,36.32,254.24,8,1,357,37.0,0.1,0.2,REGULAR,5.03,TRAIN
cust-05194,m-037,9,9,1060.09,117.79,33.5,250.5,8,1,362,44.1,0.444,0.0,REGULAR,1.86,TRAIN
cust-05196,m-033,48,11,11595.89,1054.17,348.67,2575.37,7,1,357,30.9,0.091,0.455,AT_RISK,35.71,TRAIN
cust-05197,m-016,3,4,740.27,185.07,171.95,189.44,2,1,336,111.0,0.25,0.5,REGULAR,0.67,VALIDATION
cust-05198,m-018,9,14,1503.46,107.39,36.75,284.86,10,1,347,26.0,0.214,0.357,REGULAR,1.94,TEST
cust-05199,m-028,37,9,1858.49,206.5,23.81,476.88,8,1,351,39.2,0.444,0.556,AT_RISK,7.88,TRAIN
cust-05200,m-017,9,6,1360.24,226.71,29.94,563.22,5,1,238,45.8,0.5,0.167,REGULAR,2.82,TRAIN
cust-05201,m-030,76,6,1183.94,197.32,27.38,376.1,5,1,272,39.2,0.0,0.167,INACTIVE,76.08,TRAIN
cust-05202,m-005,2,10,1648.24,164.82,54.06,321.81,7,1,347,38.3,0.2,0.4,REGULAR,0.43,TRAIN
cust-05203,m-002,34,5,3767.51,753.5,237.28,2348.26,4,1,320,71.5,0.4,0.4,AT_RISK,7.94,TRAIN
cust-05204,m-032,30,7,7816.13,1116.59,644.7,2083.19,5,1,347,52.8,0.143,0.429,REGULAR,6.47,TRAIN
cust-05205,m-042,67,12,1429.55,119.13,30.27,350.04,7,1,343,25.1,0.417,0.417,INACTIVE,77.46,TRAIN
cust-05206,m-038,54,10,1180.46,118.05,42.2,365.65,4,1,349,32.8,0.4,0.2,AT_RISK,43.37,VALIDATION
cust-05207,m-015,68,7,832.07,118.87,47.83,252.84,5,1,338,45.0,0.286,0.143,INACTIVE,49.54,TRAIN
cust-05208,m-016,134,7,1457.8,208.26,75.51,445.18,4,1,362,38.0,0.143,0.286,INACTIVE,100.0,TRAIN
cust-05209,m-017,38,4,622.73,155.68,29.94,377.52,3,1,168,43.3,0.0,0.75,AT_RISK,16.86,TEST
cust-05210,m-032,11,10,12538.07,1253.81,333.71,2083.19,6,1,345,37.1,0.5,0.3,REGULAR,2.38,TRAIN
cust-05211,m-012,25,10,2796.48,279.65,113.76,797.22,5,1,361,37.3,0.3,0.5,REGULAR,5.18,VALIDATION
cust-05212,m-002,8,8,13060.44,1632.56,377.97,2972.2,5,1,305,42.4,0.25,0.25,REGULAR,1.96,TRAIN
cust-05213,m-043,8,11,9695.55,881.41,269.88,2567.7,6,1,364,35.6,0.364,0.364,REGULAR,1.64,TRAIN
cust-05214,m-001,64,7,569.58,81.37,35.19,142.28,6,1,329,44.2,0.429,0.429,INACTIVE,44.25,VALIDATION
cust-05215,m-010,22,8,1084.29,135.54,27.0,429.77,6,1,361,48.4,0.25,0.0,REGULAR,4.56,TRAIN
cust-05216,m-023,3,9,1960.91,217.88,62.45,506.94,6,1,363,45.0,0.333,0.222,REGULAR,0.62,TRAIN
cust-05217,m-020,17,13,1408.39,108.34,33.64,348.81,8,1,347,27.5,0.462,0.154,REGULAR,3.66,TRAIN
cust-05219,m-047,187,4,484.86,121.22,75.76,159.74,4,1,340,51.0,0.5,0.75,INACTIVE,100.0,TRAIN
cust-05220,m-033,40,8,13034.22,1629.28,348.67,2575.37,3,1,341,43.0,0.5,0.375,AT_RISK,8.77,TRAIN
cust-05221,m-003,33,6,3042.58,507.1,27.64,1321.96,6,1,359,65.2,0.333,0.167,AT_RISK,6.87,TEST
cust-05222,m-034,11,10,885.49,88.55,32.97,189.45,8,1,322,34.6,0.5,0.3,REGULAR,2.55,TRAIN
cust-05223,m-034,24,15,2172.06,144.8,26.72,568.35,8,1,352,23.4,0.333,0.467,REGULAR,6.0,VALIDATION
cust-05224,m-003,20,6,3028.83,504.8,65.92,1227.87,5,1,334,62.8,0.333,0.5,REGULAR,4.48,VALIDATION
cust-05226,m-031,151,9,926.57,102.95,41.64,177.6,7,1,361,26.2,0.444,0.556,INACTIVE,100.0,VALIDATION
cust-05227,m-044,48,8,2706.84,338.35,52.72,1204.56,7,1,175,18.1,0.25,0.125,AT_RISK,65.3,TEST
cust-05228,m-014,38,12,11260.07,938.34,265.14,1579.66,6,1,324,26.0,0.083,0.0,AT_RISK,26.77,VALIDATION
cust-05229,m-047,109,5,398.77,79.75,31.12,138.2,4,1,341,58.0,0.8,0.4,INACTIVE,100.0,TEST
cust-05230,m-034,63,10,752.04,75.2,41.79,105.87,8,1,343,31.1,0.3,0.2,INACTIVE,61.59,TRAIN
cust-05231,m-017,46,4,1311.62,327.9,59.73,563.22,3,1,256,70.0,0.5,0.25,AT_RISK,13.42,TRAIN
cust-05232,m-006,28,7,979.14,139.88,85.78,310.45,5,1,256,38.0,0.571,0.714,REGULAR,8.17,TEST
cust-05233,m-025,19,11,10277.0,934.27,391.84,2224.07,7,1,351,33.2,0.364,0.455,REGULAR,4.05,TRAIN
cust-05234,m-036,54,6,445.31,74.22,28.43,116.22,4,1,336,56.4,0.333,0.5,AT_RISK,12.02,TRAIN
cust-05235,m-028,35,10,5883.39,588.34,57.08,2932.92,6,1,309,30.4,0.2,0.3,AT_RISK,15.37,TRAIN
cust-05236,m-020,19,14,3286.64,234.76,38.28,1531.2,10,1,356,25.9,0.5,0.429,REGULAR,3.99,TRAIN
cust-05237,m-038,187,4,317.18,79.3,42.2,129.55,3,1,340,51.0,0.5,0.25,INACTIVE,100.0,TRAIN
cust-05238,m-023,29,11,3438.32,312.57,26.95,1141.29,8,1,340,31.1,0.455,0.455,REGULAR,6.38,TEST
cust-05239,m-031,22,10,1192.54,119.25,41.64,437.85,8,1,363,37.9,0.2,0.3,REGULAR,4.53,VALIDATION
cust-05240,m-045,36,10,945.19,94.52,39.71,188.66,7,1,298,29.1,0.2,0.3,AT_RISK,19.38,TRAIN
cust-05241,m-024,18,9,2623.17,291.46,23.95,768.52,7,1,347,41.1,0.556,0.444,REGULAR,3.88,TEST
cust-05242,m-017,24,7,4614.54,659.22,29.94,2252.88,5,1,277,42.2,0.143,0.571,REGULAR,6.47,TRAIN
cust-05243,m-002,18,10,10233.19,1023.32,237.28,2972.2,6,1,329,34.6,0.5,0.2,REGULAR,4.09,TRAIN
cust-05245,m-032,31,12,13648.66,1137.39,333.71,2083.19,7,1,329,27.1,0.333,0.25,AT_RISK,12.9,TRAIN
cust-05246,m-009,1,4,309.39,77.35,52.72,133.14,4,1,350,116.3,0.25,0.5,REGULAR,0.21,VALIDATION
cust-05248,m-002,36,9,11169.93,1241.1,237.28,2972.2,6,1,358,40.2,0.222,0.222,AT_RISK,7.52,TRAIN
cust-05249,m-020,30,5,527.72,105.54,38.28,186.44,4,1,331,75.2,0.2,0.6,REGULAR,6.78,TRAIN
cust-05250,m-029,43,9,3367.39,374.15,44.48,1408.8,6,1,360,39.6,0.222,0.111,AT_RISK,14.03,TRAIN
cust-05252,m-007,51,8,5435.66,679.46,206.76,1357.85,4,1,260,29.9,0.125,0.25,AT_RISK,46.31,TRAIN
cust-05253,m-010,181,4,869.0,217.25,89.04,387.04,4,1,304,41.0,0.25,0.5,INACTIVE,100.0,TRAIN
cust-05254,m-009,16,8,725.58,90.7,39.11,138.13,7,1,335,45.6,0.125,0.375,REGULAR,3.57,VALIDATION
cust-05255,m-025,89,8,9380.0,1172.5,391.84,2088.28,4,1,210,17.3,0.5,0.375,INACTIVE,100.0,TRAIN
cust-05256,m-043,44,4,3766.53,941.63,269.88,2567.7,3,1,266,74.0,0.0,0.0,AT_RISK,12.36,VALIDATION
cust-05257,m-041,22,11,2747.02,249.73,27.29,714.88,7,1,347,32.5,0.455,0.455,REGULAR,4.74,TRAIN
cust-05258,m-028,2,8,4144.56,518.07,23.81,2199.69,7,1,321,45.6,0.125,0.25,REGULAR,0.47,TEST
cust-05259,m-009,67,6,655.0,109.17,30.99,266.55,5,1,245,35.6,0.333,0.167,INACTIVE,67.53,TRAIN
cust-05260,m-040,28,11,4406.49,400.59,32.37,1148.24,7,1,316,28.8,0.455,0.455,REGULAR,6.62,TEST
cust-05261,m-021,47,6,1330.86,221.81,39.92,576.02,6,1,320,54.6,0.667,0.0,AT_RISK,10.98,VALIDATION
cust-05262,m-020,23,13,1449.55,111.5,38.28,363.66,10,1,364,28.4,0.231,0.615,REGULAR,4.73,TRAIN
cust-05263,m-036,32,15,2011.64,134.11,28.43,743.16,10,1,325,20.9,0.2,0.267,AT_RISK,24.01,TRAIN
cust-05264,m-005,58,10,3651.49,365.15,54.06,1264.0,7,1,360,33.6,0.2,0.6,AT_RISK,48.65,TRAIN
cust-05265,m-003,5,7,1525.09,217.87,64.31,409.29,6,1,363,59.7,0.571,0.429,REGULAR,1.03,TRAIN
cust-05266,m-010,73,6,1156.65,192.78,31.82,508.72,6,1,255,36.4,0.167,0.667,INACTIVE,76.29,TRAIN
cust-05267,m-039,6,12,1726.47,143.87,88.81,263.1,4,1,329,29.4,0.417,0.083,REGULAR,1.36,TRAIN
cust-05268,m-002,19,9,8675.59,963.95,237.28,2972.2,6,1,266,30.9,0.556,0.222,REGULAR,5.34,TRAIN
cust-05269,m-008,14,13,13514.22,1039.56,266.13,2774.3,6,1,329,26.2,0.308,0.308,REGULAR,3.18,TRAIN
cust-05270,m-043,21,11,7908.54,718.96,269.88,2567.7,6,1,353,33.2,0.182,0.273,REGULAR,4.45,TRAIN
cust-05271,m-036,29,13,1605.33,123.49,28.43,600.96,8,1,359,27.5,0.462,0.231,REGULAR,8.29,VALIDATION
cust-05272,m-006,34,10,1865.92,186.59,87.62,310.45,3,1,352,35.3,0.1,0.1,AT_RISK,7.22,TRAIN
cust-05273,m-036,4,4,386.05,96.51,30.39,150.24,4,1,107,34.3,0.5,0.5,REGULAR,2.78,TRAIN
cust-05274,m-046,27,10,6433.15,643.31,34.98,2892.52,5,1,334,34.1,0.5,0.4,REGULAR,6.04,TRAIN
cust-05275,m-001,2,7,1144.39,163.48,35.57,569.2,5,1,324,53.7,0.429,0.286,REGULAR,0.46,TEST
cust-05276,m-001,4,13,956.37,73.57,35.19,142.3,9,1,348,28.7,0.231,0.385,REGULAR,0.86,TRAIN
cust-05277,m-019,17,13,844.11,64.93,30.62,183.1,9,1,250,19.4,0.385,0.231,REGULAR,5.08,TRAIN
cust-05278,m-013,18,12,11637.48,969.79,271.73,2897.77,7,1,363,31.4,0.25,0.5,REGULAR,3.71,TRAIN
cust-05279,m-031,25,12,1518.98,126.58,41.64,403.53,9,1,356,30.1,0.25,0.417,REGULAR,5.25,TRAIN
cust-05280,m-018,44,10,927.98,92.8,37.52,216.44,9,1,331,31.9,0.2,0.5,AT_RISK,28.09,TRAIN
cust-05281,m-029,13,9,3388.45,376.49,44.48,1070.88,6,1,333,40.0,0.222,0.556,REGULAR,2.92,TRAIN
cust-05282,m-001,30,10,1432.51,143.25,36.39,339.54,8,1,327,33.0,0.4,0.1,REGULAR,6.86,TRAIN
cust-05284,m-005,63,11,4152.27,377.48,25.41,1264.0,7,1,359,29.6,0.455,0.364,INACTIVE,63.22,VALIDATION
cust-05285,m-023,50,13,4315.35,331.95,26.95,965.74,6,1,353,25.2,0.308,0.077,AT_RISK,47.79,TRAIN
cust-05286,m-026,74,6,876.15,146.02,40.34,334.44,5,1,275,40.2,0.667,0.333,INACTIVE,70.81,TEST
cust-05287,m-039,0,8,1425.99,178.25,88.81,263.1,4,1,358,51.1,0.125,0.375,REGULAR,0.0,TEST
cust-05288,m-021,8,9,1657.44,184.16,39.92,576.02,6,1,326,39.8,0.222,0.333,REGULAR,1.83,TRAIN
cust-05289,m-018,51,6,539.11,89.85,45.57,145.28,5,1,236,37.0,0.167,0.333,AT_RISK,37.14,TRAIN
cust-05290,m-036,59,10,1766.84,176.68,28.43,743.16,8,1,355,32.9,0.2,0.2,AT_RISK,51.58,VALIDATION
cust-05291,m-033,5,11,15829.71,1439.06,348.67,2575.37,6,1,341,33.6,0.545,0.273,REGULAR,1.1,TEST
cust-05292,m-007,102,6,6945.37,1157.56,486.95,2427.55,6,1,331,45.8,0.333,0.5,INACTIVE,100.0,VALIDATION
cust-05293,m-032,181,7,9361.15,1337.31,831.37,2083.19,3,1,361,30.0,0.571,0.429,INACTIVE,100.0,TRAIN
cust-05294,m-013,41,6,8525.38,1420.9,271.73,2532.63,4,1,264,44.6,0.333,0.667,AT_RISK,11.6,TEST
cust-05295,m-029,7,12,2268.02,189.0,49.74,469.6,10,1,357,31.8,0.167,0.333,REGULAR,1.47,TRAIN
cust-05296,m-040,2,6,2473.16,412.19,75.05,803.42,4,1,301,59.8,0.333,0.333,REGULAR,0.5,TRAIN
cust-05297,m-023,25,10,2467.02,246.7,62.45,743.92,4,1,262,26.3,0.3,0.1,REGULAR,7.13,VALIDATION
cust-05298,m-015,96,7,594.37,84.91,42.0,183.86,5,1,259,27.2,0.143,0.571,INACTIVE,100.0,TRAIN
cust-05299,m-027,51,4,1649.9,412.48,67.39,1163.0,3,1,353,100.7,0.25,0.25,AT_RISK,10.81,TRAIN
cust-05301,m-001,16,9,1163.24,129.25,47.84,332.88,7,1,248,29.0,0.222,0.111,REGULAR,4.82,TRAIN
cust-05302,m-041,1,7,3222.24,460.32,30.43,1629.69,6,1,313,52.0,0.429,0.429,REGULAR,0.24,TRAIN
cust-05303,m-042,43,8,749.36,93.67,30.27,237.72,7,1,306,37.6,0.5,0.5,AT_RISK,18.6,TRAIN
cust-05305,m-047,10,9,1329.33,147.7,30.31,267.26,6,1,362,44.0,0.556,0.778,REGULAR,2.07,TEST
cust-05306,m-022,8,9,13100.59,1455.62,410.45,4174.73,6,1,283,34.4,0.444,0.111,REGULAR,2.11,TRAIN
cust-05307,m-025,54,6,7449.64,1241.61,685.18,2088.28,4,1,320,53.2,0.5,0.333,AT_RISK,13.82,VALIDATION
cust-05308,m-018,42,7,700.57,100.08,52.59,142.43,6,1,316,45.7,0.286,0.571,AT_RISK,9.94,VALIDATION
cust-05309,m-029,35,13,4668.98,359.15,24.87,934.76,10,1,338,25.2,0.231,0.462,AT_RISK,22.44,TRAIN
cust-05310,m-007,18,7,10230.81,1461.54,206.76,2427.55,5,1,337,53.2,0.286,0.0,REGULAR,3.99,TRAIN
cust-05311,m-008,78,7,5286.49,755.21,266.13,1942.06,5,1,323,40.8,0.429,0.286,INACTIVE,73.86,TRAIN
cust-05312,m-038,112,6,688.21,114.7,103.23,172.06,2,1,308,39.2,0.333,0.333,INACTIVE,100.0,TEST
cust-05313,m-026,53,8,802.91,100.36,28.65,279.6,7,1,286,33.3,0.25,0.25,AT_RISK,43.4,TRAIN
cust-05314,m-019,55,12,1314.31,109.53,30.62,234.56,8,1,344,26.3,0.333,0.0,AT_RISK,55.01,TEST
cust-05315,m-015,21,11,1871.03,170.09,38.47,571.29,8,1,360,33.9,0.273,0.273,REGULAR,4.36,TRAIN
cust-05316,m-045,49,9,882.02,98.0,36.65,282.99,7,1,355,38.2,0.333,0.333,AT_RISK,26.52,TRAIN
cust-05317,m-024,5,8,5038.86,629.86,35.32,2856.12,5,1,291,40.9,0.5,0.75,REGULAR,1.28,TRAIN
cust-05318,m-012,192,6,1690.62,281.77,118.06,527.88,4,1,354,32.4,0.333,0.0,INACTIVE,100.0,TRAIN
cust-05319,m-043,36,5,3474.98,695.0,411.29,1103.72,4,1,208,43.0,0.4,0.2,AT_RISK,12.92,TRAIN
cust-05320,m-005,18,12,3678.58,306.55,25.41,1264.0,7,1,352,30.4,0.25,0.417,REGULAR,3.82,TRAIN
cust-05321,m-040,73,10,2114.58,211.46,32.37,574.12,7,1,349,30.7,0.1,0.5,INACTIVE,79.09,TRAIN
cust-05322,m-004,117,2,1754.96,877.48,482.75,1272.21,2,1,354,237.0,1.0,0.0,INACTIVE,24.72,TRAIN
cust-05323,m-020,14,6,1275.17,212.53,92.44,348.81,5,1,359,69.0,0.5,0.5,REGULAR,2.92,TRAIN
cust-05324,m-044,20,5,867.44,173.49,26.36,670.08,4,1,352,83.0,0.2,0.4,REGULAR,4.25,TRAIN
cust-05325,m-004,21,3,4292.73,1430.91,781.69,1789.15,3,1,266,122.5,0.0,0.0,NEW,5.9,TRAIN
cust-05326,m-030,4,11,1506.9,136.99,27.38,511.8,6,1,321,31.7,0.455,0.273,REGULAR,0.93,TRAIN
cust-05327,m-027,14,11,3535.1,321.37,27.71,678.06,7,1,360,34.6,0.273,0.273,REGULAR,2.91,TRAIN
cust-05328,m-009,67,9,931.35,103.48,30.99,266.55,7,1,361,36.8,0.444,0.444,INACTIVE,59.18,TRAIN
cust-05329,m-026,39,5,640.55,128.11,43.96,359.52,4,1,363,81.0,0.6,0.4,AT_RISK,8.04,TRAIN
cust-05330,m-010,139,9,1039.89,115.54,44.29,193.52,5,1,330,23.9,0.222,0.222,INACTIVE,100.0,TRAIN
cust-05331,m-016,78,8,969.36,121.17,75.51,171.95,3,1,290,30.3,0.25,0.0,INACTIVE,91.65,VALIDATION
cust-05332,m-005,32,14,3141.5,224.39,42.51,628.58,9,1,364,25.5,0.286,0.286,AT_RISK,16.33,TEST
cust-05333,m-015,65,7,784.91,112.13,51.71,218.22,6,1,332,44.5,0.429,0.571,INACTIVE,45.39,TRAIN
cust-05334,m-009,54,9,1740.21,193.36,35.76,376.5,8,1,196,17.8,0.444,0.222,AT_RISK,74.86,TRAIN
cust-05335,m-025,10,11,15870.21,1442.75,685.18,2224.07,6,1,364,35.4,0.545,0.091,REGULAR,2.05,TRAIN
cust-05336,m-037,1,13,1281.91,98.61,33.5,315.66,10,1,331,27.5,0.308,0.231,REGULAR,0.23,VALIDATION
cust-05338,m-041,44,4,2170.01,542.5,60.86,1167.6,3,1,299,85.0,0.5,0.0,AT_RISK,11.0,TRAIN
cust-05339,m-008,110,11,12593.23,1144.84,266.13,1942.06,5,1,363,25.3,0.455,0.182,INACTIVE,100.0,TRAIN
cust-05340,m-017,3,8,2729.3,341.16,29.94,563.22,5,1,323,45.7,0.375,0.25,REGULAR,0.69,TRAIN
cust-05341,m-032,143,3,4471.45,1490.48,644.7,2083.19,3,1,347,102.0,0.333,0.0,INACTIVE,92.32,TRAIN
cust-05342,m-044,103,6,3027.84,504.64,52.72,1190.6,4,1,326,44.6,0.667,0.333,INACTIVE,100.0,TRAIN
cust-05343,m-034,9,6,637.54,106.26,26.72,167.16,4,1,238,45.8,0.167,0.0,REGULAR,2.82,TRAIN
cust-05344,m-045,29,11,966.69,87.88,36.65,233.62,9,1,316,28.7,0.364,0.273,REGULAR,7.31,TEST
cust-05345,m-011,208,8,574.92,71.86,38.53,148.79,6,1,349,20.1,0.375,0.5,INACTIVE,100.0,TRAIN
cust-05346,m-010,54,12,1334.57,111.21,31.82,215.76,7,1,334,25.5,0.417,0.417,AT_RISK,54.84,TRAIN
cust-05347,m-012,4,10,3678.73,367.87,82.22,797.22,5,1,306,33.6,0.4,0.4,REGULAR,0.98,TRAIN
cust-05348,m-030,109,9,2546.24,282.92,27.38,511.8,6,1,358,31.1,0.333,0.556,INACTIVE,100.0,VALIDATION
cust-05349,m-032,43,3,3817.67,1272.56,867.24,2083.19,2,1,331,144.0,0.0,1.0,NEW,9.71,TRAIN
cust-05350,m-010,56,14,1739.8,124.27,31.82,310.8,10,1,332,21.2,0.286,0.286,AT_RISK,64.81,TEST
cust-05351,m-005,11,8,1132.54,141.57,25.41,314.29,4,1,253,34.6,0.25,0.375,REGULAR,3.25,TRAIN
cust-05352,m-046,29,6,2133.98,355.66,22.76,870.44,5,1,344,63.0,0.167,0.333,REGULAR,6.3,TEST
cust-05353,m-007,124,6,7353.65,1225.61,486.95,2427.55,6,1,287,32.6,0.333,0.5,INACTIVE,100.0,TRAIN
cust-05354,m-014,88,10,8982.49,898.25,482.82,1579.66,6,1,301,23.7,0.4,0.3,INACTIVE,100.0,TRAIN
cust-05355,m-003,8,13,3674.91,282.69,27.64,664.0,8,1,359,29.2,0.077,0.385,REGULAR,1.67,TRAIN
cust-05356,m-036,0,10,1020.32,102.03,30.39,185.79,8,1,353,39.2,0.4,0.2,REGULAR,0.0,TEST
cust-05357,m-031,26,9,1330.87,147.87,57.06,538.04,5,1,364,42.2,0.333,0.222,REGULAR,5.34,TRAIN
cust-05358,m-041,21,7,1269.2,181.31,27.29,543.23,5,1,300,46.5,0.286,0.0,REGULAR,5.23,TEST
cust-05359,m-023,18,7,1154.11,164.87,26.95,585.24,6,1,346,54.7,0.286,0.143,REGULAR,3.89,VALIDATION
cust-05360,m-040,66,9,3708.45,412.05,32.37,1722.36,6,1,362,37.0,0.333,0.222,INACTIVE,57.14,TRAIN
cust-05361,m-017,37,13,4845.23,372.71,29.94,1360.04,6,1,348,25.9,0.231,0.231,AT_RISK,24.6,TRAIN
cust-05362,m-028,40,8,3303.52,412.94,23.81,1466.46,5,1,271,33.0,0.625,0.0,AT_RISK,21.53,TEST
cust-05363,m-047,21,10,1182.7,118.27,30.31,276.4,7,1,347,36.2,0.2,0.2,REGULAR,4.53,TRAIN
cust-05364,m-024,15,6,4084.74,680.79,62.58,1166.16,5,1,211,39.2,0.167,0.0,REGULAR,5.31,TRAIN
cust-05365,m-035,16,7,11067.74,1581.11,906.97,2412.27,5,1,343,54.5,0.143,0.143,REGULAR,3.49,TRAIN
cust-05366,m-045,66,12,1576.76,131.4,50.26,325.74,7,1,359,26.6,0.25,0.333,INACTIVE,72.85,TRAIN
cust-05367,m-009,35,6,1023.38,170.56,61.55,414.39,6,1,348,62.6,0.5,0.5,AT_RISK,7.52,TRAIN
cust-05368,m-001,12,17,1771.44,104.2,35.57,358.04,10,1,362,21.9,0.529,0.353,LOYAL,2.48,TEST
cust-05369,m-030,16,10,2526.47,252.65,27.38,1535.4,5,1,362,38.4,0.2,0.2,REGULAR,3.31,TRAIN
cust-05370,m-036,72,4,3636.34,909.08,83.92,3101.68,4,1,355,94.3,0.5,0.0,INACTIVE,15.17,TRAIN
cust-05371,m-028,33,9,2012.44,223.6,31.9,733.23,6,1,351,39.8,0.556,0.444,AT_RISK,7.03,TRAIN
cust-05372,m-016,73,8,2133.83,266.73,75.51,445.18,4,1,255,26.0,0.25,0.25,INACTIVE,91.89,TEST
cust-05373,m-002,26,9,9295.76,1032.86,237.28,2972.2,6,1,352,40.8,0.333,0.667,REGULAR,5.52,TRAIN
cust-05374,m-001,4,13,1776.62,136.66,35.57,490.48,9,1,344,28.3,0.462,0.231,REGULAR,0.87,TRAIN
cust-05375,m-002,67,9,8916.45,990.72,237.28,2348.26,5,1,344,34.6,0.333,0.222,INACTIVE,63.17,TRAIN
cust-05376,m-010,40,10,1272.31,127.23,31.82,356.16,9,1,323,31.4,0.4,0.3,AT_RISK,22.16,TEST
cust-05377,m-009,13,14,2217.73,158.41,35.76,552.52,10,1,338,25.0,0.143,0.143,REGULAR,2.88,TEST
cust-05378,m-042,16,12,1965.72,163.81,39.21,336.66,7,1,318,27.5,0.417,0.417,REGULAR,3.76,TRAIN
cust-05379,m-047,5,9,677.1,75.23,31.12,151.52,7,1,345,42.5,0.556,0.444,REGULAR,1.08,TRAIN
cust-05380,m-045,10,7,908.47,129.78,39.71,488.61,7,1,348,56.3,0.429,0.0,REGULAR,2.15,TRAIN
cust-05381,m-021,46,7,1694.13,242.02,39.92,576.02,7,1,337,48.5,0.429,0.286,AT_RISK,10.21,TRAIN
cust-05382,m-020,26,8,1358.19,169.77,38.28,363.66,5,1,317,41.6,0.375,0.625,REGULAR,6.13,TRAIN
cust-05383,m-026,20,7,870.35,124.34,28.65,239.68,6,1,258,39.7,0.286,0.143,REGULAR,5.79,VALIDATION
cust-05385,m-033,67,10,11693.76,1169.38,794.69,2575.37,4,1,305,26.4,0.5,0.6,INACTIVE,77.32,TRAIN
cust-05386,m-012,7,11,5454.37,495.85,113.76,1594.44,5,1,329,32.2,0.364,0.273,REGULAR,1.59,TRAIN
cust-05387,m-038,130,3,667.26,222.42,129.55,365.65,3,1,277,73.5,0.667,0.0,INACTIVE,100.0,TRAIN
cust-05388,m-001,51,12,1043.27,86.94,35.19,226.36,8,1,340,26.3,0.333,0.25,AT_RISK,48.27,VALIDATION
cust-05389,m-009,36,7,853.29,121.9,66.56,276.26,5,1,353,52.8,0.429,0.286,AT_RISK,7.63,TRAIN
cust-05391,m-021,44,9,4332.18,481.35,107.37,1728.06,7,1,349,38.1,0.333,0.333,AT_RISK,18.28,TRAIN
cust-05392,m-039,3,12,1674.63,139.55,88.81,263.1,5,1,310,27.9,0.417,0.5,REGULAR,0.72,TRAIN
cust-05393,m-015,16,11,1200.2,109.11,42.0,245.19,9,1,342,32.6,0.182,0.364,REGULAR,3.5,TEST
cust-05394,m-029,28,9,2755.61,306.18,49.74,1070.88,5,1,267,29.9,0.333,0.444,REGULAR,7.84,TRAIN
cust-05395,m-036,97,4,407.93,101.98,58.11,185.72,3,1,252,51.7,0.0,0.25,INACTIVE,96.7,TRAIN
cust-05396,m-023,11,11,3425.92,311.45,104.64,760.41,7,1,333,32.2,0.364,0.364,REGULAR,2.47,TRAIN
cust-05397,m-046,28,9,1752.37,194.71,22.76,445.43,6,1,359,41.4,0.667,0.444,REGULAR,5.83,TRAIN
cust-05398,m-013,36,14,22185.46,1584.68,271.73,2897.77,6,1,297,20.1,0.357,0.429,AT_RISK,32.91,TRAIN
cust-05399,m-037,20,8,1039.59,129.95,33.5,473.49,7,1,348,46.9,0.375,0.5,REGULAR,4.3,TRAIN
cust-05400,m-025,8,6,7745.37,1290.9,685.18,2224.07,5,1,355,69.4,0.5,0.333,REGULAR,1.69,VALIDATION
cust-05401,m-031,19,4,393.63,98.41,43.32,177.6,4,1,201,60.7,0.5,0.0,REGULAR,7.05,TEST
cust-05402,m-026,9,7,528.46,75.49,44.24,115.83,6,1,210,33.5,0.143,0.429,REGULAR,3.2,TEST
cust-05403,m-035,15,8,8698.73,1087.34,390.48,1635.59,5,1,357,48.9,0.375,0.5,REGULAR,3.14,TRAIN
cust-05404,m-042,11,11,927.38,84.31,30.27,262.53,9,1,346,33.5,0.182,0.182,REGULAR,2.38,VALIDATION
cust-05406,m-046,97,5,3256.59,651.32,517.8,723.13,4,1,331,58.5,0.0,0.0,INACTIVE,79.66,TEST
cust-05407,m-038,59,9,1347.08,149.68,42.2,365.65,5,1,360,37.6,0.333,0.444,AT_RISK,44.36,VALIDATION
cust-05408,m-021,46,14,4449.17,317.8,22.25,1728.06,10,1,331,21.9,0.286,0.643,AT_RISK,46.54,TEST
cust-05409,m-003,37,12,5433.64,452.8,27.64,1321.96,8,1,287,22.7,0.25,0.25,AT_RISK,31.09,TRAIN
cust-05410,m-041,5,8,343.64,42.96,27.29,82.06,4,1,330,46.4,0.625,0.375,REGULAR,1.13,TRAIN
cust-05411,m-037,61,6,940.3,156.72,48.34,386.55,5,1,353,58.4,0.5,0.167,INACTIVE,16.82,TRAIN
cust-05412,m-038,28,9,1758.25,195.36,42.2,365.65,5,1,349,40.1,0.333,0.333,REGULAR,6.0,TEST
cust-05413,m-041,49,10,4022.47,402.25,30.43,1072.32,7,1,350,33.4,0.3,0.4,AT_RISK,33.87,TRAIN
cust-05414,m-024,4,9,1560.04,173.34,23.95,384.26,7,1,333,41.1,0.333,0.111,REGULAR,0.9,TRAIN
cust-05415,m-027,55,6,1826.83,304.47,27.71,678.06,5,1,300,49.0,0.333,0.333,AT_RISK,22.7,TRAIN
cust-05416,m-014,26,5,4461.11,892.22,482.82,1579.66,4,1,361,83.8,0.6,0.4,REGULAR,5.39,TRAIN
cust-05417,m-029,18,7,1444.28,206.33,53.41,601.28,5,1,327,51.5,0.571,0.429,REGULAR,4.12,TRAIN
cust-05418,m-044,86,7,2667.51,381.07,26.36,903.42,5,1,359,45.5,0.286,0.571,INACTIVE,78.67,TRAIN
cust-05419,m-033,23,9,10423.65,1158.18,348.67,2575.37,6,1,356,41.6,0.333,0.333,REGULAR,4.83,TRAIN
cust-05420,m-013,4,4,4403.06,1100.77,271.73,2532.63,4,1,352,116.0,0.5,0.0,REGULAR,0.85,TRAIN
cust-05421,m-038,30,6,722.33,120.39,42.2,172.06,4,1,318,57.6,0.167,0.667,REGULAR,7.05,TRAIN
cust-05423,m-026,20,12,994.69,82.89,28.65,175.34,7,1,332,28.4,0.417,0.417,REGULAR,4.5,TRAIN
cust-05424,m-043,130,7,4772.82,681.83,336.04,900.25,3,1,336,34.3,0.571,0.571,INACTIVE,100.0,TRAIN
cust-05425,m-039,30,8,1010.46,126.31,91.89,263.1,4,1,189,22.7,0.25,0.375,REGULAR,22.79,TRAIN
cust-05426,m-032,33,4,2349.36,587.34,333.71,1037.24,3,1,361,109.3,0.5,0.5,AT_RISK,6.84,TRAIN
cust-05427,m-016,117,6,1088.57,181.43,75.51,445.18,4,1,346,45.8,0.5,0.5,INACTIVE,100.0,TRAIN
cust-05428,m-010,66,7,624.09,89.16,27.0,193.52,7,1,355,48.2,0.429,0.857,INACTIVE,40.6,VALIDATION
cust-05429,m-013,115,7,10512.36,1501.77,271.73,2897.77,5,1,277,27.0,0.286,0.429,INACTIVE,100.0,TRAIN
cust-05430,m-026,33,5,743.34,148.67,44.24,334.44,5,1,110,19.2,0.4,0.2,AT_RISK,43.0,TRAIN
cust-05431,m-039,38,7,857.49,122.5,88.81,263.1,4,1,326,48.0,0.429,0.429,AT_RISK,8.72,TEST
cust-05432,m-021,2,13,3657.6,281.35,22.25,999.24,9,1,317,26.2,0.231,0.231,REGULAR,0.47,TRAIN
cust-05433,m-010,124,7,1085.5,155.07,44.29,323.64,6,1,362,39.7,0.286,0.286,INACTIVE,100.0,VALIDATION
cust-05434,m-019,63,7,1025.68,146.53,56.78,252.72,5,1,316,42.2,0.143,0.286,INACTIVE,46.11,TEST
cust-05435,m-024,27,7,1239.32,177.05,35.32,411.16,5,1,361,55.7,0.429,0.286,REGULAR,5.59,TRAIN
cust-05436,m-009,62,5,576.66,115.33,91.14,138.13,3,1,332,67.5,0.2,0.6,INACTIVE,13.96,TRAIN
cust-05437,m-032,32,5,6234.94,1246.99,333.71,2083.19,4,1,187,38.8,0.6,0.4,AT_RISK,12.77,TRAIN
cust-05438,m-009,51,12,1403.92,116.99,30.99,243.26,9,1,363,28.4,0.25,0.25,AT_RISK,44.41,TRAIN
cust-05439,m-017,112,9,2042.91,226.99,29.94,566.28,6,1,317,25.6,0.111,0.444,INACTIVE,100.0,TRAIN
cust-05441,m-037,0,5,290.23,58.05,44.95,99.26,4,1,311,77.8,0.0,0.2,REGULAR,0.0,TRAIN
cust-05442,m-029,25,7,1520.26,217.18,24.87,601.28,5,1,339,52.3,0.286,0.429,REGULAR,5.51,VALIDATION
cust-05444,m-044,32,9,2061.9,229.1,26.36,595.3,7,1,290,32.2,0.333,0.111,AT_RISK,8.25,TRAIN
cust-05445,m-017,37,5,1009.23,201.85,61.67,340.01,4,1,332,73.8,0.4,0.6,AT_RISK,8.33,TRAIN
cust-05446,m-011,14,6,1526.43,254.4,48.92,548.43,5,1,272,51.6,0.333,0.5,REGULAR,3.85,VALIDATION
cust-05447,m-016,51,6,1071.08,178.51,75.51,445.18,5,1,270,43.8,0.5,0.667,AT_RISK,24.91,TRAIN
cust-05448,m-025,166,9,10348.36,1149.82,391.84,2224.07,6,1,330,20.5,0.444,0.222,INACTIVE,100.0,TRAIN
cust-05449,m-002,6,7,6714.26,959.18,237.28,2348.26,5,1,300,49.0,0.143,0.429,REGULAR,1.5,TRAIN
cust-05450,m-036,130,7,617.5,88.21,52.79,188.82,3,1,330,33.3,0.571,0.429,INACTIVE,100.0,TEST
cust-05452,m-036,11,9,1208.82,134.31,52.79,268.08,7,1,295,35.5,0.111,0.444,REGULAR,2.79,TRAIN
cust-05453,m-036,25,12,1180.55,98.38,28.43,185.79,8,1,354,29.9,0.25,0.167,REGULAR,5.28,TRAIN
cust-05454,m-043,64,7,6187.58,883.94,269.88,2567.7,4,1,359,49.2,0.286,0.571,INACTIVE,35.53,TEST
cust-05455,m-037,43,5,1007.94,201.59,33.5,494.1,4,1,270,56.8,0.6,0.2,AT_RISK,11.9,TRAIN
cust-05456,m-033,14,4,4879.53,1219.88,539.82,2575.37,4,1,165,50.3,0.5,0.75,REGULAR,6.33,TEST
cust-05457,m-037,30,7,996.11,142.3,31.54,257.7,6,1,300,45.0,0.143,0.429,REGULAR,7.48,TEST
cust-05458,m-029,25,9,2615.93,290.66,44.48,701.07,6,1,327,37.8,0.444,0.222,REGULAR,5.72,TRAIN
cust-05459,m-030,29,11,2798.13,254.38,27.38,536.85,8,1,343,31.4,0.455,0.273,REGULAR,6.32,TRAIN
cust-05460,m-032,141,5,4777.25,955.45,333.71,1743.56,4,1,338,49.2,0.2,0.4,INACTIVE,100.0,TRAIN
cust-05461,m-045,66,10,889.39,88.94,39.71,162.87,8,1,337,30.1,0.0,0.6,INACTIVE,68.49,TRAIN
cust-05463,m-039,72,6,818.02,136.34,88.81,263.1,5,1,208,27.2,0.167,0.167,INACTIVE,93.04,TRAIN
cust-05464,m-004,4,4,3441.76,860.44,482.75,1789.15,3,1,306,100.7,0.75,0.25,REGULAR,0.98,TRAIN
cust-05465,m-042,4,8,1280.46,160.06,31.7,403.12,6,1,328,46.3,0.5,0.375,REGULAR,0.91,TRAIN
cust-05466,m-013,9,7,9578.7,1368.39,556.98,2532.63,6,1,228,36.5,0.571,0.286,REGULAR,2.95,TEST
cust-05467,m-025,236,6,5795.92,965.99,391.84,2088.28,4,1,355,23.8,0.667,0.5,INACTIVE,100.0,TRAIN
cust-05468,m-042,60,8,879.95,109.99,31.7,319.89,7,1,282,31.7,0.375,0.375,AT_RISK,58.35,TRAIN
cust-05469,m-005,1,8,3141.82,392.73,63.04,1264.0,5,1,198,28.1,0.25,0.25,REGULAR,0.38,TRAIN
cust-05471,m-044,134,9,1732.48,192.5,38.7,602.28,7,1,352,27.2,0.333,0.111,INACTIVE,100.0,TRAIN
cust-05472,m-039,105,8,759.37,94.92,88.81,104.08,3,1,331,32.3,0.125,0.125,INACTIVE,100.0,VALIDATION
cust-05473,m-029,2,17,6472.44,380.73,53.41,1408.8,9,1,355,22.1,0.294,0.235,LOYAL,0.42,TRAIN
cust-05474,m-044,96,5,1224.55,244.91,38.7,595.3,5,1,308,53.0,0.6,0.2,INACTIVE,87.8,TEST
cust-05475,m-031,29,6,598.08,99.68,30.71,207.68,5,1,290,52.2,0.0,0.333,REGULAR,7.47,TRAIN
cust-05476,m-019,11,8,969.09,121.14,32.1,333.0,5,1,344,47.6,0.5,0.25,REGULAR,2.39,TRAIN
cust-05477,m-029,47,9,3019.38,335.49,62.52,713.92,6,1,349,37.8,0.333,0.444,AT_RISK,23.87,TRAIN
cust-05478,m-006,47,12,1734.79,144.57,85.78,310.45,5,1,336,26.3,0.25,0.25,AT_RISK,41.51,TRAIN
cust-05479,m-001,9,14,1938.51,138.46,35.57,284.6,9,1,339,25.4,0.143,0.571,REGULAR,1.99,VALIDATION
cust-05481,m-010,98,8,672.19,84.02,27.0,135.04,7,1,339,34.4,0.375,0.25,INACTIVE,100.0,TRAIN
cust-05483,m-001,11,12,1189.28,99.11,35.57,184.14,10,1,329,28.9,0.333,0.333,REGULAR,2.5,TEST
cust-05484,m-031,51,7,700.41,100.06,30.71,269.02,6,1,345,49.0,0.143,0.571,AT_RISK,14.05,TRAIN
cust-05485,m-028,7,7,2078.56,296.94,114.16,449.62,5,1,303,49.3,0.143,0.429,REGULAR,1.73,TRAIN
cust-05486,m-023,22,10,3235.55,323.55,53.9,994.92,9,1,283,29.0,0.4,0.6,REGULAR,5.81,TRAIN
cust-05487,m-019,34,6,505.99,84.33,32.1,159.8,5,1,315,56.2,0.333,0.167,AT_RISK,8.07,TRAIN
cust-05488,m-019,38,8,842.4,105.3,33.58,266.73,7,1,291,36.1,0.375,0.5,AT_RISK,12.61,TEST
cust-05489,m-030,1,11,2196.89,199.72,27.38,1023.6,6,1,334,33.3,0.636,0.273,REGULAR,0.22,TRAIN
cust-05490,m-037,47,14,1299.55,92.82,33.5,189.0,9,1,336,22.2,0.5,0.357,AT_RISK,47.66,TRAIN
cust-05491,m-034,1,13,1954.27,150.33,50.82,373.96,9,1,354,29.4,0.154,0.462,REGULAR,0.21,TEST
cust-05492,m-043,15,10,7023.98,702.4,269.88,2567.7,6,1,327,34.7,0.3,0.5,REGULAR,3.43,VALIDATION
cust-05493,m-033,29,10,6416.46,641.65,348.67,928.47,6,1,323,32.7,0.4,0.3,REGULAR,6.71,TRAIN
cust-05494,m-004,149,4,5715.68,1428.92,482.75,1789.15,3,1,291,47.3,0.25,0.0,INACTIVE,100.0,TRAIN
cust-05495,m-003,3,10,4036.45,403.64,32.96,1273.9,8,1,333,36.7,0.2,0.4,REGULAR,0.67,TRAIN
cust-05496,m-037,57,8,508.06,63.51,45.38,97.68,6,1,343,40.9,0.375,0.125,AT_RISK,36.58,TRAIN
cust-05497,m-024,26,13,6227.36,479.03,23.95,2856.12,8,1,361,27.9,0.462,0.231,REGULAR,5.39,TEST
cust-05498,m-008,34,15,16481.3,1098.75,266.13,2774.3,8,1,312,19.9,0.4,0.2,AT_RISK,29.3,TRAIN
cust-05499,m-017,26,4,770.25,192.56,78.78,315.12,2,1,140,38.0,0.25,0.25,REGULAR,13.83,TRAIN
cust-05500,m-047,29,9,1516.31,168.48,57.42,400.89,6,1,327,37.2,0.444,0.444,REGULAR,6.63,VALIDATION
cust-05501,m-037,89,7,797.11,113.87,44.95,315.66,6,1,358,44.8,0.143,0.286,INACTIVE,84.89,VALIDATION
cust-05502,m-045,1,10,870.84,87.08,36.65,205.6,9,1,319,35.3,0.1,0.2,REGULAR,0.23,TRAIN
cust-05503,m-010,3,9,807.58,89.73,31.82,193.52,7,1,291,36.0,0.333,0.333,REGULAR,0.77,VALIDATION
cust-05504,m-043,118,6,5513.63,918.94,269.88,2567.7,5,1,249,26.2,0.5,0.167,INACTIVE,100.0,TRAIN
cust-05505,m-037,88,7,1063.72,151.96,48.84,378.0,7,1,292,34.0,0.571,0.429,INACTIVE,100.0,VALIDATION
cust-05506,m-005,39,9,1916.44,212.94,42.51,632.0,8,1,317,34.8,0.444,0.556,AT_RISK,15.5,TRAIN
cust-05507,m-029,44,2,320.72,160.36,110.11,210.61,2,1,46,2.0,0.5,0.0,NEW,100.0,VALIDATION
cust-05508,m-030,18,10,3916.96,391.7,27.38,1128.3,7,1,269,27.9,0.5,0.4,REGULAR,5.0,TRAIN
cust-05509,m-006,10,12,1984.6,165.38,85.78,310.45,4,1,361,31.9,0.167,0.333,REGULAR,2.07,TRAIN
cust-05510,m-035,12,9,10049.9,1116.66,390.48,2412.27,8,1,307,36.9,0.333,0.333,REGULAR,2.92,TEST
cust-05511,m-029,71,6,1243.13,207.19,74.61,469.6,5,1,317,49.2,0.167,0.167,INACTIVE,49.45,TRAIN
cust-05512,m-038,6,10,1736.72,173.67,42.2,365.65,5,1,232,25.1,0.4,0.3,REGULAR,1.93,TRAIN
cust-05513,m-022,24,7,13549.7,1935.67,695.1,4174.73,5,1,216,32.0,0.143,0.286,REGULAR,8.29,TEST
cust-05514,m-001,4,15,1204.14,80.28,35.57,143.52,8,1,352,24.9,0.533,0.467,LOYAL,0.85,TRAIN
cust-05515,m-001,10,16,2102.33,131.4,35.57,569.2,9,1,343,22.2,0.625,0.438,LOYAL,2.18,TRAIN
cust-05516,m-043,24,10,6396.39,639.64,336.04,1103.72,5,1,337,34.8,0.1,0.5,REGULAR,5.33,VALIDATION
cust-05517,m-034,12,13,1500.38,115.41,26.72,757.8,8,1,291,23.2,0.538,0.385,REGULAR,3.08,TEST
cust-05518,m-019,50,12,1400.52,116.71,58.64,312.68,5,1,350,27.3,0.167,0.25,AT_RISK,44.73,TEST
cust-05519,m-008,63,9,8783.34,975.93,567.43,1942.06,6,1,288,28.1,0.333,0.556,INACTIVE,68.7,VALIDATION
cust-05520,m-009,20,6,753.71,125.62,51.51,276.26,5,1,360,68.0,0.0,0.167,REGULAR,4.16,TRAIN
cust-05521,m-040,6,9,2738.51,304.28,64.74,574.12,5,1,328,40.2,0.333,0.111,REGULAR,1.37,VALIDATION
cust-05522,m-003,81,6,2103.16,350.53,57.37,1227.87,5,1,346,53.0,0.5,0.5,INACTIVE,59.51,TRAIN
cust-05523,m-016,89,4,474.44,118.61,75.51,171.95,3,1,334,81.7,0.5,0.5,INACTIVE,30.88,VALIDATION
cust-05524,m-046,19,2,410.92,205.46,178.95,231.97,2,1,64,45.0,0.5,0.5,NEW,21.92,TRAIN
cust-05525,m-020,31,9,932.35,103.59,38.28,231.04,9,1,340,38.6,0.222,0.444,AT_RISK,6.82,TRAIN
cust-05526,m-041,33,12,3610.24,300.85,66.3,1086.46,9,1,332,27.2,0.25,0.167,AT_RISK,16.13,TRAIN
cust-05527,m-036,7,9,1238.11,137.57,28.43,371.58,7,1,310,37.9,0.333,0.222,REGULAR,1.69,TRAIN
cust-05528,m-021,5,11,3844.18,349.47,22.25,1152.04,8,1,364,35.9,0.455,0.455,REGULAR,1.03,TRAIN
cust-05529,m-025,35,6,7329.34,1221.56,391.84,2224.07,6,1,329,58.8,0.0,0.333,AT_RISK,7.95,TRAIN
cust-05530,m-002,14,8,5242.01,655.25,237.28,1485.43,5,1,363,49.9,0.25,0.375,REGULAR,2.88,TRAIN
cust-05531,m-022,10,7,10010.15,1430.02,695.1,4174.73,7,1,298,48.0,0.714,0.571,REGULAR,2.51,TEST
cust-05532,m-038,64,10,1294.13,129.41,42.2,365.65,5,1,357,32.6,0.3,0.5,INACTIVE,60.51,TRAIN
cust-05533,m-046,2,9,6469.52,718.84,59.65,2892.52,5,1,287,35.6,0.111,0.444,REGULAR,0.52,TRAIN
cust-05534,m-011,19,6,384.17,64.03,31.75,95.25,4,1,321,60.4,0.333,0.667,REGULAR,4.43,TRAIN
cust-05535,m-016,18,10,1796.86,179.69,75.51,445.18,5,1,349,36.8,0.3,0.3,REGULAR,3.86,TRAIN
cust-05536,m-030,27,12,3609.79,300.82,27.38,1023.6,7,1,360,30.3,0.167,0.333,REGULAR,5.61,TEST
cust-05537,m-014,13,7,5981.91,854.56,265.14,2109.87,6,1,360,57.8,0.429,0.286,REGULAR,2.7,VALIDATION
cust-05539,m-043,2,12,8799.96,733.33,269.88,2567.7,7,1,353,31.9,0.333,0.667,REGULAR,0.42,TRAIN
cust-05540,m-025,7,5,6104.01,1220.8,930.0,2224.07,3,1,355,87.0,0.4,0.0,REGULAR,1.47,TRAIN
cust-05541,m-029,37,7,2338.47,334.07,74.61,842.44,4,1,235,33.0,0.286,0.857,AT_RISK,17.76,VALIDATION
cust-05542,m-001,31,10,1692.75,169.28,36.39,391.86,8,1,355,36.0,0.5,0.6,AT_RISK,6.53,TRAIN
cust-05543,m-041,69,5,3042.87,608.57,265.2,1629.69,4,1,341,68.0,0.4,0.2,INACTIVE,16.63,TRAIN
cust-05544,m-028,31,5,2020.89,404.18,57.08,899.24,5,1,310,69.8,0.2,0.2,AT_RISK,7.48,TEST
cust-05545,m-046,51,6,1221.81,203.64,34.98,596.62,4,1,332,56.2,0.167,0.167,AT_RISK,11.49,TRAIN
cust-05546,m-023,19,13,4410.56,339.27,34.83,1521.72,8,1,342,26.9,0.385,0.231,REGULAR,4.15,VALIDATION
cust-05548,m-029,9,14,3090.08,220.72,24.87,713.92,9,1,333,24.9,0.357,0.286,REGULAR,2.02,TRAIN
cust-05549,m-010,22,3,379.28,126.43,54.0,193.52,3,1,235,106.5,0.333,0.667,NEW,6.99,TRAIN
cust-05550,m-047,3,6,510.59,85.1,36.72,149.64,5,1,285,56.4,0.333,0.0,REGULAR,0.79,TRAIN
cust-05551,m-007,152,7,5601.81,800.26,206.76,1357.85,4,1,324,28.7,0.143,0.0,INACTIVE,100.0,VALIDATION
cust-05552,m-038,44,4,701.66,175.42,103.23,365.65,3,1,319,91.7,0.5,0.0,AT_RISK,10.31,TRAIN
cust-05553,m-034,33,6,455.77,75.96,26.72,200.86,5,1,343,62.0,0.333,0.5,AT_RISK,7.19,TRAIN
cust-05554,m-033,22,9,15549.55,1727.73,348.67,2575.37,5,1,334,39.0,0.444,0.222,REGULAR,4.93,TRAIN
cust-05555,m-012,77,7,2476.61,353.8,82.22,797.22,4,1,363,47.7,0.0,0.714,INACTIVE,59.82,TRAIN
cust-05556,m-035,56,7,5758.19,822.6,390.48,1315.1,5,1,348,48.7,0.286,0.143,AT_RISK,22.98,TEST
cust-05557,m-001,18,15,1926.35,128.42,35.57,391.86,10,1,336,22.7,0.267,0.467,REGULAR,4.01,TRAIN
cust-05558,m-021,62,8,2268.42,283.55,89.0,576.02,8,1,360,42.6,0.25,0.25,INACTIVE,41.98,TRAIN
cust-05559,m-003,67,7,2999.16,428.45,32.96,1637.16,6,1,338,45.2,0.429,0.0,INACTIVE,47.52,TRAIN
cust-05560,m-004,163,3,4175.87,1391.96,732.09,1721.89,2,1,264,50.5,0.333,0.0,INACTIVE,100.0,TEST
cust-05561,m-033,61,8,8837.05,1104.63,348.67,2364.31,5,1,328,38.1,0.625,0.25,INACTIVE,48.26,TRAIN
cust-05563,m-036,23,10,1727.7,172.77,30.39,600.96,8,1,350,36.3,0.3,0.3,REGULAR,4.91,TRAIN
cust-05564,m-044,20,4,1018.32,254.58,77.4,358.78,3,1,173,51.0,0.25,0.25,REGULAR,8.62,TRAIN
cust-05565,m-013,2,7,11982.1,1711.73,861.11,2897.77,5,1,332,55.0,0.571,0.429,REGULAR,0.45,TRAIN
cust-05566,m-011,15,9,991.72,110.19,53.14,195.68,7,1,328,39.1,0.333,0.333,REGULAR,3.42,VALIDATION
cust-05567,m-028,30,11,4282.05,389.28,60.46,1467.64,6,1,271,24.1,0.273,0.364,REGULAR,17.12,TRAIN
cust-05568,m-019,12,9,737.61,81.96,39.95,170.34,6,1,355,42.9,0.556,0.444,REGULAR,2.53,TRAIN
cust-05569,m-024,0,11,4473.99,406.73,23.95,907.28,9,1,336,33.6,0.091,0.182,REGULAR,0.0,TRAIN
cust-05570,m-041,6,7,2480.77,354.4,27.29,1629.69,6,1,116,18.3,0.571,0.143,REGULAR,3.85,TRAIN
cust-05571,m-033,172,5,7677.21,1535.44,794.69,2575.37,4,1,345,43.2,0.6,0.0,INACTIVE,100.0,TRAIN
cust-05572,m-011,49,11,1132.94,102.99,31.75,233.32,9,1,294,24.5,0.182,0.182,AT_RISK,49.21,TRAIN
cust-05573,m-043,12,6,3421.83,570.3,269.88,1103.72,5,1,296,56.8,0.667,0.167,REGULAR,3.03,TRAIN
cust-05574,m-021,74,11,1741.21,158.29,22.25,499.62,6,1,360,28.6,0.091,0.273,INACTIVE,83.47,TRAIN
cust-05575,m-032,28,10,10983.19,1098.32,333.71,2083.19,6,1,280,28.0,0.5,0.4,REGULAR,7.47,TRAIN
cust-05576,m-003,137,5,871.32,174.26,65.92,332.0,4,1,330,48.2,0.8,0.4,INACTIVE,100.0,TRAIN
cust-05577,m-013,5,15,17881.23,1192.08,271.73,2897.77,8,1,344,24.2,0.133,0.4,LOYAL,1.09,TRAIN
cust-05578,m-013,13,9,12799.21,1422.13,271.73,2897.77,6,1,305,36.5,0.444,0.556,REGULAR,3.19,TRAIN
cust-05580,m-015,29,7,1368.86,195.55,51.71,437.16,7,1,328,49.8,0.429,0.143,REGULAR,6.61,TRAIN
cust-05581,m-012,0,10,1997.68,199.77,82.22,398.61,6,1,285,31.7,0.4,0.6,REGULAR,0.0,TRAIN
cust-05582,m-031,86,8,869.21,108.65,41.16,291.9,7,1,347,37.3,0.375,0.375,INACTIVE,91.58,VALIDATION
cust-05583,m-031,28,7,561.73,80.25,30.71,171.18,5,1,291,43.8,0.429,0.571,REGULAR,7.19,TRAIN
cust-05584,m-021,33,9,3468.82,385.42,39.92,1728.06,5,1,270,29.6,0.889,0.0,AT_RISK,14.23,VALIDATION
cust-05585,m-008,54,9,11329.32,1258.81,266.13,2774.3,8,1,353,37.4,0.444,0.333,AT_RISK,36.34,TRAIN
cust-05586,m-024,66,3,431.7,143.9,102.79,219.15,3,1,315,124.5,0.333,0.667,INACTIVE,15.66,TRAIN
cust-05587,m-045,19,9,816.8,90.76,43.04,162.87,7,1,321,37.8,0.222,0.444,REGULAR,4.43,TRAIN
cust-05588,m-032,15,6,5940.91,990.15,333.71,1743.56,5,1,336,64.2,0.167,0.5,REGULAR,3.34,TRAIN
cust-05589,m-002,109,6,10032.24,1672.04,237.28,2348.26,3,1,330,44.2,0.5,0.333,INACTIVE,100.0,TRAIN
cust-05590,m-003,77,6,1405.15,234.19,27.64,938.52,5,1,255,35.6,0.167,0.333,INACTIVE,84.66,TRAIN
cust-05591,m-040,15,8,2549.61,318.7,64.74,1606.84,5,1,284,38.4,0.375,0.375,REGULAR,3.95,VALIDATION
cust-05592,m-005,60,5,1058.02,211.6,42.51,632.0,5,1,227,41.8,0.6,0.0,AT_RISK,47.04,TRAIN
cust-05593,m-013,20,9,11207.88,1245.32,556.98,2532.63,5,1,334,39.2,0.333,0.333,REGULAR,4.48,TRAIN
cust-05594,m-010,49,11,1667.92,151.63,44.29,351.8,8,1,332,28.3,0.455,0.455,AT_RISK,42.09,TRAIN
cust-05595,m-047,13,11,1071.97,97.45,30.31,149.58,7,1,359,34.6,0.091,0.364,REGULAR,2.71,TRAIN
cust-05596,m-026,27,14,1348.78,96.34,36.07,246.06,8,1,353,25.1,0.286,0.429,REGULAR,8.57,VALIDATION
cust-05597,m-042,64,7,778.27,111.18,43.16,223.41,6,1,257,32.2,0.429,0.286,INACTIVE,66.3,TRAIN
cust-05598,m-033,7,10,13350.62,1335.06,348.67,2575.37,5,1,330,35.9,0.1,0.6,REGULAR,1.59,VALIDATION
cust-05599,m-047,117,6,310.92,51.82,30.31,138.2,4,1,337,44.0,0.333,0.333,INACTIVE,100.0,TRAIN
cust-05600,m-024,81,6,1154.35,192.39,23.95,438.3,5,1,348,53.4,0.333,0.333,INACTIVE,58.81,TRAIN
cust-05602,m-010,234,8,605.24,75.66,27.0,127.18,5,1,353,17.0,0.375,0.5,INACTIVE,100.0,TRAIN
cust-05603,m-025,4,7,8999.76,1285.68,391.84,2088.28,5,1,315,51.8,0.429,0.429,REGULAR,0.95,TEST
cust-05604,m-033,26,9,9361.55,1040.17,348.67,2364.31,5,1,325,37.4,0.333,0.222,REGULAR,5.98,TRAIN
cust-05605,m-013,60,11,11905.39,1082.31,271.73,2897.77,8,1,331,27.1,0.273,0.273,AT_RISK,62.9,TRAIN
cust-05606,m-030,62,7,1904.25,272.04,43.79,752.2,4,1,330,44.7,0.429,0.143,INACTIVE,40.0,TRAIN
cust-05607,m-039,17,9,1592.05,176.89,88.81,263.1,4,1,326,38.6,0.333,0.556,REGULAR,3.9,TEST
cust-05608,m-014,81,8,8376.4,1047.05,265.14,2109.87,6,1,322,34.4,0.75,0.0,INACTIVE,88.71,TEST
cust-05609,m-001,15,11,1138.14,103.47,37.64,184.14,8,1,337,32.2,0.273,0.455,REGULAR,3.33,TEST
cust-05610,m-027,51,3,777.12,259.04,218.71,290.75,3,1,345,147.0,0.333,0.333,INACTIVE,11.05,TRAIN
cust-05612,m-035,62,6,6470.21,1078.37,390.48,1635.59,4,1,272,42.0,0.333,0.333,INACTIVE,47.03,TRAIN
cust-05613,m-030,8,8,1821.71,227.71,27.38,511.8,5,1,331,46.1,0.375,0.25,REGULAR,1.81,TEST
cust-05614,m-010,58,9,838.05,93.12,27.0,193.52,7,1,341,35.4,0.333,0.222,AT_RISK,46.62,TRAIN
cust-05615,m-022,0,15,26459.38,1763.96,410.45,4174.73,6,1,353,25.2,0.133,0.2,LOYAL,0.0,TEST
cust-05616,m-037,11,9,963.27,107.03,45.38,192.54,5,1,352,42.6,0.444,0.0,REGULAR,2.34,VALIDATION
cust-05617,m-028,21,5,2964.79,592.96,119.22,1466.46,4,1,284,65.8,0.6,0.4,REGULAR,5.53,VALIDATION
cust-05618,m-026,60,6,1038.0,173.0,44.24,334.44,4,1,359,59.8,0.333,0.167,AT_RISK,12.8,TRAIN
cust-05619,m-003,32,9,4318.68,479.85,32.96,1637.16,5,1,355,40.4,0.222,0.444,AT_RISK,6.74,TRAIN
cust-05620,m-034,17,7,632.6,90.37,64.12,155.4,6,1,341,54.0,0.429,0.143,REGULAR,3.73,TRAIN
cust-05621,m-031,58,6,1077.05,179.51,30.71,403.53,6,1,277,43.8,0.333,0.5,AT_RISK,36.95,TRAIN
cust-05622,m-003,41,6,2781.21,463.54,65.92,938.52,5,1,283,48.4,0.0,0.167,AT_RISK,10.83,VALIDATION
cust-05623,m-037,107,6,874.82,145.8,45.38,315.66,5,1,359,50.4,0.167,0.167,INACTIVE,100.0,TRAIN
cust-05624,m-033,3,6,9940.3,1656.72,794.69,2575.37,4,1,300,59.4,0.5,0.167,REGULAR,0.75,TRAIN
cust-05625,m-006,1,11,1477.76,134.34,85.78,310.45,4,1,354,35.3,0.364,0.364,REGULAR,0.21,TRAIN
cust-05626,m-014,19,9,7874.55,874.95,265.14,2109.87,6,1,328,38.6,0.556,0.111,REGULAR,4.33,TRAIN
cust-05627,m-007,44,3,2613.95,871.32,628.05,1357.85,2,1,270,113.0,0.333,0.667,NEW,12.18,TRAIN
cust-05628,m-034,5,10,1445.02,144.5,70.58,378.9,8,1,355,38.9,0.4,0.5,REGULAR,1.05,TRAIN
cust-05629,m-046,35,11,3607.35,327.94,45.52,1781.72,8,1,332,29.7,0.182,0.182,AT_RISK,15.83,TRAIN
cust-05630,m-026,19,10,1315.3,131.53,48.83,334.44,8,1,330,34.6,0.4,0.3,REGULAR,4.31,TRAIN
cust-05631,m-029,29,8,2407.29,300.91,24.87,589.64,7,1,333,43.4,0.625,0.25,REGULAR,6.51,TRAIN
cust-05632,m-018,14,8,884.72,110.59,36.75,266.16,6,1,363,49.9,0.25,0.375,REGULAR,2.88,TRAIN
cust-05633,m-044,51,12,5160.92,430.08,26.36,1785.9,7,1,358,27.9,0.417,0.25,AT_RISK,45.3,TRAIN
cust-05634,m-006,14,7,949.02,135.57,85.78,310.45,4,1,228,35.7,0.429,0.0,REGULAR,4.59,TEST
cust-05635,m-015,30,8,1059.1,132.39,50.76,275.79,6,1,278,35.4,0.375,0.125,REGULAR,8.06,VALIDATION
cust-05636,m-009,33,5,496.36,99.27,61.55,188.25,5,1,131,24.5,0.8,0.0,AT_RISK,31.5,TRAIN
cust-05637,m-015,33,10,1642.33,164.23,50.76,380.86,6,1,354,35.7,0.5,0.3,AT_RISK,6.97,TRAIN
cust-05638,m-041,33,7,2500.44,357.21,30.43,1072.32,6,1,347,52.3,0.571,0.571,AT_RISK,7.11,TRAIN
cust-05640,m-035,51,8,8290.51,1036.31,390.48,1635.59,7,1,341,41.4,0.25,0.25,AT_RISK,25.58,TEST
cust-05641,m-016,4,14,2772.38,198.03,75.51,445.18,5,1,341,25.9,0.429,0.286,REGULAR,0.88,TRAIN
cust-05643,m-032,6,6,7190.26,1198.38,644.7,2083.19,3,1,252,49.2,0.5,0.5,REGULAR,1.78,TEST
cust-05644,m-012,33,12,3605.82,300.48,118.06,703.84,6,1,332,27.2,0.333,0.5,AT_RISK,16.13,VALIDATION
cust-05645,m-037,3,10,1081.45,108.15,31.54,386.55,6,1,340,37.4,0.3,0.5,REGULAR,0.66,TEST
cust-05646,m-045,31,8,1032.21,129.03,36.65,236.76,7,1,341,44.3,0.125,0.125,AT_RISK,6.8,TRAIN
cust-05647,m-001,46,8,1023.63,127.95,36.39,367.86,8,1,336,41.4,0.375,0.625,AT_RISK,17.14,TRAIN
cust-05648,m-018,33,7,670.9,95.84,36.32,274.16,5,1,344,51.8,0.571,0.286,AT_RISK,7.17,TRAIN
cust-05649,m-012,37,7,1263.65,180.52,82.22,398.61,5,1,356,53.2,0.143,0.286,AT_RISK,7.77,TRAIN
cust-05650,m-015,6,7,890.33,127.19,50.76,206.84,4,1,299,48.8,0.429,0.571,REGULAR,1.5,TRAIN
cust-05651,m-006,9,11,1601.65,145.6,85.78,310.45,5,1,316,30.7,0.364,0.273,REGULAR,2.13,TEST
cust-05652,m-036,63,7,1050.69,150.1,30.39,557.37,7,1,324,43.5,0.429,0.429,INACTIVE,43.79,TRAIN
cust-05653,m-026,24,6,705.92,117.65,36.07,334.44,5,1,316,58.4,0.167,0.0,REGULAR,5.68,TRAIN
cust-05654,m-020,42,8,691.45,86.43,38.28,279.66,7,1,319,39.6,0.125,0.5,AT_RISK,13.44,TEST
cust-05655,m-046,13,13,2123.68,163.36,34.98,652.83,7,1,342,27.4,0.308,0.308,REGULAR,2.84,TRAIN
cust-05656,m-011,0,11,1090.15,99.1,44.77,182.81,7,1,295,29.5,0.182,0.455,REGULAR,0.0,TRAIN
cust-05657,m-032,90,7,7838.12,1119.73,333.71,2083.19,4,1,289,33.2,0.286,0.571,INACTIVE,100.0,TRAIN
cust-05658,m-021,116,5,1751.52,350.3,39.92,1152.04,4,1,350,58.5,0.6,0.4,INACTIVE,100.0,VALIDATION
cust-05659,m-022,5,11,12852.02,1168.37,410.45,4174.73,6,1,352,34.7,0.364,0.364,REGULAR,1.06,TRAIN
cust-05660,m-044,29,8,3166.07,395.76,66.6,960.99,6,1,347,45.4,0.5,0.875,REGULAR,6.25,TRAIN
cust-05661,m-037,0,12,1218.65,101.55,44.95,329.4,9,1,362,32.9,0.583,0.25,REGULAR,0.0,TEST
cust-05662,m-017,17,8,1406.26,175.78,29.94,563.22,6,1,330,44.7,0.125,0.125,REGULAR,3.85,TRAIN
cust-05663,m-016,71,6,1129.54,188.26,75.51,445.18,4,1,322,50.2,0.5,0.167,INACTIVE,47.69,TRAIN
cust-05665,m-012,26,12,3469.38,289.12,113.76,703.84,5,1,364,30.7,0.25,0.25,REGULAR,5.34,TEST
cust-05666,m-047,19,8,820.63,102.58,37.88,267.26,5,1,355,48.0,0.625,0.125,REGULAR,4.0,TRAIN
cust-05667,m-008,9,8,6361.42,795.18,266.13,1942.06,4,1,331,46.0,0.25,0.375,REGULAR,2.03,TRAIN
cust-05668,m-011,21,11,1565.11,142.28,31.75,349.98,9,1,305,28.4,0.273,0.273,REGULAR,5.15,VALIDATION
cust-05670,m-027,19,11,2295.87,208.72,67.39,528.18,6,1,306,28.7,0.545,0.091,REGULAR,4.64,TEST
cust-05671,m-024,157,4,1791.04,447.76,47.9,714.03,3,1,341,61.3,0.25,0.0,INACTIVE,100.0,TRAIN
cust-05672,m-005,32,4,1392.8,348.2,25.41,942.87,4,1,279,82.3,0.75,0.25,AT_RISK,8.57,TRAIN
cust-05673,m-001,40,11,1100.5,100.05,35.57,268.53,7,1,295,25.5,0.273,0.364,AT_RISK,31.89,TRAIN
cust-05674,m-029,36,10,3264.58,326.46,44.48,1408.8,8,1,331,32.8,0.3,0.5,AT_RISK,12.93,TEST
cust-05675,m-033,43,7,8485.75,1212.25,539.82,2575.37,5,1,191,24.7,0.143,0.571,AT_RISK,44.25,TRAIN
cust-05676,m-003,2,7,2207.07,315.3,27.64,818.58,5,1,351,58.2,0.429,0.286,REGULAR,0.43,TRAIN
cust-05677,m-033,26,9,10388.42,1154.27,539.82,2575.37,6,1,205,22.4,0.444,0.444,REGULAR,14.87,TRAIN
cust-05678,m-029,67,6,3220.85,536.81,125.04,1202.56,4,1,309,48.4,0.167,0.0,INACTIVE,44.11,TEST
cust-05679,m-031,26,7,709.57,101.37,43.32,178.86,7,1,330,50.7,0.571,0.429,REGULAR,5.89,TRAIN
cust-05680,m-029,6,13,3513.95,270.3,44.48,589.64,6,1,344,28.2,0.154,0.538,REGULAR,1.3,VALIDATION
cust-05682,m-018,80,8,1051.27,131.41,46.73,324.66,6,1,354,39.1,0.25,0.0,INACTIVE,78.25,TRAIN
cust-05683,m-020,3,9,854.92,94.99,33.64,181.83,8,1,299,37.0,0.444,0.111,REGULAR,0.75,TEST
cust-05684,m-012,70,8,1414.8,176.85,113.76,201.12,4,1,349,39.9,0.125,0.25,INACTIVE,60.15,TRAIN
cust-05685,m-025,5,6,8879.5,1479.92,685.18,2224.07,5,1,352,69.4,0.333,0.0,REGULAR,1.06,TRAIN
cust-05686,m-016,1,7,1903.42,271.92,75.51,445.18,4,1,269,44.7,0.286,0.143,REGULAR,0.28,VALIDATION
cust-05687,m-047,42,13,906.68,69.74,31.12,133.63,8,1,344,25.2,0.154,0.231,AT_RISK,34.33,TRAIN
cust-05688,m-010,22,8,691.46,86.43,44.29,155.4,6,1,360,48.3,0.25,0.125,REGULAR,4.57,TRAIN
cust-05689,m-008,1,12,16644.2,1387.02,266.13,2774.3,8,1,363,32.9,0.417,0.583,REGULAR,0.21,TRAIN
cust-05690,m-037,57,11,1021.94,92.9,31.54,164.7,7,1,273,21.6,0.091,0.455,AT_RISK,68.7,TRAIN
cust-05692,m-015,0,5,574.35,114.87,38.47,218.58,5,1,347,86.8,0.4,0.2,REGULAR,0.0,TRAIN
cust-05693,m-026,44,7,1039.82,148.55,28.65,501.66,6,1,265,36.8,0.0,0.286,AT_RISK,23.21,TRAIN
cust-05694,m-044,49,5,845.55,169.11,26.36,320.33,5,1,298,62.2,0.4,0.2,AT_RISK,12.29,TRAIN
cust-05695,m-015,49,7,571.01,81.57,42.0,152.28,6,1,347,49.7,0.143,0.429,AT_RISK,10.56,TRAIN
cust-05696,m-038,24,7,722.02,103.15,42.2,172.06,4,1,335,51.8,0.143,0.571,REGULAR,5.36,TRAIN
cust-05698,m-044,122,9,1874.6,208.29,77.4,446.72,8,1,325,25.4,0.222,0.333,INACTIVE,100.0,TRAIN
cust-05699,m-018,18,10,1100.42,110.04,36.32,250.4,8,1,264,27.3,0.6,0.2,REGULAR,5.09,TEST
cust-05700,m-032,63,1,644.7,644.7,644.7,644.7,1,1,63,63.0,0.0,0.0,INACTIVE,73.83,TEST
cust-05701,m-007,7,11,11316.42,1028.77,206.76,2427.55,7,1,296,28.9,0.182,0.0,REGULAR,1.77,TRAIN
cust-05702,m-027,66,7,2009.32,287.05,32.87,1356.12,5,1,361,49.2,0.286,0.286,INACTIVE,38.87,TRAIN
cust-05703,m-024,51,8,1240.43,155.05,54.88,291.54,6,1,364,44.7,0.125,0.125,AT_RISK,19.93,TEST
cust-05704,m-043,43,9,7257.94,806.44,269.88,2567.7,5,1,348,38.1,0.333,0.444,AT_RISK,16.59,TRAIN
cust-05705,m-019,24,13,1622.72,124.82,30.62,355.64,9,1,354,27.5,0.231,0.154,REGULAR,5.07,VALIDATION
cust-05706,m-042,25,8,719.74,89.97,31.7,201.56,6,1,311,40.9,0.5,0.625,REGULAR,6.01,TEST
cust-05707,m-017,79,3,493.29,164.43,29.94,340.01,3,1,339,130.0,0.333,0.333,INACTIVE,17.43,TEST
cust-05708,m-015,20,6,349.24,58.21,47.83,81.73,4,1,270,50.0,0.5,0.5,REGULAR,5.54,TRAIN
cust-05709,m-044,8,9,4275.2,475.02,93.6,2381.2,7,1,361,44.1,0.333,0.444,REGULAR,1.66,TRAIN
cust-05710,m-007,189,6,8224.55,1370.76,628.05,2427.55,5,1,363,34.8,0.333,0.0,INACTIVE,100.0,TRAIN
cust-05711,m-024,21,8,1536.4,192.05,23.95,583.08,6,1,224,29.0,0.625,0.25,REGULAR,7.0,TRAIN
cust-05712,m-026,13,9,855.06,95.01,44.24,209.7,6,1,330,39.6,0.222,0.444,REGULAR,2.95,VALIDATION
cust-05713,m-042,21,6,320.45,53.41,30.27,106.63,5,1,343,64.4,0.5,0.5,REGULAR,4.58,TRAIN
cust-05714,m-020,46,12,2067.72,172.31,45.56,727.32,10,1,342,26.9,0.25,0.5,AT_RISK,38.71,TRAIN
cust-05715,m-036,33,4,643.64,160.91,60.78,361.38,4,1,284,83.7,0.75,0.5,AT_RISK,8.68,TRAIN
cust-05716,m-034,8,8,693.36,86.67,35.29,256.48,6,1,340,47.4,0.5,0.375,REGULAR,1.76,TRAIN
cust-05717,m-010,29,6,887.46,147.91,67.52,381.54,5,1,318,57.8,0.167,0.167,REGULAR,6.82,VALIDATION
cust-05718,m-029,46,11,2423.08,220.28,44.48,701.07,8,1,338,29.2,0.636,0.273,AT_RISK,35.38,TRAIN
cust-05719,m-017,5,8,4033.64,504.2,61.67,1126.44,4,1,355,50.0,0.625,0.5,REGULAR,1.05,TRAIN
cust-05720,m-037,79,8,834.69,104.34,45.38,250.5,5,1,323,34.9,0.0,0.625,INACTIVE,84.44,TRAIN
cust-05722,m-033,82,8,6186.06,773.26,348.67,928.47,5,1,331,35.6,0.375,0.0,INACTIVE,88.12,TRAIN
cust-05723,m-043,4,14,7626.59,544.76,269.88,1103.72,7,1,360,27.4,0.286,0.643,REGULAR,0.83,TRAIN
cust-05724,m-025,188,5,5741.97,1148.39,727.9,2224.07,3,1,327,34.8,0.4,0.2,INACTIVE,100.0,TRAIN
cust-05725,m-030,21,12,4277.87,356.49,43.79,1128.3,6,1,361,30.9,0.167,0.5,REGULAR,4.35,TRAIN
cust-05726,m-033,108,10,12231.05,1223.1,348.67,2364.31,6,1,362,28.2,0.4,0.4,INACTIVE,100.0,TEST
cust-05727,m-043,85,9,6716.56,746.28,269.88,2567.7,6,1,346,32.6,0.333,0.111,INACTIVE,96.97,TEST
cust-05728,m-039,74,8,934.11,116.76,88.81,263.1,4,1,361,41.0,0.625,0.25,INACTIVE,64.83,TRAIN
cust-05729,m-047,128,6,497.18,82.86,31.12,138.2,6,1,314,37.2,0.167,0.333,INACTIVE,100.0,TRAIN
cust-05730,m-020,65,8,760.97,95.12,43.93,232.54,5,1,295,32.9,0.0,0.25,INACTIVE,64.62,TRAIN
cust-05731,m-023,2,11,2086.0,189.64,26.95,380.43,6,1,280,27.8,0.273,0.273,REGULAR,0.53,TRAIN
cust-05732,m-004,73,6,7476.5,1246.08,482.75,3021.37,5,1,350,55.4,0.0,0.5,INACTIVE,42.0,TRAIN
cust-05733,m-027,44,8,5702.14,712.77,27.71,2712.24,6,1,363,45.6,0.0,0.625,AT_RISK,9.07,TRAIN
cust-05734,m-001,62,15,1899.08,126.61,35.19,358.04,8,1,359,21.2,0.4,0.267,INACTIVE,74.12,TRAIN
cust-05735,m-028,8,9,2566.72,285.19,23.81,1100.73,7,1,355,43.4,0.333,0.444,REGULAR,1.69,TRAIN
cust-05736,m-029,64,7,28136.25,4019.46,110.11,27300.49,4,1,288,37.3,0.286,0.143,INACTIVE,56.66,TRAIN
cust-05737,m-002,2,11,14116.68,1283.33,237.28,2972.2,7,1,364,36.2,0.273,0.364,REGULAR,0.41,TEST
cust-05738,m-013,27,9,6170.86,685.65,271.73,1163.64,6,1,363,42.0,0.111,0.444,REGULAR,5.56,VALIDATION
cust-05739,m-038,44,6,897.4,149.57,42.2,365.65,4,1,247,40.6,0.333,0.0,AT_RISK,18.41,TRAIN
cust-05740,m-017,4,10,1983.87,198.39,29.94,563.22,6,1,352,38.7,0.5,0.2,REGULAR,0.85,TEST
cust-05741,m-014,73,4,5142.75,1285.69,773.29,2109.87,4,1,222,49.7,0.5,0.5,INACTIVE,59.5,TRAIN
cust-05742,m-016,54,6,1458.24,243.04,75.51,445.18,4,1,337,56.6,0.5,0.167,AT_RISK,11.98,TRAIN
cust-05743,m-025,46,6,7609.58,1268.26,685.18,2088.28,4,1,278,46.4,0.333,0.333,AT_RISK,12.37,TRAIN
cust-05744,m-015,35,11,1314.15,119.47,47.83,327.33,8,1,354,31.9,0.364,0.182,AT_RISK,12.04,TRAIN
cust-05745,m-022,80,16,20237.96,1264.87,410.45,4174.73,6,1,342,17.5,0.188,0.188,INACTIVE,100.0,TRAIN
cust-05746,m-003,55,12,6108.51,509.04,27.64,1321.96,7,1,314,23.5,0.333,0.25,AT_RISK,60.35,TRAIN
cust-05747,m-003,28,4,1122.95,280.74,27.64,750.99,3,1,308,93.3,0.0,0.0,REGULAR,6.8,TRAIN
cust-05748,m-025,21,6,3751.82,625.3,391.84,961.12,4,1,225,40.8,0.167,0.167,REGULAR,6.97,TRAIN
cust-05749,m-026,22,8,981.14,122.64,28.65,347.49,8,1,351,47.0,0.5,0.625,REGULAR,4.69,TRAIN
cust-05750,m-043,13,9,6908.07,767.56,336.04,1103.72,5,1,356,42.9,0.222,0.444,REGULAR,2.73,TRAIN
cust-05751,m-003,60,5,2334.08,466.82,27.64,1227.87,4,1,307,61.8,0.4,0.2,AT_RISK,14.61,TRAIN
cust-05752,m-036,37,8,891.14,111.39,28.43,300.48,6,1,348,44.4,0.25,0.375,AT_RISK,7.95,TRAIN
cust-05753,m-003,3,15,9524.76,634.98,27.64,2547.8,10,1,320,22.6,0.533,0.333,LOYAL,0.7,VALIDATION
cust-05754,m-014,170,3,3532.57,1177.52,505.99,1579.66,3,1,340,85.0,0.667,0.333,INACTIVE,100.0,TRAIN
cust-05755,m-007,137,9,8738.84,970.98,206.76,2427.55,5,1,336,24.9,0.222,0.444,INACTIVE,100.0,TRAIN
cust-05756,m-038,11,10,1328.25,132.82,42.2,365.65,5,1,359,38.7,0.4,0.3,REGULAR,2.29,TRAIN
cust-05757,m-005,18,8,1619.42,202.43,54.06,342.62,6,1,320,43.1,0.5,0.0,REGULAR,4.21,TEST
cust-05758,m-006,12,5,950.55,190.11,112.22,310.45,3,1,362,87.5,0.6,0.6,REGULAR,2.48,TRAIN
cust-05759,m-019,46,6,423.39,70.56,30.62,156.34,6,1,281,47.0,0.333,0.5,AT_RISK,12.23,TRAIN
cust-05760,m-041,20,10,959.29,95.93,27.29,357.44,5,1,343,35.9,0.2,0.6,REGULAR,4.36,VALIDATION
cust-05761,m-007,245,5,4134.62,826.92,628.05,1314.17,3,1,330,21.2,0.2,0.6,INACTIVE,100.0,TRAIN
cust-05762,m-035,9,14,15739.64,1124.26,390.48,1635.59,6,1,361,27.1,0.357,0.286,REGULAR,1.86,TRAIN
cust-05763,m-031,11,10,1004.53,100.45,41.64,291.9,6,1,336,36.1,0.6,0.4,REGULAR,2.45,TRAIN
cust-05764,m-014,16,8,8393.72,1049.21,482.82,1579.66,4,1,285,38.4,0.25,0.375,REGULAR,4.2,TRAIN
cust-05765,m-007,29,3,2878.78,959.59,206.76,1357.85,3,1,326,148.5,0.333,0.667,NEW,6.65,VALIDATION
cust-05766,m-009,16,5,887.64,177.53,35.76,552.52,3,1,304,72.0,0.2,0.6,REGULAR,3.93,TRAIN
cust-05767,m-003,129,5,1428.69,285.74,27.64,636.95,5,1,337,52.0,0.2,0.2,INACTIVE,100.0,TRAIN
cust-05768,m-005,83,7,2201.36,314.48,25.41,1264.0,7,1,323,40.0,0.429,0.429,INACTIVE,83.71,TRAIN
cust-05769,m-010,0,8,819.19,102.4,43.92,215.76,6,1,363,51.9,0.375,0.25,REGULAR,0.0,TRAIN
cust-05770,m-005,48,7,2606.72,372.39,42.51,1027.86,7,1,332,47.3,0.571,0.286,AT_RISK,11.86,TRAIN
cust-05771,m-025,19,7,7221.92,1031.7,727.9,2088.28,4,1,315,49.3,0.429,0.571,REGULAR,4.51,TRAIN
cust-05772,m-006,61,6,695.13,115.86,87.62,207.83,3,1,348,57.4,0.667,0.0,INACTIVE,18.51,TEST
cust-05773,m-005,29,10,2958.69,295.87,25.41,1027.86,7,1,271,26.9,0.2,0.2,REGULAR,11.15,TEST
cust-05774,m-040,26,6,937.03,156.17,51.55,401.71,5,1,363,67.4,0.5,0.333,REGULAR,5.36,VALIDATION
cust-05775,m-038,31,6,1178.34,196.39,42.2,365.65,5,1,227,39.2,0.0,0.667,AT_RISK,10.2,VALIDATION
cust-05776,m-015,101,4,497.67,124.42,62.04,218.22,3,1,364,87.7,0.25,0.25,INACTIVE,40.7,TRAIN
cust-05777,m-043,68,9,8003.91,889.32,269.88,2567.7,5,1,293,28.1,0.333,0.111,INACTIVE,77.2,TRAIN
cust-05778,m-025,1,10,13121.48,1312.15,685.18,2224.07,5,1,314,34.8,0.1,0.3,REGULAR,0.24,TRAIN
cust-05779,m-023,78,10,4525.8,452.58,26.95,1141.29,7,1,364,31.8,0.4,0.5,INACTIVE,85.33,TRAIN
cust-05780,m-014,81,6,7120.29,1186.71,265.14,2109.87,5,1,308,45.4,0.5,0.5,INACTIVE,73.06,TRAIN
cust-05781,m-045,53,5,1382.34,276.47,94.65,488.61,5,1,363,77.5,0.4,0.2,AT_RISK,10.92,TEST
cust-05782,m-045,9,13,2564.63,197.28,43.04,488.61,9,1,300,24.2,0.308,0.462,REGULAR,2.24,TRAIN
cust-05784,m-018,9,11,1071.17,97.38,36.32,266.16,7,1,341,33.2,0.455,0.182,REGULAR,1.97,TRAIN
cust-05786,m-022,122,5,7492.93,1498.59,695.1,4174.73,4,1,311,47.2,0.4,0.4,INACTIVE,100.0,TRAIN
cust-05787,m-035,105,9,11231.08,1247.9,390.48,2412.27,6,1,358,31.6,0.111,0.111,INACTIVE,100.0,TRAIN
cust-05788,m-039,11,13,1911.78,147.06,88.81,263.1,4,1,355,28.7,0.308,0.231,REGULAR,2.32,VALIDATION
cust-05789,m-002,33,8,12508.51,1563.56,401.92,2972.2,6,1,362,47.0,0.25,0.0,AT_RISK,6.82,TRAIN
cust-05790,m-012,20,10,2102.29,210.23,82.22,402.24,5,1,272,28.0,0.2,0.3,REGULAR,5.49,TRAIN
cust-05792,m-007,22,9,9858.54,1095.39,206.76,1357.85,5,1,223,25.1,0.222,0.111,REGULAR,7.37,TRAIN
cust-05793,m-031,123,3,250.12,83.37,57.06,134.51,3,1,249,63.0,1.0,0.667,INACTIVE,100.0,TRAIN
cust-05794,m-001,18,10,903.98,90.4,36.39,179.02,6,1,355,37.4,0.4,0.2,REGULAR,3.79,TRAIN
cust-05795,m-006,29,10,1464.83,146.48,85.78,310.45,5,1,347,35.3,0.3,0.2,REGULAR,6.25,TRAIN
cust-05796,m-001,6,11,1574.12,143.1,50.53,367.86,7,1,347,34.1,0.364,0.091,REGULAR,1.29,TRAIN
cust-05797,m-036,46,11,1369.92,124.54,28.43,300.48,7,1,340,29.4,0.455,0.273,AT_RISK,35.02,TRAIN
cust-05798,m-026,23,10,1172.15,117.22,28.65,246.06,10,1,307,31.6,0.2,0.3,REGULAR,5.6,TEST
cust-05799,m-011,40,5,483.65,96.73,42.92,250.22,5,1,318,69.5,0.2,0.2,AT_RISK,9.4,TRAIN
cust-05800,m-046,42,6,2467.12,411.19,45.52,723.13,5,1,334,58.4,0.167,0.333,AT_RISK,9.4,TRAIN
cust-05801,m-010,51,5,345.01,69.0,31.82,107.88,4,1,226,43.8,0.2,0.4,AT_RISK,27.65,TRAIN
cust-05803,m-012,1,9,2299.78,255.53,82.22,402.24,7,1,353,44.0,0.0,0.444,REGULAR,0.21,TRAIN
cust-05804,m-041,6,7,1161.15,165.88,54.85,291.9,6,1,348,57.0,0.286,0.143,REGULAR,1.29,VALIDATION
cust-05805,m-047,28,8,686.43,85.8,30.31,149.64,6,1,330,43.1,0.125,0.25,REGULAR,6.34,TRAIN
cust-05806,m-040,35,6,2162.39,360.4,51.55,681.75,4,1,181,29.2,0.5,0.333,AT_RISK,23.12,TRAIN
cust-05807,m-047,49,5,357.5,71.5,36.72,133.63,5,1,351,75.5,0.4,0.4,AT_RISK,10.44,TRAIN
cust-05808,m-017,8,8,3682.1,460.26,59.73,1126.44,4,1,354,49.4,0.5,0.25,REGULAR,1.69,TRAIN
cust-05809,m-002,197,1,1485.43,1485.43,1485.43,1485.43,1,1,197,197.0,0.0,0.0,INACTIVE,74.62,TRAIN
cust-05810,m-041,4,12,1607.28,133.94,30.43,291.9,5,1,333,29.9,0.25,0.167,REGULAR,0.9,VALIDATION
cust-05812,m-006,209,4,818.9,204.72,85.78,310.45,3,1,306,32.3,0.5,0.25,INACTIVE,100.0,TRAIN
cust-05813,m-033,131,7,8537.17,1219.6,539.82,2575.37,5,1,259,21.3,0.143,0.286,INACTIVE,100.0,TEST
cust-05814,m-010,116,8,831.74,103.97,43.92,253.35,5,1,267,21.6,0.375,0.25,INACTIVE,100.0,TRAIN
cust-05816,m-029,4,12,3287.7,273.97,44.48,713.92,7,1,347,31.2,0.417,0.25,REGULAR,0.86,TRAIN
cust-05817,m-020,144,5,303.84,60.77,43.93,87.86,3,1,289,36.2,0.4,0.2,INACTIVE,100.0,TRAIN
cust-05818,m-010,75,10,926.02,92.6,27.0,178.08,9,1,361,31.8,0.5,0.2,INACTIVE,80.34,TRAIN
cust-05819,m-021,15,3,550.63,183.54,39.92,393.57,3,1,305,145.0,0.333,0.0,NEW,3.68,TRAIN
cust-05820,m-036,41,8,844.24,105.53,52.79,185.79,7,1,205,23.4,0.25,0.125,AT_RISK,41.33,TEST
cust-05821,m-015,186,6,706.32,117.72,47.83,218.22,5,1,314,25.6,0.5,0.667,INACTIVE,100.0,TRAIN
cust-05822,m-001,9,18,1255.21,69.73,35.19,142.3,10,1,305,17.4,0.333,0.333,LOYAL,2.21,TEST
cust-05823,m-046,21,10,6034.12,603.41,22.76,2169.39,6,1,331,34.4,0.3,0.3,REGULAR,4.74,TRAIN
cust-05824,m-021,0,10,3974.78,397.48,39.92,1728.06,8,1,360,40.0,0.3,0.2,REGULAR,0.0,TRAIN
cust-05825,m-014,46,9,4979.32,553.26,265.14,812.67,4,1,336,36.2,0.333,0.222,AT_RISK,24.94,TRAIN
cust-05826,m-039,4,13,1696.94,130.53,88.81,263.1,5,1,348,28.7,0.385,0.385,REGULAR,0.86,VALIDATION
cust-05827,m-043,66,11,8922.45,811.13,269.88,2567.7,8,1,347,28.1,0.182,0.636,INACTIVE,71.07,TRAIN
cust-05828,m-015,39,8,913.62,114.2,42.0,327.33,7,1,364,46.4,0.25,0.125,AT_RISK,8.01,TRAIN
cust-05829,m-018,0,9,880.42,97.82,36.32,216.44,6,1,306,38.2,0.222,0.333,REGULAR,0.0,TRAIN
cust-05830,m-023,6,7,2770.69,395.81,34.83,1755.72,6,1,355,58.2,0.571,0.429,REGULAR,1.26,TEST
cust-05831,m-040,0,12,2059.79,171.65,32.37,574.12,7,1,299,27.2,0.583,0.167,REGULAR,0.0,TRAIN
cust-05832,m-015,28,12,1110.31,92.53,42.0,240.28,8,1,364,30.5,0.083,0.333,REGULAR,5.75,TRAIN
cust-05833,m-028,68,4,1575.35,393.84,119.22,899.24,4,1,313,81.7,0.5,0.25,INACTIVE,16.24,TEST
cust-05834,m-014,49,6,7535.08,1255.85,773.29,2109.87,5,1,336,57.4,0.0,0.0,AT_RISK,10.91,TRAIN
cust-05835,m-032,19,12,13200.75,1100.06,333.71,2083.19,8,1,341,29.3,0.5,0.25,REGULAR,4.17,TRAIN
cust-05836,m-046,41,10,1778.02,177.8,34.98,435.22,6,1,364,35.9,0.2,0.3,AT_RISK,16.07,TRAIN
cust-05837,m-031,20,8,876.72,109.59,41.16,249.64,7,1,332,44.6,0.375,0.5,REGULAR,4.5,TRAIN
cust-05838,m-038,53,9,1821.61,202.4,103.23,365.65,3,1,358,38.1,0.556,0.0,AT_RISK,33.42,TEST
cust-05839,m-015,137,8,710.55,88.82,38.47,163.46,7,1,331,27.7,0.625,0.0,INACTIVE,100.0,TRAIN
cust-05840,m-014,64,9,6768.58,752.06,482.82,1579.66,5,1,332,33.5,0.222,0.444,INACTIVE,60.16,VALIDATION
cust-05841,m-017,19,5,2508.73,501.75,125.45,1126.44,3,1,356,84.2,0.2,0.2,REGULAR,3.99,TRAIN
cust-05842,m-044,7,12,2213.12,184.43,26.36,640.66,9,1,339,30.2,0.417,0.333,REGULAR,1.54,TRAIN
cust-05843,m-030,17,8,1926.78,240.85,27.38,511.8,5,1,355,48.3,0.375,0.0,REGULAR,3.58,TRAIN
cust-05844,m-002,118,7,6210.28,887.18,237.28,2972.2,4,1,325,34.5,0.0,0.143,INACTIVE,100.0,TRAIN
cust-05845,m-001,55,6,899.96,149.99,72.78,284.6,5,1,293,47.6,0.0,0.5,AT_RISK,25.13,VALIDATION
cust-05846,m-008,37,11,17399.84,1581.8,266.13,2774.3,7,1,332,29.5,0.364,0.364,AT_RISK,19.58,TRAIN
cust-05847,m-014,20,5,6922.77,1384.55,482.82,2109.87,4,1,296,69.0,0.2,0.4,REGULAR,5.05,TEST
cust-05848,m-017,36,7,2912.68,416.1,61.67,1126.44,4,1,314,46.3,0.143,0.571,AT_RISK,8.57,TEST
cust-05849,m-013,35,7,9354.46,1336.35,271.73,2897.77,7,1,359,54.0,0.143,0.286,AT_RISK,7.29,TRAIN
cust-05850,m-037,8,9,878.06,97.56,44.95,283.5,7,1,331,40.4,0.111,0.556,REGULAR,1.81,TRAIN
cust-05851,m-026,79,5,563.43,112.69,44.24,279.6,4,1,315,59.0,0.2,0.2,INACTIVE,48.75,TRAIN
cust-05852,m-013,29,18,26171.78,1453.99,271.73,2897.77,7,1,364,19.7,0.333,0.278,REGULAR,19.91,TRAIN
cust-05853,m-018,8,6,893.41,148.9,36.32,427.26,5,1,341,66.6,0.333,0.333,REGULAR,1.75,TEST
cust-05854,m-023,61,6,2647.41,441.23,62.45,1521.72,4,1,319,51.6,0.333,0.333,INACTIVE,28.4,TRAIN
cust-05856,m-036,10,14,1372.09,98.01,30.39,240.92,9,1,347,25.9,0.429,0.571,REGULAR,2.16,VALIDATION
cust-05857,m-027,203,5,1251.06,250.21,67.39,678.06,5,1,282,19.8,0.0,0.6,INACTIVE,100.0,TRAIN
cust-05858,m-017,22,7,1140.78,162.97,29.94,566.28,4,1,304,47.0,0.429,0.143,REGULAR,5.41,TRAIN
cust-05859,m-007,225,5,4091.2,818.24,206.76,1314.17,3,1,334,27.2,0.2,0.4,INACTIVE,100.0,TRAIN
cust-05860,m-012,1,12,3613.87,301.16,82.22,1195.83,6,1,343,31.1,0.25,0.083,REGULAR,0.22,TRAIN
cust-05861,m-032,13,4,2454.48,613.62,333.71,831.37,3,1,272,86.3,0.5,0.25,REGULAR,3.57,VALIDATION
cust-05862,m-014,36,11,15035.86,1366.9,265.14,2109.87,5,1,359,32.3,0.273,0.455,AT_RISK,13.05,VALIDATION
cust-05863,m-023,20,9,2012.91,223.66,26.95,760.86,6,1,314,36.8,0.556,0.333,REGULAR,4.76,VALIDATION
cust-05864,m-012,110,9,1931.37,214.6,160.3,398.61,5,1,351,30.1,0.222,0.333,INACTIVE,100.0,TRAIN
cust-05865,m-039,29,14,2156.08,154.01,88.81,263.1,4,1,345,24.3,0.143,0.286,REGULAR,13.34,TEST
cust-05866,m-002,27,9,6100.1,677.79,237.28,1485.43,5,1,359,41.5,0.333,0.222,REGULAR,5.62,VALIDATION
cust-05867,m-022,18,14,13892.33,992.31,410.45,4174.73,7,1,290,20.9,0.429,0.5,REGULAR,4.64,TRAIN
cust-05868,m-013,35,9,14738.7,1637.63,556.98,2897.77,5,1,357,40.2,0.444,0.222,AT_RISK,7.33,TEST
cust-05869,m-038,22,9,1307.34,145.26,42.2,172.06,4,1,270,31.0,0.333,0.222,REGULAR,6.09,TRAIN
cust-05870,m-025,17,10,11117.87,1111.79,391.84,2088.28,6,1,345,36.4,0.3,0.2,REGULAR,3.68,TRAIN
cust-05871,m-043,20,7,3974.53,567.79,336.04,1103.72,4,1,320,50.0,0.429,0.143,REGULAR,4.67,VALIDATION
cust-05872,m-043,48,6,2974.63,495.77,269.88,1103.72,4,1,287,47.8,0.0,0.333,AT_RISK,12.8,VALIDATION
cust-05873,m-043,41,7,7081.56,1011.65,269.88,2567.7,5,1,326,47.5,0.571,0.143,AT_RISK,9.4,VALIDATION
cust-05874,m-026,43,9,1163.25,129.25,44.24,231.66,7,1,358,39.4,0.333,0.333,AT_RISK,14.38,TRAIN
cust-05875,m-028,57,10,3428.95,342.9,143.71,733.82,5,1,321,29.3,0.2,0.4,AT_RISK,54.83,TRAIN
cust-05876,m-025,36,8,8048.75,1006.09,685.18,2088.28,6,1,345,44.1,0.5,0.625,AT_RISK,7.8,TRAIN
cust-05877,m-031,31,11,1054.8,95.89,41.16,207.68,6,1,362,33.1,0.364,0.273,AT_RISK,6.4,TEST
cust-05878,m-013,129,4,6259.11,1564.78,271.73,2897.77,4,1,361,77.3,0.25,0.25,INACTIVE,100.0,VALIDATION
cust-05879,m-022,86,11,13927.93,1266.18,410.45,4174.73,7,1,340,25.4,0.091,0.273,INACTIVE,100.0,TRAIN
cust-05880,m-041,13,8,825.74,103.22,27.29,305.17,6,1,341,46.9,0.25,0.0,REGULAR,2.85,TEST
cust-05881,m-033,25,10,14709.99,1471.0,539.82,2575.37,7,1,325,33.3,0.4,0.3,REGULAR,5.75,TRAIN
cust-05882,m-044,7,7,1627.65,232.52,66.6,602.28,5,1,362,59.2,0.571,0.286,REGULAR,1.45,TRAIN
cust-05883,m-044,101,6,2342.14,390.36,38.7,1094.36,4,1,349,49.6,0.333,0.5,INACTIVE,98.74,TRAIN
cust-05884,m-038,94,6,1239.37,206.56,103.23,365.65,4,1,197,20.6,0.167,0.5,INACTIVE,100.0,TRAIN
cust-05885,m-032,15,7,11122.22,1588.89,831.37,2083.19,4,1,122,17.8,0.143,0.143,REGULAR,9.15,TEST
cust-05886,m-032,10,11,13447.32,1222.48,831.37,2083.19,6,1,324,31.4,0.455,0.364,REGULAR,2.31,TEST
cust-05888,m-038,49,6,679.82,113.3,42.2,172.06,4,1,361,62.4,0.5,0.333,AT_RISK,10.15,TRAIN
cust-05890,m-003,20,8,959.15,119.89,27.64,312.84,5,1,327,43.9,0.25,0.5,REGULAR,4.57,TRAIN
cust-05891,m-032,25,6,5129.79,854.96,333.71,2083.19,4,1,340,63.0,0.5,0.5,REGULAR,5.5,VALIDATION
cust-05893,m-022,34,10,16637.21,1663.72,695.1,4174.73,6,1,356,35.8,0.4,0.4,AT_RISK,7.14,TEST
cust-05895,m-013,35,10,14708.39,1470.84,889.99,2532.63,4,1,364,36.6,0.3,0.3,AT_RISK,7.19,VALIDATION
cust-05896,m-039,46,11,1749.43,159.04,88.81,263.1,5,1,341,29.5,0.455,0.091,AT_RISK,34.84,TRAIN
cust-05897,m-034,8,9,803.3,89.26,32.97,189.45,9,1,360,44.0,0.444,0.333,REGULAR,1.66,TRAIN
cust-05898,m-014,2,8,8997.16,1124.64,505.99,1579.66,4,1,270,38.3,0.375,0.5,REGULAR,0.55,TRAIN
cust-05899,m-012,15,7,2933.91,419.13,160.3,1195.83,5,1,264,41.5,0.429,0.143,REGULAR,4.25,TRAIN
cust-05900,m-024,11,8,4544.92,568.12,205.58,1428.06,5,1,359,49.7,0.625,0.375,REGULAR,2.29,TRAIN
cust-05901,m-014,26,7,8784.89,1254.98,482.82,2109.87,6,1,333,51.2,0.286,0.0,REGULAR,5.84,TRAIN
cust-05902,m-045,70,7,846.08,120.87,67.99,188.66,5,1,324,42.3,0.286,0.286,INACTIVE,57.7,TRAIN
cust-05903,m-032,0,7,8792.83,1256.12,333.71,2083.19,6,1,262,43.7,0.0,0.714,REGULAR,0.0,TRAIN
cust-05904,m-039,77,6,612.74,102.12,88.81,135.07,4,1,321,48.8,0.333,0.5,INACTIVE,60.23,TEST
cust-05905,m-006,45,11,1564.52,142.23,85.78,310.45,5,1,363,31.8,0.364,0.364,AT_RISK,29.07,TRAIN
cust-05906,m-035,27,5,5566.87,1113.37,390.48,1635.59,4,1,359,83.0,0.4,0.0,REGULAR,5.62,TRAIN
cust-05907,m-020,8,16,1488.71,93.04,33.64,181.83,10,1,285,18.5,0.188,0.25,LOYAL,2.1,TRAIN
cust-05908,m-031,11,10,939.25,93.92,51.92,122.84,8,1,321,34.4,0.6,0.3,REGULAR,2.56,TRAIN
cust-05909,m-017,79,4,769.69,192.42,29.94,340.01,3,1,245,55.3,0.5,0.0,INACTIVE,59.64,TRAIN
cust-05910,m-046,35,8,2306.45,288.31,22.76,723.13,5,1,278,34.7,0.25,0.5,AT_RISK,9.86,TRAIN
cust-05911,m-043,13,8,3972.29,496.54,269.88,889.61,5,1,359,49.4,0.25,0.125,REGULAR,2.71,TRAIN
cust-05912,m-002,257,2,4013.18,2006.59,1040.98,2972.2,2,1,359,102.0,0.5,0.5,INACTIVE,100.0,TRAIN
cust-05913,m-031,8,5,970.29,194.06,86.64,355.2,4,1,211,50.8,0.0,0.2,REGULAR,2.83,TRAIN
cust-05914,m-039,7,9,1130.26,125.58,88.81,263.1,5,1,353,43.2,0.0,0.444,REGULAR,1.48,TRAIN
cust-05915,m-008,12,12,12905.28,1075.44,266.13,2774.3,7,1,337,29.5,0.583,0.5,REGULAR,2.66,TRAIN
cust-05916,m-042,50,7,1182.39,168.91,31.7,356.58,6,1,360,51.7,0.286,0.429,AT_RISK,10.39,TRAIN
cust-05917,m-032,4,7,7290.86,1041.55,333.71,1743.56,5,1,337,55.5,0.429,0.143,REGULAR,0.89,TRAIN
cust-05918,m-032,70,9,8244.3,916.03,333.71,2083.19,6,1,245,21.9,0.0,0.444,INACTIVE,93.49,TRAIN
cust-05919,m-024,147,5,1344.35,268.87,62.58,714.03,5,1,361,53.5,0.6,0.6,INACTIVE,100.0,TRAIN
cust-05920,m-003,136,2,416.33,208.17,166.0,250.33,2,1,289,153.0,0.0,0.0,INACTIVE,35.17,VALIDATION
cust-05921,m-034,18,9,667.14,74.13,35.29,189.45,7,1,330,39.0,0.556,0.556,REGULAR,4.08,TRAIN
cust-05923,m-044,46,4,1518.1,379.52,26.36,595.3,3,1,278,77.3,1.0,0.5,AT_RISK,12.37,TRAIN
cust-05924,m-012,7,8,2482.25,310.28,82.22,527.88,6,1,279,38.9,0.375,0.5,REGULAR,1.88,TRAIN
cust-05925,m-036,59,6,870.94,145.16,92.86,240.92,4,1,364,61.0,0.167,0.333,AT_RISK,12.12,TRAIN
cust-05926,m-006,2,5,581.07,116.21,85.78,207.83,4,1,353,87.8,0.0,0.6,REGULAR,0.42,TRAIN
cust-05927,m-018,54,11,1372.33,124.76,52.59,381.36,5,1,355,30.1,0.364,0.545,AT_RISK,47.23,VALIDATION
cust-05929,m-041,23,10,4589.1,458.91,27.29,1086.46,8,1,364,37.9,0.5,0.2,REGULAR,4.73,TRAIN
cust-05930,m-040,39,6,1744.67,290.78,75.05,574.12,4,1,341,60.4,0.5,0.333,AT_RISK,8.55,TRAIN
cust-05931,m-003,11,6,1618.36,269.73,27.64,818.58,4,1,360,69.8,0.5,0.0,REGULAR,2.29,TRAIN
cust-05932,m-015,10,15,2284.8,152.32,50.76,380.86,8,1,349,24.2,0.333,0.333,LOYAL,2.14,TRAIN
cust-05933,m-023,17,10,2022.18,202.22,26.95,746.19,6,1,355,37.6,0.2,0.4,REGULAR,3.58,TRAIN
cust-05934,m-038,24,8,1042.83,130.35,42.2,365.65,4,1,305,40.1,0.125,0.625,REGULAR,5.88,TRAIN
cust-05935,m-011,17,6,573.64,95.61,31.75,148.79,5,1,325,61.6,0.5,0.167,REGULAR,3.91,TRAIN
cust-05936,m-036,12,7,1112.19,158.88,60.78,361.38,6,1,260,41.3,0.286,0.143,REGULAR,3.45,TRAIN
cust-05937,m-043,22,12,10147.05,845.59,269.88,2567.7,6,1,338,28.7,0.417,0.417,REGULAR,4.87,TRAIN
cust-05938,m-009,55,11,754.83,68.62,30.99,138.13,8,1,300,24.5,0.273,0.091,AT_RISK,59.45,TRAIN
cust-05939,m-016,24,9,2444.6,271.62,75.51,445.18,5,1,303,34.9,0.222,0.333,REGULAR,5.92,VALIDATION
cust-05940,m-034,15,7,712.93,101.85,65.94,189.45,4,1,296,46.8,0.429,0.143,REGULAR,3.79,TRAIN
cust-05941,m-038,32,6,1225.95,204.32,172.06,365.65,2,1,337,61.0,0.333,0.667,AT_RISK,7.1,TRAIN
cust-05942,m-034,39,5,508.45,101.69,51.8,189.45,5,1,310,67.8,0.2,0.2,AT_RISK,9.41,TRAIN
cust-05943,m-010,30,11,1337.25,121.57,31.82,193.52,8,1,351,32.1,0.364,0.364,REGULAR,6.39,TRAIN
cust-05944,m-009,111,8,671.43,83.93,30.99,266.28,6,1,353,34.6,0.375,0.375,INACTIVE,100.0,TRAIN
cust-05945,m-024,109,9,3797.36,421.93,35.32,1152.78,6,1,362,31.6,0.444,0.556,INACTIVE,100.0,VALIDATION
cust-05946,m-047,64,8,524.05,65.51,30.31,99.72,4,1,333,38.4,0.375,0.5,INACTIVE,52.77,TRAIN
cust-05947,m-033,64,5,5851.81,1170.36,794.69,2364.31,4,1,349,71.2,0.0,0.2,INACTIVE,13.71,TRAIN
cust-05949,m-046,11,5,1085.15,217.03,104.94,463.94,4,1,281,67.5,0.4,0.2,REGULAR,2.93,TRAIN
cust-05950,m-021,194,5,2105.24,421.05,55.33,721.12,5,1,357,40.8,0.4,0.2,INACTIVE,100.0,TEST
cust-05951,m-027,81,6,2832.33,472.06,27.71,2034.18,5,1,354,54.6,0.333,0.333,INACTIVE,56.71,TEST
cust-05952,m-039,39,9,1230.83,136.76,88.81,263.1,5,1,314,34.4,0.556,0.333,AT_RISK,16.19,TRAIN
cust-05953,m-022,15,12,9567.3,797.28,410.45,1198.04,5,1,276,23.7,0.25,0.667,REGULAR,4.06,TRAIN
cust-05954,m-010,7,10,804.92,80.49,27.0,127.18,5,1,347,37.8,0.5,0.1,REGULAR,1.51,TRAIN
cust-05955,m-041,14,10,4205.43,420.54,27.29,1629.69,7,1,315,33.4,0.6,0.3,REGULAR,3.32,VALIDATION
cust-05956,m-019,132,4,943.29,235.82,32.1,765.5,4,1,328,65.3,0.5,0.0,INACTIVE,100.0,VALIDATION
cust-05958,m-002,65,5,6196.94,1239.39,237.28,2972.2,4,1,356,72.8,0.4,0.2,INACTIVE,13.66,TRAIN
cust-05959,m-019,26,7,654.02,93.43,56.78,249.75,6,1,290,44.0,0.571,0.143,REGULAR,6.7,TRAIN
cust-05960,m-007,41,4,4017.86,1004.46,206.76,1357.85,4,1,297,85.3,0.0,0.25,AT_RISK,10.32,TRAIN
cust-05961,m-027,67,8,1272.11,159.01,27.71,416.57,6,1,345,39.7,0.375,0.25,INACTIVE,55.47,TEST
cust-05962,m-015,0,12,2566.36,213.86,50.76,571.29,8,1,255,23.2,0.5,0.25,REGULAR,0.0,TRAIN
cust-05963,m-040,3,6,2429.52,404.92,73.02,681.75,5,1,336,66.6,0.167,0.333,REGULAR,0.67,TRAIN
cust-05964,m-010,41,9,886.8,98.53,27.0,193.52,6,1,338,37.1,0.556,0.222,AT_RISK,14.92,TRAIN
cust-05965,m-024,24,8,1410.62,176.33,23.95,315.08,5,1,317,41.9,0.25,0.375,REGULAR,5.66,TRAIN
cust-05966,m-041,41,11,3116.63,283.33,30.43,613.4,8,1,343,30.2,0.455,0.364,AT_RISK,25.14,TRAIN
cust-05967,m-016,26,13,2493.9,191.84,75.51,445.18,4,1,361,27.9,0.615,0.385,REGULAR,5.39,TEST
cust-05968,m-012,167,4,1256.47,314.12,82.22,455.04,4,1,322,51.7,0.25,0.25,INACTIVE,100.0,VALIDATION
cust-05969,m-031,39,8,658.26,82.28,41.64,145.95,7,1,341,43.1,0.375,0.25,AT_RISK,8.55,TRAIN
cust-05971,m-027,21,4,1533.67,383.42,117.6,656.13,4,1,364,114.3,0.5,0.25,REGULAR,4.32,TRAIN
cust-05972,m-022,34,7,6135.76,876.54,695.1,1444.79,4,1,343,51.5,0.0,0.429,AT_RISK,7.41,TRAIN
cust-05973,m-046,23,9,1331.25,147.92,59.65,445.43,5,1,337,39.2,0.444,0.222,REGULAR,5.1,TRAIN
cust-05974,m-025,21,8,6187.79,773.47,391.84,1009.97,5,1,362,48.7,0.25,0.5,REGULAR,4.34,TRAIN
cust-05975,m-034,65,11,949.22,86.29,26.72,200.86,9,1,322,25.7,0.273,0.545,INACTIVE,74.04,TEST
cust-05976,m-003,1,5,1230.15,246.03,32.96,660.98,5,1,308,76.8,0.2,0.2,REGULAR,0.24,TEST
cust-05977,m-006,54,5,950.55,190.11,112.22,310.45,3,1,321,66.8,0.2,0.4,AT_RISK,12.58,TRAIN
cust-05978,m-026,77,5,717.93,143.59,48.83,239.68,3,1,331,63.5,0.2,0.2,INACTIVE,37.64,TRAIN
cust-05979,m-014,93,7,4792.82,684.69,265.14,1446.92,6,1,244,25.2,0.143,0.286,INACTIVE,100.0,TEST
cust-05980,m-001,150,6,726.61,121.1,61.38,226.36,6,1,276,25.2,0.333,0.167,INACTIVE,100.0,TRAIN
cust-05981,m-011,12,5,915.63,183.13,38.53,375.33,5,1,315,75.8,0.4,0.4,REGULAR,2.85,TRAIN
cust-05982,m-020,40,8,675.35,84.42,43.93,172.08,5,1,357,45.3,0.625,0.375,AT_RISK,8.38,TRAIN
cust-05983,m-026,9,7,537.92,76.85,36.07,271.89,4,1,316,51.2,0.429,0.429,REGULAR,2.13,TRAIN
cust-05984,m-020,17,7,820.64,117.23,46.22,181.83,7,1,264,41.2,0.429,0.571,REGULAR,4.81,TRAIN
cust-05986,m-027,4,13,3544.41,272.65,56.9,872.25,8,1,344,28.3,0.154,0.308,REGULAR,0.87,VALIDATION
cust-05987,m-036,4,9,1823.55,202.62,58.11,743.16,8,1,364,45.0,0.444,0.111,REGULAR,0.82,TRAIN
cust-05988,m-027,42,9,2332.83,259.2,32.87,656.13,7,1,339,37.1,0.333,0.111,AT_RISK,16.61,TRAIN
cust-05989,m-045,22,15,2140.47,142.7,36.65,377.32,9,1,352,23.6,0.467,0.467,REGULAR,4.67,VALIDATION
cust-05990,m-011,34,14,1725.21,123.23,31.75,349.98,8,1,347,24.1,0.214,0.429,AT_RISK,22.18,VALIDATION
cust-05991,m-017,28,10,4068.7,406.87,59.73,1126.44,6,1,355,36.3,0.1,0.3,REGULAR,5.9,TEST
cust-05992,m-006,5,8,1289.59,161.2,85.78,310.45,5,1,306,43.0,0.625,0.375,REGULAR,1.22,TRAIN
cust-05993,m-010,22,7,901.55,128.79,84.45,254.36,4,1,312,48.3,0.286,0.857,REGULAR,5.27,TRAIN
cust-05995,m-025,5,17,19788.61,1164.04,391.84,2224.07,8,1,350,21.6,0.353,0.412,LOYAL,1.07,TEST
cust-05996,m-035,113,7,6323.43,903.35,390.48,1635.59,5,1,320,34.5,0.286,0.429,INACTIVE,100.0,TRAIN
cust-05997,m-025,25,11,11944.71,1085.88,391.84,2224.07,6,1,351,32.6,0.273,0.182,REGULAR,5.33,VALIDATION
cust-05998,m-014,46,9,7624.57,847.17,265.14,1579.66,6,1,218,21.5,0.333,0.444,AT_RISK,52.5,TRAIN
cust-05999,m-044,24,10,3857.78,385.78,38.7,1094.36,7,1,317,32.6,0.3,0.2,REGULAR,5.66,TRAIN
cust-06000,m-034,17,9,1112.25,123.58,26.72,301.29,7,1,325,38.5,0.444,0.333,REGULAR,3.91,TRAIN
cust-06001,m-021,18,11,2311.33,210.12,22.25,576.02,8,1,356,33.8,0.455,0.364,REGULAR,3.78,VALIDATION
cust-06002,m-026,19,11,1622.74,147.52,40.34,479.36,7,1,353,33.4,0.545,0.364,REGULAR,4.03,VALIDATION
cust-06003,m-036,13,14,1653.81,118.13,28.43,300.48,9,1,350,25.9,0.5,0.286,REGULAR,2.78,TRAIN
cust-06004,m-009,15,7,1084.4,154.91,30.99,552.52,7,1,163,24.7,0.143,0.286,REGULAR,6.86,TRAIN
cust-06005,m-041,18,7,2934.28,419.18,27.29,1086.46,4,1,351,55.5,0.429,0.714,REGULAR,3.84,TRAIN
cust-06006,m-030,33,15,5226.79,348.45,43.79,1165.68,7,1,358,23.2,0.533,0.467,AT_RISK,21.59,TRAIN
cust-06007,m-013,33,10,9736.2,973.62,271.73,2532.63,6,1,327,32.7,0.4,0.3,AT_RISK,8.0,VALIDATION
cust-06008,m-006,24,12,2023.46,168.62,85.78,310.45,5,1,361,30.6,0.333,0.5,REGULAR,4.97,TRAIN
cust-06009,m-007,16,2,1801.12,900.56,486.95,1314.17,2,1,47,31.0,0.5,0.5,NEW,25.0,TRAIN
cust-06010,m-037,4,9,947.94,105.33,48.34,329.4,7,1,351,43.4,0.333,0.444,REGULAR,0.85,TRAIN
cust-06011,m-027,5,8,1407.09,175.89,67.39,290.75,4,1,339,47.7,0.5,0.125,REGULAR,1.1,TRAIN
cust-06012,m-021,114,2,797.54,398.77,221.52,576.02,2,1,218,104.0,0.0,0.0,INACTIVE,54.04,TRAIN
cust-06013,m-046,8,13,6961.38,535.49,22.76,1446.26,6,1,343,27.9,0.308,0.308,REGULAR,1.74,TEST
cust-06014,m-014,71,12,10074.61,839.55,265.14,2109.87,7,1,310,21.7,0.333,0.333,INACTIVE,91.07,TRAIN
cust-06015,m-009,50,8,1594.54,199.32,51.51,418.52,7,1,308,36.9,0.125,0.375,AT_RISK,31.79,TEST
cust-06017,m-010,67,4,458.0,114.5,87.95,193.52,3,1,297,76.7,0.5,0.5,INACTIVE,16.86,TRAIN
cust-06018,m-042,1,11,1496.15,136.01,43.16,356.58,9,1,341,34.0,0.455,0.636,REGULAR,0.22,TEST
cust-06019,m-002,287,3,1089.34,363.11,237.28,426.03,2,1,318,15.5,0.0,0.667,INACTIVE,100.0,TRAIN
cust-06020,m-040,11,10,2254.89,225.49,32.37,681.75,6,1,292,31.2,0.5,0.4,REGULAR,2.82,TEST
cust-06021,m-013,5,13,15920.85,1224.68,271.73,2897.77,7,1,330,27.1,0.308,0.308,REGULAR,1.13,TRAIN
cust-06022,m-047,21,9,922.11,102.46,31.12,276.4,8,1,344,40.4,0.222,0.222,REGULAR,4.57,VALIDATION
cust-06023,m-039,25,7,1147.62,163.95,88.81,263.1,3,1,330,50.8,0.714,0.429,REGULAR,5.66,VALIDATION
cust-06024,m-019,9,9,1039.3,115.48,33.58,234.56,8,1,356,43.4,0.333,0.222,REGULAR,1.89,VALIDATION
cust-06025,m-016,18,5,1033.55,206.71,113.49,445.18,4,1,281,65.8,0.2,0.6,REGULAR,4.79,TRAIN
cust-06026,m-029,40,10,2197.32,219.73,44.48,356.96,7,1,335,32.8,0.4,0.4,AT_RISK,19.73,TRAIN
cust-06027,m-027,57,7,2040.47,291.5,32.87,1356.12,5,1,311,42.3,0.429,0.429,AT_RISK,35.75,VALIDATION
cust-06028,m-026,75,2,64.72,32.36,28.65,36.07,2,1,226,151.0,0.5,0.5,INACTIVE,24.78,TRAIN
cust-06030,m-027,1,6,1957.93,326.32,27.71,833.14,5,1,324,64.6,0.167,0.333,REGULAR,0.23,TRAIN
cust-06031,m-004,27,3,4198.15,1399.38,687.11,1789.15,3,1,217,95.0,0.333,0.333,NEW,9.29,TRAIN
cust-06032,m-023,34,8,3078.28,384.78,34.83,1243.4,6,1,350,45.1,0.0,0.25,AT_RISK,7.26,TRAIN
cust-06033,m-001,24,11,1128.57,102.6,36.39,179.02,8,1,303,27.9,0.273,0.364,REGULAR,5.92,TRAIN
cust-06034,m-034,28,7,573.37,81.91,35.29,146.56,6,1,310,47.0,0.286,0.286,REGULAR,6.75,VALIDATION
cust-06035,m-024,75,5,1081.48,216.3,35.32,384.26,4,1,181,26.5,0.6,0.4,INACTIVE,100.0,TRAIN
cust-06036,m-041,16,7,3690.16,527.17,66.3,1220.68,6,1,317,50.2,0.143,0.143,REGULAR,3.77,TRAIN
cust-06037,m-027,67,5,2916.07,583.21,27.71,1356.12,5,1,323,64.0,0.2,0.4,INACTIVE,20.01,TRAIN
cust-06038,m-013,11,6,5648.2,941.37,556.98,1163.64,4,1,345,66.8,0.333,0.5,REGULAR,2.38,TRAIN
cust-06039,m-018,74,8,838.77,104.85,36.75,210.36,7,1,358,40.6,0.5,0.375,INACTIVE,65.56,TRAIN
cust-06040,m-041,12,7,2323.72,331.96,27.29,1167.6,6,1,315,50.5,0.429,0.286,REGULAR,2.85,TRAIN
cust-06041,m-047,11,3,160.85,53.62,31.12,79.87,3,1,274,131.5,0.333,0.333,NEW,3.0,TRAIN
cust-06042,m-033,37,9,8571.08,952.34,348.67,2364.31,4,1,348,38.9,0.444,0.333,AT_RISK,7.95,TRAIN
cust-06043,m-019,22,5,670.19,134.04,30.62,256.11,5,1,212,47.5,0.2,0.4,REGULAR,7.75,TEST
cust-06045,m-030,11,6,2620.36,436.73,100.97,1023.6,5,1,295,56.8,0.167,0.167,REGULAR,2.79,TRAIN
cust-06047,m-030,94,9,2113.21,234.8,43.79,1023.6,7,1,328,29.2,0.222,0.222,INACTIVE,100.0,VALIDATION
cust-06048,m-022,2,7,5645.11,806.44,410.45,1444.79,5,1,259,42.8,0.429,0.429,REGULAR,0.58,TRAIN
cust-06049,m-031,55,6,919.64,153.27,30.71,357.72,6,1,330,55.0,0.167,0.333,AT_RISK,12.46,TRAIN
cust-06050,m-007,27,9,11514.34,1279.37,628.05,2427.55,4,1,358,41.4,0.0,0.444,REGULAR,5.64,VALIDATION
cust-06051,m-039,8,11,1414.16,128.56,91.89,263.1,3,1,354,34.6,0.273,0.182,REGULAR,1.69,VALIDATION
cust-06052,m-002,72,5,4041.95,808.39,237.28,1485.43,3,1,332,65.0,0.2,0.2,INACTIVE,26.72,TRAIN
cust-06054,m-042,67,9,561.59,62.4,30.27,118.86,8,1,330,32.9,0.444,0.444,INACTIVE,66.33,TEST
cust-06055,m-032,9,10,9345.66,934.57,333.71,2083.19,4,1,284,30.6,0.6,0.5,REGULAR,2.37,TRAIN
cust-06056,m-023,104,6,4432.62,738.77,185.98,2340.96,5,1,348,48.8,0.333,0.667,INACTIVE,100.0,TEST
cust-06057,m-013,81,5,3410.44,682.09,271.73,1163.64,4,1,336,63.8,0.6,0.0,INACTIVE,43.83,TRAIN
cust-06058,m-037,33,8,818.63,102.33,33.5,283.5,7,1,259,32.3,0.5,0.25,AT_RISK,10.57,TRAIN
cust-06059,m-021,40,6,2463.27,410.54,107.37,1152.04,4,1,317,55.4,0.167,0.167,AT_RISK,9.43,TEST
cust-06060,m-043,53,9,7139.93,793.33,269.88,2567.7,6,1,284,28.9,0.444,0.111,AT_RISK,50.1,TRAIN
cust-06061,m-005,63,10,3954.79,395.48,25.41,2528.0,6,1,331,29.8,0.2,0.2,INACTIVE,64.03,TRAIN
cust-06062,m-039,127,8,1294.88,161.86,88.81,263.1,4,1,333,29.4,0.375,0.375,INACTIVE,100.0,TRAIN
cust-06063,m-018,42,12,1550.48,129.21,45.57,266.16,9,1,349,27.9,0.25,0.25,AT_RISK,30.15,TRAIN
cust-06064,m-004,15,7,6727.03,961.0,482.75,1789.15,5,1,362,57.8,0.714,0.286,REGULAR,3.1,TEST
cust-06065,m-002,9,12,16721.81,1393.48,237.28,2972.2,7,1,274,24.1,0.167,0.333,REGULAR,2.45,TRAIN
cust-06066,m-032,61,4,3826.7,956.68,831.37,1090.85,4,1,327,88.7,0.75,0.0,INACTIVE,13.95,TRAIN
cust-06067,m-025,12,10,11722.74,1172.27,685.18,2088.28,5,1,327,35.0,0.5,0.1,REGULAR,2.74,VALIDATION
cust-06068,m-042,1,16,2728.18,170.51,30.27,504.99,10,1,328,21.8,0.312,0.625,LOYAL,0.23,TRAIN
cust-06069,m-032,110,12,12396.84,1033.07,333.71,1743.56,6,1,349,21.7,0.333,0.833,INACTIVE,100.0,TRAIN
cust-06070,m-045,107,6,854.51,142.42,39.71,325.74,6,1,195,17.6,0.0,0.333,INACTIVE,100.0,TRAIN
cust-06071,m-023,60,9,1926.18,214.02,26.95,585.24,8,1,294,29.2,0.222,0.222,AT_RISK,61.45,TEST
cust-06072,m-043,26,10,8264.56,826.46,269.88,2567.7,5,1,348,35.8,0.5,0.3,REGULAR,5.59,TRAIN
cust-06073,m-023,4,7,2733.65,390.52,124.9,585.24,5,1,335,55.2,0.286,0.286,REGULAR,0.89,TRAIN
cust-06075,m-024,164,8,3068.44,383.56,102.79,1428.06,5,1,361,28.1,0.375,0.375,INACTIVE,100.0,TRAIN
cust-06076,m-032,140,4,4115.51,1028.88,333.71,2083.19,4,1,256,38.7,0.5,0.5,INACTIVE,100.0,TRAIN
cust-06077,m-016,4,5,1109.5,221.9,113.49,445.18,4,1,130,31.5,0.4,0.2,REGULAR,2.29,TEST
cust-06078,m-014,13,11,12422.97,1129.36,265.14,2109.87,6,1,347,33.4,0.364,0.182,REGULAR,2.8,TRAIN
cust-06079,m-031,21,7,767.89,109.7,41.16,221.62,5,1,348,54.5,0.429,0.143,REGULAR,4.51,TRAIN
cust-06080,m-013,5,8,8217.41,1027.18,271.73,2532.63,4,1,361,50.9,0.375,0.5,REGULAR,1.04,TRAIN
cust-06081,m-010,57,8,1046.85,130.86,31.82,202.56,7,1,336,39.9,0.25,0.125,AT_RISK,38.34,TEST
cust-06082,m-038,65,5,812.69,162.54,42.2,365.65,5,1,312,61.8,0.2,0.2,INACTIVE,20.38,VALIDATION
cust-06083,m-041,121,2,426.89,213.44,121.72,305.17,2,1,255,134.0,0.0,0.5,INACTIVE,35.45,TEST
cust-06084,m-003,12,5,4217.39,843.48,166.0,1910.85,4,1,363,87.8,0.4,0.2,REGULAR,2.47,VALIDATION
cust-06085,m-047,2,9,928.06,103.12,30.31,229.68,7,1,358,44.5,0.333,0.556,REGULAR,0.42,VALIDATION
cust-06086,m-028,87,6,5321.61,886.94,23.81,4068.63,4,1,354,53.4,0.333,0.5,INACTIVE,68.78,TRAIN
cust-06087,m-032,47,8,9675.02,1209.38,644.7,2083.19,6,1,347,42.9,0.25,0.375,AT_RISK,16.28,TRAIN
cust-06088,m-011,31,9,1019.14,113.24,31.75,297.58,8,1,307,34.5,0.333,0.333,AT_RISK,7.55,TRAIN
cust-06089,m-024,33,6,762.18,127.03,62.58,219.15,4,1,247,42.8,0.5,0.5,AT_RISK,9.98,TRAIN
cust-06090,m-038,62,9,1257.03,139.67,103.23,172.06,3,1,314,31.5,0.333,0.333,INACTIVE,60.51,TEST
cust-06091,m-001,30,14,1423.89,101.71,35.57,284.6,9,1,336,23.5,0.357,0.286,REGULAR,16.43,TRAIN
cust-06093,m-043,38,7,4949.9,707.13,269.88,1103.72,4,1,341,50.5,0.143,0.429,AT_RISK,8.33,TEST
cust-06094,m-014,118,8,7909.42,988.68,265.14,2109.87,5,1,320,28.9,0.375,0.375,INACTIVE,100.0,TRAIN
cust-06095,m-021,29,7,1180.53,168.65,60.69,393.57,5,1,301,45.3,0.0,0.714,REGULAR,7.2,TEST
cust-06096,m-045,31,15,1385.7,92.38,36.65,203.97,11,1,356,23.2,0.133,0.267,AT_RISK,18.21,TEST
cust-06097,m-011,4,6,1040.9,173.48,48.92,365.62,4,1,277,54.6,0.333,0.0,REGULAR,1.08,TRAIN
cust-06098,m-038,48,6,793.49,132.25,103.23,172.06,3,1,327,55.8,0.333,0.0,AT_RISK,10.98,TRAIN
cust-06099,m-017,22,6,1705.77,284.3,119.46,680.02,3,1,320,59.6,0.5,0.5,REGULAR,5.14,TRAIN
cust-06100,m-030,11,16,5293.0,330.81,27.38,1128.3,7,1,352,22.7,0.312,0.438,LOYAL,2.34,TRAIN
cust-06101,m-037,30,12,2081.54,173.46,33.5,494.1,7,1,338,28.0,0.167,0.25,REGULAR,9.64,TRAIN
cust-06102,m-007,177,5,6769.28,1353.86,486.95,2427.55,4,1,330,38.2,0.2,0.2,INACTIVE,100.0,VALIDATION
cust-06104,m-038,3,11,1500.31,136.39,42.2,365.65,5,1,348,34.5,0.455,0.364,REGULAR,0.64,TRAIN
cust-06105,m-035,60,7,8752.45,1250.35,662.22,2412.27,6,1,314,42.3,0.571,0.143,AT_RISK,40.84,TEST
cust-06106,m-010,31,8,660.29,82.54,51.15,127.18,5,1,325,42.0,0.25,0.5,AT_RISK,7.13,TRAIN
cust-06107,m-034,4,5,364.92,72.98,35.29,93.49,4,1,362,89.5,0.6,0.4,REGULAR,0.83,VALIDATION
cust-06108,m-046,74,8,2502.74,312.84,111.7,723.13,6,1,310,33.7,0.375,0.375,INACTIVE,78.3,TRAIN
cust-06109,m-026,230,3,533.36,177.79,69.9,282.2,3,1,350,60.0,0.0,0.333,INACTIVE,100.0,TRAIN
cust-06110,m-012,47,10,4117.81,411.78,82.22,797.22,6,1,324,30.8,0.3,0.1,AT_RISK,35.15,TEST
cust-06111,m-012,18,13,2929.44,225.34,118.06,527.88,6,1,363,28.8,0.308,0.154,REGULAR,3.71,TRAIN
cust-06112,m-045,43,6,1136.92,189.49,36.65,411.2,5,1,333,58.0,0.5,0.667,AT_RISK,9.66,TRAIN
cust-06113,m-032,40,9,9150.84,1016.76,333.71,2083.19,5,1,335,36.9,0.333,0.444,AT_RISK,13.58,TRAIN
cust-06114,m-025,11,7,5146.7,735.24,391.84,1009.97,5,1,364,58.8,0.286,0.286,REGULAR,2.26,TRAIN
cust-06115,m-043,54,9,8464.71,940.52,336.04,2567.7,6,1,358,38.0,0.556,0.333,AT_RISK,35.28,VALIDATION
cust-06116,m-004,45,4,5048.0,1262.0,781.69,1721.89,3,1,352,102.3,0.0,0.75,AT_RISK,9.56,TRAIN
cust-06117,m-022,10,14,25524.56,1823.18,410.45,4174.73,5,1,350,26.2,0.071,0.286,REGULAR,2.14,TRAIN
cust-06118,m-011,0,12,1078.95,89.91,38.53,163.62,8,1,328,29.8,0.083,0.333,REGULAR,0.0,TRAIN
cust-06119,m-025,0,5,5295.05,1059.01,685.18,2224.07,4,1,180,45.0,0.2,0.2,REGULAR,0.0,TRAIN
cust-06120,m-006,44,10,1358.53,135.85,85.78,310.45,5,1,334,32.2,0.3,0.1,AT_RISK,27.55,VALIDATION
cust-06121,m-044,18,7,1802.37,257.48,26.36,595.3,6,1,331,52.2,0.143,0.143,REGULAR,4.07,TRAIN
cust-06122,m-022,60,6,8062.42,1343.74,695.1,4174.73,5,1,270,42.0,0.333,0.167,AT_RISK,43.61,TRAIN
cust-06123,m-008,47,10,13910.0,1391.0,816.98,2774.3,4,1,299,28.0,0.5,0.5,AT_RISK,40.25,TEST
cust-06124,m-031,6,6,546.18,91.03,41.16,177.6,5,1,342,67.2,0.5,0.333,REGULAR,1.31,TEST
cust-06125,m-020,62,10,796.92,79.69,33.64,173.28,8,1,360,33.1,0.3,0.1,INACTIVE,56.23,TRAIN
cust-06126,m-044,18,4,1281.82,320.46,187.2,500.7,4,1,148,43.3,0.25,0.25,REGULAR,9.06,VALIDATION
cust-06127,m-018,33,7,561.79,80.26,45.57,108.22,6,1,363,55.0,0.286,0.286,AT_RISK,6.8,TEST
cust-06128,m-014,146,7,7077.64,1011.09,265.14,2109.87,4,1,362,36.0,0.286,0.429,INACTIVE,100.0,TRAIN
cust-06129,m-038,3,10,1660.09,166.01,42.2,365.65,5,1,266,29.2,0.3,0.4,REGULAR,0.84,TRAIN
cust-06130,m-001,7,14,1402.58,100.18,36.39,261.24,7,1,356,26.8,0.5,0.214,REGULAR,1.47,TRAIN
cust-06131,m-003,35,12,3232.37,269.36,57.37,818.58,7,1,275,21.8,0.333,0.417,AT_RISK,29.31,VALIDATION
cust-06132,m-020,32,8,658.37,82.3,38.28,134.48,6,1,273,34.4,0.25,0.375,AT_RISK,8.76,TEST
cust-06133,m-024,64,6,2602.42,433.74,102.79,1428.06,5,1,317,50.6,0.167,0.5,INACTIVE,35.19,TRAIN
cust-06134,m-030,11,8,4018.99,502.37,100.97,1504.4,4,1,300,41.3,0.5,0.0,REGULAR,2.74,TRAIN
cust-06135,m-043,26,10,10316.15,1031.62,269.88,2567.7,6,1,343,35.2,0.4,0.2,REGULAR,5.67,TRAIN
cust-06136,m-041,2,10,2298.68,229.87,66.3,543.23,8,1,321,35.4,0.4,0.4,REGULAR,0.47,TEST
cust-06137,m-042,11,12,1103.55,91.96,43.16,237.72,7,1,307,26.9,0.167,0.25,REGULAR,2.68,TRAIN
cust-06138,m-009,74,6,676.46,112.74,35.76,355.4,4,1,335,52.2,0.5,0.5,INACTIVE,49.22,TRAIN
cust-06139,m-019,47,8,1207.25,150.91,32.1,549.3,7,1,343,42.3,0.375,0.125,AT_RISK,17.3,TEST
cust-06141,m-016,13,8,2386.58,298.32,113.49,445.18,3,1,320,43.9,0.375,0.25,REGULAR,3.04,TRAIN
cust-06142,m-016,11,8,948.87,118.61,75.51,189.44,4,1,358,49.6,0.375,0.5,REGULAR,2.3,TRAIN
cust-06143,m-002,159,4,3989.37,997.34,237.28,2972.2,4,1,228,23.0,0.5,0.5,INACTIVE,100.0,VALIDATION
cust-06144,m-032,96,8,8015.71,1001.96,333.71,2083.19,6,1,328,33.1,0.5,0.375,INACTIVE,100.0,TEST
cust-06145,m-035,53,7,9156.95,1308.14,662.22,2412.27,5,1,339,47.7,0.429,0.571,AT_RISK,19.64,VALIDATION
cust-06146,m-042,46,6,677.42,112.9,30.27,237.72,5,1,349,60.6,0.167,0.333,AT_RISK,9.86,TRAIN
cust-06147,m-016,44,6,1382.29,230.38,75.51,445.18,4,1,337,58.6,0.0,0.167,AT_RISK,9.76,TEST
cust-06148,m-044,25,8,1616.92,202.11,26.36,500.7,4,1,247,31.7,0.375,0.25,REGULAR,7.56,TRAIN
cust-06149,m-009,70,10,996.3,99.63,51.51,188.25,6,1,362,32.4,0.4,0.3,INACTIVE,70.86,TRAIN
cust-06150,m-028,123,7,1541.19,220.17,23.81,476.88,4,1,354,38.5,0.286,0.429,INACTIVE,100.0,TRAIN
cust-06151,m-028,46,15,7525.94,501.73,31.9,2199.69,8,1,324,19.9,0.4,0.6,AT_RISK,49.77,TEST
cust-06152,m-036,12,12,1483.64,123.64,28.43,309.16,9,1,328,28.7,0.333,0.667,REGULAR,2.74,TRAIN
cust-06153,m-013,4,12,13238.04,1103.17,271.73,2897.77,7,1,334,30.0,0.5,0.333,REGULAR,0.9,VALIDATION
cust-06154,m-028,69,13,3563.87,274.14,31.9,733.82,8,1,355,23.8,0.154,0.308,INACTIVE,82.34,TRAIN
cust-06155,m-015,48,7,668.59,95.51,38.47,168.56,6,1,305,42.8,0.286,0.429,AT_RISK,19.56,TRAIN
cust-06156,m-039,25,13,2008.37,154.49,88.81,263.1,5,1,357,27.7,0.154,0.385,REGULAR,5.24,TEST
cust-06157,m-038,84,8,1286.36,160.8,42.2,365.65,5,1,348,37.7,0.5,0.375,INACTIVE,87.5,TRAIN
cust-06158,m-016,25,5,739.83,147.97,75.51,189.44,4,1,354,82.2,0.8,0.4,REGULAR,5.28,TRAIN
cust-06159,m-042,81,7,806.98,115.28,30.27,183.48,6,1,359,46.3,0.429,0.286,INACTIVE,68.93,TRAIN
cust-06161,m-013,14,6,9055.45,1509.24,861.11,2897.77,4,1,330,63.2,0.333,0.0,REGULAR,3.17,TRAIN
cust-06163,m-005,34,10,4151.15,415.11,42.51,1257.16,6,1,283,27.7,0.3,0.2,AT_RISK,18.43,VALIDATION
cust-06164,m-011,45,6,840.54,140.09,73.87,233.32,5,1,335,58.0,0.0,0.0,AT_RISK,10.04,TRAIN
cust-06165,m-013,14,12,12062.86,1005.24,271.73,2897.77,7,1,335,29.2,0.5,0.167,REGULAR,3.12,TRAIN
cust-06166,m-007,70,5,3757.01,751.4,206.76,1357.85,3,1,350,70.0,0.4,0.2,INACTIVE,14.96,TRAIN
cust-06167,m-039,33,14,1754.76,125.34,88.81,263.1,5,1,346,24.1,0.5,0.357,AT_RISK,20.48,TRAIN
cust-06168,m-015,60,10,1126.98,112.7,51.71,218.22,7,1,350,32.2,0.3,0.2,AT_RISK,54.52,TRAIN
cust-06169,m-002,35,6,7788.04,1298.01,377.97,2972.2,5,1,308,54.6,0.0,0.333,AT_RISK,8.5,TRAIN
cust-06170,m-016,82,11,1907.35,173.4,75.51,445.18,5,1,336,25.4,0.364,0.273,INACTIVE,100.0,TEST
cust-06171,m-046,169,4,2126.56,531.64,172.6,1446.26,3,1,358,63.0,0.25,0.5,INACTIVE,100.0,TRAIN
cust-06172,m-009,12,5,746.45,149.29,35.76,266.28,5,1,284,68.0,0.6,0.0,REGULAR,3.16,TRAIN
cust-06173,m-047,61,5,319.99,64.0,30.31,95.9,5,1,305,61.0,0.8,0.6,INACTIVE,14.95,TRAIN
cust-06174,m-044,18,6,1148.7,191.45,26.36,595.3,5,1,271,50.6,0.5,0.0,REGULAR,4.96,TRAIN
cust-06176,m-006,24,8,1434.4,179.3,85.78,310.45,5,1,305,40.1,0.25,0.375,REGULAR,5.88,TRAIN
cust-06177,m-035,11,6,7609.09,1268.18,662.22,2412.27,5,1,330,63.8,0.5,0.5,REGULAR,2.49,TRAIN
cust-06179,m-007,37,14,11665.3,833.24,206.76,1314.17,5,1,343,23.5,0.357,0.429,AT_RISK,28.32,TRAIN
cust-06180,m-046,15,6,1497.42,249.57,34.98,890.86,5,1,330,63.0,0.5,0.667,REGULAR,3.4,TRAIN
cust-06181,m-010,7,12,1964.82,163.74,27.0,508.72,7,1,356,31.7,0.333,0.25,REGULAR,1.47,TRAIN
cust-06182,m-029,5,9,2160.12,240.01,62.52,713.92,7,1,340,41.9,0.667,0.333,REGULAR,1.1,TRAIN
cust-06183,m-041,66,8,2633.82,329.23,82.06,543.23,6,1,258,27.4,0.25,0.5,INACTIVE,77.01,TRAIN
cust-06185,m-014,5,12,15375.7,1281.31,482.82,2109.87,6,1,342,30.6,0.333,0.25,REGULAR,1.09,TRAIN
cust-06186,m-032,22,10,10798.98,1079.9,333.71,1743.56,5,1,339,35.2,0.6,0.1,REGULAR,4.85,TRAIN
cust-06187,m-007,3,12,10437.23,869.77,206.76,1357.85,7,1,338,30.5,0.167,0.167,REGULAR,0.66,TRAIN
cust-06188,m-026,26,7,1399.65,199.95,57.3,668.88,6,1,274,41.3,0.429,0.286,REGULAR,7.09,TRAIN
cust-06189,m-016,21,5,1154.87,230.97,75.51,445.18,3,1,190,42.2,0.2,0.2,REGULAR,8.25,VALIDATION
cust-06190,m-004,67,2,2453.98,1226.99,732.09,1721.89,2,1,234,167.0,0.5,0.5,INACTIVE,21.38,TRAIN
cust-06191,m-023,98,7,2060.01,294.29,34.83,585.24,6,1,332,39.0,0.143,0.286,INACTIVE,100.0,TRAIN
cust-06192,m-025,39,8,6383.3,797.91,391.84,2088.28,4,1,304,37.9,0.25,0.375,AT_RISK,11.24,VALIDATION
cust-06193,m-032,58,6,6160.98,1026.83,644.7,2083.19,4,1,360,60.4,0.0,0.5,AT_RISK,12.05,TRAIN
cust-06194,m-005,11,9,2032.67,225.85,25.41,837.72,6,1,358,43.4,0.556,0.333,REGULAR,2.3,TRAIN
cust-06195,m-014,38,9,7211.6,801.29,265.14,1579.66,6,1,346,38.5,0.222,0.444,AT_RISK,8.21,TRAIN
cust-06196,m-030,33,14,5761.78,411.56,27.38,1504.4,6,1,351,24.5,0.286,0.5,AT_RISK,19.78,VALIDATION
cust-06197,m-031,200,3,213.62,71.21,62.41,88.8,2,1,312,56.0,0.667,0.333,INACTIVE,100.0,VALIDATION
cust-06198,m-021,53,9,2587.4,287.49,22.25,541.32,5,1,292,29.9,0.556,0.222,AT_RISK,48.22,TRAIN
cust-06200,m-044,5,8,2104.53,263.07,26.36,602.28,7,1,335,47.1,0.375,0.5,REGULAR,1.12,TRAIN
cust-06201,m-041,130,9,2342.9,260.32,30.43,915.51,7,1,333,25.4,0.444,0.556,INACTIVE,100.0,TRAIN
cust-06202,m-040,19,8,2301.08,287.64,32.37,909.0,6,1,357,48.3,0.375,0.25,REGULAR,3.98,TRAIN
cust-06203,m-043,33,10,8647.15,864.71,269.88,2567.7,6,1,359,36.2,0.4,0.3,AT_RISK,6.87,TRAIN
cust-06204,m-039,57,7,832.66,118.95,88.81,263.1,4,1,290,38.8,0.286,0.286,AT_RISK,41.99,VALIDATION
cust-06205,m-037,27,7,940.14,134.31,49.63,315.66,5,1,351,54.0,0.0,0.429,REGULAR,5.75,TEST
cust-06206,m-027,19,10,5044.72,504.47,27.71,2712.24,7,1,361,38.0,0.5,0.3,REGULAR,3.94,TRAIN
cust-06207,m-013,82,5,4856.07,971.21,271.73,2532.63,3,1,333,62.8,0.8,0.4,INACTIVE,47.21,TRAIN
cust-06208,m-023,17,12,4229.86,352.49,55.92,1521.72,8,1,362,31.4,0.417,0.5,REGULAR,3.51,VALIDATION
cust-06209,m-021,79,7,1145.51,163.64,22.25,351.42,6,1,345,44.3,0.143,0.286,INACTIVE,69.17,TRAIN
cust-06210,m-038,4,10,1582.87,158.29,42.2,365.65,5,1,327,35.9,0.4,0.3,REGULAR,0.91,VALIDATION
cust-06211,m-035,5,11,11479.31,1043.57,390.48,2412.27,5,1,329,32.4,0.273,0.091,REGULAR,1.14,TRAIN
cust-06212,m-003,163,4,2028.82,507.2,27.64,1910.85,4,1,293,43.3,0.25,0.5,INACTIVE,100.0,VALIDATION
cust-06213,m-020,34,8,734.87,91.86,33.64,232.54,7,1,332,42.6,0.25,0.25,AT_RISK,7.66,TRAIN
cust-06214,m-045,23,4,452.08,113.02,36.65,203.97,4,1,150,42.3,0.25,0.25,REGULAR,11.42,VALIDATION
cust-06215,m-007,28,9,11545.98,1282.89,206.76,2427.55,7,1,328,37.5,0.444,0.222,REGULAR,6.38,TRAIN
cust-06216,m-006,5,7,906.29,129.47,85.78,310.45,4,1,198,32.2,0.286,0.714,REGULAR,1.88,TRAIN
cust-06218,m-036,16,8,2047.96,256.0,62.94,1070.5,7,1,331,45.0,0.25,0.25,REGULAR,3.61,TEST
cust-06219,m-030,23,9,2214.96,246.11,27.38,1023.6,5,1,260,29.6,0.222,0.111,REGULAR,6.61,TRAIN
cust-06221,m-016,104,5,894.73,178.95,171.95,189.44,2,1,303,49.8,0.4,0.2,INACTIVE,100.0,VALIDATION
cust-06222,m-037,14,11,1015.06,92.28,31.54,164.7,8,1,361,34.7,0.636,0.273,REGULAR,2.9,VALIDATION
cust-06223,m-041,193,5,350.48,70.1,30.43,132.6,3,1,332,34.8,0.4,0.4,INACTIVE,100.0,VALIDATION
cust-06224,m-029,115,8,848.56,106.07,24.87,147.41,5,1,340,32.1,0.125,0.25,INACTIVE,100.0,TRAIN
cust-06225,m-017,51,3,1548.8,516.27,188.76,1020.03,2,1,291,120.0,0.333,0.333,INACTIVE,13.1,TRAIN
cust-06226,m-034,108,9,1022.3,113.59,26.72,189.45,8,1,302,24.2,0.222,0.222,INACTIVE,100.0,TRAIN
cust-06227,m-028,48,8,2058.85,257.36,31.9,733.23,6,1,277,32.7,0.125,0.25,AT_RISK,35.9,TRAIN
cust-06228,m-045,5,14,2296.2,164.01,36.65,325.74,8,1,330,25.0,0.286,0.214,REGULAR,1.13,TRAIN
cust-06229,m-024,2,7,2197.4,313.91,23.95,583.08,6,1,336,55.7,0.286,0.429,REGULAR,0.45,TRAIN
cust-06230,m-018,3,9,1552.42,172.49,46.73,569.72,6,1,325,40.2,0.333,0.333,REGULAR,0.69,TRAIN
cust-06231,m-044,94,5,1362.38,272.48,26.36,670.08,4,1,241,36.8,0.0,0.4,INACTIVE,100.0,TRAIN
cust-06232,m-021,61,5,849.71,169.94,39.92,249.81,5,1,200,34.8,0.6,0.0,INACTIVE,62.06,TRAIN
cust-06233,m-022,6,10,16504.53,1650.45,410.45,4174.73,6,1,348,38.0,0.5,0.2,REGULAR,1.29,VALIDATION
cust-06234,m-041,66,2,335.6,167.8,30.43,305.17,2,1,231,165.0,0.0,0.5,INACTIVE,21.34,TRAIN
cust-06236,m-009,30,5,779.51,155.9,30.99,355.4,5,1,348,79.5,0.8,0.2,REGULAR,6.45,TRAIN
cust-06237,m-028,8,8,3984.05,498.01,23.81,1100.73,5,1,333,46.4,0.125,0.375,REGULAR,1.8,TRAIN
cust-06238,m-043,97,8,6925.0,865.62,336.04,2567.7,5,1,348,35.9,0.125,0.375,INACTIVE,100.0,TRAIN
cust-06239,m-007,40,4,3331.74,832.94,206.76,1357.85,4,1,346,102.0,0.25,0.25,AT_RISK,8.65,TRAIN
cust-06240,m-018,63,7,741.24,105.89,62.6,142.43,4,1,355,48.7,0.286,0.571,INACTIVE,34.72,TEST
cust-06241,m-021,41,4,654.88,163.72,55.33,270.66,4,1,323,94.0,0.5,0.25,AT_RISK,9.49,TRAIN
cust-06242,m-034,89,7,986.17,140.88,26.72,378.9,7,1,313,37.3,0.571,0.143,INACTIVE,98.81,VALIDATION
cust-06243,m-007,88,5,4062.54,812.51,206.76,1357.85,5,1,352,66.0,0.2,0.8,INACTIVE,51.7,TRAIN
cust-06244,m-009,150,6,478.76,79.79,35.76,103.02,4,1,308,31.6,0.5,0.5,INACTIVE,100.0,TRAIN
cust-06245,m-033,36,5,4798.37,959.67,348.67,2575.37,4,1,294,64.5,0.2,0.6,AT_RISK,9.15,TRAIN
cust-06246,m-034,183,3,244.29,81.43,64.12,101.64,3,1,339,78.0,0.0,0.667,INACTIVE,100.0,TRAIN
cust-06247,m-046,78,8,2435.95,304.49,59.65,1193.24,5,1,331,36.1,0.375,0.25,INACTIVE,80.47,TRAIN
cust-06248,m-024,107,6,1705.33,284.22,23.95,714.03,5,1,319,42.4,0.5,0.333,INACTIVE,100.0,TRAIN
cust-06249,m-045,9,5,643.9,128.78,50.26,325.74,5,1,252,60.8,0.2,0.4,REGULAR,2.67,TRAIN
cust-06250,m-037,3,6,521.05,86.84,45.38,157.83,6,1,322,63.8,0.167,0.5,REGULAR,0.7,TEST
cust-06251,m-028,32,6,2132.85,355.48,31.9,1466.46,5,1,179,29.4,0.667,0.5,AT_RISK,17.23,TRAIN
cust-06252,m-035,78,7,8111.56,1158.79,662.22,2412.27,5,1,247,28.2,0.571,0.429,INACTIVE,98.29,TRAIN
cust-06254,m-038,8,6,634.98,105.83,42.2,172.06,3,1,352,68.8,0.0,0.667,REGULAR,1.7,TRAIN
cust-06255,m-038,141,7,984.44,140.63,42.2,365.65,5,1,326,30.8,0.429,0.143,INACTIVE,100.0,TEST
cust-06256,m-011,2,9,1053.92,117.1,31.75,250.22,7,1,346,43.0,0.333,0.222,REGULAR,0.43,TRAIN
cust-06257,m-003,16,6,4197.37,699.56,32.96,1910.85,5,1,239,44.6,0.167,0.667,REGULAR,5.0,TRAIN
cust-06258,m-041,22,9,2519.85,279.98,54.85,610.34,7,1,344,40.2,0.556,0.222,REGULAR,4.78,TEST
cust-06259,m-009,119,6,589.89,98.32,66.56,154.53,5,1,299,36.0,0.167,0.333,INACTIVE,100.0,VALIDATION
cust-06260,m-008,20,9,11744.96,1305.0,567.43,2774.3,6,1,358,42.2,0.444,0.333,REGULAR,4.18,TRAIN
cust-06261,m-015,13,6,880.29,146.72,42.0,327.87,5,1,311,59.6,0.167,0.5,REGULAR,3.12,TRAIN
cust-06262,m-041,42,6,1807.5,301.25,54.58,915.51,6,1,308,53.2,0.0,0.167,AT_RISK,10.19,TRAIN
cust-06263,m-036,23,7,918.72,131.25,30.39,300.48,6,1,272,41.5,0.0,0.143,REGULAR,6.32,TRAIN
cust-06264,m-038,14,6,1204.66,200.78,42.2,365.65,4,1,153,27.8,0.167,0.167,REGULAR,6.82,TRAIN
cust-06265,m-045,0,9,2035.95,226.22,36.65,1226.14,7,1,300,37.5,0.222,0.333,REGULAR,0.0,TRAIN
cust-06266,m-012,23,10,2522.57,252.26,118.06,398.61,4,1,291,29.8,0.5,0.7,REGULAR,5.91,TRAIN
cust-06267,m-047,104,10,596.66,59.67,30.31,79.87,7,1,360,28.4,0.5,0.3,INACTIVE,100.0,TRAIN
cust-06268,m-010,27,16,1893.81,118.36,27.0,580.56,11,1,345,21.2,0.312,0.312,REGULAR,14.55,TRAIN
cust-06269,m-026,19,7,638.7,91.24,40.34,175.34,4,1,347,54.7,0.571,0.0,REGULAR,4.09,TEST
cust-06270,m-018,92,10,1369.17,136.92,45.57,381.36,7,1,354,29.1,0.1,0.5,INACTIVE,100.0,TRAIN
cust-06271,m-043,61,10,5467.51,546.75,269.88,1103.72,5,1,359,33.1,0.3,0.4,INACTIVE,54.56,TRAIN
cust-06272,m-033,149,3,2442.49,814.16,803.31,835.87,2,1,312,81.5,0.667,0.0,INACTIVE,100.0,TRAIN
cust-06273,m-009,33,7,787.23,112.46,30.99,266.55,5,1,262,38.2,0.286,0.143,AT_RISK,9.41,TEST
cust-06274,m-019,66,7,1139.36,162.77,30.62,732.4,5,1,350,47.3,0.143,0.286,INACTIVE,42.15,TRAIN
cust-06275,m-046,22,13,6322.41,486.34,45.52,2169.39,7,1,345,26.9,0.231,0.231,REGULAR,4.77,TRAIN
cust-06276,m-012,2,8,2148.12,268.52,113.76,472.24,6,1,361,51.3,0.25,0.25,REGULAR,0.41,TRAIN
cust-06278,m-014,29,7,7487.69,1069.67,482.82,1579.66,5,1,323,49.0,0.286,0.286,REGULAR,6.71,TRAIN
cust-06279,m-008,73,10,11615.36,1161.54,567.43,1942.06,6,1,341,29.8,0.3,0.4,INACTIVE,80.81,TRAIN
cust-06281,m-034,95,5,625.77,125.15,53.44,200.86,5,1,350,63.8,0.6,0.4,INACTIVE,67.1,TRAIN
cust-06282,m-005,37,4,1424.72,356.18,107.27,685.24,4,1,286,83.0,0.25,0.0,AT_RISK,9.67,TRAIN
cust-06283,m-012,15,13,4697.15,361.32,113.76,804.48,6,1,334,26.6,0.462,0.154,REGULAR,3.36,TRAIN
cust-06284,m-030,18,10,2706.17,270.62,27.38,1023.6,8,1,327,34.3,0.4,0.2,REGULAR,4.12,TRAIN
cust-06285,m-040,29,11,3120.94,283.72,75.05,681.75,7,1,326,29.7,0.273,0.182,REGULAR,6.65,VALIDATION
cust-06286,m-040,86,6,4946.81,824.47,51.55,1722.36,4,1,208,24.4,0.667,0.167,INACTIVE,100.0,VALIDATION
cust-06287,m-004,21,4,2888.0,722.0,687.11,781.69,3,1,273,84.0,0.0,0.75,REGULAR,5.75,TEST
cust-06288,m-041,85,7,984.9,140.7,27.29,357.44,5,1,335,41.7,0.571,0.429,INACTIVE,83.92,TRAIN
cust-06289,m-039,20,12,1518.69,126.56,88.81,263.1,5,1,355,30.5,0.25,0.5,REGULAR,4.21,TEST
cust-06290,m-041,79,6,1060.87,176.81,30.43,357.44,5,1,291,42.4,0.167,0.333,INACTIVE,75.19,TRAIN
cust-06292,m-027,21,10,1834.7,183.47,32.87,416.57,8,1,341,35.6,0.4,0.3,REGULAR,4.61,TRAIN
cust-06294,m-024,33,8,1181.24,147.66,23.95,291.54,6,1,330,42.4,0.25,0.125,AT_RISK,7.48,VALIDATION
cust-06295,m-036,66,3,318.76,106.25,62.94,150.24,3,1,278,106.0,0.333,0.333,INACTIVE,17.74,TEST
cust-06296,m-005,54,9,2213.28,245.92,42.51,628.58,6,1,355,37.6,0.222,0.222,AT_RISK,35.98,TRAIN
cust-06297,m-002,44,5,7421.14,1484.23,237.28,2972.2,5,1,363,79.8,0.2,0.2,AT_RISK,9.07,TRAIN
cust-06298,m-023,86,4,1549.97,387.49,34.83,585.24,3,1,209,41.0,0.5,0.25,INACTIVE,98.21,TRAIN
cust-06299,m-035,25,10,33267.01,3326.7,390.48,22515.48,8,1,325,33.3,0.2,0.5,REGULAR,5.75,TRAIN
cust-06300,m-022,18,8,7768.01,971.0,410.45,1444.79,5,1,333,45.0,0.75,0.625,REGULAR,4.04,TRAIN
cust-06301,m-027,52,4,672.57,168.14,67.39,352.8,2,1,278,75.3,0.75,0.25,AT_RISK,13.98,TRAIN
cust-06302,m-033,30,8,9270.42,1158.8,348.67,2575.37,5,1,345,45.0,0.125,0.5,REGULAR,6.5,TRAIN
cust-06303,m-009,66,3,277.9,92.63,61.55,138.13,3,1,336,135.0,0.333,0.0,INACTIVE,14.69,TRAIN
cust-06305,m-032,65,7,5912.63,844.66,333.71,1090.85,4,1,352,47.8,0.429,0.429,INACTIVE,39.61,TRAIN
cust-06306,m-037,39,5,514.77,102.95,44.95,193.36,5,1,302,65.8,0.4,0.0,AT_RISK,9.65,TRAIN
cust-06307,m-029,85,7,1498.24,214.03,24.87,939.2,5,1,250,27.5,0.286,0.0,INACTIVE,100.0,TEST
cust-06308,m-045,23,8,565.37,70.67,43.04,129.12,4,1,303,40.0,0.5,0.375,REGULAR,5.67,TEST
cust-06310,m-019,22,9,836.26,92.92,32.1,183.1,8,1,327,38.1,0.333,0.444,REGULAR,5.03,TEST
cust-06311,m-035,67,6,6953.48,1158.91,662.22,2412.27,5,1,364,59.4,0.5,0.5,INACTIVE,25.17,VALIDATION
cust-06312,m-011,20,8,747.2,93.4,31.75,250.22,6,1,256,33.7,0.375,0.125,REGULAR,5.84,TRAIN
cust-06313,m-044,47,11,3490.11,317.28,26.36,717.56,7,1,308,26.1,0.273,0.455,AT_RISK,42.76,TRAIN
cust-06314,m-035,22,10,7040.72,704.07,390.48,1154.45,5,1,362,37.8,0.2,0.3,REGULAR,4.55,TRAIN
cust-06315,m-041,119,6,2277.77,379.63,54.58,1167.6,4,1,345,45.2,0.167,0.167,INACTIVE,100.0,TEST
cust-06316,m-024,9,14,6321.51,451.54,35.32,2142.09,8,1,317,23.7,0.071,0.214,REGULAR,2.12,TRAIN
cust-06319,m-005,1,9,2342.17,260.24,25.41,742.23,7,1,340,42.4,0.333,0.778,REGULAR,0.22,TRAIN
cust-06320,m-043,36,9,6045.84,671.76,336.04,900.25,5,1,328,36.5,0.111,0.0,AT_RISK,8.21,TRAIN
cust-06321,m-010,15,15,1462.74,97.52,27.0,387.04,8,1,354,24.2,0.267,0.267,REGULAR,3.17,TRAIN
cust-06322,m-038,9,5,857.9,171.58,42.2,365.65,2,1,141,33.0,0.6,0.6,REGULAR,4.75,TRAIN
cust-06323,m-014,18,11,8900.46,809.13,265.14,2109.87,7,1,312,29.4,0.455,0.182,REGULAR,4.31,TRAIN
cust-06324,m-013,16,9,9323.29,1035.92,271.73,2532.63,5,1,345,41.1,0.333,0.444,REGULAR,3.47,TEST
cust-06325,m-042,72,9,715.58,79.51,31.7,183.48,5,1,331,32.4,0.333,0.222,INACTIVE,75.67,TRAIN
cust-06326,m-035,7,8,9628.8,1203.6,390.48,2412.27,6,1,287,40.0,0.5,0.375,REGULAR,1.82,TRAIN
cust-06328,m-025,42,12,13611.42,1134.29,391.84,2224.07,6,1,342,27.3,0.167,0.333,AT_RISK,31.23,TRAIN
cust-06329,m-004,19,10,13955.22,1395.52,482.75,3021.37,6,1,327,34.2,0.3,0.3,REGULAR,4.34,TRAIN
cust-06330,m-019,5,5,578.98,115.8,58.64,260.58,4,1,320,78.8,0.6,0.0,REGULAR,1.17,TRAIN
cust-06331,m-033,5,14,11385.92,813.28,348.67,2575.37,6,1,354,26.8,0.5,0.5,REGULAR,1.06,TRAIN
cust-06332,m-032,56,7,5721.95,817.42,333.71,2083.19,4,1,330,45.7,0.286,0.429,AT_RISK,28.14,TRAIN
cust-06333,m-028,0,11,3021.66,274.7,23.81,726.52,8,1,359,35.9,0.273,0.273,REGULAR,0.0,TRAIN
cust-06334,m-032,42,6,5338.64,889.77,644.7,1090.85,5,1,259,43.4,0.333,0.0,AT_RISK,12.12,TRAIN
cust-06335,m-015,63,7,520.26,74.32,42.0,95.66,6,1,284,36.8,0.143,0.143,INACTIVE,55.88,TRAIN
cust-06336,m-031,21,6,569.63,94.94,41.16,221.62,5,1,303,56.4,0.167,0.333,REGULAR,5.18,VALIDATION
cust-06337,m-006,62,10,1411.41,141.14,85.78,310.45,5,1,345,31.4,0.1,0.2,INACTIVE,59.34,TRAIN
cust-06338,m-034,12,7,622.83,88.98,51.8,155.7,7,1,305,48.8,0.571,0.571,REGULAR,2.94,TRAIN
cust-06339,m-045,134,6,1044.15,174.02,43.04,467.24,4,1,353,43.8,0.0,0.167,INACTIVE,100.0,TRAIN
cust-06340,m-046,2,7,2634.44,376.35,22.76,890.86,5,1,275,45.5,0.143,0.0,REGULAR,0.54,TEST
cust-06341,m-005,28,4,717.23,179.31,85.02,314.29,3,1,332,101.3,0.5,0.75,REGULAR,6.31,TRAIN
cust-06342,m-001,63,8,675.56,84.44,35.57,245.24,7,1,356,41.9,0.125,0.0,INACTIVE,44.89,TRAIN
cust-06343,m-006,164,7,1001.9,143.13,85.78,310.45,5,1,354,31.7,0.143,0.143,INACTIVE,100.0,TRAIN
cust-06344,m-026,16,8,928.62,116.08,48.83,211.65,5,1,307,41.6,0.5,0.5,REGULAR,3.9,TRAIN
cust-06345,m-028,20,7,2293.22,327.6,23.81,1466.46,6,1,349,54.8,0.143,0.571,REGULAR,4.29,TRAIN
cust-06346,m-036,11,13,2106.84,162.06,30.39,743.16,10,1,326,26.2,0.538,0.308,REGULAR,2.52,TRAIN
cust-06347,m-009,112,9,1436.16,159.57,61.55,376.5,5,1,325,26.6,0.556,0.0,INACTIVE,100.0,TRAIN
cust-06348,m-032,144,2,2416.9,1208.45,333.71,2083.19,2,1,166,22.0,1.0,1.0,INACTIVE,100.0,TRAIN
cust-06349,m-032,46,5,4525.01,905.0,644.7,1090.85,4,1,362,79.0,1.0,0.4,AT_RISK,9.5,TRAIN
cust-06350,m-030,91,11,4201.64,381.97,43.79,1535.4,5,1,352,26.1,0.455,0.273,INACTIVE,100.0,VALIDATION
cust-06351,m-028,86,7,842.59,120.37,31.9,255.06,5,1,315,38.2,0.286,0.143,INACTIVE,92.11,TRAIN
cust-06352,m-039,67,10,1166.78,116.68,88.81,263.1,5,1,325,28.7,0.2,0.4,INACTIVE,72.86,TRAIN
cust-06353,m-034,65,12,1111.79,92.65,26.72,378.9,8,1,351,26.0,0.167,0.0,INACTIVE,72.35,TRAIN
cust-06354,m-009,31,11,1198.67,108.97,51.51,188.25,8,1,333,30.2,0.545,0.364,AT_RISK,8.16,TRAIN
cust-06355,m-016,95,11,1869.37,169.94,75.51,445.18,5,1,362,26.7,0.545,0.182,INACTIVE,100.0,TRAIN
cust-06356,m-035,4,15,17978.16,1198.54,390.48,2412.27,6,1,345,24.4,0.2,0.133,LOYAL,0.87,VALIDATION
cust-06357,m-007,73,6,11137.43,1856.24,1139.08,2427.55,3,1,267,38.8,0.167,0.333,INACTIVE,71.73,TEST
cust-06358,m-033,123,4,6005.76,1501.44,348.67,2364.31,3,1,321,66.0,0.75,0.25,INACTIVE,100.0,VALIDATION
cust-06359,m-009,76,6,508.19,84.7,35.76,121.63,4,1,323,49.4,0.167,0.0,INACTIVE,57.49,TRAIN
cust-06360,m-005,19,11,3267.09,297.01,50.82,942.87,8,1,354,33.5,0.273,0.364,REGULAR,4.01,TRAIN
cust-06361,m-030,15,13,5675.91,436.61,27.38,1128.3,6,1,363,29.0,0.615,0.462,REGULAR,3.09,TEST
cust-06362,m-013,73,8,8379.12,1047.39,271.73,2897.77,5,1,355,40.3,0.5,0.25,INACTIVE,64.43,TRAIN
cust-06363,m-023,12,9,2484.85,276.09,26.95,585.24,5,1,254,30.2,0.222,0.333,REGULAR,3.53,TEST
cust-06364,m-046,4,12,1709.0,142.42,22.76,231.97,8,1,347,31.2,0.25,0.167,REGULAR,0.86,VALIDATION
cust-06365,m-030,32,10,3249.85,324.98,54.76,1023.6,7,1,333,33.4,0.6,0.3,AT_RISK,7.19,TRAIN
cust-06366,m-045,84,9,812.96,90.33,39.71,188.66,6,1,355,33.9,0.333,0.333,INACTIVE,92.85,TEST
cust-06367,m-017,89,8,2143.8,267.98,59.73,563.22,6,1,333,34.9,0.5,0.125,INACTIVE,100.0,TRAIN
cust-06368,m-013,40,8,9838.83,1229.85,271.73,2532.63,5,1,351,44.4,0.5,0.375,AT_RISK,8.52,TRAIN
cust-06369,m-024,18,9,3368.6,374.29,35.32,1537.04,6,1,341,40.4,0.556,0.444,REGULAR,3.95,TEST
cust-06370,m-037,8,8,1336.79,167.1,44.95,515.4,7,1,329,45.9,0.25,0.5,REGULAR,1.82,TRAIN
cust-06371,m-039,79,5,682.95,136.59,88.81,263.1,5,1,331,63.0,0.2,0.4,INACTIVE,41.85,TRAIN
cust-06372,m-013,33,6,8221.25,1370.21,271.73,2532.63,4,1,305,54.4,0.5,0.5,AT_RISK,8.09,TRAIN
cust-06374,m-047,75,14,1660.04,118.57,30.31,383.6,10,1,364,22.2,0.286,0.5,INACTIVE,94.61,VALIDATION
cust-06375,m-012,22,10,3315.9,331.59,118.06,1195.83,6,1,331,34.3,0.4,0.3,REGULAR,4.97,TRAIN
cust-06376,m-014,6,9,9603.86,1067.1,482.82,2109.87,6,1,319,39.1,0.333,0.444,REGULAR,1.41,TRAIN
cust-06377,m-034,84,12,981.96,81.83,26.72,189.45,8,1,289,18.6,0.167,0.167,INACTIVE,100.0,TRAIN
cust-06378,m-016,30,11,2180.58,198.23,75.51,445.18,5,1,330,30.0,0.091,0.273,REGULAR,6.8,TRAIN
cust-06379,m-042,100,5,444.2,88.84,61.16,122.32,4,1,353,63.2,0.2,0.0,INACTIVE,76.39,TRAIN
cust-06380,m-044,122,8,2081.49,260.19,58.37,595.3,6,1,243,17.3,0.375,0.625,INACTIVE,100.0,VALIDATION
cust-06381,m-013,0,7,7499.08,1071.3,271.73,2532.63,5,1,312,52.0,0.286,0.429,REGULAR,0.0,TRAIN
cust-06382,m-039,38,10,1540.19,154.02,88.81,263.1,5,1,340,33.6,0.3,0.4,AT_RISK,14.96,TRAIN
cust-06383,m-038,35,12,2120.58,176.72,42.2,365.65,5,1,310,25.0,0.25,0.083,AT_RISK,23.44,TEST
cust-06384,m-018,78,7,548.2,78.31,45.57,142.43,5,1,332,42.3,0.286,0.571,INACTIVE,71.12,TRAIN
cust-06385,m-001,53,9,926.4,102.93,37.64,261.24,6,1,299,30.8,0.667,0.333,AT_RISK,46.55,VALIDATION
cust-06386,m-022,19,8,7676.63,959.58,695.1,1444.79,5,1,348,47.0,0.625,0.375,REGULAR,4.08,VALIDATION
cust-06387,m-028,4,9,3186.06,354.01,23.81,733.82,6,1,323,39.9,0.333,0.444,REGULAR,0.93,TRAIN
cust-06388,m-009,24,15,2558.04,170.54,30.99,564.75,9,1,362,24.1,0.4,0.4,REGULAR,4.96,VALIDATION
cust-06389,m-036,84,10,983.76,98.38,28.43,185.79,9,1,356,30.2,0.3,0.3,INACTIVE,98.35,TRAIN
cust-06390,m-028,7,8,1725.11,215.64,114.16,476.88,7,1,347,48.6,0.375,0.25,REGULAR,1.51,TRAIN
cust-06392,m-005,59,7,2624.54,374.93,85.02,1027.86,6,1,362,50.5,0.429,0.429,AT_RISK,24.94,VALIDATION
cust-06393,m-041,0,8,4090.71,511.34,66.3,1429.76,5,1,303,43.3,0.125,0.5,REGULAR,0.0,TRAIN
cust-06395,m-029,34,12,1934.42,161.2,24.87,467.38,8,1,335,27.4,0.167,0.417,AT_RISK,17.49,TRAIN
cust-06396,m-039,43,10,1420.21,142.02,88.81,263.1,3,1,334,32.3,0.4,0.3,AT_RISK,25.68,TEST
cust-06397,m-010,46,9,857.62,95.29,31.82,193.52,8,1,320,34.2,0.333,0.0,AT_RISK,28.45,TRAIN
cust-06398,m-030,19,14,3117.42,222.67,27.38,1165.68,7,1,363,26.5,0.357,0.357,REGULAR,3.91,VALIDATION
cust-06399,m-044,34,3,1761.85,587.28,179.39,1281.32,3,1,259,112.5,0.0,0.0,NEW,9.81,TRAIN
cust-06400,m-006,14,5,708.29,141.66,85.78,310.45,4,1,344,82.5,0.6,0.4,REGULAR,3.04,TEST
cust-06401,m-017,46,7,1745.55,249.36,59.73,1020.03,6,1,334,48.0,0.429,0.143,AT_RISK,10.3,TRAIN
cust-06403,m-045,6,10,979.9,97.99,39.71,350.43,6,1,358,39.1,0.3,0.3,REGULAR,1.25,TRAIN
cust-06404,m-029,20,9,1851.24,205.69,44.48,469.6,6,1,351,41.4,0.111,0.333,REGULAR,4.26,VALIDATION
cust-06405,m-033,12,9,10046.64,1116.29,539.82,2575.37,6,1,338,40.8,0.444,0.222,REGULAR,2.65,TRAIN
cust-06406,m-031,18,9,1068.97,118.77,30.71,268.29,7,1,363,43.1,0.333,0.111,REGULAR,3.71,TRAIN
cust-06407,m-014,33,10,9994.39,999.44,265.14,1579.66,5,1,337,33.8,0.4,0.5,AT_RISK,7.32,TRAIN
cust-06408,m-028,94,6,1903.39,317.23,228.32,431.13,4,1,290,39.2,0.333,0.333,INACTIVE,100.0,VALIDATION
cust-06409,m-031,11,13,1262.75,97.13,41.16,221.62,9,1,352,28.4,0.231,0.615,REGULAR,2.34,TRAIN
cust-06410,m-008,61,11,12034.37,1094.03,567.43,1942.06,6,1,351,29.0,0.182,0.364,INACTIVE,61.0,TEST
cust-06411,m-019,32,8,558.16,69.77,32.1,168.48,7,1,361,47.0,0.625,0.25,AT_RISK,6.63,VALIDATION
cust-06412,m-019,29,10,1051.29,105.13,33.58,227.12,7,1,338,34.3,0.4,0.4,REGULAR,6.42,VALIDATION
cust-06413,m-022,17,9,10771.13,1196.79,410.45,4174.73,6,1,256,29.9,0.222,0.222,REGULAR,4.96,VALIDATION
cust-06414,m-021,43,10,3030.5,303.05,55.33,576.02,6,1,318,30.6,0.3,0.5,AT_RISK,28.71,TRAIN
cust-06415,m-047,33,11,994.99,90.45,36.72,239.61,7,1,355,32.2,0.273,0.273,AT_RISK,8.15,TEST
cust-06416,m-038,21,5,489.24,97.85,42.2,172.06,4,1,364,85.8,0.4,0.2,REGULAR,4.32,VALIDATION
cust-06418,m-037,26,10,1244.69,124.47,31.54,329.4,9,1,345,35.4,0.4,0.4,REGULAR,5.64,VALIDATION
cust-06419,m-001,33,14,1574.53,112.47,35.57,261.24,9,1,342,23.8,0.357,0.429,AT_RISK,21.02,TRAIN
cust-06420,m-017,10,9,2102.31,233.59,59.73,563.22,7,1,363,44.1,0.333,0.333,REGULAR,2.06,TEST
cust-06421,m-013,58,10,11285.8,1128.58,271.73,2532.63,7,1,358,33.3,0.4,0.4,AT_RISK,49.17,TEST
cust-06422,m-003,73,5,2935.05,587.01,166.0,1273.9,4,1,310,59.2,0.2,0.0,INACTIVE,38.3,TRAIN
cust-06423,m-004,3,7,7262.53,1037.5,482.75,1789.15,6,1,330,54.5,0.429,0.429,REGULAR,0.68,TRAIN
cust-06424,m-015,39,8,1182.2,147.78,51.71,326.92,6,1,319,40.0,0.25,0.375,AT_RISK,9.14,TRAIN
cust-06425,m-002,15,9,10166.41,1129.6,237.28,2972.2,7,1,320,38.1,0.444,0.222,REGULAR,3.5,VALIDATION
cust-06426,m-010,163,5,707.0,141.4,27.0,310.8,4,1,325,40.5,0.0,0.4,INACTIVE,100.0,TEST
cust-06427,m-044,85,7,1313.31,187.62,58.37,320.33,6,1,352,44.5,0.286,0.286,INACTIVE,78.81,VALIDATION
cust-06428,m-002,13,11,11083.21,1007.56,237.28,2348.26,5,1,355,34.2,0.273,0.091,REGULAR,2.74,TEST
cust-06429,m-004,23,4,4768.56,1192.14,482.75,3021.37,3,1,136,37.7,0.25,0.25,REGULAR,12.59,TRAIN
cust-06430,m-026,33,6,475.08,79.18,43.96,164.04,3,1,277,48.8,0.333,0.167,AT_RISK,8.9,TRAIN
cust-06431,m-010,16,9,947.47,105.27,27.0,233.1,7,1,339,40.4,0.111,0.333,REGULAR,3.53,VALIDATION
cust-06432,m-020,14,14,1957.48,139.82,33.64,428.28,10,1,362,26.8,0.357,0.214,REGULAR,2.89,TRAIN
cust-06433,m-020,4,13,2950.9,226.99,38.28,545.49,8,1,294,24.2,0.231,0.538,REGULAR,1.02,TRAIN
cust-06434,m-002,53,8,5436.62,679.58,237.28,1485.43,6,1,355,43.1,0.375,0.25,AT_RISK,26.02,TRAIN
cust-06435,m-028,92,8,3869.07,483.63,23.81,1100.73,6,1,338,35.1,0.125,0.125,INACTIVE,100.0,VALIDATION
cust-06437,m-011,31,4,362.53,90.63,38.53,154.12,3,1,347,105.3,0.5,0.25,AT_RISK,6.68,TEST
cust-06438,m-039,107,6,728.58,121.43,88.81,263.1,4,1,336,45.8,0.167,0.333,INACTIVE,100.0,VALIDATION
cust-06440,m-027,16,5,1284.18,256.84,56.9,528.18,4,1,331,78.8,0.4,0.4,REGULAR,3.61,TEST
cust-06441,m-047,175,4,548.7,137.18,114.84,159.74,4,1,347,57.3,0.5,0.5,INACTIVE,100.0,TRAIN
cust-06442,m-011,10,16,2283.36,142.71,38.53,375.33,9,1,333,21.5,0.438,0.375,LOYAL,2.25,TRAIN
cust-06443,m-040,45,8,4162.64,520.33,51.55,1205.13,5,1,341,42.3,0.625,0.25,AT_RISK,13.92,TRAIN
cust-06444,m-044,117,4,1917.85,479.46,58.37,1190.6,4,1,339,74.0,0.5,0.75,INACTIVE,90.31,TRAIN
cust-06445,m-040,1,9,1409.55,156.62,51.55,401.71,6,1,337,42.0,0.222,0.333,REGULAR,0.22,TRAIN
cust-06446,m-004,135,5,7006.79,1401.36,732.09,3021.37,3,1,317,45.5,0.0,0.2,INACTIVE,100.0,TRAIN
cust-06447,m-035,31,8,10101.12,1262.64,390.48,2412.27,5,1,355,46.3,0.25,0.625,AT_RISK,6.53,TRAIN
cust-06448,m-027,68,6,1657.98,276.33,55.42,678.06,6,1,341,54.6,0.5,0.5,INACTIVE,35.01,TEST
cust-06449,m-032,100,9,11287.61,1254.18,333.71,2083.19,7,1,360,32.5,0.222,0.111,INACTIVE,100.0,TRAIN
cust-06451,m-007,18,8,5395.3,674.41,486.95,1357.85,4,1,253,33.6,0.5,0.5,REGULAR,5.31,TRAIN
cust-06452,m-038,5,9,909.96,101.11,42.2,172.06,4,1,304,37.4,0.444,0.444,REGULAR,1.23,TEST
cust-06453,m-026,15,6,479.47,79.91,36.07,139.8,4,1,271,51.2,0.5,0.5,REGULAR,4.14,TRAIN
cust-06454,m-036,5,9,1175.36,130.6,41.96,240.92,7,1,340,41.9,0.556,0.444,REGULAR,1.1,TRAIN
cust-06455,m-008,51,10,14702.63,1470.26,266.13,2774.3,6,1,363,34.7,0.2,0.6,AT_RISK,34.96,TRAIN
cust-06456,m-012,22,10,2440.66,244.07,82.22,603.36,5,1,344,35.8,0.2,0.5,REGULAR,4.78,TEST
cust-06458,m-045,57,8,1178.46,147.31,47.54,488.61,5,1,304,35.3,0.375,0.5,AT_RISK,46.57,TRAIN
cust-06459,m-038,23,6,1721.7,286.95,129.55,365.65,2,1,250,45.4,0.667,0.5,REGULAR,6.87,TRAIN
cust-06461,m-014,15,9,11291.18,1254.58,505.99,2109.87,6,1,362,43.4,0.333,0.222,REGULAR,3.1,TRAIN
cust-06462,m-047,43,8,1253.46,156.68,30.31,400.89,6,1,322,39.9,0.125,0.375,AT_RISK,14.63,TRAIN
cust-06463,m-041,52,12,4870.23,405.85,27.29,915.51,7,1,353,27.4,0.167,0.417,AT_RISK,47.92,TRAIN
cust-06464,m-031,54,7,867.72,123.96,30.71,291.9,6,1,363,51.5,0.429,0.571,AT_RISK,14.88,TRAIN
cust-06465,m-040,13,8,4848.79,606.1,32.37,1606.84,4,1,341,46.9,0.625,0.25,REGULAR,2.85,TEST
cust-06466,m-013,173,8,9749.71,1218.71,271.73,2897.77,6,1,361,26.9,0.5,0.375,INACTIVE,100.0,TRAIN
cust-06467,m-014,88,10,9647.22,964.72,265.14,2109.87,6,1,345,28.6,0.4,0.4,INACTIVE,100.0,TRAIN
cust-06468,m-046,22,6,1452.43,242.07,34.98,435.22,5,1,312,58.0,0.5,0.333,REGULAR,5.27,TRAIN
cust-06469,m-044,0,7,2029.58,289.94,38.7,903.42,7,1,329,54.8,0.286,0.143,REGULAR,0.0,TEST
cust-06470,m-010,17,8,904.84,113.1,31.82,215.76,6,1,289,38.9,0.5,0.375,REGULAR,4.4,TRAIN
cust-06471,m-028,34,8,4337.98,542.25,187.63,1100.73,7,1,308,39.1,0.25,0.125,AT_RISK,8.25,TRAIN
cust-06472,m-014,45,7,3013.89,430.56,265.14,505.99,3,1,309,44.0,0.143,0.286,AT_RISK,12.39,TRAIN
cust-06473,m-029,78,7,948.81,135.54,44.48,469.6,5,1,342,44.0,0.286,0.429,INACTIVE,68.06,VALIDATION
cust-06475,m-013,76,4,7333.23,1833.31,861.11,2897.77,4,1,347,90.3,0.25,0.5,INACTIVE,16.38,TRAIN
cust-06476,m-015,96,9,741.68,82.41,38.47,190.43,8,1,325,28.6,0.333,0.333,INACTIVE,100.0,TRAIN
cust-06477,m-006,152,8,1485.98,185.75,85.78,310.45,4,1,346,27.7,0.5,0.375,INACTIVE,100.0,TRAIN
cust-06478,m-044,37,13,4304.23,331.09,26.36,1190.6,7,1,347,25.8,0.462,0.308,AT_RISK,24.77,VALIDATION
cust-06479,m-018,42,8,986.73,123.34,37.52,427.29,5,1,363,45.9,0.375,0.25,AT_RISK,8.65,TRAIN
cust-06480,m-021,79,7,2035.79,290.83,22.25,811.98,5,1,343,44.0,0.143,0.429,INACTIVE,69.72,TRAIN
cust-06481,m-019,206,4,282.75,70.69,30.62,86.86,4,1,335,43.0,0.25,0.75,INACTIVE,100.0,TEST
cust-06482,m-017,11,7,1473.92,210.56,59.88,563.22,7,1,250,39.8,0.571,0.0,REGULAR,3.29,TRAIN
cust-06483,m-042,26,7,669.84,95.69,43.16,168.33,6,1,340,52.3,0.571,0.286,REGULAR,5.72,TRAIN
cust-06484,m-019,42,11,1161.25,105.57,33.58,204.28,7,1,321,27.9,0.364,0.364,AT_RISK,30.93,VALIDATION
cust-06485,m-001,35,14,1759.23,125.66,35.57,261.24,11,1,331,22.8,0.286,0.429,AT_RISK,26.21,VALIDATION
cust-06486,m-039,84,12,1764.07,147.01,88.81,263.1,5,1,362,25.3,0.417,0.417,INACTIVE,100.0,TRAIN
cust-06487,m-002,11,7,10365.93,1480.85,237.28,2972.2,5,1,311,50.0,0.429,0.0,REGULAR,2.64,TRAIN
cust-06488,m-007,17,9,8984.3,998.26,206.76,2427.55,6,1,310,36.6,0.333,0.111,REGULAR,4.1,TRAIN
cust-06489,m-013,26,16,21012.91,1313.31,271.73,2897.77,6,1,330,20.3,0.5,0.312,REGULAR,14.44,TRAIN
cust-06490,m-024,14,15,4989.32,332.62,35.32,1428.06,7,1,206,13.7,0.4,0.333,LOYAL,5.52,TRAIN
cust-06491,m-005,70,6,3757.33,626.22,42.51,1896.0,4,1,355,57.0,0.333,0.667,INACTIVE,34.25,TRAIN
cust-06492,m-006,28,7,1003.74,143.39,85.78,310.45,5,1,356,54.7,0.0,0.143,REGULAR,5.88,TEST
cust-06493,m-029,9,9,1962.03,218.0,53.41,469.6,7,1,360,43.9,0.222,0.333,REGULAR,1.87,VALIDATION
cust-06494,m-043,66,9,8909.36,989.93,336.04,2567.7,6,1,358,36.5,0.444,0.111,INACTIVE,58.04,TRAIN
cust-06495,m-043,85,4,4779.49,1194.87,411.29,2567.7,3,1,316,77.0,0.25,0.25,INACTIVE,32.11,VALIDATION
cust-06496,m-035,57,7,11076.82,1582.4,390.48,2412.27,4,1,350,48.8,0.429,0.143,AT_RISK,24.48,VALIDATION
cust-06498,m-029,2,14,3308.54,236.32,44.48,934.76,7,1,342,26.2,0.357,0.286,REGULAR,0.44,TRAIN
cust-06499,m-026,82,10,1334.63,133.46,40.34,362.52,6,1,270,20.9,0.5,0.2,INACTIVE,100.0,TEST
cust-06500,m-029,9,7,1929.32,275.62,44.48,1070.88,6,1,362,58.8,0.286,0.429,REGULAR,1.86,TRAIN
cust-06501,m-009,16,10,1372.96,137.3,30.99,355.4,8,1,352,37.3,0.5,0.2,REGULAR,3.4,TRAIN
cust-06502,m-023,5,8,1273.48,159.18,53.9,380.43,6,1,356,50.1,0.25,0.375,REGULAR,1.05,TRAIN
cust-06503,m-043,33,7,5511.21,787.32,269.88,2567.7,5,1,311,46.3,0.571,0.429,AT_RISK,7.93,TRAIN
cust-06504,m-023,6,11,2329.74,211.79,34.83,585.24,9,1,328,32.2,0.273,0.364,REGULAR,1.37,TRAIN
cust-06505,m-037,22,11,1022.53,92.96,33.5,315.66,8,1,359,33.7,0.182,0.182,REGULAR,4.58,TRAIN
cust-06506,m-012,17,8,2539.68,317.46,82.22,804.48,6,1,321,43.4,0.25,0.375,REGULAR,3.96,TRAIN
cust-06507,m-047,12,10,810.71,81.07,31.12,267.26,10,1,336,36.0,0.4,0.2,REGULAR,2.67,TRAIN
cust-06508,m-040,23,6,2489.06,414.84,51.55,1148.24,5,1,341,63.6,0.167,0.5,REGULAR,5.04,TEST
cust-06509,m-046,25,7,1983.09,283.3,22.76,596.62,6,1,364,56.5,0.429,0.429,REGULAR,5.14,TRAIN
cust-06510,m-018,21,9,1025.56,113.95,45.57,381.36,5,1,343,40.2,0.222,0.222,REGULAR,4.58,TRAIN
cust-06511,m-021,33,8,2267.29,283.41,22.25,999.24,6,1,358,46.4,0.25,0.75,AT_RISK,6.89,TEST
cust-06512,m-036,42,13,2120.46,163.11,30.39,743.16,9,1,337,24.6,0.385,0.308,AT_RISK,35.42,TRAIN
cust-06513,m-031,13,9,1106.96,123.0,41.16,332.43,6,1,347,41.8,0.556,0.444,REGULAR,2.8,TRAIN
cust-06514,m-025,8,6,9437.51,1572.92,930.0,2224.07,5,1,359,70.2,0.333,0.167,REGULAR,1.67,TEST
cust-06515,m-016,16,12,2117.28,176.44,75.51,445.18,5,1,354,30.7,0.417,0.333,REGULAR,3.38,TRAIN
cust-06516,m-024,1,11,4356.87,396.08,35.32,1166.16,6,1,345,34.4,0.273,0.364,REGULAR,0.22,TEST
cust-06517,m-027,69,6,1301.14,216.86,27.71,437.42,4,1,227,31.6,0.0,0.167,INACTIVE,78.8,TRAIN
cust-06518,m-014,26,8,8951.14,1118.89,265.14,1579.66,5,1,340,44.9,0.25,0.375,REGULAR,5.72,TRAIN
cust-06519,m-024,48,6,736.27,122.71,35.32,219.15,3,1,320,54.4,0.5,0.5,AT_RISK,11.21,VALIDATION
cust-06520,m-010,24,8,1300.32,162.54,43.92,387.04,7,1,322,42.6,0.5,0.625,REGULAR,5.57,TRAIN
cust-06521,m-017,19,9,1162.71,129.19,29.94,377.52,6,1,352,41.6,0.444,0.111,REGULAR,4.04,VALIDATION
cust-06524,m-011,35,6,467.11,77.85,31.75,219.6,5,1,278,48.6,0.667,0.167,AT_RISK,9.41,TRAIN
cust-06525,m-040,102,8,1587.98,198.5,32.37,574.12,5,1,358,36.6,0.625,0.5,INACTIVE,100.0,TRAIN
cust-06526,m-039,11,7,649.26,92.75,88.81,104.08,3,1,322,51.8,0.571,0.429,REGULAR,2.55,TRAIN
cust-06527,m-014,15,3,2194.88,731.63,265.14,1446.92,3,1,335,160.0,0.0,0.333,NEW,3.35,VALIDATION
cust-06528,m-037,9,10,741.93,74.19,31.54,129.64,8,1,285,30.7,0.4,0.4,REGULAR,2.36,TRAIN
cust-06529,m-008,20,23,22389.33,973.45,266.13,2774.3,8,1,355,15.2,0.435,0.435,REGULAR,11.41,TRAIN
cust-06530,m-031,32,8,1446.28,180.78,57.06,403.53,6,1,306,39.1,0.5,0.125,AT_RISK,7.82,TRAIN
cust-06531,m-036,56,10,1089.28,108.93,28.43,371.58,8,1,276,24.4,0.2,0.4,AT_RISK,62.56,TRAIN
cust-06532,m-033,32,10,9976.38,997.64,348.67,2575.37,5,1,361,36.6,0.4,0.3,AT_RISK,6.63,TRAIN
cust-06533,m-031,12,11,1475.13,134.1,41.64,291.9,8,1,351,33.9,0.545,0.273,REGULAR,2.56,TRAIN
cust-06535,m-028,109,10,2127.55,212.76,23.81,733.23,8,1,347,26.4,0.4,0.5,INACTIVE,100.0,TRAIN
cust-06536,m-002,16,6,4230.53,705.09,426.03,1485.43,3,1,298,56.4,0.167,0.333,REGULAR,4.01,TRAIN
cust-06537,m-039,104,10,1373.57,137.36,91.89,263.1,4,1,326,24.7,0.3,0.8,INACTIVE,100.0,TRAIN
cust-06538,m-045,74,8,1176.35,147.04,36.65,350.43,7,1,348,39.1,0.375,0.375,INACTIVE,68.25,TRAIN
cust-06540,m-007,45,10,10323.17,1032.32,206.76,2427.55,7,1,359,34.9,0.4,0.0,AT_RISK,24.52,TEST
cust-06541,m-003,24,3,742.28,247.43,97.44,332.0,3,1,324,150.0,0.0,0.333,NEW,5.54,VALIDATION
cust-06542,m-036,20,5,561.03,112.21,54.69,185.79,5,1,279,64.8,0.2,0.2,REGULAR,5.36,TRAIN
cust-06543,m-012,19,10,3103.55,310.36,118.06,797.22,5,1,320,33.4,0.6,0.1,REGULAR,4.44,TRAIN
cust-06544,m-019,90,9,1060.46,117.83,30.62,312.68,6,1,349,32.4,0.333,0.556,INACTIVE,100.0,TRAIN
cust-06545,m-040,75,11,3836.37,348.76,73.02,1722.36,5,1,336,26.1,0.182,0.545,INACTIVE,90.04,TRAIN
cust-06546,m-003,22,9,4395.07,488.34,27.64,1910.85,5,1,311,36.1,0.444,0.333,REGULAR,5.29,TEST
cust-06547,m-009,142,2,183.9,91.95,66.57,117.33,2,1,267,125.0,0.0,0.5,INACTIVE,65.24,TRAIN
cust-06548,m-016,93,7,1167.08,166.73,75.51,445.18,4,1,340,41.2,0.286,0.286,INACTIVE,98.15,VALIDATION
cust-06549,m-034,47,10,818.0,81.8,50.82,157.06,9,1,302,28.3,0.2,0.4,AT_RISK,39.68,TRAIN
cust-06550,m-043,75,5,2121.18,424.24,269.88,900.25,3,1,364,72.2,0.4,0.2,INACTIVE,19.61,VALIDATION
cust-06551,m-011,4,6,1099.27,183.21,42.92,466.64,5,1,319,63.0,0.667,0.167,REGULAR,0.94,TRAIN
cust-06552,m-037,31,9,1214.07,134.9,33.5,515.4,7,1,320,36.1,0.333,0.333,AT_RISK,7.24,TRAIN
cust-06553,m-025,43,7,8172.07,1167.44,685.18,2088.28,4,1,347,50.7,0.429,0.0,AT_RISK,9.27,TRAIN
cust-06554,m-024,49,6,2315.54,385.92,23.95,1152.78,6,1,356,61.4,0.0,0.333,AT_RISK,10.29,TRAIN
cust-06555,m-021,3,10,5219.82,521.98,107.37,1728.06,5,1,364,40.1,0.3,0.3,REGULAR,0.62,TRAIN
cust-06556,m-022,19,10,15100.56,1510.06,410.45,4174.73,5,1,299,31.1,0.5,0.4,REGULAR,4.75,TRAIN
cust-06557,m-041,70,5,1135.36,227.07,54.58,543.23,5,1,241,42.8,0.2,0.4,INACTIVE,62.49,TEST
cust-06558,m-027,24,5,395.8,79.16,32.87,113.8,4,1,294,67.5,0.4,0.2,REGULAR,6.1,TRAIN
cust-06559,m-021,84,9,2336.83,259.65,22.25,576.02,7,1,356,34.0,0.556,0.222,INACTIVE,92.65,TRAIN
cust-06560,m-009,35,7,605.35,86.48,30.99,138.13,5,1,351,52.7,0.143,0.143,AT_RISK,7.46,TRAIN
cust-06561,m-019,47,7,765.99,109.43,56.78,183.1,7,1,359,52.0,0.429,0.857,AT_RISK,9.79,TRAIN
cust-06562,m-019,13,10,1109.98,111.0,51.07,183.1,8,1,347,37.1,0.3,0.2,REGULAR,2.8,TRAIN
cust-06563,m-026,12,10,959.94,95.99,36.07,231.66,7,1,330,35.3,0.2,0.5,REGULAR,2.72,TRAIN
cust-06565,m-027,339,1,269.56,269.56,269.56,269.56,1,1,339,339.0,0.0,0.0,INACTIVE,74.78,TEST
cust-06566,m-017,133,2,138.66,69.33,59.88,78.78,2,1,344,211.0,0.0,1.0,INACTIVE,28.91,TRAIN
cust-06567,m-011,98,9,1067.07,118.56,38.53,365.62,7,1,334,29.5,0.222,0.778,INACTIVE,100.0,TRAIN
cust-06568,m-038,27,8,1491.04,186.38,42.2,365.65,3,1,332,43.6,0.125,0.25,REGULAR,6.08,TRAIN
cust-06569,m-031,72,4,360.82,90.2,58.55,110.81,3,1,300,76.0,0.0,0.25,INACTIVE,17.94,TRAIN
cust-06571,m-032,16,5,5242.6,1048.52,333.71,1743.56,4,1,273,64.2,0.2,0.4,REGULAR,4.38,TRAIN
cust-06572,m-010,52,8,822.99,102.87,44.29,193.52,5,1,324,38.9,0.25,0.25,AT_RISK,31.65,TRAIN
cust-06573,m-029,16,11,4673.23,424.84,44.48,1878.4,7,1,364,34.8,0.273,0.273,REGULAR,3.29,TRAIN
cust-06574,m-046,38,9,1699.85,188.87,45.52,596.62,5,1,305,33.4,0.333,0.556,AT_RISK,16.21,TRAIN
cust-06575,m-021,92,5,905.96,181.19,22.25,322.11,5,1,320,57.0,0.2,0.0,INACTIVE,74.0,TRAIN
cust-06576,m-013,9,12,18783.34,1565.28,271.73,2897.77,7,1,299,26.4,0.25,0.417,REGULAR,2.25,VALIDATION
cust-06577,m-011,4,7,962.82,137.55,44.77,548.43,7,1,298,49.0,0.429,0.714,REGULAR,1.0,VALIDATION
cust-06578,m-028,51,8,1682.33,210.29,119.22,366.91,6,1,316,37.9,0.0,0.25,AT_RISK,31.72,TRAIN
cust-06579,m-002,33,8,6725.65,840.71,237.28,2348.26,5,1,356,46.1,0.75,0.25,AT_RISK,6.93,TRAIN
cust-06580,m-034,22,12,977.67,81.47,26.72,256.48,11,1,238,19.6,0.25,0.333,REGULAR,10.5,VALIDATION
cust-06581,m-034,156,12,1157.27,96.44,26.72,207.2,9,1,362,18.7,0.417,0.25,INACTIVE,100.0,TRAIN
cust-06582,m-014,106,6,6023.45,1003.91,265.14,2109.87,6,1,347,48.2,0.167,0.167,INACTIVE,100.0,TRAIN
cust-06583,m-006,28,8,1387.04,173.38,87.62,310.45,3,1,359,47.3,0.375,0.125,REGULAR,5.83,TRAIN
cust-06584,m-033,50,11,12248.9,1113.54,539.82,2575.37,6,1,346,29.6,0.455,0.273,AT_RISK,41.41,TRAIN
cust-06585,m-027,49,7,1383.97,197.71,83.13,437.42,6,1,301,42.0,0.286,0.143,AT_RISK,22.67,TEST
cust-06586,m-039,16,12,1751.88,145.99,88.81,263.1,5,1,337,29.2,0.167,0.417,REGULAR,3.55,TRAIN
cust-06587,m-047,48,10,1339.29,133.93,37.88,287.7,7,1,334,31.8,0.3,0.2,AT_RISK,35.05,VALIDATION
cust-06588,m-032,4,4,4374.99,1093.75,333.71,2083.19,4,1,273,89.7,0.5,0.75,REGULAR,1.09,TRAIN
cust-06589,m-022,33,10,19332.92,1933.29,410.45,4174.73,7,1,345,34.7,0.4,0.4,AT_RISK,7.15,TRAIN
cust-06590,m-040,21,10,2882.37,288.24,32.37,1205.13,5,1,346,36.1,0.2,0.4,REGULAR,4.54,TRAIN
cust-06591,m-045,46,5,566.84,113.37,50.26,158.84,5,1,138,23.0,1.0,0.2,AT_RISK,59.32,VALIDATION
cust-06592,m-025,28,12,14817.47,1234.79,685.18,2224.07,6,1,347,29.0,0.333,0.083,REGULAR,6.03,TEST
cust-06593,m-004,7,5,4945.65,989.13,482.75,1721.89,5,1,283,69.0,0.4,0.4,REGULAR,1.85,TRAIN
cust-06594,m-042,15,9,1412.02,156.89,74.47,504.99,8,1,345,41.2,0.444,0.444,REGULAR,3.25,TRAIN
cust-06595,m-022,19,11,19870.66,1806.42,695.1,4174.73,6,1,282,26.3,0.273,0.273,REGULAR,5.04,TRAIN
cust-06596,m-028,42,9,3664.88,407.21,57.08,1020.24,6,1,356,39.2,0.222,0.333,AT_RISK,13.02,TRAIN
cust-06597,m-007,5,6,5960.08,993.35,206.76,1357.85,5,1,315,62.0,0.5,0.167,REGULAR,1.19,TRAIN
cust-06598,m-028,18,8,991.44,123.93,23.81,366.91,7,1,352,47.7,0.375,0.125,REGULAR,3.82,TRAIN
cust-06599,m-017,142,4,1427.03,356.76,61.67,1126.44,3,1,304,54.0,0.0,0.5,INACTIVE,100.0,TRAIN
cust-06600,m-012,44,5,1126.99,225.4,113.76,398.61,5,1,256,53.0,0.2,0.4,AT_RISK,12.84,VALIDATION
cust-06601,m-011,50,10,1250.66,125.07,38.53,365.62,9,1,293,27.0,0.1,0.4,AT_RISK,47.26,TRAIN
cust-06603,m-011,19,14,1675.31,119.66,31.75,375.33,8,1,357,26.0,0.357,0.214,REGULAR,3.98,TEST
cust-06604,m-039,68,7,882.0,126.0,91.89,263.1,4,1,241,28.8,0.286,0.429,INACTIVE,79.87,TEST
cust-06605,m-006,4,12,2124.24,177.02,85.78,310.45,5,1,258,23.1,0.25,0.25,REGULAR,1.16,TRAIN
cust-06607,m-028,15,8,3212.12,401.52,57.08,1467.64,7,1,275,37.1,0.25,0.0,REGULAR,4.08,TRAIN
cust-06608,m-017,65,5,928.81,185.76,61.67,340.01,3,1,282,54.2,0.2,0.6,INACTIVE,33.43,TRAIN
cust-06609,m-032,67,7,7217.03,1031.0,644.7,2083.19,4,1,354,47.8,0.286,0.286,INACTIVE,42.95,TRAIN
cust-06610,m-033,33,6,6307.65,1051.27,539.82,2364.31,5,1,304,54.2,0.5,1.0,AT_RISK,8.11,TRAIN
cust-06611,m-008,52,10,9725.84,972.58,266.13,1942.06,6,1,251,22.1,0.6,0.3,AT_RISK,60.33,TRAIN
cust-06614,m-005,73,9,2143.44,238.16,54.06,628.58,7,1,340,33.4,0.444,0.222,INACTIVE,75.46,TRAIN
cust-06615,m-018,8,6,757.11,126.18,52.59,216.44,5,1,355,69.4,0.5,0.0,REGULAR,1.69,TRAIN
cust-06616,m-015,33,8,797.25,99.66,38.47,218.58,7,1,345,44.6,0.25,0.25,AT_RISK,7.15,TRAIN
cust-06617,m-044,37,3,1107.15,369.05,116.74,670.08,3,1,298,130.5,0.667,0.333,NEW,9.28,TEST
cust-06618,m-032,1,7,9566.64,1366.66,831.37,2083.19,5,1,312,51.8,0.429,0.286,REGULAR,0.24,TRAIN
cust-06620,m-044,1,7,3565.12,509.3,26.36,1785.9,5,1,325,54.0,0.286,0.286,REGULAR,0.23,TEST
cust-06621,m-023,7,12,2852.34,237.7,26.95,585.24,9,1,329,29.3,0.333,0.25,REGULAR,1.59,VALIDATION
cust-06622,m-027,132,8,2656.56,332.07,55.42,833.14,5,1,341,29.9,0.625,0.125,INACTIVE,100.0,VALIDATION
cust-06623,m-037,4,8,971.84,121.48,44.95,386.55,7,1,331,46.7,0.5,0.25,REGULAR,0.9,TRAIN
cust-06624,m-041,15,15,3504.01,233.6,30.43,915.51,11,1,356,24.4,0.4,0.333,REGULAR,3.15,TRAIN
cust-06625,m-027,69,8,2837.12,354.64,27.71,833.14,6,1,345,39.4,0.375,0.125,INACTIVE,59.36,TRAIN
cust-06626,m-013,30,9,13664.58,1518.29,271.73,2897.77,5,1,328,37.2,0.111,0.444,REGULAR,6.84,TRAIN
cust-06627,m-024,55,5,1126.79,225.36,54.88,411.16,3,1,357,75.5,0.2,0.2,AT_RISK,11.52,TRAIN
cust-06628,m-010,58,10,1065.99,106.6,51.15,233.1,8,1,334,30.7,0.4,0.3,AT_RISK,53.94,VALIDATION
cust-06630,m-037,29,15,1475.94,98.4,44.95,329.4,8,1,324,21.1,0.467,0.267,REGULAR,18.54,TRAIN
cust-06631,m-028,47,7,2925.87,417.98,119.22,733.23,4,1,298,41.8,0.429,0.0,AT_RISK,19.59,VALIDATION
cust-06632,m-046,0,7,2498.35,356.91,59.65,1446.26,4,1,313,52.2,0.571,0.571,REGULAR,0.0,TRAIN
cust-06633,m-047,20,19,2181.14,114.8,30.31,383.6,8,1,364,19.1,0.421,0.368,REGULAR,5.46,TRAIN
cust-06634,m-009,11,5,761.46,152.29,91.14,210.88,5,1,324,78.2,0.2,0.4,REGULAR,2.54,TRAIN
cust-06635,m-025,4,11,10027.04,911.55,391.84,2224.07,7,1,332,32.8,0.455,0.545,REGULAR,0.9,TRAIN
cust-06636,m-028,63,10,2096.1,209.61,23.81,750.52,5,1,341,30.9,0.4,0.1,INACTIVE,61.97,TEST
cust-06637,m-023,59,6,632.54,105.42,34.83,249.8,4,1,360,60.2,0.167,0.333,AT_RISK,12.26,TRAIN
cust-06638,m-001,89,12,1256.01,104.67,36.39,184.14,8,1,320,21.0,0.5,0.583,INACTIVE,100.0,TRAIN
cust-06640,m-019,180,10,1561.09,156.11,30.62,366.2,8,1,300,13.3,0.5,0.6,INACTIVE,100.0,TRAIN
cust-06641,m-001,11,15,1297.65,86.51,35.57,130.62,8,1,363,25.1,0.2,0.467,LOYAL,2.27,VALIDATION
cust-06642,m-014,123,9,7908.4,878.71,265.14,1579.66,6,1,350,28.4,0.444,0.333,INACTIVE,100.0,TRAIN
cust-06643,m-045,18,10,960.52,96.05,47.54,158.84,8,1,354,37.3,0.4,0.7,REGULAR,3.8,TEST
cust-06644,m-027,29,9,2515.48,279.5,27.71,678.06,8,1,312,35.4,0.444,0.333,REGULAR,6.95,TRAIN
cust-06645,m-016,26,7,949.31,135.62,75.51,189.44,3,1,192,27.7,0.143,0.143,REGULAR,10.1,TRAIN
cust-06646,m-033,1,10,13551.75,1355.18,539.82,2364.31,4,1,348,38.6,0.2,0.4,REGULAR,0.21,TEST
cust-06647,m-042,6,10,1537.14,153.71,30.27,403.12,9,1,352,38.4,0.3,0.7,REGULAR,1.27,VALIDATION
cust-06649,m-026,28,9,1515.95,168.44,48.83,334.44,8,1,350,40.2,0.111,0.333,REGULAR,5.98,TRAIN
cust-06650,m-031,35,8,941.32,117.66,43.32,268.29,7,1,181,20.9,0.375,0.625,AT_RISK,35.57,TRAIN
cust-06651,m-038,24,13,1916.55,147.43,42.2,365.65,5,1,348,27.0,0.231,0.231,REGULAR,5.16,TRAIN
cust-06652,m-032,59,12,10605.35,883.78,333.71,2083.19,7,1,355,26.9,0.5,0.083,AT_RISK,60.58,TRAIN
cust-06653,m-002,18,11,10881.31,989.21,377.97,2972.2,6,1,357,33.9,0.455,0.727,REGULAR,3.77,TRAIN
cust-06655,m-045,20,6,666.93,111.15,36.65,205.6,6,1,250,46.0,0.167,0.5,REGULAR,5.98,TRAIN
cust-06656,m-041,49,5,1035.76,207.15,82.06,291.9,4,1,234,46.2,0.2,0.2,AT_RISK,19.84,TRAIN
cust-06657,m-033,38,12,13907.87,1158.99,348.67,2575.37,5,1,349,28.3,0.333,0.25,AT_RISK,22.69,TRAIN
cust-06659,m-039,30,7,1093.31,156.19,88.81,263.1,4,1,291,43.5,0.714,0.286,REGULAR,7.71,TRAIN
cust-06660,m-033,14,9,14495.2,1610.58,348.67,2575.37,5,1,326,39.0,0.222,0.222,REGULAR,3.21,TRAIN
cust-06661,m-038,47,10,1233.1,123.31,42.2,365.65,5,1,333,31.8,0.3,0.4,AT_RISK,33.35,TRAIN
cust-06662,m-016,34,16,3117.69,194.86,75.51,445.18,5,1,347,20.9,0.25,0.125,AT_RISK,26.98,TEST
cust-06663,m-023,182,4,893.05,223.26,62.45,380.43,4,1,303,40.3,0.25,0.25,INACTIVE,100.0,TRAIN
cust-06664,m-042,21,11,950.87,86.44,43.16,168.33,7,1,353,33.2,0.273,0.273,REGULAR,4.45,TRAIN
cust-06665,m-037,28,7,1365.54,195.08,48.34,631.32,6,1,329,50.2,0.286,0.429,REGULAR,6.36,TRAIN
cust-06666,m-043,3,6,6877.84,1146.31,336.04,2567.7,4,1,273,54.0,0.0,0.5,REGULAR,0.82,TRAIN
cust-06667,m-026,103,8,1095.06,136.88,43.96,282.2,6,1,319,30.9,0.875,0.375,INACTIVE,100.0,VALIDATION
cust-06668,m-041,183,6,1860.3,310.05,54.58,714.88,4,1,358,35.0,0.333,0.333,INACTIVE,100.0,TRAIN
cust-06669,m-024,32,4,597.52,149.38,54.88,384.26,4,1,199,55.7,0.5,0.5,AT_RISK,12.0,TRAIN
cust-06670,m-010,189,6,677.33,112.89,44.29,193.52,5,1,332,28.6,0.167,0.333,INACTIVE,100.0,TEST
cust-06671,m-001,11,15,1393.39,92.89,35.19,268.53,10,1,350,24.2,0.333,0.333,LOYAL,2.35,TRAIN
cust-06672,m-030,3,9,3701.5,411.28,27.38,1165.68,6,1,299,37.0,0.333,0.444,REGULAR,0.75,TRAIN
cust-06673,m-015,31,7,674.43,96.35,47.83,190.43,6,1,292,43.5,0.143,0.429,AT_RISK,7.94,TRAIN
cust-06674,m-029,22,9,2298.09,255.34,62.52,601.28,6,1,320,37.2,0.333,0.333,REGULAR,5.14,TRAIN
cust-06675,m-046,3,6,1830.02,305.0,61.0,652.83,4,1,249,49.2,0.5,0.5,REGULAR,0.9,VALIDATION
cust-06677,m-029,2,6,2240.86,373.48,53.41,939.2,5,1,292,58.0,0.333,0.5,REGULAR,0.51,TRAIN
cust-06678,m-033,65,8,9763.61,1220.45,539.82,2575.37,5,1,305,34.3,0.375,0.375,INACTIVE,61.98,TRAIN
cust-06679,m-041,19,10,1308.46,130.85,27.29,433.1,6,1,297,30.9,0.4,0.4,REGULAR,4.78,TRAIN
cust-06680,m-021,2,15,5833.95,388.93,22.25,1152.04,10,1,364,25.9,0.2,0.133,LOYAL,0.41,TRAIN
cust-06681,m-031,22,11,1137.62,103.42,30.71,269.02,9,1,301,27.9,0.364,0.273,REGULAR,5.46,VALIDATION
cust-06682,m-016,8,12,2256.09,188.01,75.51,445.18,5,1,337,29.9,0.417,0.167,REGULAR,1.78,VALIDATION
cust-06683,m-022,110,5,8426.05,1685.21,410.45,4174.73,4,1,263,38.2,0.8,0.4,INACTIVE,100.0,VALIDATION
cust-06684,m-043,79,5,2253.5,450.7,269.88,900.25,4,1,336,64.2,0.4,0.2,INACTIVE,39.78,VALIDATION
cust-06685,m-004,88,5,8163.05,1632.61,781.69,3021.37,3,1,262,43.5,0.4,0.2,INACTIVE,91.85,TEST
cust-06686,m-028,37,11,2785.85,253.26,23.81,733.23,8,1,332,29.5,0.273,0.455,AT_RISK,19.58,TRAIN
cust-06687,m-044,35,5,1911.21,382.24,66.6,903.42,4,1,247,53.0,0.2,0.4,AT_RISK,10.58,TEST
cust-06688,m-006,19,5,957.56,191.51,112.22,310.45,2,1,351,83.0,0.6,0.4,REGULAR,4.05,TRAIN
cust-06689,m-001,6,12,1530.54,127.54,35.57,452.72,8,1,363,32.5,0.083,0.25,REGULAR,1.24,TRAIN
cust-06690,m-029,45,11,1550.84,140.99,24.87,601.28,5,1,331,28.6,0.273,0.091,AT_RISK,34.77,TRAIN
cust-06693,m-039,18,14,1642.0,117.29,88.81,263.1,5,1,325,23.6,0.429,0.143,REGULAR,4.14,VALIDATION
cust-06694,m-037,136,3,297.46,99.15,45.38,189.0,3,1,235,49.5,0.667,0.333,INACTIVE,100.0,TRAIN
cust-06695,m-013,16,3,4211.22,1403.74,271.73,2897.77,3,1,291,137.5,0.667,0.333,NEW,4.11,TRAIN
cust-06696,m-017,107,7,2475.91,353.7,29.94,1689.66,5,1,344,39.5,0.571,0.0,INACTIVE,100.0,TRAIN
cust-06697,m-006,2,14,2177.43,155.53,85.78,310.45,5,1,336,25.7,0.357,0.214,REGULAR,0.45,TRAIN
cust-06699,m-005,10,9,2340.34,260.04,54.06,942.87,7,1,316,38.2,0.333,0.222,REGULAR,2.37,TRAIN
cust-06700,m-038,52,9,1715.74,190.64,42.2,365.65,5,1,317,33.1,0.222,0.111,AT_RISK,40.61,TEST
cust-06701,m-035,4,14,13808.07,986.29,390.48,1635.59,7,1,325,24.7,0.286,0.429,REGULAR,0.92,TEST
cust-06702,m-041,103,6,997.08,166.18,30.43,610.34,4,1,298,39.0,0.667,0.333,INACTIVE,100.0,VALIDATION
cust-06703,m-013,75,7,10308.98,1472.71,556.98,2897.77,6,1,326,41.8,0.571,0.0,INACTIVE,67.0,TRAIN
cust-06704,m-036,20,8,996.17,124.52,41.96,218.76,7,1,319,42.7,0.5,0.375,REGULAR,4.69,TEST
cust-06705,m-034,4,8,672.79,84.1,35.29,189.45,5,1,361,51.0,0.625,0.375,REGULAR,0.83,TRAIN
cust-06707,m-001,15,9,862.62,95.85,35.57,245.24,7,1,363,43.5,0.333,0.444,REGULAR,3.09,TEST
cust-06708,m-001,3,12,1374.47,114.54,35.57,245.24,9,1,346,31.2,0.25,0.083,REGULAR,0.65,TRAIN
cust-06709,m-021,31,9,1556.16,172.91,22.25,360.56,6,1,350,39.9,0.444,0.333,AT_RISK,6.62,VALIDATION
cust-06710,m-027,2,11,2934.16,266.74,27.71,678.06,7,1,297,29.5,0.182,0.182,REGULAR,0.5,VALIDATION
cust-06711,m-005,30,7,2421.64,345.95,25.41,1264.0,6,1,339,51.5,0.429,0.143,REGULAR,6.62,TRAIN
cust-06713,m-029,4,12,4310.97,359.25,53.41,1427.84,6,1,345,31.0,0.333,0.167,REGULAR,0.87,TRAIN
cust-06714,m-044,85,6,1912.84,318.81,52.72,820.77,5,1,333,49.6,0.333,0.5,INACTIVE,72.19,TRAIN
cust-06715,m-034,36,7,1121.0,160.14,70.58,311.4,4,1,361,54.2,0.286,0.571,AT_RISK,7.46,TRAIN
cust-06716,m-043,95,7,7170.92,1024.42,269.88,2567.7,6,1,319,37.3,0.429,0.429,INACTIVE,100.0,TRAIN
cust-06717,m-026,20,7,1114.6,159.23,43.96,334.44,6,1,328,51.3,0.0,0.714,REGULAR,4.56,TRAIN
cust-06718,m-024,45,11,7462.2,678.38,62.58,3224.41,6,1,346,30.1,0.273,0.182,AT_RISK,32.08,TRAIN
cust-06719,m-023,7,8,1145.93,143.24,26.95,585.24,6,1,300,41.9,0.125,0.375,REGULAR,1.74,TRAIN
cust-06720,m-010,68,7,440.57,62.94,27.0,131.76,5,1,364,49.3,0.286,0.429,INACTIVE,42.02,TRAIN
cust-06721,m-004,31,5,5457.97,1091.59,482.75,1789.15,4,1,350,79.8,0.2,0.4,AT_RISK,6.62,TRAIN
cust-06723,m-021,11,11,2329.03,211.73,39.92,499.62,7,1,354,34.3,0.545,0.273,REGULAR,2.32,TRAIN
cust-06724,m-024,85,7,3869.77,552.82,102.79,2142.09,6,1,356,45.2,0.429,0.286,INACTIVE,77.56,TRAIN
cust-06725,m-013,11,11,15216.3,1383.3,271.73,2532.63,6,1,352,34.1,0.455,0.364,REGULAR,2.34,TRAIN
cust-06726,m-028,12,11,2223.3,202.12,23.81,733.82,8,1,340,32.8,0.273,0.545,REGULAR,2.64,VALIDATION
cust-06727,m-028,53,5,1471.8,294.36,119.22,733.82,4,1,270,54.2,0.6,0.2,AT_RISK,14.67,TRAIN
cust-06728,m-045,23,11,1106.76,100.61,39.71,411.2,9,1,340,31.7,0.455,0.455,REGULAR,5.06,TEST
cust-06729,m-020,90,7,687.6,98.23,46.22,201.87,6,1,342,42.0,0.143,0.429,INACTIVE,91.68,VALIDATION
cust-06730,m-022,110,8,10944.64,1368.08,410.45,4174.73,6,1,361,35.9,0.75,0.25,INACTIVE,100.0,TRAIN
cust-06731,m-009,21,11,1492.16,135.65,39.11,552.52,8,1,248,22.7,0.364,0.091,REGULAR,6.33,TRAIN
cust-06732,m-018,150,5,567.34,113.47,37.52,216.44,4,1,320,42.5,0.2,0.0,INACTIVE,100.0,TRAIN
cust-06733,m-008,17,7,7347.18,1049.6,266.13,1942.06,7,1,304,47.8,0.286,0.571,REGULAR,4.18,VALIDATION
cust-06734,m-025,44,11,12183.66,1107.61,391.84,2224.07,8,1,346,30.2,0.364,0.273,AT_RISK,30.21,TRAIN
cust-06735,m-012,33,9,2509.36,278.82,82.22,804.48,5,1,362,41.1,0.444,0.444,AT_RISK,6.82,TRAIN
cust-06736,m-042,7,9,1034.62,114.96,31.7,356.58,7,1,341,41.8,0.333,0.222,REGULAR,1.54,TEST
cust-06737,m-034,3,12,1003.59,83.63,26.72,233.55,9,1,319,28.7,0.167,0.25,REGULAR,0.7,TRAIN
cust-06738,m-012,45,5,837.18,167.44,82.22,320.6,3,1,304,64.8,0.0,0.2,AT_RISK,11.07,TRAIN
cust-06739,m-033,22,11,14853.55,1350.32,539.82,2575.37,6,1,289,26.7,0.273,0.273,REGULAR,5.69,TRAIN
cust-06740,m-047,0,7,798.47,114.07,31.12,299.28,5,1,331,55.2,0.286,0.0,REGULAR,0.0,TRAIN
cust-06741,m-005,151,6,2052.55,342.09,25.41,1027.86,5,1,351,40.0,0.5,0.333,INACTIVE,100.0,TRAIN
cust-06742,m-006,61,7,754.47,107.78,85.78,207.83,4,1,329,44.7,0.429,0.714,INACTIVE,38.31,VALIDATION
cust-06743,m-002,42,6,9119.27,1519.88,401.92,2972.2,5,1,362,64.0,0.5,0.0,AT_RISK,8.68,TRAIN
cust-06744,m-021,75,9,2955.07,328.34,55.33,749.43,8,1,364,36.1,0.222,0.333,INACTIVE,73.76,TRAIN
cust-06745,m-038,66,8,1130.18,141.27,42.2,365.65,5,1,356,41.4,0.25,0.375,INACTIVE,50.77,TRAIN
cust-06746,m-038,111,3,511.08,170.36,42.2,365.65,3,1,324,106.5,0.0,0.333,INACTIVE,32.37,TRAIN
cust-06747,m-024,28,13,4651.94,357.84,23.95,714.03,10,1,352,27.0,0.308,0.538,REGULAR,7.45,TRAIN
cust-06748,m-021,38,9,792.15,88.02,22.25,270.66,6,1,337,37.4,0.222,0.222,AT_RISK,9.33,TEST
cust-06749,m-004,7,7,12287.87,1755.41,482.75,3021.37,5,1,316,51.5,0.286,0.429,REGULAR,1.66,TRAIN
cust-06750,m-037,13,6,758.1,126.35,31.54,283.5,5,1,356,68.6,0.167,0.333,REGULAR,2.73,TRAIN
cust-06751,m-042,41,10,1249.07,124.91,31.7,336.66,6,1,360,35.4,0.3,0.1,AT_RISK,16.92,TEST
cust-06752,m-014,14,7,11644.48,1663.5,812.67,2109.87,3,1,331,52.8,0.143,0.429,REGULAR,3.16,TRAIN
cust-06753,m-025,114,7,8185.07,1169.3,727.9,2224.07,4,1,336,37.0,0.143,0.143,INACTIVE,100.0,TRAIN
cust-06755,m-033,39,10,11326.3,1132.63,348.67,2575.37,4,1,278,26.6,0.5,0.2,AT_RISK,29.08,TRAIN
cust-06756,m-006,5,11,1921.93,174.72,87.62,310.45,4,1,315,31.0,0.364,0.182,REGULAR,1.19,VALIDATION
cust-06757,m-007,4,4,5611.6,1402.9,730.8,2427.55,4,1,363,119.7,0.25,0.0,REGULAR,0.82,TRAIN
cust-06759,m-021,14,9,3495.07,388.34,79.84,1152.04,7,1,348,41.8,0.222,0.667,REGULAR,3.01,TRAIN
cust-06760,m-040,5,8,2419.86,302.48,51.55,574.12,4,1,337,47.4,0.25,0.375,REGULAR,1.11,TRAIN
cust-06761,m-041,161,7,3356.54,479.51,27.29,1072.32,5,1,359,33.0,0.0,0.143,INACTIVE,100.0,VALIDATION
cust-06762,m-025,98,9,9946.53,1105.17,685.18,2088.28,6,1,358,32.5,0.111,0.444,INACTIVE,100.0,TRAIN
cust-06763,m-019,5,15,1628.58,108.57,30.62,333.0,10,1,355,25.0,0.267,0.467,LOYAL,1.05,VALIDATION
cust-06764,m-043,13,5,4333.11,866.62,269.88,2567.7,4,1,321,77.0,0.0,0.0,REGULAR,3.03,TRAIN
cust-06765,m-020,5,11,942.19,85.65,33.64,181.83,9,1,266,26.1,0.364,0.273,REGULAR,1.4,TEST
cust-06766,m-035,43,9,10022.01,1113.56,390.48,2412.27,7,1,245,25.2,0.222,0.444,AT_RISK,39.81,TRAIN
cust-06767,m-023,23,5,2802.08,560.42,310.85,994.92,4,1,357,83.5,0.2,0.8,REGULAR,4.82,VALIDATION
cust-06768,m-037,20,2,114.45,57.22,49.63,64.82,2,1,190,170.0,0.0,0.0,NEW,7.85,TRAIN
cust-06769,m-005,35,7,3021.76,431.68,54.06,1027.86,5,1,278,40.5,0.286,0.429,AT_RISK,9.41,TRAIN
cust-06770,m-024,8,8,3426.13,428.27,102.79,1537.04,4,1,244,33.7,0.25,0.125,REGULAR,2.45,TRAIN
cust-06771,m-028,44,9,2277.27,253.03,31.9,1100.73,6,1,341,37.1,0.111,0.222,AT_RISK,20.0,VALIDATION
cust-06772,m-043,194,8,7295.4,911.92,336.04,2567.7,5,1,356,23.1,0.5,0.25,INACTIVE,100.0,TRAIN
cust-06774,m-045,64,7,852.85,121.84,47.54,282.99,5,1,320,42.7,0.143,0.571,INACTIVE,46.9,TRAIN
cust-06775,m-012,18,11,3436.21,312.38,82.22,797.22,5,1,333,31.5,0.455,0.455,REGULAR,4.04,TEST
cust-06776,m-033,43,6,3308.99,551.5,348.67,928.47,4,1,350,61.4,0.333,0.333,AT_RISK,9.19,VALIDATION
cust-06777,m-036,123,7,712.29,101.76,41.96,185.72,6,1,359,39.3,0.143,0.143,INACTIVE,100.0,TRAIN
cust-06778,m-011,36,9,943.59,104.84,38.53,182.81,5,1,203,20.9,0.111,0.333,AT_RISK,35.89,TEST
cust-06779,m-015,183,7,621.99,88.86,42.0,120.14,5,1,344,26.8,0.143,0.286,INACTIVE,100.0,TRAIN
cust-06780,m-019,22,14,2140.79,152.91,30.62,549.3,9,1,326,23.4,0.214,0.571,REGULAR,5.05,TEST
cust-06782,m-036,11,11,1868.68,169.88,41.96,557.37,8,1,340,32.9,0.364,0.636,REGULAR,2.42,TRAIN
cust-06783,m-042,1,8,814.23,101.78,39.21,183.48,6,1,330,47.0,0.375,0.375,REGULAR,0.23,TEST
cust-06784,m-018,21,7,563.32,80.47,36.75,254.24,6,1,349,54.7,0.286,0.429,REGULAR,4.5,TEST
cust-06785,m-015,21,8,995.19,124.4,38.47,380.86,6,1,350,47.0,0.125,0.625,REGULAR,4.49,TRAIN
cust-06786,m-027,3,10,2619.99,262.0,32.87,678.06,7,1,295,32.4,0.3,0.4,REGULAR,0.76,TEST
cust-06787,m-021,3,8,2838.57,354.82,39.92,664.56,7,1,363,51.4,0.125,0.375,REGULAR,0.62,TRAIN
cust-06788,m-043,184,7,5337.54,762.51,269.88,1103.72,6,1,342,26.3,0.286,0.429,INACTIVE,100.0,TRAIN
cust-06789,m-009,17,7,1364.03,194.86,61.55,486.52,4,1,262,40.8,0.143,0.571,REGULAR,4.85,TRAIN
cust-06790,m-004,219,7,8258.19,1179.74,482.75,3021.37,5,1,334,19.2,0.286,0.286,INACTIVE,100.0,TRAIN
cust-06791,m-015,11,11,1251.18,113.74,47.83,245.19,8,1,332,32.1,0.636,0.545,REGULAR,2.48,TRAIN
cust-06792,m-017,13,9,1457.19,161.91,59.73,563.22,7,1,348,41.9,0.444,0.333,REGULAR,2.79,TRAIN
cust-06793,m-044,11,8,2070.78,258.85,38.7,602.28,7,1,307,42.3,0.75,0.5,REGULAR,2.68,VALIDATION
cust-06794,m-032,20,9,10166.76,1129.64,644.7,2083.19,7,1,317,37.1,0.333,0.333,REGULAR,4.72,TRAIN
cust-06795,m-025,97,6,6213.45,1035.58,685.18,2224.07,5,1,333,47.2,0.5,0.667,INACTIVE,96.48,TRAIN
cust-06796,m-004,9,6,9109.9,1518.32,482.75,3021.37,4,1,328,63.8,0.5,0.5,REGULAR,2.05,TRAIN
cust-06797,m-007,81,5,3528.81,705.76,206.76,1314.17,3,1,235,38.5,0.6,0.2,INACTIVE,89.49,TRAIN
cust-06798,m-033,35,7,7407.01,1058.14,803.31,2364.31,4,1,327,48.7,0.571,0.143,AT_RISK,8.0,TRAIN
cust-06799,m-019,61,7,711.48,101.64,30.62,249.75,5,1,347,47.7,0.857,0.429,INACTIVE,33.1,TRAIN
cust-06800,m-026,1,12,2164.45,180.37,44.24,501.66,6,1,334,30.3,0.333,0.417,REGULAR,0.22,VALIDATION
cust-06801,m-024,1,10,2698.43,269.84,35.32,714.03,7,1,317,35.1,0.2,0.1,REGULAR,0.24,TRAIN
cust-06802,m-004,9,7,7399.63,1057.09,482.75,1721.89,6,1,346,56.2,0.429,0.143,REGULAR,1.95,TEST
cust-06803,m-031,159,3,540.9,180.3,41.64,403.53,3,1,326,83.5,0.667,0.0,INACTIVE,100.0,VALIDATION
cust-06804,m-036,62,10,727.19,72.72,28.43,185.79,8,1,335,30.3,0.1,0.2,INACTIVE,61.39,TRAIN
cust-06805,m-011,30,8,729.53,91.19,38.53,221.61,6,1,249,31.3,0.625,0.25,REGULAR,9.0,VALIDATION
cust-06806,m-040,56,5,1577.92,315.58,64.74,574.12,3,1,309,63.2,0.4,0.2,AT_RISK,13.55,TRAIN
cust-06807,m-034,2,9,729.87,81.1,26.72,167.16,7,1,358,44.5,0.222,0.444,REGULAR,0.42,TEST
cust-06808,m-030,0,9,4830.86,536.76,48.83,2047.2,5,1,359,44.9,0.111,0.222,REGULAR,0.0,TRAIN
cust-06809,m-040,58,3,484.77,161.59,32.37,227.25,3,1,266,104.0,0.0,0.667,INACTIVE,16.29,TRAIN
cust-06810,m-047,30,11,1101.99,100.18,31.12,267.26,7,1,310,28.0,0.0,0.636,REGULAR,10.23,VALIDATION
cust-06812,m-005,65,5,1497.53,299.51,25.41,685.24,2,1,324,64.8,0.4,0.2,INACTIVE,15.3,TEST
cust-06813,m-029,96,9,3737.9,415.32,110.11,939.2,6,1,329,29.1,0.556,0.444,INACTIVE,100.0,TEST
cust-06814,m-017,15,9,2560.53,284.5,29.94,1689.66,6,1,334,39.9,0.333,0.222,REGULAR,3.36,TRAIN
cust-06815,m-038,4,8,1411.12,176.39,42.2,365.65,5,1,272,38.3,0.375,0.25,REGULAR,1.1,TRAIN
cust-06816,m-044,12,10,3707.08,370.71,38.7,670.08,7,1,364,39.1,0.3,0.3,REGULAR,2.47,TRAIN
cust-06817,m-003,99,4,2168.23,542.06,114.74,1637.16,4,1,361,87.3,0.25,0.25,INACTIVE,38.06,TRAIN
cust-06818,m-033,106,4,1968.13,492.03,348.67,539.82,2,1,348,80.7,0.5,0.25,INACTIVE,60.73,TRAIN
cust-06819,m-038,113,9,2100.22,233.36,103.23,365.65,4,1,320,25.9,0.444,0.111,INACTIVE,100.0,TRAIN
cust-06820,m-027,48,7,2571.12,367.3,176.06,833.14,5,1,333,47.5,0.571,0.429,AT_RISK,11.53,VALIDATION
cust-06821,m-035,16,6,6029.46,1004.91,390.48,1635.59,4,1,318,60.4,0.167,0.167,REGULAR,3.76,TRAIN
cust-06822,m-025,130,3,5322.32,1774.11,1009.97,2224.07,3,1,275,72.5,0.333,0.0,INACTIVE,100.0,VALIDATION
cust-06823,m-010,1,5,305.18,61.04,27.0,89.04,5,1,335,83.5,0.2,0.4,REGULAR,0.22,TEST
cust-06824,m-035,58,14,11808.08,843.43,390.48,1635.59,7,1,352,22.6,0.357,0.357,AT_RISK,65.42,VALIDATION
cust-06825,m-038,8,7,1824.93,260.7,103.23,365.65,3,1,312,50.7,0.286,0.286,REGULAR,1.92,TRAIN
cust-06826,m-007,78,5,4888.39,977.68,206.76,2427.55,5,1,252,43.5,0.0,0.4,INACTIVE,74.87,TRAIN
cust-06827,m-046,18,10,2754.49,275.45,22.76,1446.26,6,1,355,37.4,0.5,0.2,REGULAR,3.79,TRAIN
cust-06828,m-014,101,7,9058.04,1294.01,265.14,2109.87,5,1,307,34.3,0.143,0.429,INACTIVE,100.0,TRAIN
cust-06829,m-002,74,5,8511.79,1702.36,426.03,2348.26,3,1,361,71.8,0.4,0.2,INACTIVE,18.63,TRAIN
cust-06830,m-046,27,14,6289.78,449.27,22.76,1446.26,8,1,362,25.8,0.429,0.429,REGULAR,7.38,VALIDATION
cust-06832,m-010,6,13,1152.21,88.63,27.0,270.08,8,1,363,29.8,0.385,0.0,REGULAR,1.24,TRAIN
cust-06834,m-011,158,5,442.37,88.47,42.92,182.81,5,1,279,30.2,0.8,0.6,INACTIVE,100.0,TRAIN
cust-06835,m-020,53,11,1481.21,134.66,33.64,348.81,8,1,332,27.9,0.364,0.455,AT_RISK,49.59,TEST
cust-06836,m-032,40,6,6370.01,1061.67,333.71,1743.56,5,1,362,64.4,0.667,0.333,AT_RISK,8.26,TRAIN
cust-06837,m-039,52,10,1066.66,106.67,88.81,135.07,4,1,261,23.2,0.2,0.5,AT_RISK,58.09,TEST
cust-06838,m-029,34,7,1129.95,161.42,44.48,356.96,6,1,350,52.7,0.286,0.714,AT_RISK,7.26,TEST
cust-06839,m-031,0,8,671.03,83.88,30.71,178.86,6,1,278,39.7,0.375,0.375,REGULAR,0.0,TRAIN
cust-06840,m-045,5,13,1538.3,118.33,47.54,467.24,7,1,329,27.0,0.308,0.308,REGULAR,1.14,TRAIN
cust-06841,m-032,90,4,4151.38,1037.84,333.71,2083.19,3,1,223,44.3,0.25,0.0,INACTIVE,98.68,TRAIN
cust-06843,m-004,23,2,2004.3,1002.15,732.09,1272.21,2,1,309,286.0,0.0,0.5,NEW,5.56,TRAIN
cust-06844,m-013,117,5,4665.17,933.03,556.98,1163.64,4,1,334,54.2,0.4,0.6,INACTIVE,100.0,TRAIN
cust-06845,m-010,27,10,1796.83,179.68,43.92,381.54,7,1,355,36.4,0.4,0.7,REGULAR,5.69,VALIDATION
cust-06846,m-046,11,12,4051.43,337.62,22.76,723.13,8,1,330,29.0,0.5,0.417,REGULAR,2.49,VALIDATION
cust-06847,m-027,34,11,2028.58,184.42,32.87,356.88,6,1,306,27.2,0.364,0.455,AT_RISK,18.51,TRAIN
cust-06848,m-039,16,11,1451.63,131.97,88.81,263.1,5,1,358,34.2,0.273,0.364,REGULAR,3.34,TEST
cust-06849,m-007,45,6,5132.86,855.48,206.76,1357.85,6,1,256,42.2,0.5,0.667,AT_RISK,17.33,TRAIN
cust-06850,m-029,0,12,2380.22,198.35,24.87,469.6,8,1,364,33.1,0.25,0.333,REGULAR,0.0,VALIDATION
cust-06851,m-026,18,8,1215.23,151.9,36.07,350.68,6,1,298,40.0,0.5,0.125,REGULAR,4.52,TRAIN
cust-06852,m-027,54,4,1314.27,328.57,89.22,581.5,3,1,286,77.3,0.5,0.0,AT_RISK,14.11,TRAIN
cust-06853,m-025,99,3,5322.32,1774.11,1009.97,2224.07,3,1,141,21.0,0.0,0.333,INACTIVE,100.0,TRAIN
cust-06854,m-040,192,4,771.71,192.93,51.55,574.12,3,1,318,42.0,0.0,0.5,INACTIVE,100.0,VALIDATION
cust-06855,m-043,15,16,12941.68,808.86,269.88,2567.7,7,1,364,23.3,0.125,0.375,REGULAR,3.08,VALIDATION
cust-06856,m-040,39,10,3328.07,332.81,32.37,803.42,7,1,338,33.2,0.5,0.3,AT_RISK,17.33,TRAIN
cust-06857,m-028,23,10,4181.89,418.19,31.9,2199.69,8,1,297,30.4,0.2,0.3,REGULAR,5.79,TRAIN
cust-06858,m-001,8,14,1496.75,106.91,35.19,226.36,10,1,306,22.9,0.286,0.357,REGULAR,1.95,TRAIN
cust-06859,m-042,56,7,567.94,81.13,31.7,153.24,5,1,343,47.8,0.0,0.143,AT_RISK,24.51,TRAIN
cust-06860,m-022,53,10,10470.71,1047.07,410.45,4174.73,6,1,292,26.6,0.3,0.4,AT_RISK,53.17,TRAIN
cust-06861,m-036,14,10,1423.97,142.4,54.69,371.58,8,1,285,30.1,0.2,0.4,REGULAR,3.67,TRAIN
cust-06862,m-003,5,6,919.58,153.26,57.37,409.29,5,1,349,68.8,0.333,0.5,REGULAR,1.07,TRAIN
cust-06864,m-022,36,12,17452.72,1454.39,410.45,4174.73,7,1,321,25.9,0.417,0.25,AT_RISK,23.54,TRAIN
cust-06865,m-029,33,11,1937.54,176.14,24.87,469.6,8,1,360,32.7,0.182,0.455,AT_RISK,7.31,TRAIN
cust-06866,m-011,82,6,996.33,166.05,42.92,297.58,6,1,244,32.4,0.5,0.167,INACTIVE,99.5,TEST
cust-06867,m-018,50,10,994.35,99.44,36.32,254.24,8,1,323,30.3,0.2,0.1,AT_RISK,41.12,TRAIN
cust-06868,m-045,37,11,1509.71,137.25,47.54,308.4,7,1,329,29.2,0.273,0.091,AT_RISK,20.11,TRAIN
cust-06869,m-039,5,5,717.02,143.4,91.89,263.1,3,1,334,82.2,0.6,0.4,REGULAR,1.12,VALIDATION
cust-06870,m-025,73,7,6745.44,963.63,391.84,2088.28,6,1,363,48.3,0.143,0.286,INACTIVE,52.09,TRAIN
cust-06871,m-031,39,3,113.34,37.78,30.71,51.92,2,1,290,125.5,0.333,0.0,NEW,10.05,TRAIN
cust-06872,m-031,87,3,228.58,76.19,30.71,145.95,3,1,358,135.5,0.0,0.667,INACTIVE,18.18,TRAIN
cust-06873,m-030,21,6,2379.43,396.57,43.79,1023.6,5,1,309,57.6,0.5,0.167,REGULAR,5.08,TRAIN
cust-06874,m-002,2,2,2081.96,1040.98,1040.98,1040.98,1,1,266,264.0,0.0,0.0,NEW,0.56,VALIDATION
cust-06875,m-013,34,7,8785.94,1255.13,861.11,2897.77,5,1,298,44.0,0.429,0.286,AT_RISK,8.53,TRAIN
cust-06876,m-025,71,8,10899.44,1362.43,685.18,2224.07,6,1,361,41.4,0.25,0.25,INACTIVE,59.11,TEST
cust-06877,m-010,56,6,1280.36,213.39,27.0,774.08,6,1,334,55.6,0.333,0.167,AT_RISK,13.14,TRAIN
cust-06878,m-044,91,5,1761.77,352.35,66.6,960.99,4,1,254,40.8,0.0,0.6,INACTIVE,100.0,TRAIN
cust-06879,m-007,39,5,4096.53,819.31,206.76,1357.85,5,1,358,79.8,0.2,0.2,AT_RISK,8.15,TRAIN
cust-06880,m-035,32,8,11237.73,1404.72,662.22,2412.27,5,1,361,47.0,0.625,0.0,AT_RISK,6.63,TRAIN
cust-06881,m-029,105,5,943.43,188.69,62.52,356.96,4,1,290,46.2,0.2,0.4,INACTIVE,100.0,TEST
cust-06882,m-008,8,12,16526.27,1377.19,266.13,2774.3,6,1,358,31.8,0.167,0.083,REGULAR,1.67,TRAIN
cust-06883,m-021,55,8,2318.4,289.8,107.37,749.43,5,1,353,42.6,0.125,0.625,AT_RISK,30.25,TRAIN
cust-06884,m-042,8,14,1574.52,112.47,39.21,356.58,9,1,332,24.9,0.5,0.357,REGULAR,1.8,TRAIN
cust-06885,m-014,48,5,4371.0,874.2,482.82,2109.87,3,1,279,57.8,0.4,0.8,AT_RISK,12.86,TRAIN
cust-06887,m-015,141,6,481.13,80.19,42.0,126.0,5,1,349,41.6,0.167,0.667,INACTIVE,100.0,TRAIN
cust-06888,m-041,113,6,12352.72,2058.79,54.58,11676.0,4,1,346,46.6,0.333,0.333,INACTIVE,100.0,TRAIN
cust-06889,m-045,18,5,519.89,103.98,36.65,283.95,3,1,319,75.2,0.6,0.0,REGULAR,4.22,TRAIN
cust-06890,m-005,2,10,1763.95,176.4,54.06,418.86,7,1,352,38.9,0.3,0.0,REGULAR,0.42,TRAIN
cust-06891,m-033,22,7,7341.47,1048.78,348.67,2364.31,4,1,361,56.5,0.286,0.429,REGULAR,4.56,TRAIN
cust-06892,m-026,30,14,1992.32,142.31,28.65,479.36,9,1,281,19.3,0.286,0.071,REGULAR,24.03,TRAIN
cust-06893,m-017,61,7,1492.36,213.19,29.94,376.35,6,1,303,40.3,0.429,0.429,INACTIVE,46.1,TRAIN
cust-06894,m-025,68,8,10537.4,1317.18,685.18,2224.07,5,1,335,38.1,0.25,0.375,INACTIVE,60.03,VALIDATION
cust-06895,m-047,12,9,980.22,108.91,31.12,400.89,9,1,328,39.5,0.333,0.556,REGULAR,2.74,TEST
cust-06896,m-046,30,6,2111.09,351.85,22.76,890.86,5,1,254,44.8,0.0,0.167,REGULAR,8.82,TRAIN
cust-06897,m-007,7,8,8478.37,1059.8,206.76,2427.55,5,1,232,32.1,0.25,0.375,REGULAR,2.25,VALIDATION
cust-06898,m-020,88,8,1085.71,135.71,43.93,268.96,7,1,361,39.0,0.5,0.125,INACTIVE,91.73,TRAIN
cust-06899,m-018,34,13,2093.33,161.03,36.75,427.26,9,1,354,26.7,0.462,0.231,AT_RISK,18.13,TRAIN
cust-06900,m-013,18,8,12523.56,1565.45,271.73,2897.77,5,1,355,48.1,0.375,0.375,REGULAR,3.79,TRAIN
cust-06901,m-018,36,15,1948.48,129.9,52.59,266.16,9,1,357,22.9,0.333,0.267,AT_RISK,27.19,TRAIN
cust-06902,m-007,31,8,6247.86,780.98,206.76,1357.85,6,1,251,31.4,0.375,0.125,AT_RISK,9.23,TRAIN
cust-06903,m-017,2,4,521.83,130.46,29.94,246.68,3,1,254,84.0,0.0,0.0,REGULAR,0.59,TRAIN
cust-06904,m-021,4,8,3112.08,389.01,55.33,787.14,6,1,353,49.9,0.625,0.25,REGULAR,0.85,TEST
cust-06905,m-015,3,9,1284.22,142.69,47.83,437.16,6,1,360,44.6,0.222,0.222,REGULAR,0.62,VALIDATION
cust-06906,m-034,14,7,971.16,138.74,51.8,311.4,6,1,351,56.2,0.286,0.286,REGULAR,2.98,TRAIN
cust-06907,m-001,1,20,2312.79,115.64,35.19,268.53,11,1,335,17.6,0.05,0.3,LOYAL,0.22,TRAIN
cust-06908,m-012,44,11,4367.56,397.05,82.22,804.48,6,1,327,28.3,0.364,0.273,AT_RISK,33.61,TRAIN
cust-06909,m-045,60,7,488.59,69.8,39.71,116.81,5,1,306,41.0,0.571,0.143,AT_RISK,43.16,TEST
cust-06910,m-012,20,5,2009.17,401.83,82.22,1195.83,3,1,364,86.0,0.0,0.6,REGULAR,4.11,TEST
cust-06911,m-040,92,4,1113.96,278.49,51.55,454.5,3,1,343,83.7,0.5,0.25,INACTIVE,32.51,TEST
cust-06913,m-030,17,4,620.17,155.04,48.83,291.42,4,1,344,109.0,0.0,0.5,REGULAR,3.7,TRAIN
cust-06914,m-019,3,8,753.14,94.14,32.1,173.72,7,1,309,43.7,0.25,0.25,REGULAR,0.73,TRAIN
cust-06915,m-018,63,11,1229.15,111.74,36.32,427.29,7,1,336,27.3,0.273,0.545,INACTIVE,67.57,VALIDATION
cust-06916,m-007,53,10,12685.06,1268.51,206.76,2427.55,7,1,359,34.0,0.2,0.3,AT_RISK,39.54,TRAIN
cust-06919,m-028,100,11,3161.13,287.38,47.62,733.23,8,1,354,25.4,0.273,0.364,INACTIVE,100.0,TRAIN
cust-06920,m-041,10,8,3784.8,473.1,54.85,1429.76,6,1,323,44.7,0.25,0.25,REGULAR,2.31,TRAIN
cust-06921,m-001,72,8,576.24,72.03,35.19,122.62,8,1,311,34.1,0.25,0.5,INACTIVE,74.16,TRAIN
cust-06922,m-012,70,9,1526.13,169.57,82.22,398.61,6,1,334,33.0,0.222,0.556,INACTIVE,71.17,TRAIN
cust-06923,m-031,13,7,667.04,95.29,41.16,187.23,6,1,337,54.0,0.429,0.429,REGULAR,2.88,TRAIN
cust-06925,m-040,14,9,1747.39,194.15,32.37,803.42,5,1,359,43.1,0.222,0.333,REGULAR,2.92,TEST
cust-06926,m-029,3,12,3557.24,296.44,24.87,939.2,8,1,331,29.8,0.25,0.333,REGULAR,0.68,TRAIN
cust-06927,m-022,22,4,4240.96,1060.24,695.1,1444.79,4,1,253,77.0,0.0,0.0,REGULAR,6.5,TRAIN
cust-06928,m-006,24,8,1407.96,176.0,85.78,310.45,5,1,362,48.3,0.375,0.5,REGULAR,4.96,TRAIN
cust-06929,m-046,37,8,4622.78,577.85,59.65,1446.26,5,1,270,33.3,0.25,0.375,AT_RISK,15.79,TRAIN
cust-06932,m-016,29,6,1499.21,249.87,75.51,445.18,4,1,303,54.8,0.0,0.333,REGULAR,7.15,TRAIN
cust-06933,m-004,26,7,8970.73,1281.53,687.11,3021.37,6,1,361,55.8,0.286,0.571,REGULAR,5.39,TRAIN
cust-06934,m-034,172,9,701.84,77.98,26.72,235.59,6,1,357,23.1,0.444,0.222,INACTIVE,100.0,TRAIN
cust-06935,m-027,102,7,2532.86,361.84,32.87,1356.12,6,1,256,25.7,0.714,0.286,INACTIVE,100.0,TRAIN
cust-06938,m-006,33,6,887.84,147.97,85.78,310.45,4,1,336,60.6,0.5,0.667,AT_RISK,7.34,TRAIN
cust-06939,m-009,150,1,61.55,61.55,61.55,61.55,1,1,150,150.0,0.0,0.0,INACTIVE,74.5,TRAIN
cust-06940,m-015,88,6,1134.51,189.08,84.28,436.44,5,1,335,49.4,0.667,0.5,INACTIVE,77.54,TRAIN
cust-06941,m-030,0,12,1957.47,163.12,27.38,536.85,6,1,327,29.7,0.417,0.5,REGULAR,0.0,TRAIN
cust-06942,m-044,62,4,1836.5,459.12,66.6,1094.36,4,1,244,60.7,0.25,0.5,INACTIVE,20.93,TRAIN
cust-06944,m-006,8,4,794.3,198.58,85.78,310.45,3,1,364,118.7,0.25,0.25,REGULAR,1.64,VALIDATION
cust-06945,m-036,98,6,583.9,97.32,28.43,185.79,4,1,363,53.0,0.5,0.0,INACTIVE,87.69,TRAIN
cust-06946,m-033,1,11,11004.35,1000.4,794.69,2575.37,5,1,346,34.5,0.182,0.182,REGULAR,0.22,VALIDATION
cust-06947,m-021,30,11,2598.85,236.26,22.25,811.98,6,1,302,27.2,0.364,0.364,REGULAR,11.63,TRAIN
cust-06948,m-017,24,7,2430.29,347.18,29.94,1689.66,6,1,301,46.2,0.286,0.286,REGULAR,5.96,TEST
cust-06949,m-045,18,8,800.04,100.01,50.26,150.78,6,1,324,43.7,0.375,0.5,REGULAR,4.15,TEST
cust-06950,m-017,11,6,3081.95,513.66,59.73,2252.88,5,1,363,70.4,0.333,0.167,REGULAR,2.27,TRAIN
cust-06951,m-043,78,6,3910.79,651.8,269.88,1103.72,6,1,364,57.2,0.333,0.167,INACTIVE,47.23,TRAIN
cust-06952,m-028,7,11,5463.01,496.64,31.9,2199.69,7,1,330,32.3,0.273,0.182,REGULAR,1.59,VALIDATION
cust-06953,m-013,68,9,8083.02,898.11,271.73,2532.63,4,1,342,34.2,0.444,0.444,INACTIVE,65.57,TRAIN
cust-06954,m-010,38,6,740.91,123.48,62.66,323.64,5,1,363,65.0,0.167,0.333,AT_RISK,7.83,VALIDATION
cust-06955,m-021,23,7,2028.41,289.77,22.25,749.43,5,1,275,42.0,0.143,0.286,REGULAR,6.25,TRAIN
cust-06956,m-031,13,9,1048.87,116.54,41.64,266.4,7,1,323,38.8,0.333,0.222,REGULAR,3.01,TRAIN
cust-06957,m-035,4,8,7206.14,900.77,390.48,1635.59,5,1,197,27.6,0.5,0.25,REGULAR,1.52,TRAIN
cust-06958,m-020,17,14,1271.11,90.79,33.64,186.44,8,1,249,17.8,0.286,0.357,REGULAR,5.1,TEST
cust-06959,m-031,42,5,451.91,90.38,51.92,117.1,5,1,334,73.0,0.4,0.6,AT_RISK,9.4,TEST
cust-06960,m-006,8,12,1680.07,140.01,85.78,310.45,4,1,362,32.2,0.333,0.25,REGULAR,1.65,TRAIN
cust-06961,m-026,42,6,818.27,136.38,69.9,282.2,6,1,268,45.2,0.167,0.167,AT_RISK,11.71,TRAIN
cust-06962,m-010,10,9,931.3,103.48,27.0,215.76,8,1,333,40.4,0.444,0.333,REGULAR,2.25,VALIDATION
cust-06963,m-025,48,7,9361.8,1337.4,391.84,2088.28,4,1,332,47.3,0.0,0.286,AT_RISK,11.86,TRAIN
cust-06964,m-023,35,8,2645.88,330.74,34.83,1013.88,6,1,245,30.0,0.375,0.0,AT_RISK,18.17,VALIDATION
cust-06965,m-021,27,9,3726.03,414.0,22.25,1728.06,8,1,343,39.5,0.333,0.444,REGULAR,5.89,TEST
cust-06966,m-047,25,3,307.78,102.59,62.24,149.64,3,1,301,138.0,0.333,0.333,NEW,6.21,TRAIN
cust-06967,m-034,20,6,543.03,90.5,32.97,192.36,6,1,306,57.2,0.5,0.0,REGULAR,4.89,TRAIN
cust-06968,m-047,27,7,371.28,53.04,31.12,79.87,5,1,291,44.0,0.429,0.429,REGULAR,6.93,TRAIN
cust-06969,m-017,228,1,563.22,563.22,563.22,563.22,1,1,228,228.0,1.0,1.0,INACTIVE,74.67,VALIDATION
cust-06970,m-016,69,7,1225.54,175.08,75.51,445.18,4,1,350,46.8,0.0,0.429,INACTIVE,48.04,TRAIN
cust-06971,m-045,41,11,1454.52,132.23,49.55,283.95,8,1,278,23.7,0.273,0.455,AT_RISK,36.97,TRAIN
cust-06972,m-005,27,6,1961.74,326.96,42.51,632.0,6,1,357,66.0,0.167,0.667,REGULAR,5.66,TRAIN
cust-06973,m-002,179,4,5276.59,1319.15,401.92,2348.26,4,1,341,54.0,1.0,0.25,INACTIVE,100.0,VALIDATION
cust-06974,m-008,11,12,12486.17,1040.51,266.13,1942.06,7,1,359,31.6,0.333,0.25,REGULAR,2.29,TRAIN
cust-06975,m-029,28,7,2217.26,316.75,44.48,601.28,6,1,331,50.5,0.286,0.286,REGULAR,6.33,VALIDATION
cust-06976,m-006,74,5,727.72,145.54,87.62,207.83,3,1,337,65.8,0.2,0.6,INACTIVE,28.72,TRAIN
cust-06977,m-041,23,10,1777.07,177.71,27.29,357.44,7,1,357,37.1,0.4,0.3,REGULAR,4.82,TRAIN
cust-06978,m-031,71,8,849.8,106.22,43.32,269.02,7,1,319,35.4,0.5,0.125,INACTIVE,70.04,TRAIN
cust-06979,m-035,53,5,9250.17,1850.03,1154.45,2412.27,3,1,269,54.0,0.4,0.2,AT_RISK,14.72,TRAIN
cust-06980,m-024,7,10,2049.64,204.96,23.95,768.52,5,1,348,37.9,0.7,0.3,REGULAR,1.5,TRAIN
cust-06981,m-012,18,16,4156.06,259.75,113.76,797.22,5,1,313,19.7,0.438,0.375,REGULAR,4.3,TEST
cust-06982,m-019,124,7,1440.29,205.76,119.85,469.02,5,1,364,40.0,0.571,0.0,INACTIVE,100.0,TRAIN
cust-06983,m-009,58,7,1150.15,164.31,30.99,364.89,6,1,349,48.5,0.429,0.286,AT_RISK,26.68,TEST
cust-06984,m-033,87,7,5204.11,743.44,539.82,928.47,4,1,330,40.5,0.143,0.0,INACTIVE,89.46,TRAIN
cust-06985,m-005,19,7,2354.11,336.3,25.41,1027.86,6,1,317,49.7,0.286,0.571,REGULAR,4.48,TRAIN
cust-06986,m-024,71,9,7459.64,828.85,23.95,2142.09,5,1,332,32.6,0.222,0.0,INACTIVE,73.59,VALIDATION
cust-06987,m-018,25,8,825.32,103.16,36.32,250.4,8,1,354,47.0,0.5,0.5,REGULAR,5.28,VALIDATION
cust-06988,m-027,27,5,939.83,187.97,67.39,416.57,4,1,340,78.2,0.4,0.2,REGULAR,5.94,TEST
cust-06989,m-011,37,9,1360.47,151.16,54.54,548.43,4,1,346,38.6,0.0,0.333,AT_RISK,8.0,VALIDATION
cust-06990,m-035,82,9,12081.46,1342.38,390.48,2412.27,5,1,359,34.6,0.667,0.333,INACTIVE,88.18,TRAIN
cust-06991,m-043,22,12,11904.92,992.08,411.29,2567.7,4,1,342,29.1,0.667,0.417,REGULAR,4.81,TEST
cust-06992,m-023,202,2,633.9,316.95,253.47,380.43,2,1,363,161.0,0.0,0.0,INACTIVE,100.0,TRAIN
cust-06993,m-007,28,8,10979.35,1372.42,486.95,2427.55,5,1,328,42.9,0.25,0.375,REGULAR,6.38,TRAIN
cust-06994,m-032,28,7,6431.25,918.75,644.7,1743.56,4,1,268,40.0,0.143,0.286,REGULAR,7.81,VALIDATION
cust-06995,m-018,5,8,1357.13,169.64,36.32,508.48,6,1,317,44.6,0.25,0.25,REGULAR,1.18,VALIDATION
cust-06996,m-016,65,8,1511.42,188.93,75.51,445.18,5,1,351,40.9,0.125,0.375,INACTIVE,50.0,TRAIN
cust-06997,m-035,3,8,10136.47,1267.06,390.48,2412.27,5,1,356,50.4,0.375,0.25,REGULAR,0.63,TRAIN
cust-06999,m-001,49,6,625.98,104.33,50.53,166.41,5,1,362,62.6,0.333,0.0,AT_RISK,10.12,TRAIN
cust-07000,m-036,39,9,1267.24,140.8,28.43,481.84,8,1,308,33.6,0.333,0.0,AT_RISK,17.57,TRAIN
cust-07001,m-032,37,13,16396.53,1261.27,333.71,2083.19,7,1,360,26.9,0.308,0.462,AT_RISK,22.84,TRAIN
cust-07002,m-036,74,9,626.86,69.65,54.69,91.17,7,1,307,29.1,0.556,0.111,INACTIVE,85.37,TEST
cust-07004,m-018,4,16,2296.75,143.55,46.73,508.48,11,1,311,20.5,0.312,0.125,LOYAL,0.96,TRAIN
cust-07005,m-010,26,11,1137.1,103.37,27.0,263.85,7,1,355,32.9,0.455,0.364,REGULAR,5.48,TRAIN
cust-07006,m-001,8,7,996.24,142.32,50.53,339.54,6,1,322,52.3,0.429,0.0,REGULAR,1.86,TRAIN
cust-07007,m-032,53,10,10783.85,1078.38,644.7,1743.56,6,1,339,31.8,0.3,0.5,AT_RISK,43.49,TRAIN
cust-07008,m-039,22,4,410.74,102.68,91.89,135.07,2,1,324,100.7,0.25,0.25,REGULAR,5.08,TRAIN
cust-07010,m-011,7,9,1313.87,145.99,42.92,375.33,6,1,293,35.8,0.333,0.556,REGULAR,1.79,VALIDATION
cust-07011,m-016,1,11,2985.77,271.43,75.51,445.18,4,1,362,36.1,0.364,0.455,REGULAR,0.21,TRAIN
cust-07012,m-008,20,13,18955.59,1458.12,816.98,2774.3,6,1,357,28.1,0.154,0.385,REGULAR,4.19,TRAIN
cust-07013,m-015,26,10,1084.4,108.44,47.83,218.58,9,1,342,35.1,0.4,0.3,REGULAR,5.69,TRAIN
cust-07014,m-034,10,8,1030.83,128.85,41.79,280.47,7,1,354,49.1,0.625,0.125,REGULAR,2.11,TRAIN
cust-07015,m-039,39,10,1528.0,152.8,88.81,263.1,5,1,328,32.1,0.1,0.4,AT_RISK,19.24,VALIDATION
cust-07016,m-008,7,12,14950.99,1245.92,567.43,2774.3,7,1,362,32.3,0.333,0.417,REGULAR,1.45,TRAIN
cust-07017,m-039,0,9,1603.79,178.2,104.08,263.1,3,1,348,43.5,0.333,0.222,REGULAR,0.0,TRAIN
cust-07018,m-022,55,9,17589.45,1954.38,410.45,4174.73,6,1,345,36.2,0.0,0.111,AT_RISK,40.12,TEST
cust-07019,m-029,1,7,2668.29,381.18,44.48,939.2,3,1,361,60.0,0.286,0.286,REGULAR,0.21,VALIDATION
cust-07020,m-033,28,6,4053.33,675.56,539.82,835.87,4,1,264,47.2,0.333,0.333,REGULAR,7.92,TRAIN
cust-07021,m-036,13,11,1420.08,129.1,41.96,557.37,9,1,359,34.6,0.182,0.545,REGULAR,2.71,TRAIN
cust-07022,m-043,45,9,9680.74,1075.64,411.29,2567.7,5,1,348,37.9,0.333,0.111,AT_RISK,20.32,TRAIN
cust-07024,m-023,9,8,2885.47,360.68,55.92,760.86,7,1,352,49.0,0.25,0.25,REGULAR,1.91,TRAIN
cust-07025,m-019,60,4,292.68,73.17,30.62,88.91,3,1,261,67.0,0.25,0.75,AT_RISK,17.18,TRAIN
cust-07026,m-018,36,13,1273.54,97.96,36.32,284.86,8,1,362,27.2,0.385,0.308,AT_RISK,20.64,TRAIN
cust-07027,m-009,48,5,473.93,94.79,51.51,133.14,4,1,261,53.2,0.0,0.2,AT_RISK,13.74,VALIDATION
cust-07028,m-016,39,7,1240.03,177.15,75.51,445.18,3,1,327,48.0,0.571,0.429,AT_RISK,8.92,TRAIN
cust-07029,m-021,3,11,2772.77,252.07,39.92,576.02,8,1,331,32.8,0.455,0.273,REGULAR,0.68,TRAIN
cust-07030,m-033,3,7,10844.83,1549.26,794.69,2575.37,5,1,331,54.7,0.286,0.286,REGULAR,0.68,TRAIN
cust-07031,m-034,45,10,849.07,84.91,26.72,192.36,7,1,314,29.9,0.6,0.3,AT_RISK,33.36,TRAIN
cust-07032,m-042,20,8,708.89,88.61,39.21,126.8,6,1,358,48.3,0.25,0.125,REGULAR,4.18,TRAIN
cust-07033,m-016,2,12,2335.04,194.59,75.51,445.18,5,1,311,28.1,0.083,0.25,REGULAR,0.48,TRAIN
cust-07034,m-033,28,8,6182.38,772.8,539.82,928.47,4,1,359,47.3,0.25,0.375,REGULAR,5.83,TRAIN
cust-07035,m-032,20,9,8703.3,967.03,333.71,2083.19,6,1,346,40.8,0.333,0.333,REGULAR,4.32,TRAIN
cust-07037,m-003,41,10,2331.83,233.18,27.64,625.68,9,1,327,31.8,0.2,0.3,AT_RISK,23.17,TRAIN
cust-07038,m-047,60,8,905.13,113.14,49.86,267.26,6,1,341,40.1,0.625,0.25,AT_RISK,43.01,TRAIN
cust-07039,m-046,82,10,1724.37,172.44,22.76,435.22,5,1,360,30.9,0.3,0.0,INACTIVE,93.69,TEST
cust-07040,m-034,33,4,494.21,123.55,41.79,301.29,4,1,116,27.7,0.5,0.25,AT_RISK,29.1,TRAIN
cust-07041,m-040,46,14,7260.52,518.61,32.37,1722.36,5,1,346,23.1,0.357,0.357,AT_RISK,44.29,TRAIN
cust-07042,m-005,12,7,2698.77,385.54,63.04,837.72,6,1,341,54.8,0.429,0.143,REGULAR,2.63,TRAIN
cust-07043,m-029,7,9,973.78,108.2,44.48,233.69,5,1,200,24.1,0.444,0.111,REGULAR,2.61,TRAIN
cust-07044,m-038,35,9,1347.08,149.68,42.2,365.65,5,1,332,37.1,0.333,0.333,AT_RISK,7.88,TRAIN
cust-07045,m-001,1,8,578.05,72.26,35.19,142.3,7,1,348,49.6,0.125,0.5,REGULAR,0.21,TRAIN
cust-07046,m-024,9,9,3331.74,370.19,47.9,714.03,6,1,299,36.2,0.222,0.111,REGULAR,2.25,TRAIN
cust-07047,m-028,81,9,1849.12,205.46,23.81,733.23,8,1,342,32.6,0.444,0.556,INACTIVE,90.31,TRAIN
cust-07049,m-027,63,4,1003.39,250.85,67.39,581.5,4,1,258,65.0,0.5,0.0,INACTIVE,18.24,TRAIN
cust-07050,m-025,4,11,13924.32,1265.85,391.84,2224.07,6,1,324,32.0,0.364,0.455,REGULAR,0.92,TRAIN
cust-07051,m-034,50,11,986.88,89.72,26.72,378.9,9,1,363,31.3,0.455,0.636,AT_RISK,38.35,TEST
cust-07052,m-019,172,7,552.84,78.98,32.1,170.74,7,1,356,30.7,0.286,0.429,INACTIVE,100.0,TRAIN
cust-07053,m-031,24,8,1349.45,168.68,30.71,538.04,6,1,356,47.4,0.125,0.375,REGULAR,5.04,TRAIN
cust-07054,m-003,101,7,1602.17,228.88,32.96,818.58,6,1,332,38.5,0.429,0.714,INACTIVE,100.0,TRAIN
cust-07055,m-017,7,7,3648.24,521.18,29.94,1689.66,6,1,280,45.5,0.143,0.286,REGULAR,1.87,TRAIN
cust-07056,m-029,14,11,2612.96,237.54,24.87,1070.88,7,1,361,34.7,0.182,0.455,REGULAR,2.9,TRAIN
cust-07057,m-027,0,7,1358.36,194.05,27.71,581.5,6,1,317,52.8,0.143,0.143,REGULAR,0.0,VALIDATION
cust-07058,m-023,84,3,821.25,273.75,187.35,380.43,3,1,267,91.5,0.0,0.333,INACTIVE,23.51,TRAIN
cust-07059,m-021,30,9,4051.51,450.17,22.25,1728.06,9,1,347,39.6,0.333,0.222,REGULAR,6.47,TRAIN
cust-07060,m-001,9,11,963.73,87.61,35.57,179.02,6,1,341,33.2,0.455,0.545,REGULAR,1.97,TRAIN
cust-07061,m-040,26,13,2303.22,177.17,51.55,401.71,6,1,364,28.2,0.308,0.462,REGULAR,5.34,TEST
cust-07062,m-021,0,11,3897.12,354.28,55.33,1728.06,5,1,362,36.2,0.455,0.273,REGULAR,0.0,TRAIN
cust-07063,m-019,23,18,2277.59,126.53,32.1,366.2,9,1,329,18.0,0.333,0.5,REGULAR,12.73,TRAIN
cust-07064,m-010,8,6,363.17,60.53,31.82,87.84,6,1,364,71.2,0.0,0.167,REGULAR,1.64,TRAIN
cust-07065,m-030,80,13,4256.25,327.4,27.38,1023.6,6,1,331,20.9,0.077,0.308,INACTIVE,100.0,TRAIN
cust-07066,m-034,115,9,1177.38,130.82,26.72,568.35,6,1,359,30.5,0.333,0.111,INACTIVE,100.0,TRAIN
cust-07067,m-024,20,9,2416.17,268.46,23.95,714.03,7,1,259,29.9,0.222,0.444,REGULAR,5.77,TRAIN
cust-07068,m-046,21,13,3986.55,306.66,22.76,723.13,8,1,352,27.6,0.308,0.308,REGULAR,4.46,TRAIN
cust-07069,m-020,11,8,1120.4,140.05,76.56,279.66,7,1,330,45.6,0.25,0.5,REGULAR,2.49,TEST
cust-07070,m-009,56,9,1337.86,148.65,35.76,364.56,8,1,314,32.2,0.111,0.333,AT_RISK,49.03,TEST
cust-07071,m-044,68,7,1843.95,263.42,79.08,446.72,6,1,355,47.8,0.571,0.286,INACTIVE,44.63,TRAIN
cust-07072,m-016,14,5,625.9,125.18,75.51,189.44,4,1,341,81.8,0.8,0.2,REGULAR,3.07,TRAIN
cust-07073,m-044,1,11,4087.59,371.6,26.36,1190.6,6,1,336,33.5,0.364,0.182,REGULAR,0.22,TRAIN
cust-07074,m-019,11,9,1204.67,133.85,33.58,266.73,7,1,363,44.0,0.111,0.0,REGULAR,2.27,TRAIN
cust-07076,m-015,98,1,186.12,186.12,186.12,186.12,1,1,98,98.0,0.0,0.0,INACTIVE,74.24,VALIDATION
cust-07077,m-018,59,13,1687.39,129.8,37.52,266.16,9,1,341,23.5,0.385,0.154,AT_RISK,66.19,TRAIN
cust-07078,m-045,28,13,1696.66,130.51,49.55,378.6,8,1,300,22.7,0.231,0.385,REGULAR,14.93,TRAIN
cust-07079,m-023,4,16,7299.3,456.21,26.95,1471.81,9,1,335,22.1,0.188,0.188,LOYAL,0.89,TRAIN
cust-07080,m-047,63,10,938.57,93.86,30.31,400.89,7,1,306,27.0,0.6,0.2,INACTIVE,69.39,TEST
cust-07081,m-007,56,9,9211.52,1023.5,206.76,2427.55,7,1,323,33.4,0.111,0.556,AT_RISK,46.86,TEST
cust-07082,m-029,25,14,2449.19,174.94,24.87,421.22,8,1,328,23.3,0.286,0.357,REGULAR,8.25,TEST
cust-07083,m-032,54,8,7668.85,958.61,333.71,2083.19,6,1,295,34.4,0.25,0.125,AT_RISK,43.08,VALIDATION
cust-07084,m-036,159,5,625.94,125.19,28.43,371.44,5,1,316,39.2,0.4,0.6,INACTIVE,100.0,VALIDATION
cust-07085,m-025,8,13,26208.87,2016.07,391.84,12009.53,7,1,346,28.2,0.385,0.385,REGULAR,1.73,VALIDATION
cust-07086,m-004,43,7,8642.95,1234.71,732.09,3021.37,4,1,331,48.0,0.143,0.429,AT_RISK,9.71,TRAIN
cust-07087,m-010,2,10,1315.24,131.52,51.15,356.16,7,1,348,38.4,0.2,0.1,REGULAR,0.43,TEST
cust-07088,m-027,12,6,2233.42,372.24,32.87,1163.0,6,1,292,56.0,0.667,0.0,REGULAR,3.07,TRAIN
cust-07089,m-026,25,4,448.5,112.12,40.34,211.65,3,1,328,101.0,0.5,0.25,REGULAR,5.7,TRAIN
cust-07090,m-041,46,9,2701.53,300.17,54.85,1086.46,6,1,359,39.1,0.444,0.333,AT_RISK,19.93,TRAIN
cust-07091,m-004,9,7,7660.31,1094.33,482.75,3021.37,5,1,332,53.8,0.286,0.286,REGULAR,2.03,TRAIN
cust-07092,m-030,3,7,1393.06,199.01,27.38,511.8,6,1,182,29.8,0.429,0.286,REGULAR,1.23,TRAIN
cust-07093,m-028,7,6,1013.09,168.85,23.81,366.91,6,1,323,63.2,0.333,0.167,REGULAR,1.62,VALIDATION
cust-07094,m-029,89,4,1063.31,265.83,62.52,469.6,4,1,339,83.3,0.25,0.0,INACTIVE,28.18,TEST
cust-07095,m-024,11,12,2897.27,241.44,35.32,714.03,9,1,332,29.2,0.333,0.167,REGULAR,2.48,VALIDATION
cust-07096,m-041,181,6,1634.06,272.34,27.29,610.34,6,1,347,33.2,0.167,0.667,INACTIVE,100.0,VALIDATION
cust-07097,m-024,20,14,7558.06,539.86,109.76,2142.09,9,1,353,25.6,0.214,0.5,REGULAR,4.24,TRAIN
cust-07098,m-030,2,11,4702.96,427.54,27.38,1128.3,6,1,334,33.2,0.182,0.455,REGULAR,0.45,TRAIN
cust-07099,m-009,39,9,994.82,110.54,51.51,243.26,6,1,352,39.1,0.667,0.222,AT_RISK,8.29,TEST
cust-07100,m-039,12,7,763.08,109.01,88.81,135.07,4,1,275,43.8,0.571,0.286,REGULAR,3.26,TRAIN
cust-07101,m-043,54,9,8933.71,992.63,269.88,2567.7,7,1,331,34.6,0.667,0.444,AT_RISK,41.3,TRAIN
cust-07102,m-028,16,12,4672.27,389.36,23.81,1467.64,7,1,335,29.0,0.25,0.5,REGULAR,3.57,TRAIN
cust-07103,m-023,112,8,3510.4,438.8,62.45,1170.48,5,1,304,27.4,0.0,0.375,INACTIVE,100.0,TRAIN
cust-07104,m-006,74,5,710.13,142.03,87.62,310.45,3,1,357,70.8,0.4,0.6,INACTIVE,20.3,VALIDATION
cust-07105,m-035,25,7,7007.13,1001.02,662.22,1315.1,4,1,348,53.8,0.429,0.429,REGULAR,5.37,TRAIN
cust-07106,m-037,154,7,899.87,128.55,45.38,386.55,5,1,298,24.0,0.571,0.0,INACTIVE,100.0,VALIDATION
cust-07107,m-031,73,5,406.14,81.23,58.55,110.81,4,1,303,57.5,0.4,0.4,INACTIVE,41.26,TRAIN
cust-07108,m-004,65,5,4500.11,900.02,482.75,1721.89,4,1,313,62.0,0.2,0.2,INACTIVE,20.03,TRAIN
cust-07109,m-011,25,11,1240.19,112.74,42.92,250.22,7,1,331,30.6,0.182,0.273,REGULAR,5.65,TRAIN
cust-07110,m-003,10,8,2650.31,331.29,27.64,1321.96,6,1,335,46.4,0.125,0.25,REGULAR,2.23,VALIDATION
cust-07111,m-007,35,10,11711.41,1171.14,206.76,2427.55,6,1,351,35.1,0.1,0.2,AT_RISK,7.46,TRAIN
cust-07112,m-016,104,7,949.31,135.62,75.51,189.44,3,1,359,42.5,0.571,0.286,INACTIVE,100.0,TRAIN
cust-07113,m-019,20,15,2762.78,184.19,30.62,625.36,9,1,364,24.6,0.267,0.267,REGULAR,4.11,TEST
cust-07114,m-041,138,2,487.22,243.61,129.78,357.44,2,1,284,146.0,1.0,0.5,INACTIVE,36.32,TRAIN
cust-07115,m-038,13,5,576.59,115.32,42.2,172.06,4,1,238,56.2,0.4,0.0,REGULAR,4.08,TRAIN
cust-07116,m-005,3,10,3697.18,369.72,42.51,1257.16,7,1,311,34.2,0.1,0.4,REGULAR,0.72,TRAIN
cust-07117,m-047,24,8,656.63,82.08,31.12,191.8,7,1,289,37.9,0.375,0.375,REGULAR,6.21,VALIDATION
cust-07118,m-022,78,14,17300.72,1235.77,410.45,4174.73,8,1,363,21.9,0.357,0.286,INACTIVE,100.0,VALIDATION
cust-07120,m-046,21,5,1227.13,245.43,45.52,445.43,5,1,339,79.5,0.0,0.0,REGULAR,4.63,TRAIN
cust-07121,m-016,61,8,1571.29,196.41,75.51,445.18,4,1,360,42.7,0.375,0.125,INACTIVE,40.12,TRAIN
cust-07122,m-013,74,9,13222.11,1469.12,271.73,2897.77,5,1,358,35.5,0.333,0.444,INACTIVE,73.21,TRAIN
cust-07123,m-002,31,4,6180.34,1545.08,237.28,2972.2,3,1,240,69.7,0.0,0.75,AT_RISK,9.65,TRAIN
cust-07124,m-016,4,7,1298.5,185.5,75.51,445.18,5,1,188,30.7,0.429,0.143,REGULAR,1.59,TRAIN
cust-07125,m-033,18,7,7307.45,1043.92,348.67,2575.37,5,1,357,56.5,0.286,0.429,REGULAR,3.77,TRAIN
cust-07126,m-005,53,5,1594.95,318.99,42.51,632.0,5,1,288,58.8,0.4,0.2,AT_RISK,13.75,VALIDATION
cust-07127,m-007,90,7,8140.2,1162.89,206.76,2427.55,5,1,272,30.3,0.429,0.0,INACTIVE,100.0,TEST
cust-07128,m-006,88,7,1297.58,185.37,85.78,310.45,4,1,360,45.3,0.571,0.143,INACTIVE,82.33,TEST
cust-07129,m-012,40,13,3841.58,295.51,82.22,797.22,6,1,312,22.7,0.462,0.308,AT_RISK,35.53,VALIDATION
cust-07130,m-003,50,7,1246.2,178.03,27.64,636.95,6,1,359,51.5,0.286,0.429,AT_RISK,10.42,TRAIN
cust-07131,m-036,44,12,1496.78,124.73,30.39,371.58,7,1,359,28.6,0.167,0.417,AT_RISK,32.27,TEST
cust-07132,m-036,180,9,1081.06,120.12,28.43,371.58,7,1,358,22.2,0.333,0.333,INACTIVE,100.0,TRAIN
cust-07133,m-027,8,8,2790.05,348.76,55.42,874.84,5,1,218,30.0,0.25,0.125,REGULAR,2.74,TEST
cust-07134,m-021,1,8,3342.47,417.81,117.14,1082.64,5,1,331,47.1,0.25,0.5,REGULAR,0.23,TEST
cust-07135,m-009,28,3,362.09,120.7,66.56,188.25,3,1,353,162.5,0.333,0.333,NEW,5.93,TRAIN
cust-07136,m-042,59,8,776.91,97.11,39.21,237.72,5,1,333,39.1,0.25,0.5,AT_RISK,43.1,TRAIN
cust-07137,m-024,18,6,1998.24,333.04,23.95,876.6,4,1,268,50.0,0.5,0.5,REGULAR,5.02,TRAIN
cust-07138,m-036,6,7,672.95,96.14,30.39,154.58,5,1,363,59.5,0.286,0.429,REGULAR,1.24,VALIDATION
cust-07139,m-031,111,4,371.29,92.82,58.55,134.51,4,1,162,17.0,0.0,0.5,INACTIVE,100.0,TEST
cust-07140,m-038,46,5,831.21,166.24,103.23,365.65,3,1,292,61.5,0.6,0.0,AT_RISK,11.77,TRAIN
cust-07141,m-004,13,2,1513.78,756.89,732.09,781.69,2,1,358,345.0,0.0,0.5,NEW,2.72,TRAIN
cust-07142,m-031,91,6,458.18,76.36,51.92,103.84,3,1,303,42.4,0.333,0.5,INACTIVE,95.35,TRAIN
cust-07143,m-021,10,11,4552.0,413.82,39.92,1152.04,6,1,306,29.6,0.455,0.182,REGULAR,2.44,TRAIN
cust-07144,m-011,53,6,817.06,136.18,31.75,297.58,5,1,326,54.6,0.5,0.667,AT_RISK,12.16,TRAIN
cust-07145,m-022,8,12,14893.56,1241.13,410.45,4174.73,6,1,361,32.1,0.333,0.25,REGULAR,1.66,TRAIN
cust-07146,m-030,10,9,846.01,94.0,27.38,195.32,5,1,357,43.4,0.333,0.556,REGULAR,2.09,TRAIN
cust-07147,m-019,62,8,911.06,113.88,51.07,260.58,6,1,348,40.9,0.375,0.125,INACTIVE,44.97,TRAIN
cust-07149,m-020,27,7,1028.12,146.87,38.28,214.14,6,1,187,26.7,0.286,0.143,REGULAR,11.22,TRAIN
cust-07150,m-031,68,12,1538.24,128.19,57.06,287.19,9,1,331,23.9,0.333,0.25,INACTIVE,81.51,TRAIN
cust-07151,m-027,164,1,218.71,218.71,218.71,218.71,1,1,164,164.0,0.0,0.0,INACTIVE,74.55,TEST
cust-07152,m-042,110,10,1180.53,118.05,44.49,195.72,8,1,345,26.1,0.1,0.3,INACTIVE,100.0,TRAIN
cust-07153,m-035,14,12,15584.6,1298.72,390.48,2412.27,8,1,347,30.3,0.25,0.167,REGULAR,3.02,TRAIN
cust-07154,m-040,57,9,1593.84,177.09,32.37,574.12,5,1,345,36.0,0.222,0.333,AT_RISK,43.86,VALIDATION
cust-07155,m-007,88,12,12490.23,1040.85,486.95,1357.85,5,1,353,24.1,0.583,0.333,INACTIVE,100.0,TRAIN
cust-07156,m-033,40,3,2071.83,690.61,348.67,928.47,3,1,277,118.5,1.0,0.0,NEW,10.79,VALIDATION
cust-07157,m-044,135,7,1218.79,174.11,26.36,320.33,5,1,330,32.5,0.286,0.286,INACTIVE,100.0,TEST
cust-07158,m-006,22,10,1066.53,106.65,85.78,207.83,4,1,258,26.2,0.0,0.3,REGULAR,6.37,TRAIN
cust-07159,m-021,23,5,1502.82,300.56,117.14,540.84,3,1,197,43.5,0.0,0.2,REGULAR,8.71,TRAIN
cust-07160,m-004,23,4,4231.22,1057.8,482.75,1789.15,4,1,358,111.7,0.25,0.25,REGULAR,4.81,TRAIN
cust-07161,m-026,29,8,639.24,79.9,28.65,141.1,6,1,295,38.0,0.375,0.375,REGULAR,7.35,TEST
cust-07162,m-036,7,10,1390.36,139.04,28.43,371.58,7,1,306,33.2,0.6,0.1,REGULAR,1.71,TEST
cust-07163,m-045,3,16,1515.77,94.74,36.65,350.43,12,1,342,22.6,0.5,0.312,LOYAL,0.66,TRAIN
cust-07165,m-002,96,9,7301.36,811.26,237.28,2972.2,6,1,329,29.1,0.222,0.556,INACTIVE,100.0,TRAIN
cust-07167,m-024,22,10,5428.0,542.8,23.95,2142.09,8,1,324,33.6,0.3,0.5,REGULAR,5.08,TRAIN
cust-07168,m-012,16,18,4418.14,245.45,82.22,603.36,5,1,342,19.2,0.389,0.333,REGULAR,3.5,VALIDATION
cust-07171,m-024,0,9,2696.72,299.64,23.95,714.03,6,1,342,42.8,0.222,0.333,REGULAR,0.0,VALIDATION
cust-07172,m-003,68,4,1909.59,477.4,93.99,1227.87,4,1,295,75.7,0.25,0.0,INACTIVE,17.23,TRAIN
cust-07173,m-009,60,7,759.16,108.45,39.11,188.25,6,1,326,44.3,0.714,0.429,AT_RISK,37.31,TRAIN
cust-07174,m-026,12,9,1042.35,115.82,28.65,334.44,8,1,286,34.2,0.444,0.333,REGULAR,3.14,VALIDATION
cust-07175,m-034,169,4,444.61,111.15,64.12,155.4,4,1,355,62.0,0.75,0.25,INACTIVE,100.0,VALIDATION
cust-07176,m-031,111,3,782.07,260.69,86.64,403.53,3,1,176,32.5,0.0,0.0,INACTIVE,100.0,TEST
cust-07177,m-011,72,7,835.96,119.42,44.77,208.71,4,1,326,42.3,0.571,0.429,INACTIVE,61.06,TRAIN
cust-07178,m-024,115,8,1775.12,221.89,62.58,438.3,7,1,301,26.6,0.125,0.625,INACTIVE,100.0,TRAIN
cust-07179,m-005,51,4,636.98,159.24,54.06,247.41,4,1,136,28.3,0.25,0.0,AT_RISK,61.97,TRAIN
cust-07180,m-027,20,4,1554.26,388.56,67.39,833.14,3,1,135,38.3,0.25,0.75,REGULAR,11.03,TRAIN
cust-07181,m-023,10,9,1711.82,190.2,34.83,380.43,8,1,338,41.0,0.333,0.222,REGULAR,2.21,TEST
cust-07182,m-008,40,10,18181.24,1818.12,860.33,2774.3,5,1,322,31.3,0.5,0.1,AT_RISK,22.34,TRAIN
cust-07183,m-025,17,5,4020.83,804.17,391.84,1009.97,5,1,252,58.8,0.4,0.2,REGULAR,5.04,TEST
cust-07184,m-009,92,5,503.64,100.73,30.99,188.25,4,1,351,64.8,0.2,0.6,INACTIVE,60.4,TRAIN
cust-07185,m-042,47,8,566.32,70.79,30.27,118.86,7,1,285,34.0,0.625,0.375,AT_RISK,31.83,VALIDATION
cust-07186,m-038,20,10,2142.42,214.24,42.2,365.65,5,1,318,33.1,0.5,0.3,REGULAR,4.7,TRAIN
cust-07187,m-005,67,10,3151.44,315.14,25.41,1264.0,9,1,360,32.6,0.4,0.4,INACTIVE,65.52,TRAIN
cust-07188,m-047,35,11,1108.26,100.75,37.88,400.89,5,1,325,29.0,0.182,0.091,AT_RISK,17.05,TRAIN
cust-07189,m-005,6,6,1132.15,188.69,50.82,494.82,5,1,270,52.8,0.5,0.167,REGULAR,1.66,TRAIN
cust-07190,m-012,82,8,2683.47,335.43,113.76,1195.83,5,1,302,31.4,0.125,0.5,INACTIVE,96.2,TRAIN
cust-07191,m-021,0,11,4120.63,374.6,55.33,811.98,9,1,357,35.7,0.364,0.091,REGULAR,0.0,TEST
cust-07192,m-010,4,9,1082.39,120.27,27.0,270.08,7,1,358,44.2,0.667,0.333,REGULAR,0.84,TRAIN
cust-07193,m-009,51,7,875.99,125.14,35.76,199.68,6,1,336,47.5,0.286,0.286,AT_RISK,16.6,TRAIN
cust-07194,m-015,28,6,918.98,153.16,62.04,337.12,4,1,357,65.8,0.167,0.333,REGULAR,5.87,TRAIN
cust-07195,m-010,12,11,1126.11,102.37,27.0,215.76,8,1,350,33.8,0.364,0.455,REGULAR,2.56,VALIDATION
cust-07196,m-005,170,6,2290.7,381.78,158.96,632.0,6,1,364,38.8,0.333,0.5,INACTIVE,100.0,TRAIN
cust-07197,m-007,68,6,4886.66,814.44,206.76,1357.85,4,1,337,53.8,0.5,0.167,INACTIVE,36.39,TEST
cust-07199,m-014,15,3,1230.78,410.26,265.14,482.82,2,1,241,113.0,0.0,0.0,NEW,4.65,VALIDATION
cust-07200,m-028,27,7,1786.77,255.25,31.9,733.23,7,1,292,44.2,0.286,0.143,REGULAR,6.91,TEST
cust-07201,m-044,19,7,910.01,130.0,38.7,320.33,7,1,328,51.5,0.429,0.429,REGULAR,4.33,VALIDATION
cust-07204,m-018,13,14,1728.3,123.45,36.75,284.84,8,1,347,25.7,0.286,0.429,REGULAR,2.8,TRAIN
cust-07205,m-018,42,11,1085.41,98.67,36.32,381.36,7,1,318,27.6,0.273,0.273,AT_RISK,31.47,TRAIN
cust-07208,m-045,0,6,472.12,78.69,50.26,135.98,4,1,110,22.0,0.5,0.167,REGULAR,0.0,TRAIN
cust-07209,m-031,62,9,917.28,101.92,51.92,191.46,7,1,344,35.2,0.111,0.111,INACTIVE,53.68,TEST
cust-07210,m-026,2,9,1151.17,127.91,48.83,501.66,7,1,345,42.9,0.222,0.444,REGULAR,0.43,VALIDATION
cust-07211,m-040,47,13,3977.07,305.93,32.37,1606.84,7,1,311,22.0,0.462,0.308,AT_RISK,48.8,TRAIN
cust-07212,m-039,6,7,1193.88,170.55,88.81,263.1,4,1,259,42.2,0.143,0.714,REGULAR,1.73,TRAIN
cust-07213,m-018,2,3,296.01,98.67,45.57,140.19,3,1,173,85.5,0.667,0.333,NEW,0.86,TRAIN
cust-07214,m-026,4,9,1036.19,115.13,43.96,263.01,6,1,361,44.6,0.333,0.444,REGULAR,0.83,VALIDATION
cust-07215,m-005,18,6,1990.76,331.79,106.6,989.64,5,1,329,62.2,0.5,0.167,REGULAR,4.09,TRAIN
cust-07216,m-003,99,8,3831.71,478.96,55.28,1227.87,5,1,334,33.6,0.375,0.25,INACTIVE,100.0,TRAIN
cust-07217,m-033,13,5,9027.15,1805.43,794.69,2575.37,4,1,250,59.2,0.4,0.4,REGULAR,3.88,TRAIN
cust-07218,m-006,0,10,1308.79,130.88,85.78,207.83,4,1,330,36.7,0.2,0.4,REGULAR,0.0,TRAIN
cust-07219,m-039,9,12,1458.67,121.56,88.81,263.1,5,1,364,32.3,0.333,0.25,REGULAR,1.85,TRAIN
cust-07220,m-012,3,12,4599.81,383.32,82.22,1594.44,7,1,350,31.5,0.333,0.333,REGULAR,0.64,TRAIN
cust-07221,m-045,7,8,1023.18,127.9,36.65,488.61,7,1,260,36.1,0.125,0.375,REGULAR,2.01,TRAIN
cust-07222,m-012,9,11,3606.66,327.88,82.22,1195.83,6,1,331,32.2,0.0,0.273,REGULAR,2.03,TEST
cust-07223,m-012,40,9,2307.73,256.41,113.76,797.22,4,1,352,39.0,0.333,0.556,AT_RISK,10.0,TRAIN
cust-07224,m-021,19,10,3864.52,386.45,22.25,811.98,7,1,270,27.9,0.5,0.6,REGULAR,5.26,TRAIN
cust-07225,m-044,3,8,2401.02,300.13,38.7,903.42,7,1,346,49.0,0.25,0.375,REGULAR,0.65,TRAIN
cust-07226,m-003,14,11,2978.31,270.76,64.31,636.95,7,1,355,34.1,0.273,0.273,REGULAR,2.95,TEST
cust-07227,m-042,14,11,1066.13,96.92,31.7,336.66,7,1,360,34.6,0.364,0.364,REGULAR,2.91,TEST
cust-07228,m-022,81,9,8269.59,918.84,410.45,1198.04,5,1,353,34.0,0.222,0.444,INACTIVE,87.66,TRAIN
cust-07229,m-042,36,13,1719.92,132.3,30.27,302.34,10,1,354,26.5,0.462,0.385,AT_RISK,21.86,VALIDATION
cust-07230,m-032,12,11,10562.04,960.19,333.71,1743.56,6,1,359,34.7,0.455,0.545,REGULAR,2.5,VALIDATION
cust-07231,m-012,111,12,4497.1,374.76,82.22,1594.44,7,1,331,20.0,0.5,0.583,INACTIVE,100.0,VALIDATION
cust-07232,m-015,4,16,1941.41,121.34,38.47,326.92,11,1,328,21.6,0.25,0.5,LOYAL,0.91,VALIDATION
cust-07233,m-038,45,4,964.08,241.02,103.23,365.65,3,1,185,46.7,0.25,0.25,AT_RISK,18.15,TRAIN
cust-07234,m-041,7,9,2953.28,328.14,27.29,714.88,8,1,309,37.8,0.111,0.222,REGULAR,1.69,TRAIN
cust-07235,m-031,43,8,822.01,102.75,41.16,249.64,7,1,320,39.6,0.25,0.375,AT_RISK,15.15,TEST
cust-07236,m-037,69,9,900.91,100.1,31.54,164.7,6,1,363,36.8,0.222,0.444,INACTIVE,62.52,TRAIN
cust-07237,m-009,36,10,1561.71,156.17,35.76,376.5,9,1,361,36.1,0.5,0.3,AT_RISK,7.46,TRAIN
cust-07238,m-016,31,9,1490.49,165.61,75.51,445.18,5,1,348,39.6,0.444,0.333,AT_RISK,6.66,TRAIN
cust-07239,m-014,33,4,4304.75,1076.19,265.14,2109.87,4,1,226,64.3,0.75,0.5,AT_RISK,10.9,TRAIN
cust-07240,m-036,47,9,1417.67,157.52,28.43,450.72,7,1,333,35.8,0.333,0.333,AT_RISK,27.35,TRAIN
cust-07241,m-015,97,8,1017.59,127.2,51.71,218.58,5,1,329,33.1,0.125,0.625,INACTIVE,100.0,TEST
cust-07242,m-042,68,12,1288.55,107.38,31.7,237.72,8,1,236,15.3,0.417,0.25,INACTIVE,100.0,TRAIN
cust-07243,m-005,15,7,2206.33,315.19,42.51,1370.48,6,1,351,56.0,0.286,0.286,REGULAR,3.2,TEST
cust-07244,m-020,46,9,927.37,103.04,33.64,181.83,8,1,316,33.8,0.333,0.111,AT_RISK,29.18,TRAIN
cust-07245,m-001,63,8,632.12,79.02,55.47,122.76,4,1,331,38.3,0.375,0.25,INACTIVE,51.28,VALIDATION
cust-07246,m-015,15,10,1056.48,105.65,38.47,275.79,5,1,335,35.6,0.1,0.4,REGULAR,3.35,TRAIN
cust-07247,m-043,16,4,3074.33,768.58,411.29,1103.72,4,1,211,65.0,0.0,0.25,REGULAR,5.66,TRAIN
cust-07248,m-021,7,8,1847.68,230.96,60.69,576.02,6,1,317,44.3,0.375,0.125,REGULAR,1.65,TRAIN
cust-07249,m-015,8,8,1658.21,207.28,38.47,380.86,5,1,266,36.9,0.5,0.375,REGULAR,2.25,TRAIN
cust-07250,m-017,26,7,2838.9,405.56,29.94,1689.66,6,1,277,41.8,0.571,0.286,REGULAR,7.01,TRAIN
cust-07251,m-036,29,10,927.93,92.79,28.43,185.79,8,1,234,22.8,0.4,0.2,REGULAR,18.56,TRAIN
cust-07252,m-009,12,12,2091.43,174.29,61.55,313.89,8,1,325,28.5,0.333,0.167,REGULAR,2.76,VALIDATION
cust-07253,m-022,2,12,12617.38,1051.45,410.45,4174.73,7,1,330,29.8,0.583,0.0,REGULAR,0.45,TRAIN
cust-07254,m-024,158,11,1474.09,134.01,23.95,714.03,7,1,364,20.6,0.273,0.273,INACTIVE,100.0,TRAIN
cust-07255,m-003,11,8,2017.91,252.24,32.96,636.95,7,1,345,47.7,0.75,0.375,REGULAR,2.38,TRAIN
cust-07256,m-042,41,9,738.97,82.11,39.21,201.56,7,1,361,40.0,0.444,0.667,AT_RISK,9.99,TEST
cust-07257,m-037,11,3,223.5,74.5,64.18,94.5,3,1,295,142.0,0.333,1.0,NEW,2.79,VALIDATION
cust-07258,m-022,58,10,232187.9,23218.79,410.45,217085.96,6,1,354,32.9,0.2,0.2,AT_RISK,49.9,TRAIN
cust-07259,m-008,2,12,14931.02,1244.25,266.13,2774.3,7,1,341,30.8,0.5,0.417,REGULAR,0.44,TEST
cust-07260,m-040,13,7,3101.91,443.13,75.05,1148.24,5,1,270,42.8,0.429,0.286,REGULAR,3.6,TRAIN
cust-07261,m-042,7,8,1126.03,140.75,39.21,336.66,7,1,325,45.4,0.25,0.5,REGULAR,1.61,TRAIN
cust-07262,m-004,143,5,4200.57,840.11,732.09,1272.21,2,1,309,41.5,0.2,0.2,INACTIVE,100.0,VALIDATION
cust-07263,m-010,12,9,937.75,104.19,27.0,267.12,6,1,337,40.6,0.667,0.444,REGULAR,2.66,VALIDATION
cust-07264,m-020,233,6,653.2,108.87,33.64,214.14,6,1,362,25.8,0.5,0.167,INACTIVE,100.0,TRAIN
cust-07265,m-021,15,9,2731.18,303.46,39.92,1152.04,5,1,355,42.5,0.222,0.333,REGULAR,3.16,TRAIN
cust-07266,m-022,9,7,13434.45,1919.21,410.45,4174.73,5,1,251,40.3,0.429,0.286,REGULAR,2.68,VALIDATION
cust-07267,m-002,1,8,11032.54,1379.07,237.28,2972.2,6,1,290,41.3,0.375,0.375,REGULAR,0.26,TRAIN
cust-07268,m-036,13,8,1221.32,152.67,30.39,557.37,5,1,337,46.3,0.125,0.0,REGULAR,2.88,TRAIN
cust-07269,m-035,2,8,9414.67,1176.83,662.22,2412.27,6,1,354,50.3,0.5,0.375,REGULAR,0.42,TEST
cust-07270,m-021,49,7,2935.01,419.29,22.25,1152.04,5,1,306,42.8,0.429,0.286,AT_RISK,21.27,TRAIN
cust-07271,m-047,28,7,630.13,90.02,36.72,299.28,7,1,212,30.7,0.286,0.429,REGULAR,9.86,TRAIN
cust-07272,m-004,89,6,7263.38,1210.56,482.75,3021.37,4,1,344,51.0,0.333,0.167,INACTIVE,76.35,TRAIN
cust-07273,m-031,93,7,843.76,120.54,61.42,221.62,6,1,338,40.8,0.143,0.429,INACTIVE,98.88,TRAIN
cust-07274,m-026,98,6,876.93,146.16,69.9,271.89,5,1,328,46.0,0.167,0.5,INACTIVE,100.0,TRAIN
cust-07275,m-016,12,7,1336.48,190.93,113.49,445.18,4,1,343,55.2,0.714,0.286,REGULAR,2.62,TRAIN
cust-07276,m-003,39,8,2437.84,304.73,64.31,636.95,5,1,262,31.9,0.5,0.375,AT_RISK,21.77,TRAIN
cust-07277,m-031,124,8,904.88,113.11,30.71,403.53,6,1,357,33.3,0.375,0.375,INACTIVE,100.0,TRAIN
cust-07278,m-020,187,8,920.15,115.02,43.93,186.44,5,1,333,20.9,0.5,0.25,INACTIVE,100.0,TRAIN
cust-07279,m-003,12,9,2707.31,300.81,27.64,938.52,5,1,277,33.1,0.556,0.222,REGULAR,3.24,TEST
cust-07280,m-040,72,8,681.21,85.15,51.55,114.61,5,1,269,28.1,0.375,0.25,INACTIVE,85.85,TRAIN
cust-07281,m-023,8,11,4240.84,385.53,55.92,1170.48,7,1,358,35.0,0.273,0.455,REGULAR,1.67,TRAIN
cust-07282,m-039,92,6,569.56,94.93,88.81,104.08,3,1,271,35.8,0.167,0.5,INACTIVE,100.0,TRAIN
cust-07283,m-028,57,7,3035.12,433.59,23.81,1020.24,6,1,350,48.8,0.0,0.143,AT_RISK,24.48,TEST
cust-07284,m-022,39,8,9058.54,1132.32,712.53,1444.79,4,1,344,43.6,0.25,0.5,AT_RISK,8.48,TRAIN
cust-07285,m-023,36,10,2949.8,294.98,34.83,1243.4,7,1,327,32.3,0.4,0.1,AT_RISK,13.78,TRAIN
cust-07286,m-008,74,9,14316.06,1590.67,567.43,2774.3,7,1,363,36.1,0.333,0.222,INACTIVE,72.1,TRAIN
cust-07287,m-007,39,8,8367.51,1045.94,206.76,2427.55,4,1,342,43.3,0.625,0.0,AT_RISK,8.53,TRAIN
cust-07288,m-041,115,4,725.14,181.29,54.85,259.56,3,1,359,81.3,0.0,0.25,INACTIVE,74.51,VALIDATION
cust-07290,m-038,2,8,1193.54,149.19,103.23,365.65,3,1,341,48.4,0.25,0.5,REGULAR,0.44,TRAIN
cust-07291,m-025,15,6,7169.96,1194.99,391.84,2224.07,5,1,349,66.8,0.333,0.0,REGULAR,3.21,VALIDATION
cust-07292,m-038,24,3,404.84,134.95,103.23,172.06,3,1,335,155.5,0.0,0.333,NEW,5.36,TRAIN
cust-07293,m-044,61,7,1471.68,210.24,52.72,320.33,6,1,299,39.7,0.714,0.143,INACTIVE,47.2,TRAIN
cust-07296,m-030,8,11,4374.18,397.65,27.38,2047.2,7,1,314,30.6,0.545,0.273,REGULAR,1.9,VALIDATION
cust-07297,m-020,1,12,879.42,73.28,38.28,134.48,8,1,260,23.5,0.5,0.417,REGULAR,0.29,TRAIN
cust-07298,m-017,61,6,1561.59,260.27,29.94,563.22,5,1,331,54.0,0.167,0.167,INACTIVE,24.28,TRAIN
cust-07300,m-031,26,11,1159.71,105.43,41.64,269.02,7,1,335,30.9,0.182,0.364,REGULAR,5.8,TRAIN
cust-07301,m-031,7,10,1179.53,117.95,30.71,357.72,6,1,349,38.0,0.2,0.4,REGULAR,1.5,TRAIN
cust-07302,m-010,95,8,479.17,59.9,27.0,107.88,6,1,316,31.6,0.25,0.625,INACTIVE,100.0,TEST
cust-07303,m-028,94,3,1025.42,341.81,60.46,726.52,3,1,276,91.0,0.0,0.0,INACTIVE,29.95,TEST
cust-07304,m-030,15,7,1476.78,210.97,48.83,511.8,5,1,288,45.5,0.0,0.429,REGULAR,3.89,TRAIN
cust-07305,m-038,20,9,1278.25,142.03,42.2,365.65,5,1,362,42.8,0.222,0.222,REGULAR,4.13,TEST
cust-07306,m-009,111,12,1155.27,96.27,30.99,184.65,9,1,339,20.7,0.25,0.25,INACTIVE,100.0,TEST
cust-07307,m-028,183,5,1559.77,311.95,60.46,899.24,3,1,320,34.2,0.4,0.6,INACTIVE,100.0,TRAIN
cust-07309,m-028,8,8,3483.54,435.44,31.9,2199.69,6,1,351,49.0,0.125,0.75,REGULAR,1.7,TRAIN
cust-07310,m-020,16,12,1282.38,106.86,33.64,403.44,8,1,314,27.1,0.417,0.417,REGULAR,3.81,TRAIN
cust-07311,m-023,63,12,4432.04,369.34,34.83,1755.72,7,1,362,27.2,0.5,0.5,INACTIVE,66.72,TRAIN
cust-07312,m-006,93,8,1416.81,177.1,85.78,310.45,4,1,299,29.4,0.25,0.5,INACTIVE,100.0,TRAIN
cust-07313,m-041,6,9,692.23,76.91,27.29,153.35,7,1,330,40.5,0.222,0.222,REGULAR,1.36,TRAIN
cust-07314,m-009,0,8,964.38,120.55,30.99,266.24,8,1,352,50.3,0.375,0.375,REGULAR,0.0,TRAIN
cust-07317,m-001,26,11,1555.2,141.38,35.19,426.9,7,1,325,29.9,0.273,0.273,REGULAR,5.98,TRAIN
cust-07318,m-029,68,17,4582.03,269.53,24.87,842.44,10,1,355,17.9,0.294,0.235,INACTIVE,89.48,TRAIN
cust-07319,m-046,5,10,3737.9,373.79,34.98,1446.26,7,1,355,38.9,0.7,0.6,REGULAR,1.05,TEST
cust-07320,m-032,137,6,5546.27,924.38,644.7,1743.56,4,1,358,44.2,0.5,0.167,INACTIVE,100.0,TRAIN
cust-07321,m-042,6,7,594.66,84.95,39.21,201.56,5,1,320,52.3,0.286,0.286,REGULAR,1.4,TEST
cust-07322,m-035,0,11,14842.0,1349.27,390.48,2412.27,6,1,332,33.2,0.455,0.455,REGULAR,0.0,VALIDATION
cust-07323,m-035,98,11,11597.74,1054.34,390.48,1635.59,6,1,339,24.1,0.364,0.273,INACTIVE,100.0,TRAIN
cust-07324,m-024,70,4,715.31,178.83,157.54,226.82,3,1,170,33.3,0.0,0.5,INACTIVE,85.75,VALIDATION
cust-07325,m-023,39,6,2185.96,364.33,62.45,506.94,6,1,266,45.4,0.667,0.5,AT_RISK,10.96,VALIDATION
cust-07326,m-009,4,8,871.84,108.98,30.99,188.25,7,1,302,42.6,0.25,0.125,REGULAR,0.99,TEST
cust-07327,m-038,18,7,931.8,133.11,42.2,365.65,4,1,350,55.3,0.571,0.286,REGULAR,3.85,TRAIN
cust-07328,m-044,14,5,1139.86,227.97,26.36,547.18,5,1,354,85.0,0.6,0.4,REGULAR,2.96,VALIDATION
cust-07329,m-007,68,4,3799.09,949.77,206.76,1314.17,3,1,260,64.0,0.25,1.0,INACTIVE,25.54,TRAIN
cust-07330,m-034,74,5,587.51,117.5,41.79,183.42,5,1,329,63.8,0.8,0.6,INACTIVE,32.12,VALIDATION
cust-07331,m-031,5,6,455.63,75.94,41.16,110.81,5,1,234,45.8,0.5,0.5,REGULAR,1.6,TEST
cust-07333,m-020,27,14,1132.15,80.87,33.64,186.44,9,1,350,24.8,0.286,0.071,REGULAR,9.07,TEST
cust-07334,m-040,31,9,3280.07,364.45,73.02,1205.13,7,1,364,41.6,0.444,0.111,AT_RISK,6.37,TEST
cust-07335,m-037,12,8,572.78,71.6,33.5,189.0,7,1,311,42.7,0.125,0.375,REGULAR,2.88,TRAIN
cust-07336,m-045,7,5,573.6,114.72,50.26,262.2,5,1,337,82.5,0.0,0.4,REGULAR,1.55,TRAIN
cust-07337,m-016,5,9,1898.14,210.9,75.51,445.18,5,1,283,34.8,0.556,0.222,REGULAR,1.32,TRAIN
cust-07338,m-007,7,7,8284.62,1183.52,628.05,2427.55,5,1,327,53.3,0.143,0.571,REGULAR,1.6,TRAIN
cust-07339,m-042,23,5,393.58,78.72,30.27,156.84,5,1,266,60.8,0.2,0.4,REGULAR,6.46,TRAIN
cust-07340,m-004,8,10,12960.8,1296.08,482.75,3021.37,5,1,196,20.9,0.1,0.4,REGULAR,3.05,TRAIN
cust-07341,m-038,27,7,793.18,113.31,42.2,129.55,3,1,348,53.5,0.429,0.0,REGULAR,5.8,TRAIN
cust-07342,m-044,78,4,1691.51,422.88,66.6,960.99,4,1,364,95.3,0.0,0.25,INACTIVE,16.03,TRAIN
cust-07343,m-034,20,12,993.93,82.83,32.97,189.45,8,1,347,29.7,0.583,0.417,REGULAR,4.31,VALIDATION
cust-07344,m-020,32,7,982.03,140.29,57.76,232.54,5,1,331,49.8,0.571,0.429,AT_RISK,7.23,TRAIN
cust-07345,m-047,22,11,682.54,62.05,31.12,113.64,7,1,355,33.3,0.455,0.273,REGULAR,4.63,VALIDATION
cust-07346,m-037,134,3,368.37,122.79,94.5,145.02,3,1,338,102.0,0.0,0.0,INACTIVE,77.65,TEST
cust-07347,m-023,3,12,2206.4,183.87,26.95,380.43,8,1,291,26.2,0.333,0.5,REGULAR,0.77,TRAIN
cust-07348,m-018,158,7,429.31,61.33,36.32,108.22,5,1,339,30.2,0.143,0.286,INACTIVE,100.0,TEST
cust-07349,m-026,1,11,1397.95,127.09,36.07,350.68,9,1,346,34.5,0.182,0.364,REGULAR,0.22,TEST
cust-07350,m-033,21,10,14349.87,1434.99,348.67,2575.37,7,1,347,36.2,0.1,0.2,REGULAR,4.53,TRAIN
cust-07351,m-034,32,11,1395.63,126.88,26.72,280.47,7,1,331,29.9,0.545,0.636,AT_RISK,10.38,VALIDATION
cust-07352,m-032,1,4,5302.13,1325.53,1037.24,2083.19,3,1,343,114.0,0.25,0.5,REGULAR,0.22,TRAIN
cust-07353,m-029,87,5,1934.81,386.96,24.87,939.2,4,1,250,40.8,0.6,0.2,INACTIVE,95.3,TRAIN
cust-07354,m-025,1,5,8287.39,1657.48,685.18,2224.07,3,1,293,73.0,0.4,0.2,REGULAR,0.26,TRAIN
cust-07355,m-015,4,5,784.82,156.96,38.47,380.86,4,1,307,75.8,0.4,0.0,REGULAR,0.97,TEST
cust-07356,m-002,13,6,7426.67,1237.78,237.28,2972.2,6,1,355,68.4,0.333,0.167,REGULAR,2.74,TRAIN
cust-07357,m-005,5,12,3065.68,255.47,25.41,1027.86,6,1,340,30.5,0.333,0.333,REGULAR,1.1,TRAIN
cust-07358,m-004,254,3,5226.01,1742.0,482.75,3021.37,3,1,331,38.5,0.0,1.0,INACTIVE,100.0,TRAIN
cust-07359,m-040,50,7,3532.09,504.58,150.1,1148.24,4,1,358,51.3,0.143,0.286,AT_RISK,10.45,VALIDATION
cust-07360,m-038,3,9,2126.91,236.32,42.2,365.65,3,1,352,43.6,0.222,0.556,REGULAR,0.64,TRAIN
cust-07361,m-008,31,13,12428.31,956.02,266.13,2774.3,7,1,362,27.6,0.462,0.231,AT_RISK,11.5,TRAIN
cust-07362,m-006,59,9,1691.97,188.0,85.78,310.45,4,1,320,32.6,0.333,0.333,AT_RISK,53.39,VALIDATION
cust-07363,m-045,55,8,903.81,112.98,47.54,174.8,7,1,310,36.4,0.125,0.25,AT_RISK,41.16,TRAIN
cust-07364,m-027,23,2,332.51,166.26,113.8,218.71,2,1,137,114.0,0.5,0.0,NEW,12.5,TRAIN
cust-07365,m-045,16,8,1073.69,134.21,47.54,378.6,6,1,355,48.4,0.125,0.25,REGULAR,3.37,VALIDATION
cust-07366,m-041,4,10,3487.27,348.73,27.29,1086.46,8,1,363,39.9,0.5,0.4,REGULAR,0.82,TEST
cust-07367,m-011,70,9,1044.7,116.08,31.75,295.48,8,1,331,32.6,0.111,0.444,INACTIVE,71.91,TRAIN
cust-07368,m-047,326,1,149.64,149.64,149.64,149.64,1,1,326,326.0,1.0,1.0,INACTIVE,74.77,TRAIN
cust-07369,m-034,87,10,964.38,96.44,26.72,155.7,6,1,355,29.8,0.2,0.4,INACTIVE,100.0,TRAIN
cust-07370,m-011,95,11,1436.35,130.58,31.75,446.37,7,1,359,26.4,0.545,0.545,INACTIVE,100.0,TRAIN
cust-07371,m-035,123,7,9565.98,1366.57,662.22,2412.27,5,1,335,35.3,0.286,0.0,INACTIVE,100.0,TRAIN
cust-07372,m-046,19,11,4118.96,374.45,34.98,894.93,5,1,331,31.2,0.273,0.273,REGULAR,4.29,TEST
cust-07374,m-041,2,8,3121.33,390.17,30.43,1629.69,6,1,302,42.9,0.5,0.375,REGULAR,0.5,TRAIN
cust-07376,m-028,38,3,1087.83,362.61,357.66,366.91,3,1,271,116.5,0.667,0.667,NEW,10.48,TRAIN
cust-07377,m-025,32,7,12114.79,1730.68,391.84,2224.07,4,1,291,43.2,0.571,0.0,AT_RISK,8.22,TRAIN
cust-07378,m-012,10,8,1804.77,225.6,82.22,402.24,4,1,338,46.9,0.5,0.125,REGULAR,2.21,VALIDATION
cust-07379,m-017,39,3,263.79,87.93,61.67,123.34,2,1,247,104.0,0.333,0.0,NEW,11.79,TRAIN
cust-07381,m-032,53,11,11280.33,1025.48,333.71,2083.19,7,1,331,27.8,0.364,0.182,AT_RISK,49.77,TRAIN
cust-07382,m-007,46,6,4339.63,723.27,206.76,1357.85,4,1,312,53.2,0.5,0.333,AT_RISK,11.02,TRAIN
cust-07383,m-032,1,4,3864.33,966.08,644.7,1743.56,3,1,326,108.3,0.5,0.25,REGULAR,0.23,TRAIN
cust-07384,m-026,18,10,943.31,94.33,40.34,209.7,5,1,358,37.8,0.3,0.4,REGULAR,3.76,TRAIN
cust-07385,m-018,44,7,1511.01,215.86,45.57,432.88,7,1,327,47.2,0.429,0.286,AT_RISK,10.06,VALIDATION
cust-07387,m-035,10,10,12338.37,1233.84,390.48,2412.27,8,1,269,28.8,0.1,0.4,REGULAR,2.78,VALIDATION
cust-07388,m-015,59,11,999.33,90.85,42.0,218.58,7,1,340,28.1,0.364,0.273,AT_RISK,59.33,TRAIN
cust-07389,m-017,65,9,1765.93,196.21,61.67,340.01,4,1,257,24.0,0.444,0.111,INACTIVE,80.4,VALIDATION
cust-07390,m-027,95,11,2765.43,251.4,27.71,678.06,8,1,360,26.5,0.364,0.727,INACTIVE,100.0,VALIDATION
cust-07391,m-029,6,11,2998.88,272.63,44.48,631.83,7,1,359,35.3,0.364,0.636,REGULAR,1.25,VALIDATION
cust-07392,m-028,52,5,390.29,78.06,23.81,255.06,3,1,314,65.5,0.0,0.0,AT_RISK,12.38,TRAIN
cust-07393,m-031,40,9,1430.03,158.89,57.06,583.8,6,1,343,37.9,0.444,0.333,AT_RISK,11.87,TRAIN
cust-07394,m-027,39,7,3065.92,437.99,27.71,1249.71,5,1,348,51.5,0.429,0.286,AT_RISK,8.38,TRAIN
cust-07395,m-006,108,6,988.97,164.83,87.62,310.45,3,1,333,45.0,0.333,0.5,INACTIVE,100.0,TRAIN
cust-07396,m-045,61,11,1506.59,136.96,36.65,378.6,8,1,350,28.9,0.364,0.091,INACTIVE,61.18,TEST
cust-07397,m-029,31,9,2671.44,296.83,24.87,1408.8,8,1,346,39.4,0.444,0.556,AT_RISK,6.7,TRAIN
cust-07398,m-024,20,10,2065.94,206.59,23.95,657.45,9,1,259,26.6,0.3,0.4,REGULAR,5.77,TEST
cust-07399,m-031,149,5,519.38,103.88,58.55,145.95,4,1,343,48.5,0.0,0.4,INACTIVE,100.0,TRAIN
cust-07400,m-047,44,6,573.56,95.59,31.12,267.26,5,1,327,56.6,0.5,0.167,AT_RISK,10.06,TRAIN
cust-07401,m-017,71,6,1794.01,299.0,29.94,680.02,4,1,236,33.0,0.333,0.167,INACTIVE,79.47,TRAIN
cust-07402,m-011,21,9,895.81,99.53,38.53,182.81,6,1,316,36.9,0.556,0.111,REGULAR,4.97,TEST
cust-07403,m-015,18,12,1626.37,135.53,60.07,275.79,11,1,338,29.1,0.25,0.333,REGULAR,3.98,TRAIN
cust-07404,m-044,54,4,1146.09,286.52,77.4,595.3,4,1,248,64.7,0.25,0.5,AT_RISK,16.27,TEST
cust-07405,m-018,77,6,584.37,97.4,36.75,266.16,5,1,317,48.0,0.167,0.5,INACTIVE,61.66,TRAIN
cust-07406,m-002,61,7,6022.94,860.42,377.97,2972.2,5,1,332,45.2,0.429,0.429,INACTIVE,37.44,TRAIN
cust-07407,m-004,29,7,12580.95,1797.28,482.75,3021.37,5,1,345,52.7,0.286,0.0,REGULAR,6.29,TRAIN
cust-07408,m-003,295,2,791.68,395.84,166.0,625.68,2,1,357,62.0,0.0,1.0,INACTIVE,100.0,TEST
cust-07409,m-011,27,8,1165.19,145.65,53.14,297.58,6,1,329,43.1,0.125,0.25,REGULAR,6.14,TRAIN
cust-07410,m-015,7,4,642.53,160.63,91.93,218.58,4,1,327,106.7,0.25,0.25,REGULAR,1.6,TRAIN
cust-07411,m-008,6,14,15679.42,1119.96,266.13,1942.06,7,1,333,25.2,0.286,0.286,REGULAR,1.35,TRAIN
cust-07412,m-037,97,10,797.88,79.79,31.54,189.0,7,1,334,26.3,0.6,0.5,INACTIVE,100.0,TRAIN
cust-07413,m-009,78,7,518.42,74.06,35.76,121.63,7,1,363,47.5,0.143,0.429,INACTIVE,61.82,TRAIN
cust-07414,m-010,55,4,1400.69,350.17,44.29,580.56,4,1,310,85.0,0.25,0.75,AT_RISK,13.26,TRAIN
cust-07415,m-003,33,5,3646.56,729.31,97.44,1910.85,3,1,304,67.8,0.6,0.2,AT_RISK,8.11,TRAIN
cust-07416,m-029,54,10,2007.36,200.74,49.74,356.96,8,1,322,29.8,0.4,0.3,AT_RISK,48.84,TRAIN
cust-07417,m-007,88,8,10614.75,1326.84,486.95,2427.55,6,1,311,31.9,0.25,0.5,INACTIVE,100.0,TRAIN
cust-07418,m-041,154,4,1987.89,496.97,66.3,1086.46,3,1,247,31.0,0.25,0.25,INACTIVE,100.0,TEST
cust-07419,m-019,3,4,787.16,196.79,33.58,549.3,3,1,330,109.0,0.0,0.25,REGULAR,0.68,TRAIN
cust-07420,m-018,23,11,1345.97,122.36,36.75,427.29,9,1,354,33.1,0.364,0.364,REGULAR,4.86,TEST
cust-07421,m-046,29,14,6338.55,452.75,22.76,1446.26,8,1,352,24.8,0.214,0.429,REGULAR,12.46,TRAIN
cust-07422,m-037,27,10,1675.44,167.54,44.95,473.49,8,1,321,32.7,0.2,0.2,REGULAR,6.29,TRAIN
cust-07423,m-019,39,10,1047.15,104.72,51.07,183.1,8,1,302,29.2,0.3,0.2,AT_RISK,24.35,TRAIN
cust-07424,m-017,69,12,3569.39,297.45,59.73,1126.44,7,1,364,26.8,0.167,0.333,INACTIVE,77.48,TRAIN
cust-07425,m-002,20,5,5063.72,1012.74,377.97,2348.26,4,1,344,81.0,0.0,0.4,REGULAR,4.35,TRAIN
cust-07426,m-001,47,12,1162.43,96.87,35.57,358.04,8,1,359,28.4,0.25,0.417,AT_RISK,37.69,TEST
cust-07427,m-021,9,11,4855.02,441.37,55.33,1152.04,8,1,356,34.7,0.182,0.455,REGULAR,1.89,TEST
cust-07429,m-025,25,5,6117.27,1223.45,391.84,2224.07,5,1,311,71.5,0.4,0.2,REGULAR,6.01,TRAIN
cust-07430,m-011,23,8,900.84,112.6,31.75,195.68,6,1,340,45.3,0.625,0.125,REGULAR,5.06,TRAIN
cust-07431,m-009,3,10,1336.77,133.68,35.76,199.71,7,1,326,35.9,0.3,0.4,REGULAR,0.69,TEST
cust-07432,m-013,25,14,18545.59,1324.68,271.73,2897.77,7,1,359,25.7,0.429,0.357,REGULAR,5.21,TRAIN
cust-07433,m-036,55,8,979.72,122.46,30.39,371.58,5,1,273,31.1,0.0,0.25,AT_RISK,50.9,TRAIN
cust-07434,m-014,69,5,5184.33,1036.87,482.82,2109.87,4,1,348,69.8,0.4,0.2,INACTIVE,14.83,TEST
cust-07435,m-033,1,9,8642.97,960.33,348.67,2364.31,6,1,346,43.1,0.444,0.444,REGULAR,0.22,TRAIN
cust-07436,m-002,17,1,2972.2,2972.2,2972.2,2972.2,1,1,17,17.0,0.0,0.0,NEW,70.83,TRAIN
cust-07437,m-022,15,8,7378.22,922.28,410.45,1444.79,5,1,354,48.4,0.125,0.25,REGULAR,3.17,TRAIN
cust-07438,m-027,1,7,1662.59,237.51,32.87,678.06,7,1,354,58.8,0.429,0.429,REGULAR,0.21,TRAIN
cust-07439,m-017,47,7,2659.89,379.98,29.94,1360.04,5,1,362,52.5,0.714,0.286,AT_RISK,9.71,TRAIN
cust-07440,m-037,28,10,1312.47,131.25,33.5,329.4,9,1,346,35.3,0.3,0.1,REGULAR,6.05,VALIDATION
cust-07441,m-025,78,4,3261.81,815.45,391.84,1009.97,3,1,357,93.0,0.0,0.5,INACTIVE,16.34,TRAIN
cust-07442,m-006,1,9,1350.23,150.03,87.62,310.45,4,1,263,32.8,0.444,0.333,REGULAR,0.28,TRAIN
cust-07443,m-040,1,6,906.84,151.14,73.02,227.25,4,1,265,52.8,0.333,0.167,REGULAR,0.28,VALIDATION
cust-07444,m-005,88,5,1541.99,308.4,189.12,476.88,4,1,320,58.0,0.8,0.4,INACTIVE,65.56,TRAIN
cust-07445,m-028,4,10,3561.01,356.1,71.43,733.23,7,1,342,37.6,0.5,0.2,REGULAR,0.87,VALIDATION
cust-07446,m-043,65,7,7157.04,1022.43,411.29,2567.7,5,1,332,44.5,0.571,0.286,INACTIVE,45.39,TRAIN
cust-07447,m-036,6,8,730.83,91.35,30.39,164.07,5,1,328,46.0,0.625,0.375,REGULAR,1.37,TRAIN
cust-07448,m-019,38,8,953.3,119.16,30.62,266.73,8,1,321,40.4,0.5,0.375,AT_RISK,8.85,TRAIN
cust-07449,m-036,54,6,567.77,94.63,28.43,185.79,6,1,358,60.8,0.667,0.5,AT_RISK,11.28,TRAIN
cust-07451,m-016,4,6,1754.95,292.49,75.51,445.18,3,1,359,71.0,0.5,0.167,REGULAR,0.83,TRAIN
cust-07452,m-043,3,10,14818.5,1481.85,269.88,2567.7,4,1,315,34.7,0.3,0.3,REGULAR,0.71,TRAIN
cust-07453,m-047,239,3,308.71,102.9,69.1,159.74,2,1,268,14.5,0.0,0.667,INACTIVE,100.0,TEST
cust-07455,m-033,1,3,4043.66,1347.89,539.82,2575.37,3,1,40,19.5,0.333,0.667,NEW,1.83,TEST
cust-07456,m-003,0,8,3048.67,381.08,32.96,1251.36,7,1,360,51.4,0.375,0.25,REGULAR,0.0,TEST
cust-07457,m-028,48,7,1384.13,197.73,23.81,726.52,7,1,358,51.7,0.0,0.0,AT_RISK,10.03,TRAIN
cust-07458,m-013,23,12,14904.55,1242.05,271.73,2897.77,7,1,296,24.8,0.25,0.25,REGULAR,5.81,TRAIN
cust-07459,m-013,22,13,17910.42,1377.72,271.73,2897.77,7,1,342,26.7,0.231,0.308,REGULAR,4.81,TRAIN
cust-07460,m-035,87,7,6411.07,915.87,390.48,1315.1,5,1,327,40.0,0.286,0.286,INACTIVE,90.39,TEST
cust-07461,m-007,1,7,7600.37,1085.77,206.76,2427.55,4,1,345,57.3,0.143,0.429,REGULAR,0.22,VALIDATION
cust-07462,m-033,97,7,10220.31,1460.04,348.67,2575.37,6,1,344,41.2,0.429,0.429,INACTIVE,100.0,VALIDATION
cust-07463,m-034,41,11,744.15,67.65,26.72,189.45,9,1,344,30.3,0.091,0.182,AT_RISK,24.96,VALIDATION
cust-07464,m-025,97,6,7225.78,1204.3,391.84,2224.07,4,1,346,49.8,0.167,0.5,INACTIVE,91.77,VALIDATION
cust-07465,m-011,28,13,1270.43,97.73,44.77,182.81,9,1,347,26.6,0.462,0.308,REGULAR,8.13,TRAIN
cust-07466,m-035,14,10,8125.99,812.6,390.48,1315.1,5,1,243,25.4,0.3,0.6,REGULAR,4.3,TRAIN
cust-07467,m-035,33,7,7508.24,1072.61,390.48,2412.27,6,1,351,53.0,0.714,0.429,AT_RISK,7.03,TRAIN
cust-07468,m-019,11,13,1197.92,92.15,32.1,366.2,9,1,350,28.2,0.385,0.308,REGULAR,2.35,TEST
cust-07469,m-001,40,12,1286.31,107.19,35.57,426.9,7,1,343,27.5,0.417,0.333,AT_RISK,27.47,TRAIN
cust-07470,m-017,74,11,1919.49,174.5,29.94,566.28,6,1,354,28.0,0.273,0.182,INACTIVE,84.63,TRAIN
cust-07471,m-017,101,4,2056.89,514.22,61.67,1126.44,4,1,275,58.0,0.25,0.75,INACTIVE,91.95,TRAIN
cust-07472,m-035,51,9,8344.97,927.22,390.48,1635.59,5,1,331,35.0,0.222,0.222,AT_RISK,35.52,TRAIN
cust-07473,m-045,14,3,220.12,73.37,39.71,94.33,3,1,129,57.5,0.0,0.667,NEW,8.08,VALIDATION
cust-07474,m-007,66,7,6284.95,897.85,486.95,1357.85,6,1,343,46.2,0.0,0.286,INACTIVE,44.09,TRAIN
cust-07475,m-046,18,7,1672.27,238.9,22.76,463.94,7,1,357,56.5,0.429,0.429,REGULAR,3.77,TRAIN
cust-07476,m-041,14,7,1711.01,244.43,27.29,915.51,6,1,351,56.2,0.286,0.286,REGULAR,2.98,TRAIN
cust-07477,m-032,3,9,10578.13,1175.35,644.7,2083.19,5,1,326,40.4,0.333,0.556,REGULAR,0.69,TRAIN
cust-07478,m-042,44,16,1598.45,99.9,30.27,302.34,10,1,353,20.6,0.312,0.375,AT_RISK,44.42,TRAIN
cust-07479,m-027,74,2,310.84,155.42,134.78,176.06,2,1,200,126.0,1.0,0.0,INACTIVE,27.61,TRAIN
cust-07480,m-021,5,12,3849.25,320.77,39.92,787.14,9,1,350,31.4,0.333,0.417,REGULAR,1.07,TRAIN
cust-07481,m-046,32,9,2983.54,331.5,22.76,723.13,7,1,263,28.9,0.444,0.444,AT_RISK,13.74,TEST
cust-07482,m-022,38,10,11326.59,1132.66,410.45,4174.73,6,1,242,22.7,0.3,0.6,AT_RISK,34.68,TRAIN
cust-07483,m-047,11,6,986.16,164.36,30.31,400.89,3,1,233,44.4,0.167,0.667,REGULAR,3.53,VALIDATION
cust-07484,m-029,16,6,1980.81,330.14,53.41,901.92,5,1,336,64.0,0.0,0.333,REGULAR,3.56,TRAIN
cust-07485,m-027,113,4,1758.22,439.56,176.06,874.84,4,1,364,83.7,0.25,0.25,INACTIVE,67.17,TEST
cust-07486,m-034,28,11,1423.57,129.42,51.8,366.84,7,1,348,32.0,0.364,0.364,REGULAR,6.02,VALIDATION
cust-07487,m-029,0,11,2788.02,253.46,53.41,601.28,6,1,361,36.1,0.182,0.273,REGULAR,0.0,TRAIN
cust-07488,m-040,1,9,3224.72,358.3,51.55,803.42,6,1,351,43.8,0.111,0.444,REGULAR,0.21,VALIDATION
cust-07489,m-009,263,5,709.99,142.0,39.11,266.28,4,1,332,17.2,0.2,0.4,INACTIVE,100.0,TEST
cust-07490,m-036,0,13,1891.63,145.51,56.86,371.44,9,1,355,29.6,0.462,0.231,REGULAR,0.0,TRAIN
cust-07491,m-039,104,6,1055.73,175.96,88.81,263.1,2,1,334,46.0,0.667,0.333,INACTIVE,100.0,TRAIN
cust-07492,m-018,6,8,1076.03,134.5,46.73,427.29,6,1,272,38.0,0.125,0.125,REGULAR,1.65,TRAIN
cust-07493,m-007,20,13,16353.69,1257.98,206.76,2427.55,6,1,326,25.5,0.308,0.538,REGULAR,4.59,TRAIN
cust-07494,m-043,63,5,3324.48,664.9,336.04,1103.72,4,1,331,67.0,0.2,0.6,INACTIVE,14.23,TRAIN
cust-07495,m-035,89,14,18458.74,1318.48,390.48,2412.27,7,1,318,17.6,0.357,0.357,INACTIVE,100.0,TEST
cust-07496,m-042,6,11,1101.79,100.16,39.21,213.26,7,1,292,28.6,0.455,0.182,REGULAR,1.54,TRAIN
cust-07497,m-027,4,11,4230.25,384.57,27.71,1163.0,7,1,313,30.9,0.636,0.455,REGULAR,0.96,TRAIN
cust-07498,m-032,80,8,7614.55,951.82,333.71,2083.19,6,1,301,31.6,0.125,0.125,INACTIVE,92.47,TRAIN
cust-07499,m-032,94,7,8896.56,1270.94,867.24,2083.19,5,1,296,33.7,0.143,0.286,INACTIVE,100.0,VALIDATION
cust-07500,m-010,6,10,643.0,64.3,43.92,177.16,4,1,320,34.9,0.4,0.3,REGULAR,1.4,VALIDATION
cust-07501,m-004,67,9,14254.11,1583.79,687.11,3021.37,6,1,310,30.4,0.333,0.444,INACTIVE,71.06,TRAIN
cust-07502,m-041,5,5,1081.42,216.28,82.06,306.7,4,1,333,82.0,0.8,0.4,REGULAR,1.12,TEST
cust-07503,m-003,74,4,2338.42,584.6,64.31,1227.87,3,1,354,93.3,0.75,0.25,INACTIVE,15.63,TRAIN
cust-07504,m-026,23,6,760.0,126.67,36.07,271.89,6,1,332,61.8,0.333,0.5,REGULAR,5.18,TRAIN
cust-07505,m-047,50,6,541.88,90.31,37.88,149.64,6,1,347,59.4,0.5,0.333,AT_RISK,10.78,VALIDATION
cust-07506,m-026,3,8,872.75,109.09,36.07,231.66,5,1,358,50.7,0.0,0.125,REGULAR,0.63,TEST
cust-07507,m-042,25,14,1187.78,84.84,30.27,237.72,9,1,343,24.5,0.5,0.357,REGULAR,6.2,VALIDATION
cust-07508,m-033,4,11,9171.34,833.76,348.67,2575.37,6,1,363,35.9,0.455,0.455,REGULAR,0.82,TRAIN
cust-07509,m-011,50,10,779.89,77.99,44.77,148.79,6,1,336,31.8,0.1,0.1,AT_RISK,38.43,VALIDATION
cust-07510,m-003,71,8,3242.7,405.34,27.64,938.52,5,1,343,38.9,0.125,0.25,INACTIVE,63.63,TRAIN
cust-07511,m-008,1,9,14534.46,1614.94,567.43,2774.3,5,1,340,42.4,0.222,0.333,REGULAR,0.22,TRAIN
cust-07512,m-003,12,5,3878.5,775.7,330.49,1273.9,3,1,300,72.0,0.2,0.4,REGULAR,2.99,TRAIN
cust-07513,m-017,85,5,1339.9,267.98,59.88,563.22,5,1,338,63.2,0.2,0.2,INACTIVE,51.51,TRAIN
cust-07514,m-027,39,3,985.27,328.42,89.22,677.34,3,1,302,131.5,0.667,0.333,NEW,9.65,VALIDATION
cust-07515,m-019,5,8,907.27,113.41,30.62,170.74,7,1,361,50.9,0.625,0.375,REGULAR,1.04,TRAIN
cust-07516,m-001,10,12,1632.64,136.05,35.57,426.9,9,1,329,29.0,0.5,0.25,REGULAR,2.27,TRAIN
cust-07517,m-036,81,12,1875.74,156.31,28.43,557.37,7,1,338,23.4,0.5,0.5,INACTIVE,100.0,TRAIN
cust-07518,m-036,27,8,626.41,78.3,41.96,120.46,7,1,312,40.7,0.375,0.25,REGULAR,6.47,TRAIN
cust-07519,m-005,18,6,2366.73,394.46,42.51,942.87,6,1,260,48.4,0.333,0.0,REGULAR,5.17,TRAIN
cust-07520,m-004,39,2,4293.58,2146.79,1272.21,3021.37,2,1,247,208.0,0.5,0.5,NEW,11.79,TRAIN
cust-07521,m-009,67,10,2033.76,203.38,30.99,486.52,7,1,355,32.0,0.5,0.2,INACTIVE,66.62,TRAIN
cust-07522,m-015,20,9,995.21,110.58,42.0,275.79,6,1,348,41.0,0.667,0.444,REGULAR,4.3,TRAIN
cust-07523,m-028,80,8,3237.68,404.71,23.81,1466.46,6,1,337,36.7,0.625,0.5,INACTIVE,82.7,TRAIN
cust-07524,m-030,68,8,1866.97,233.37,43.79,874.26,5,1,341,39.0,0.5,0.25,INACTIVE,58.41,TRAIN
cust-07525,m-010,6,7,735.84,105.12,27.0,178.08,5,1,356,58.3,0.286,0.286,REGULAR,1.26,TRAIN
cust-07526,m-027,110,8,2175.05,271.88,56.9,678.06,6,1,308,28.3,0.375,0.5,INACTIVE,100.0,TEST
cust-07527,m-037,22,7,452.71,64.67,33.5,128.85,6,1,345,53.8,0.143,0.429,REGULAR,4.77,TEST
cust-07528,m-011,32,8,929.83,116.23,31.75,233.32,7,1,268,33.7,0.25,0.125,AT_RISK,8.92,TRAIN
cust-07529,m-008,82,14,21231.51,1516.54,266.13,2774.3,8,1,353,20.8,0.286,0.286,INACTIVE,100.0,TEST
cust-07530,m-039,8,9,1420.39,157.82,91.89,263.1,4,1,319,38.9,0.444,0.333,REGULAR,1.88,TRAIN
cust-07531,m-005,12,11,4301.12,391.01,106.6,1264.0,7,1,362,35.0,0.364,0.364,REGULAR,2.48,TRAIN
cust-07532,m-037,39,4,201.18,50.3,31.54,90.76,3,1,364,108.3,0.25,0.25,AT_RISK,8.01,TRAIN
cust-07533,m-044,100,4,1080.61,270.15,26.36,547.18,3,1,228,42.7,0.5,0.25,INACTIVE,100.0,TRAIN
cust-07534,m-019,15,11,861.06,78.28,32.1,177.82,7,1,347,33.2,0.455,0.364,REGULAR,3.23,TRAIN
cust-07536,m-022,29,4,4674.54,1168.64,881.93,1444.79,3,1,346,105.7,0.0,0.5,REGULAR,6.27,VALIDATION
cust-07538,m-031,66,9,701.31,77.92,41.16,145.95,6,1,352,35.8,0.556,0.444,INACTIVE,59.32,TRAIN
cust-07539,m-005,110,10,3634.18,363.42,25.41,742.23,7,1,340,25.6,0.4,0.3,INACTIVE,100.0,TRAIN
cust-07540,m-041,9,9,2075.0,230.56,54.85,543.23,6,1,362,44.1,0.222,0.222,REGULAR,1.86,TRAIN
cust-07541,m-017,46,12,3834.79,319.57,59.73,1689.66,6,1,332,26.0,0.25,0.167,AT_RISK,40.36,TRAIN
cust-07542,m-030,16,14,3619.29,258.52,54.76,874.26,7,1,341,25.0,0.214,0.5,REGULAR,3.51,TRAIN
cust-07543,m-040,1,11,2774.61,252.24,32.37,1148.24,7,1,355,35.4,0.636,0.364,REGULAR,0.21,TEST
cust-07544,m-025,26,9,11211.31,1245.7,391.84,2224.07,7,1,285,32.4,0.333,0.333,REGULAR,6.82,VALIDATION
cust-07545,m-046,0,11,3136.81,285.16,22.76,890.86,7,1,348,34.8,0.455,0.182,REGULAR,0.0,VALIDATION
cust-07546,m-001,45,14,1489.52,106.39,35.57,249.66,7,1,311,20.5,0.286,0.214,AT_RISK,47.57,VALIDATION
cust-07547,m-031,54,5,621.18,124.24,30.71,228.24,5,1,123,17.2,0.4,0.0,AT_RISK,87.86,TEST
cust-07548,m-032,18,9,9408.93,1045.44,333.71,2083.19,6,1,313,36.9,0.444,0.333,REGULAR,4.3,TRAIN
cust-07549,m-038,32,10,2367.43,236.74,129.55,365.65,3,1,355,35.9,0.6,0.4,AT_RISK,6.74,VALIDATION
cust-07550,m-034,48,9,1064.69,118.3,32.97,235.59,6,1,354,38.2,0.222,0.222,AT_RISK,24.84,VALIDATION
cust-07551,m-044,4,5,825.57,165.11,38.7,595.3,4,1,312,77.0,0.6,0.0,REGULAR,0.96,VALIDATION
cust-07552,m-011,15,11,1209.96,110.0,38.53,295.48,9,1,336,32.1,0.273,0.364,REGULAR,3.34,TRAIN
cust-07553,m-023,24,10,1817.82,181.78,26.95,557.94,7,1,306,31.3,0.4,0.3,REGULAR,5.86,VALIDATION
cust-07554,m-019,63,10,985.01,98.5,32.1,227.12,6,1,348,31.7,0.4,0.3,INACTIVE,60.49,TRAIN
cust-07555,m-022,30,13,15106.24,1162.02,410.45,4174.73,8,1,358,27.3,0.154,0.231,REGULAR,10.32,TRAIN
cust-07557,m-022,27,7,5926.09,846.58,410.45,1444.79,4,1,235,34.7,0.429,0.286,REGULAR,8.58,TEST
cust-07558,m-024,19,2,326.86,163.43,35.32,291.54,2,1,190,171.0,0.5,1.0,NEW,7.46,VALIDATION
cust-07559,m-011,23,6,816.44,136.07,69.57,219.6,5,1,357,66.8,0.333,0.0,REGULAR,4.82,TRAIN
cust-07560,m-023,73,9,1518.15,168.68,26.95,445.62,6,1,347,34.2,0.444,0.444,INACTIVE,73.93,TRAIN
cust-07561,m-008,26,10,13841.81,1384.18,266.13,2774.3,7,1,339,34.8,0.3,0.4,REGULAR,5.74,TEST
cust-07562,m-027,166,6,1782.33,297.06,178.44,451.56,5,1,364,39.6,0.333,0.167,INACTIVE,100.0,VALIDATION
cust-07563,m-025,4,4,1860.7,465.17,391.84,685.18,2,1,242,79.3,0.5,0.0,REGULAR,1.23,TRAIN
cust-07564,m-011,0,13,1502.7,115.59,38.53,297.58,10,1,326,27.2,0.308,0.538,REGULAR,0.0,TRAIN
cust-07565,m-033,179,7,9096.71,1299.53,794.69,2575.37,6,1,360,30.2,0.429,0.286,INACTIVE,100.0,TRAIN
cust-07567,m-009,9,8,697.98,87.25,39.11,184.65,8,1,325,45.1,0.375,0.375,REGULAR,2.07,TRAIN
cust-07568,m-047,67,6,452.55,75.42,36.72,133.63,4,1,255,37.6,0.333,0.667,INACTIVE,63.73,TRAIN
cust-07569,m-008,109,12,14985.88,1248.82,266.13,1942.06,7,1,364,23.2,0.5,0.25,INACTIVE,100.0,TEST
cust-07570,m-044,19,11,3106.41,282.4,58.37,820.77,5,1,348,32.9,0.545,0.364,REGULAR,4.08,VALIDATION
cust-07571,m-013,67,8,8375.04,1046.88,556.98,2897.77,4,1,299,33.1,0.5,0.5,INACTIVE,67.6,TRAIN
cust-07572,m-043,3,12,9297.58,774.8,269.88,2567.7,6,1,350,31.5,0.333,0.333,REGULAR,0.64,TRAIN
cust-07573,m-022,3,12,13683.47,1140.29,410.45,4174.73,8,1,358,32.3,0.167,0.333,REGULAR,0.63,TRAIN
cust-07574,m-010,1,15,1876.38,125.09,43.92,323.64,7,1,351,25.0,0.4,0.333,LOYAL,0.21,VALIDATION
cust-07575,m-042,21,12,1084.42,90.37,30.27,229.86,9,1,358,30.6,0.167,0.333,REGULAR,4.39,TRAIN
cust-07576,m-038,34,9,1085.03,120.56,42.2,365.65,4,1,317,35.4,0.333,0.667,AT_RISK,8.02,TEST
cust-07577,m-040,88,7,1741.46,248.78,64.74,574.12,5,1,363,45.8,0.143,0.286,INACTIVE,81.43,TRAIN
cust-07578,m-006,34,6,910.95,151.83,87.62,207.83,3,1,318,56.8,0.333,0.167,AT_RISK,7.99,TRAIN
cust-07580,m-030,187,5,1846.97,369.39,27.38,1023.6,4,1,338,37.8,0.2,0.4,INACTIVE,100.0,VALIDATION
cust-07582,m-042,33,9,1034.31,114.92,43.16,237.72,5,1,360,40.9,0.444,0.222,AT_RISK,6.86,TRAIN
cust-07583,m-028,33,8,2135.22,266.9,57.08,1100.73,6,1,332,42.7,0.625,0.75,AT_RISK,7.43,TRAIN
cust-07584,m-004,11,2,1214.84,607.42,482.75,732.09,2,1,284,273.0,1.0,0.0,NEW,2.89,TRAIN
cust-07585,m-020,115,4,559.86,139.96,67.29,214.14,3,1,357,80.7,0.25,0.25,INACTIVE,75.54,TRAIN
cust-07586,m-015,10,6,485.44,80.91,38.47,155.13,5,1,358,69.6,0.167,0.5,REGULAR,2.09,VALIDATION
cust-07587,m-011,6,11,1268.18,115.29,38.53,221.61,7,1,335,32.9,0.091,0.364,REGULAR,1.34,TRAIN
cust-07588,m-027,13,7,2234.93,319.28,27.71,678.06,6,1,333,53.3,0.286,0.286,REGULAR,2.92,VALIDATION
cust-07589,m-023,38,8,1451.69,181.46,34.83,380.43,7,1,287,35.6,0.375,0.5,AT_RISK,13.5,TEST
cust-07590,m-026,4,11,1879.07,170.82,28.65,668.88,8,1,352,34.8,0.273,0.273,REGULAR,0.85,TRAIN
cust-07591,m-037,10,6,905.32,150.89,31.54,259.28,5,1,208,39.6,0.333,0.0,REGULAR,3.59,TRAIN
cust-07592,m-044,36,9,3626.41,402.93,116.74,893.44,6,1,331,36.9,0.0,0.222,AT_RISK,8.13,VALIDATION
cust-07593,m-039,7,10,1412.16,141.22,88.81,263.1,5,1,359,39.1,0.3,0.4,REGULAR,1.46,TRAIN
cust-07594,m-025,61,9,10218.11,1135.35,685.18,2224.07,6,1,346,35.6,0.444,0.333,INACTIVE,51.28,VALIDATION
cust-07595,m-005,24,9,2281.92,253.55,25.41,989.64,6,1,364,42.5,0.556,0.556,REGULAR,4.93,TRAIN
cust-07596,m-043,33,10,6506.8,650.68,269.88,1103.72,6,1,265,25.8,0.4,0.4,AT_RISK,20.1,TRAIN
cust-07597,m-035,35,6,9592.8,1598.8,906.97,2412.27,5,1,326,58.2,0.333,0.333,AT_RISK,8.03,TRAIN
cust-07598,m-040,18,7,1202.82,171.83,32.37,574.12,5,1,283,44.2,0.571,0.714,REGULAR,4.75,VALIDATION
cust-07599,m-029,9,14,4117.33,294.09,62.52,939.2,8,1,310,23.2,0.143,0.429,REGULAR,2.17,TRAIN
cust-07600,m-046,59,8,1553.15,194.14,34.98,446.8,6,1,358,42.7,0.0,0.75,AT_RISK,36.78,TRAIN
cust-07601,m-023,32,6,1435.91,239.32,26.95,585.24,6,1,330,59.6,0.5,0.5,AT_RISK,7.25,TRAIN
cust-07602,m-010,33,6,654.74,109.12,63.64,168.9,5,1,304,54.2,0.5,0.333,AT_RISK,8.11,TRAIN
cust-07603,m-034,11,19,1882.58,99.08,26.72,219.84,10,1,318,17.1,0.421,0.316,LOYAL,2.59,TRAIN
cust-07604,m-019,25,4,299.2,74.8,39.95,113.56,3,1,213,62.7,0.25,0.25,REGULAR,8.76,TRAIN
cust-07605,m-006,50,4,691.68,172.92,85.78,310.45,4,1,316,88.7,0.25,0.75,AT_RISK,11.83,TRAIN
cust-07606,m-014,33,3,2726.2,908.73,505.99,1446.92,3,1,359,163.0,0.333,0.333,NEW,6.87,TEST
cust-07607,m-035,69,6,6312.29,1052.05,390.48,1635.59,5,1,353,56.8,0.0,0.5,INACTIVE,32.92,TRAIN
cust-07608,m-033,27,5,4148.41,829.68,794.69,928.47,3,1,355,82.0,0.4,0.6,REGULAR,5.69,TRAIN
cust-07609,m-018,5,13,1386.39,106.65,36.75,254.24,8,1,361,29.7,0.538,0.154,REGULAR,1.04,VALIDATION
cust-07610,m-039,18,8,849.26,106.16,88.81,135.07,2,1,349,47.3,0.25,0.25,REGULAR,3.86,TRAIN
cust-07611,m-022,87,13,27255.43,2096.57,410.45,4174.73,6,1,354,22.2,0.308,0.231,INACTIVE,100.0,TEST
cust-07612,m-032,29,8,8728.68,1091.08,333.71,2083.19,4,1,309,40.0,0.25,0.25,REGULAR,7.02,TRAIN
cust-07613,m-035,103,11,49854.05,4532.19,390.48,38245.2,8,1,329,22.6,0.182,0.273,INACTIVE,100.0,TEST
cust-07614,m-004,34,4,4013.22,1003.3,687.11,1272.21,3,1,292,86.0,0.25,0.5,AT_RISK,8.7,TRAIN
cust-07615,m-006,73,11,1472.59,133.87,85.78,310.45,5,1,357,28.4,0.455,0.273,INACTIVE,82.19,TRAIN
cust-07617,m-027,42,9,2836.09,315.12,32.87,1356.12,6,1,338,37.0,0.333,0.444,AT_RISK,16.79,TRAIN
cust-07618,m-023,6,12,3531.76,294.31,26.95,585.24,6,1,341,30.5,0.333,0.083,REGULAR,1.32,TRAIN
cust-07619,m-031,40,6,1415.32,235.89,145.95,437.85,5,1,355,63.0,0.5,0.5,AT_RISK,8.43,VALIDATION
cust-07620,m-031,179,2,206.53,103.26,89.43,117.1,2,1,180,1.0,1.0,0.5,INACTIVE,100.0,TRAIN
cust-07621,m-006,23,9,1380.0,153.33,85.78,310.45,3,1,290,33.4,0.333,0.222,REGULAR,5.93,TRAIN
cust-07622,m-023,19,7,1028.32,146.9,26.95,253.47,5,1,295,46.0,0.429,0.143,REGULAR,4.81,TEST
cust-07623,m-020,44,7,1030.77,147.25,33.64,545.49,6,1,327,47.2,0.429,0.429,AT_RISK,10.06,TRAIN
cust-07624,m-007,58,7,7375.63,1053.66,206.76,2427.55,5,1,356,49.7,0.429,0.286,AT_RISK,24.63,TRAIN
cust-07625,m-024,48,3,852.14,284.05,35.32,714.03,3,1,204,78.0,0.0,0.0,INACTIVE,17.56,TRAIN
cust-07626,m-026,16,10,1101.56,110.16,28.65,279.6,7,1,352,37.3,0.3,0.3,REGULAR,3.4,TEST
cust-07628,m-037,15,9,686.89,76.32,33.5,164.7,8,1,265,31.2,0.333,0.222,REGULAR,4.23,TRAIN
cust-07629,m-040,1,9,5302.88,589.21,32.37,2296.48,6,1,341,42.5,0.222,0.333,REGULAR,0.22,VALIDATION
cust-07630,m-018,246,4,578.12,144.53,36.75,427.26,4,1,316,23.3,0.25,0.0,INACTIVE,100.0,TRAIN
cust-07631,m-041,38,7,1436.56,205.22,30.43,433.1,6,1,348,51.7,0.286,0.286,AT_RISK,8.17,TEST
cust-07632,m-026,55,3,283.97,94.66,36.07,167.22,3,1,280,112.5,0.333,1.0,INACTIVE,14.68,TEST
cust-07633,m-014,7,9,8784.96,976.11,265.14,1579.66,6,1,211,25.5,0.333,0.111,REGULAR,2.48,TRAIN
cust-07634,m-014,64,6,7577.71,1262.95,482.82,2109.87,4,1,362,59.6,0.167,0.667,INACTIVE,19.82,TRAIN
cust-07635,m-016,100,8,2331.11,291.39,75.51,445.18,5,1,310,30.0,0.5,0.5,INACTIVE,100.0,TRAIN
cust-07636,m-046,11,8,2019.44,252.43,22.76,927.88,5,1,341,47.1,0.375,0.375,REGULAR,2.41,TRAIN
cust-07638,m-028,1,6,1486.35,247.72,23.81,574.84,6,1,298,59.4,0.167,0.5,REGULAR,0.25,TRAIN
cust-07639,m-002,45,6,12504.32,2084.05,377.97,2972.2,4,1,330,57.0,0.167,0.333,AT_RISK,10.2,TRAIN
cust-07640,m-047,16,5,588.84,117.77,30.31,400.89,5,1,354,84.5,0.2,0.2,REGULAR,3.38,TRAIN
cust-07641,m-003,11,7,4764.64,680.66,192.93,1273.9,4,1,361,58.3,0.429,0.429,REGULAR,2.28,TRAIN
cust-07642,m-024,28,8,2378.02,297.25,23.95,1537.04,4,1,325,42.4,0.125,0.125,REGULAR,6.44,TEST
cust-07644,m-030,16,11,3503.93,318.54,27.38,582.84,7,1,358,34.2,0.364,0.182,REGULAR,3.34,TEST
cust-07645,m-035,11,11,11848.66,1077.15,390.48,2412.27,6,1,348,33.7,0.455,0.455,REGULAR,2.36,VALIDATION
cust-07646,m-043,8,9,10152.46,1128.05,411.29,2567.7,5,1,331,40.4,0.222,0.556,REGULAR,1.81,TEST
cust-07647,m-024,104,7,1278.13,182.59,47.9,308.37,5,1,268,27.3,0.0,0.429,INACTIVE,100.0,TRAIN
cust-07649,m-035,74,8,8810.63,1101.33,662.22,1635.59,6,1,347,39.0,0.375,0.5,INACTIVE,68.45,VALIDATION
cust-07650,m-016,114,5,722.34,144.47,75.51,189.44,4,1,307,48.2,0.2,0.4,INACTIVE,100.0,TEST
cust-07651,m-002,116,6,9958.15,1659.69,377.97,2972.2,5,1,354,47.6,0.5,0.333,INACTIVE,100.0,TRAIN
cust-07653,m-040,16,13,3535.7,271.98,51.55,803.42,7,1,354,28.2,0.462,0.385,REGULAR,3.38,VALIDATION
cust-07654,m-018,5,11,1046.17,95.11,45.57,187.8,7,1,353,34.8,0.364,0.364,REGULAR,1.06,TRAIN
cust-07655,m-010,35,8,1283.82,160.48,31.82,387.04,7,1,268,33.3,0.0,0.125,AT_RISK,12.31,VALIDATION
cust-07657,m-044,7,6,1707.67,284.61,58.37,1094.36,5,1,346,67.8,0.333,0.333,REGULAR,1.51,TRAIN
cust-07658,m-036,41,7,759.98,108.57,52.79,361.38,6,1,352,51.8,0.286,0.571,AT_RISK,8.71,TRAIN
cust-07659,m-013,23,12,15968.72,1330.73,271.73,2897.77,7,1,348,29.5,0.083,0.333,REGULAR,4.94,VALIDATION
cust-07660,m-043,52,5,2959.12,591.82,336.04,900.25,3,1,335,70.8,0.4,0.4,AT_RISK,11.61,TRAIN
cust-07661,m-025,18,10,10107.11,1010.71,391.84,2224.07,6,1,359,37.9,0.5,0.4,REGULAR,3.75,TRAIN
cust-07662,m-012,39,10,3131.22,313.12,113.76,1195.83,5,1,362,35.9,0.4,0.3,AT_RISK,12.71,TRAIN
cust-07663,m-027,19,8,2354.75,294.34,56.9,833.14,5,1,327,44.0,0.625,0.125,REGULAR,4.34,TRAIN
cust-07664,m-022,30,8,14111.83,1763.98,410.45,4174.73,5,1,351,45.9,0.125,0.5,REGULAR,6.39,TRAIN
cust-07665,m-003,16,5,1754.4,350.88,27.64,938.52,5,1,288,68.0,0.0,0.2,REGULAR,4.15,TEST
cust-07666,m-021,39,7,2186.67,312.38,22.25,749.43,4,1,336,49.5,0.571,0.286,AT_RISK,8.68,TRAIN
cust-07667,m-001,10,8,574.17,71.77,35.19,130.62,6,1,285,39.3,0.5,0.375,REGULAR,2.62,TRAIN
cust-07668,m-005,25,5,1469.74,293.95,106.6,742.23,4,1,344,79.8,0.2,0.4,REGULAR,5.43,TRAIN
cust-07669,m-012,34,5,1998.8,399.76,82.22,804.48,4,1,278,61.0,0.4,0.2,AT_RISK,9.14,VALIDATION
cust-07670,m-002,187,6,10820.98,1803.5,377.97,2972.2,4,1,345,31.6,0.5,0.333,INACTIVE,100.0,TRAIN
cust-07671,m-017,11,6,1230.89,205.15,29.94,563.22,5,1,350,67.8,0.333,0.333,REGULAR,2.35,VALIDATION
cust-07672,m-012,14,6,1005.16,167.53,113.76,236.12,5,1,319,61.0,0.5,0.0,REGULAR,3.28,TRAIN
cust-07673,m-036,1,10,1340.6,134.06,28.43,557.37,5,1,279,30.9,0.0,0.6,REGULAR,0.27,VALIDATION
cust-07674,m-020,50,9,969.64,107.74,33.64,229.44,7,1,336,35.8,0.111,0.667,AT_RISK,32.43,VALIDATION
cust-07675,m-037,14,8,636.66,79.58,31.54,164.7,7,1,256,34.6,0.375,0.125,REGULAR,4.09,TRAIN
cust-07676,m-008,110,14,20005.51,1428.96,266.13,2774.3,6,1,351,18.5,0.429,0.214,INACTIVE,100.0,TRAIN
cust-07677,m-031,11,7,867.59,123.94,30.71,266.4,6,1,321,51.7,0.143,0.143,REGULAR,2.56,TEST
cust-07678,m-008,5,6,11393.72,1898.95,567.43,2774.3,4,1,360,71.0,0.333,0.333,REGULAR,1.04,TRAIN
cust-07679,m-025,12,5,6496.05,1299.21,727.9,2224.07,3,1,224,53.0,0.2,0.6,REGULAR,4.0,TRAIN
cust-07680,m-009,45,6,809.71,134.95,51.51,276.26,4,1,289,48.8,0.0,0.167,AT_RISK,11.64,TRAIN
cust-07681,m-012,4,7,2447.96,349.71,175.96,603.36,5,1,247,40.5,0.571,0.286,REGULAR,1.21,TRAIN
cust-07682,m-006,87,3,604.06,201.35,85.78,310.45,3,1,94,3.5,0.333,0.667,INACTIVE,100.0,TRAIN
cust-07683,m-014,95,6,7362.96,1227.16,773.29,2109.87,4,1,346,50.2,0.333,0.5,INACTIVE,87.73,TEST
cust-07684,m-011,9,6,1058.54,176.42,73.87,446.37,4,1,297,57.6,0.167,0.333,REGULAR,2.27,TRAIN
cust-07685,m-023,4,11,3032.88,275.72,34.83,760.41,8,1,273,26.9,0.273,0.182,REGULAR,1.09,TRAIN
cust-07686,m-043,96,6,8512.97,1418.83,269.88,2567.7,4,1,323,45.4,0.333,0.0,INACTIVE,98.12,TRAIN
cust-07687,m-013,25,9,15798.69,1755.41,556.98,2897.77,5,1,315,36.2,0.333,0.333,REGULAR,5.93,TRAIN
cust-07688,m-012,33,6,1462.58,243.76,113.76,480.9,4,1,355,64.4,0.5,0.0,AT_RISK,6.95,TRAIN
cust-07689,m-001,33,12,1571.63,130.97,35.19,391.86,6,1,353,29.1,0.583,0.417,AT_RISK,12.84,TRAIN
cust-07690,m-016,100,10,2046.61,204.66,75.51,445.18,5,1,361,29.0,0.4,0.4,INACTIVE,100.0,TRAIN
cust-07691,m-003,13,9,2114.42,234.94,27.64,818.58,7,1,364,43.9,0.222,0.111,REGULAR,2.67,TRAIN
cust-07692,m-001,89,12,1417.86,118.16,35.57,339.54,7,1,334,22.3,0.583,0.167,INACTIVE,100.0,TRAIN
cust-07693,m-016,13,9,1452.52,161.39,75.51,445.18,4,1,288,34.4,0.222,0.111,REGULAR,3.37,TRAIN
cust-07694,m-009,161,2,133.13,66.56,66.56,66.57,2,1,296,135.0,0.0,0.5,INACTIVE,79.66,VALIDATION
cust-07695,m-008,15,10,9388.58,938.86,266.13,1942.06,7,1,362,38.6,0.2,0.6,REGULAR,3.1,TRAIN
cust-07696,m-022,8,6,4066.34,677.72,410.45,1444.79,3,1,192,36.8,0.167,0.333,REGULAR,3.11,TRAIN
cust-07697,m-029,27,7,1657.57,236.8,44.48,601.28,5,1,200,28.8,0.286,0.429,REGULAR,10.07,TRAIN
cust-07698,m-031,63,7,806.95,115.28,30.71,355.2,7,1,308,40.8,0.143,0.429,INACTIVE,48.59,TRAIN
cust-07699,m-044,6,6,2014.52,335.75,79.08,820.77,5,1,349,68.6,0.0,0.333,REGULAR,1.29,TRAIN
cust-07700,m-015,23,10,1449.53,144.95,38.47,380.86,6,1,320,33.0,0.3,0.2,REGULAR,5.37,TRAIN
cust-07701,m-013,1,8,10166.16,1270.77,556.98,2532.63,5,1,344,49.0,0.125,0.375,REGULAR,0.22,VALIDATION
cust-07702,m-045,27,9,1474.33,163.81,50.26,325.74,6,1,343,39.5,0.0,0.222,REGULAR,5.89,TRAIN
cust-07703,m-010,69,10,1025.69,102.57,44.29,387.04,7,1,358,32.1,0.3,0.3,INACTIVE,69.77,TRAIN
cust-07704,m-020,193,4,551.73,137.93,38.28,321.21,4,1,338,48.3,0.5,0.25,INACTIVE,100.0,TRAIN
cust-07705,m-001,26,12,1051.71,87.64,35.19,245.24,8,1,356,30.0,0.333,0.25,REGULAR,5.46,TRAIN
cust-07706,m-033,17,5,3289.8,657.96,348.67,803.31,4,1,337,80.0,0.2,0.6,REGULAR,3.77,TRAIN
cust-07707,m-011,16,7,1114.17,159.17,44.77,595.16,7,1,335,53.2,0.143,0.143,REGULAR,3.57,TEST
cust-07708,m-009,19,10,1351.44,135.14,35.76,376.5,8,1,359,37.8,0.1,0.3,REGULAR,3.96,TRAIN
cust-07709,m-039,103,13,1947.29,149.79,88.81,263.1,4,1,356,21.1,0.231,0.462,INACTIVE,100.0,TRAIN
cust-07710,m-008,29,12,15339.55,1278.3,266.13,2774.3,8,1,341,28.4,0.333,0.25,REGULAR,7.26,TRAIN
cust-07711,m-038,26,6,1048.48,174.75,42.2,365.65,4,1,351,65.0,0.333,0.167,REGULAR,5.54,TEST
cust-07712,m-018,8,6,564.28,94.05,36.75,142.43,5,1,342,66.8,0.5,0.0,REGULAR,1.75,TRAIN
cust-07713,m-041,77,5,659.74,131.95,60.86,305.17,5,1,337,65.0,0.2,0.6,INACTIVE,35.09,TRAIN
cust-07714,m-028,142,14,3183.48,227.39,31.9,733.82,9,1,348,15.8,0.357,0.357,INACTIVE,100.0,TEST
cust-07715,m-001,2,16,2327.53,145.47,35.57,522.48,10,1,341,22.6,0.5,0.438,LOYAL,0.44,TRAIN
cust-07716,m-015,22,11,1314.89,119.54,42.0,373.32,8,1,324,30.2,0.273,0.636,REGULAR,5.08,TRAIN
cust-07718,m-044,1,10,1852.83,185.28,26.36,358.78,7,1,362,40.1,0.3,0.4,REGULAR,0.21,TEST
cust-07719,m-024,1,4,1418.53,354.63,54.88,876.6,4,1,235,78.0,0.25,0.25,REGULAR,0.32,TEST
cust-07720,m-010,22,8,657.03,82.13,31.82,135.04,6,1,330,44.0,0.25,0.25,REGULAR,4.98,TEST
cust-07721,m-031,85,10,1429.58,142.96,41.16,266.4,9,1,286,22.3,0.1,0.5,INACTIVE,100.0,TRAIN
cust-07722,m-009,4,11,1322.0,120.18,30.99,376.5,7,1,305,30.1,0.364,0.364,REGULAR,0.98,TRAIN
cust-07723,m-040,4,7,3784.06,540.58,64.74,2296.48,5,1,315,51.8,0.286,0.143,REGULAR,0.95,TEST
cust-07724,m-042,7,8,604.65,75.58,39.21,153.24,7,1,348,48.7,0.25,0.25,REGULAR,1.5,TRAIN
cust-07725,m-003,20,7,1907.47,272.5,27.64,750.99,6,1,316,49.3,0.286,0.571,REGULAR,4.73,VALIDATION
cust-07726,m-032,44,8,11051.79,1381.47,644.7,2083.19,5,1,362,45.4,0.375,0.5,AT_RISK,9.09,TRAIN
cust-07727,m-022,13,9,9103.7,1011.52,712.53,1444.79,5,1,345,41.5,0.111,0.444,REGULAR,2.82,TRAIN
cust-07728,m-006,123,10,1811.2,181.12,85.78,310.45,4,1,359,26.2,0.5,0.2,INACTIVE,100.0,TRAIN
cust-07729,m-023,8,9,2487.39,276.38,62.45,746.19,6,1,355,43.4,0.667,0.444,REGULAR,1.69,TRAIN
cust-07730,m-025,89,7,7810.49,1115.78,930.0,2088.28,4,1,323,39.0,0.286,0.429,INACTIVE,95.6,TRAIN
cust-07731,m-036,34,12,1497.77,124.81,28.43,557.37,8,1,344,28.2,0.583,0.167,AT_RISK,16.09,TRAIN
cust-07732,m-014,151,3,5136.45,1712.15,1446.92,2109.87,3,1,310,79.5,0.667,0.0,INACTIVE,100.0,TRAIN
cust-07734,m-007,44,10,10309.73,1030.97,206.76,2427.55,6,1,353,34.3,0.4,0.5,AT_RISK,23.87,TRAIN
cust-07735,m-047,44,9,689.19,76.58,36.72,159.74,5,1,355,38.9,0.222,0.111,AT_RISK,16.92,TRAIN
cust-07736,m-025,63,3,2374.2,791.4,685.18,961.12,3,1,351,144.0,0.333,0.333,INACTIVE,13.42,VALIDATION
cust-07738,m-037,5,5,543.1,108.62,45.38,257.7,5,1,283,69.5,0.4,0.2,REGULAR,1.32,VALIDATION
cust-07739,m-033,23,10,10301.31,1030.13,348.67,2575.37,7,1,358,37.2,0.1,0.5,REGULAR,4.81,VALIDATION
cust-07740,m-022,26,7,10742.41,1534.63,695.1,4174.73,6,1,349,53.8,0.286,0.143,REGULAR,5.57,TEST
cust-07741,m-044,1,5,518.17,103.63,26.36,301.14,5,1,284,70.8,0.2,0.4,REGULAR,0.26,TRAIN
cust-07742,m-022,30,11,15237.77,1385.25,410.45,4174.73,5,1,335,30.5,0.273,0.364,REGULAR,6.7,TEST
cust-07744,m-013,29,5,3410.44,682.09,271.73,1163.64,4,1,349,80.0,0.4,0.4,REGULAR,6.21,TRAIN
cust-07745,m-004,31,6,6331.78,1055.3,687.11,1721.89,4,1,313,56.4,0.167,0.333,AT_RISK,7.4,TEST
cust-07746,m-028,20,7,2465.89,352.27,31.9,733.82,4,1,357,56.2,0.429,0.286,REGULAR,4.19,TRAIN
cust-07747,m-045,117,8,813.93,101.74,47.54,205.6,6,1,347,32.9,0.5,0.375,INACTIVE,100.0,TRAIN
cust-07748,m-032,19,6,5042.41,840.4,333.71,2083.19,4,1,345,65.2,0.167,0.333,REGULAR,4.12,TRAIN
cust-07749,m-019,10,10,810.22,81.02,30.62,156.34,8,1,322,34.7,0.6,0.2,REGULAR,2.32,TRAIN
cust-07750,m-008,44,8,10518.5,1314.81,266.13,2774.3,5,1,358,44.9,0.25,0.375,AT_RISK,9.19,VALIDATION
cust-07751,m-036,55,11,1194.13,108.56,41.96,371.58,8,1,342,28.7,0.182,0.636,AT_RISK,51.48,VALIDATION
cust-07752,m-024,7,14,4884.26,348.88,47.9,874.62,8,1,363,27.4,0.357,0.286,REGULAR,1.44,TRAIN
cust-07753,m-040,14,10,3815.15,381.52,32.37,2296.48,6,1,364,38.9,0.4,0.1,REGULAR,2.88,TRAIN
cust-07754,m-046,40,8,2455.86,306.98,59.65,927.88,5,1,212,24.6,0.5,0.125,AT_RISK,37.18,TRAIN
cust-07755,m-013,18,11,11415.11,1037.74,271.73,2897.77,5,1,357,33.9,0.455,0.636,REGULAR,3.77,TRAIN
cust-07756,m-027,0,6,959.52,159.92,67.39,352.8,5,1,247,49.4,0.0,0.5,REGULAR,0.0,TRAIN
cust-07757,m-015,44,7,581.91,83.13,47.83,109.29,6,1,318,45.7,0.143,0.143,AT_RISK,10.34,TRAIN
cust-07758,m-015,8,6,488.78,81.46,47.83,109.29,5,1,350,68.4,0.5,0.167,REGULAR,1.71,TEST
cust-07759,m-036,6,10,1621.6,162.16,30.39,743.16,7,1,326,35.6,0.3,0.5,REGULAR,1.38,TRAIN
cust-07760,m-041,22,11,1745.83,158.71,27.29,389.34,7,1,358,33.6,0.364,0.364,REGULAR,4.6,VALIDATION
cust-07761,m-018,33,8,833.98,104.25,36.75,284.84,6,1,348,45.0,0.375,0.25,AT_RISK,7.09,TRAIN
cust-07762,m-043,117,3,3248.87,1082.96,269.88,2567.7,3,1,284,83.5,1.0,0.333,INACTIVE,81.04,TRAIN
cust-07763,m-005,22,6,2342.2,390.37,63.04,742.23,6,1,273,50.2,0.167,0.167,REGULAR,6.02,TRAIN
cust-07764,m-044,9,14,3975.42,283.96,26.36,667.6,9,1,313,23.4,0.429,0.357,REGULAR,2.15,TRAIN
cust-07765,m-008,39,12,13738.2,1144.85,567.43,2774.3,6,1,362,29.4,0.5,0.417,AT_RISK,22.46,TRAIN
cust-07766,m-002,58,7,9308.49,1329.78,237.28,2972.2,6,1,333,45.8,0.571,0.286,AT_RISK,31.32,TRAIN
cust-07767,m-047,50,7,664.37,94.91,31.12,149.64,6,1,298,41.3,0.429,0.143,AT_RISK,25.59,TRAIN
cust-07768,m-020,70,10,1328.44,132.84,57.36,428.28,7,1,361,32.3,0.2,0.3,INACTIVE,71.05,TRAIN
cust-07769,m-021,1,10,2169.89,216.99,22.25,1180.71,7,1,361,40.0,0.5,0.3,REGULAR,0.21,VALIDATION
cust-07770,m-047,11,8,625.21,78.15,30.31,229.68,7,1,355,49.1,0.625,0.125,REGULAR,2.32,TRAIN
cust-07771,m-036,93,11,2063.71,187.61,28.43,1247.45,8,1,348,25.5,0.091,0.182,INACTIVE,100.0,TRAIN
cust-07772,m-033,35,5,7129.93,1425.99,794.69,2364.31,3,1,332,74.2,0.2,0.4,AT_RISK,7.88,TRAIN
cust-07773,m-004,34,9,9419.29,1046.59,482.75,3021.37,6,1,322,36.0,0.444,0.444,AT_RISK,7.89,VALIDATION
cust-07775,m-034,72,10,849.31,84.93,26.72,366.84,6,1,316,27.1,0.3,0.2,INACTIVE,84.38,TRAIN
cust-07776,m-025,64,6,7360.46,1226.74,391.84,2224.07,6,1,296,46.4,0.333,0.167,INACTIVE,42.56,TEST
cust-07777,m-017,27,10,3421.08,342.11,119.76,680.02,6,1,328,33.4,0.4,0.4,REGULAR,6.16,TRAIN
cust-07778,m-029,127,8,4851.31,606.41,125.04,1427.84,6,1,264,19.6,0.75,0.125,INACTIVE,100.0,TRAIN
cust-07779,m-022,49,8,6751.77,843.97,410.45,1198.04,5,1,358,44.1,0.25,0.25,AT_RISK,17.59,TEST
cust-07780,m-015,0,7,899.6,128.51,42.0,327.87,6,1,304,50.7,0.286,0.143,REGULAR,0.0,TRAIN
cust-07781,m-027,90,7,1441.15,205.88,32.87,581.5,3,1,313,37.2,0.286,0.286,INACTIVE,100.0,VALIDATION
cust-07782,m-027,45,10,2702.55,270.26,27.71,833.14,8,1,346,33.4,0.2,0.7,AT_RISK,27.13,TRAIN
cust-07783,m-011,30,5,392.63,78.53,44.77,116.66,5,1,343,78.2,0.2,0.2,REGULAR,6.54,TRAIN
cust-07784,m-024,6,9,4751.34,527.93,35.32,2856.12,7,1,306,37.5,0.444,0.667,REGULAR,1.47,TRAIN
cust-07785,m-033,31,9,11365.94,1262.88,539.82,2575.37,5,1,353,40.2,0.111,0.333,AT_RISK,6.57,TRAIN
cust-07786,m-032,7,8,11086.59,1385.82,831.37,2083.19,4,1,333,46.6,0.375,0.625,REGULAR,1.57,TRAIN
cust-07787,m-005,52,8,1526.64,190.83,42.51,628.58,6,1,291,34.1,0.625,0.25,AT_RISK,40.21,TEST
cust-07788,m-032,8,7,7763.55,1109.08,333.71,2083.19,6,1,301,48.8,0.429,0.286,REGULAR,1.99,TEST
cust-07789,m-044,37,8,2354.1,294.26,38.7,602.28,7,1,322,40.7,0.125,0.375,AT_RISK,8.59,TRAIN
cust-07790,m-002,201,2,3389.24,1694.62,1040.98,2348.26,2,1,312,111.0,1.0,0.0,INACTIVE,100.0,TRAIN
cust-07791,m-012,9,13,4201.24,323.17,113.76,797.22,5,1,362,29.4,0.462,0.385,REGULAR,1.86,TRAIN
cust-07792,m-015,135,5,881.63,176.33,47.83,571.29,5,1,338,50.8,0.2,0.4,INACTIVE,100.0,TRAIN
cust-07794,m-018,62,5,537.22,107.44,36.32,216.44,5,1,278,54.0,0.6,0.4,INACTIVE,28.67,TEST
cust-07796,m-029,25,11,2553.43,232.13,24.87,934.76,8,1,356,33.1,0.273,0.182,REGULAR,5.25,TEST
cust-07797,m-006,26,14,2550.59,182.18,85.78,310.45,5,1,289,20.2,0.571,0.286,REGULAR,15.42,TRAIN
cust-07798,m-025,8,11,12661.7,1151.06,391.84,2224.07,7,1,362,35.4,0.455,0.091,REGULAR,1.65,TRAIN
cust-07799,m-025,7,10,15598.47,1559.85,391.84,7022.09,7,1,241,26.0,0.4,0.3,REGULAR,2.17,TEST
cust-07800,m-001,20,11,1826.66,166.06,35.19,391.86,9,1,337,31.7,0.182,0.0,REGULAR,4.44,TRAIN
cust-07801,m-013,46,6,9753.57,1625.6,556.98,2532.63,3,1,346,60.0,0.5,0.167,AT_RISK,9.94,TRAIN
cust-07802,m-022,18,6,6585.11,1097.52,712.53,1444.79,5,1,348,66.0,0.667,0.333,REGULAR,3.87,TRAIN
cust-07803,m-045,15,11,1200.65,109.15,36.65,350.43,8,1,342,32.7,0.364,0.182,REGULAR,3.28,VALIDATION
cust-07804,m-002,97,3,1796.92,598.97,377.97,1040.98,2,1,349,126.0,0.0,0.333,INACTIVE,20.79,TRAIN
cust-07805,m-016,145,11,1772.94,161.18,75.51,445.18,5,1,338,19.3,0.273,0.455,INACTIVE,100.0,TEST
cust-07807,m-042,45,12,1801.07,150.09,31.7,504.99,9,1,322,25.2,0.25,0.417,AT_RISK,40.15,TRAIN
cust-07809,m-015,135,10,1179.26,117.93,42.0,380.86,6,1,359,24.9,0.0,0.3,INACTIVE,100.0,VALIDATION
cust-07810,m-037,22,15,1860.02,124.0,31.54,386.55,9,1,331,22.1,0.4,0.4,REGULAR,4.97,TRAIN
cust-07811,m-027,7,7,2116.49,302.36,27.71,903.12,5,1,276,44.8,0.143,0.0,REGULAR,1.9,TEST
cust-07812,m-019,33,16,1496.71,93.54,30.62,260.58,11,1,355,21.5,0.562,0.438,AT_RISK,24.2,TEST
cust-07813,m-025,29,7,10534.42,1504.92,930.0,2224.07,4,1,355,54.3,0.286,0.286,REGULAR,6.11,TEST
cust-07814,m-012,19,15,4427.38,295.16,82.22,797.22,5,1,350,23.6,0.333,0.267,REGULAR,4.06,TEST
cust-07815,m-034,3,9,1309.19,145.47,26.72,568.35,5,1,341,42.2,0.333,0.111,REGULAR,0.66,VALIDATION
cust-07816,m-026,20,5,692.46,138.49,57.3,359.52,5,1,292,68.0,0.2,0.6,REGULAR,5.12,TRAIN
cust-07818,m-002,1,6,9110.01,1518.34,237.28,2972.2,5,1,266,53.0,0.5,0.167,REGULAR,0.28,TRAIN
cust-07819,m-040,101,10,3667.15,366.72,32.37,1722.36,6,1,356,28.3,0.4,0.3,INACTIVE,100.0,VALIDATION
cust-07820,m-001,20,7,642.2,91.74,35.57,166.44,6,1,329,51.5,0.0,0.429,REGULAR,4.55,TRAIN
cust-07821,m-001,12,14,1264.1,90.29,35.19,452.72,7,1,345,25.6,0.286,0.286,REGULAR,2.6,TRAIN
cust-07822,m-044,54,8,1317.95,164.74,26.36,320.33,8,1,362,44.0,0.5,0.125,AT_RISK,26.16,VALIDATION
cust-07823,m-044,17,6,865.21,144.2,26.36,301.14,5,1,359,68.4,0.333,0.167,REGULAR,3.54,TRAIN
cust-07824,m-005,32,7,5075.93,725.13,54.06,1896.0,4,1,344,52.0,0.143,0.286,AT_RISK,6.96,TRAIN
cust-07825,m-020,84,9,1304.23,144.91,33.64,428.28,8,1,285,25.1,0.333,0.333,INACTIVE,100.0,TEST
cust-07826,m-044,4,9,1411.59,156.84,26.36,602.28,8,1,338,41.8,0.222,0.333,REGULAR,0.88,TRAIN
cust-07827,m-022,12,6,11728.88,1954.81,712.53,4174.73,4,1,269,51.4,0.167,0.167,REGULAR,3.33,TRAIN
cust-07828,m-004,85,3,6082.73,2027.58,1272.21,3021.37,3,1,310,112.5,0.0,0.333,INACTIVE,20.5,TRAIN
cust-07829,m-027,19,9,1431.31,159.03,27.71,451.56,6,1,359,42.5,0.444,0.333,REGULAR,3.96,TRAIN
cust-07830,m-025,32,10,13649.04,1364.9,685.18,2224.07,5,1,335,33.7,0.4,0.3,AT_RISK,7.14,TRAIN
cust-07831,m-024,78,5,653.02,130.6,54.88,219.15,4,1,277,49.8,0.4,0.2,INACTIVE,63.34,TRAIN
cust-07832,m-019,7,11,1152.88,104.81,30.62,341.48,8,1,353,34.6,0.182,0.091,REGULAR,1.48,TRAIN
cust-07833,m-030,5,5,1892.97,378.59,100.97,874.26,3,1,321,79.0,0.2,0.8,REGULAR,1.16,VALIDATION
cust-07834,m-013,4,6,8010.21,1335.04,271.73,2897.77,6,1,252,49.6,0.333,0.333,REGULAR,1.19,TRAIN
cust-07835,m-034,88,12,1765.84,147.15,26.72,568.35,6,1,320,21.1,0.5,0.333,INACTIVE,100.0,TRAIN
cust-07836,m-038,207,2,84.4,42.2,42.2,42.2,1,1,249,42.0,1.0,0.0,INACTIVE,100.0,VALIDATION
cust-07837,m-030,61,8,2230.21,278.78,27.38,536.85,5,1,328,38.1,0.5,0.375,INACTIVE,48.26,VALIDATION
cust-07838,m-041,8,6,3142.04,523.67,66.3,1629.69,5,1,292,56.8,0.167,0.333,REGULAR,2.05,TRAIN
cust-07839,m-017,145,3,459.47,153.16,59.73,340.01,2,1,338,96.5,0.333,0.0,INACTIVE,100.0,TRAIN
cust-07840,m-029,86,8,2118.37,264.8,24.87,601.28,7,1,279,27.6,0.25,0.125,INACTIVE,100.0,TRAIN
cust-07841,m-002,12,11,11996.31,1090.57,237.28,2972.2,6,1,364,35.2,0.455,0.455,REGULAR,2.47,TRAIN
cust-07842,m-044,18,7,1399.55,199.94,58.37,320.33,6,1,259,40.2,0.571,0.286,REGULAR,5.19,TRAIN
cust-07843,m-029,60,6,1208.51,201.42,49.74,467.38,5,1,261,40.2,0.167,0.167,AT_RISK,46.88,TRAIN
cust-07844,m-022,44,3,1533.43,511.14,410.45,712.53,2,1,259,107.5,0.333,0.333,NEW,12.69,TRAIN
cust-07845,m-004,34,8,6873.42,859.18,687.11,1789.15,4,1,268,33.4,0.375,0.625,AT_RISK,10.38,TRAIN
cust-07846,m-013,26,12,17092.84,1424.4,271.73,2532.63,5,1,362,30.5,0.417,0.5,REGULAR,5.37,TRAIN
cust-07847,m-007,72,9,4895.25,543.92,206.76,1314.17,5,1,341,33.6,0.444,0.333,INACTIVE,73.39,TRAIN
cust-07848,m-039,27,15,1862.37,124.16,88.81,263.1,5,1,312,20.4,0.333,0.4,REGULAR,16.37,TRAIN
cust-07849,m-039,19,11,1268.23,115.29,88.81,263.1,5,1,329,31.0,0.364,0.545,REGULAR,4.32,TRAIN
cust-07850,m-031,73,6,638.58,106.43,51.92,191.46,4,1,296,44.6,0.333,0.667,INACTIVE,61.03,TRAIN
cust-07851,m-002,242,4,6369.09,1592.27,426.03,2972.2,3,1,305,21.0,0.75,0.0,INACTIVE,100.0,VALIDATION
cust-07852,m-035,54,4,4363.76,1090.94,906.97,1635.59,3,1,193,46.3,1.0,0.25,AT_RISK,32.43,TRAIN
cust-07853,m-034,18,10,1295.5,129.55,26.72,568.35,8,1,311,32.6,0.5,0.3,REGULAR,4.33,TRAIN
cust-07854,m-018,12,7,669.95,95.71,36.75,324.66,7,1,329,52.8,0.286,0.286,REGULAR,2.73,TRAIN
cust-07856,m-039,9,12,1838.24,153.19,88.81,263.1,5,1,300,26.5,0.25,0.167,REGULAR,2.24,TEST
cust-07857,m-037,17,11,961.2,87.38,31.54,194.46,7,1,351,33.4,0.273,0.636,REGULAR,3.62,TRAIN
cust-07858,m-038,74,6,1223.55,203.92,42.2,365.65,2,1,353,55.8,0.333,0.667,INACTIVE,42.98,TRAIN
cust-07859,m-044,24,13,4428.24,340.63,38.7,820.77,8,1,295,22.6,0.385,0.385,REGULAR,8.18,TRAIN
cust-07860,m-004,163,6,8823.74,1470.62,687.11,3021.37,5,1,254,18.2,0.167,0.5,INACTIVE,100.0,VALIDATION
cust-07861,m-010,7,11,1214.56,110.41,27.0,356.16,6,1,364,35.7,0.455,0.182,REGULAR,1.44,VALIDATION
cust-07862,m-017,107,8,1563.42,195.43,61.67,563.22,7,1,352,35.0,0.25,0.25,INACTIVE,100.0,TRAIN
cust-07863,m-030,163,6,2292.93,382.16,109.52,752.2,3,1,295,26.4,0.5,0.167,INACTIVE,100.0,TRAIN
cust-07864,m-017,4,8,1486.75,185.84,59.73,563.22,6,1,318,44.9,0.25,0.375,REGULAR,0.94,TRAIN
cust-07865,m-002,4,7,12730.53,1818.65,426.03,2972.2,5,1,319,52.5,0.571,0.143,REGULAR,0.94,TRAIN
cust-07866,m-008,91,6,7752.01,1292.0,266.13,2774.3,5,1,324,46.6,0.333,0.5,INACTIVE,87.6,TRAIN
cust-07867,m-030,13,11,6472.31,588.39,27.38,2047.2,6,1,345,33.2,0.455,0.455,REGULAR,2.82,TRAIN
cust-07868,m-037,53,10,1489.38,148.94,48.34,494.1,7,1,319,29.6,0.6,0.2,AT_RISK,47.52,TEST
cust-07869,m-026,14,12,1187.49,98.96,36.07,181.26,9,1,362,31.6,0.25,0.167,REGULAR,2.89,TEST
cust-07870,m-006,15,6,1211.8,201.97,87.62,310.45,3,1,347,66.4,0.333,0.167,REGULAR,3.23,TRAIN
cust-07871,m-027,6,9,2104.21,233.8,27.71,678.06,7,1,334,41.0,0.556,0.333,REGULAR,1.34,TRAIN
cust-07872,m-015,57,14,1914.91,136.78,38.47,373.32,9,1,335,21.4,0.429,0.143,AT_RISK,66.12,TRAIN
cust-07873,m-001,21,14,978.2,69.87,36.39,142.3,10,1,353,25.5,0.286,0.143,REGULAR,4.45,TRAIN
cust-07874,m-040,16,9,2560.81,284.53,32.37,1722.36,5,1,325,38.6,0.333,0.333,REGULAR,3.68,TRAIN
cust-07875,m-026,52,11,1373.95,124.9,28.65,668.88,6,1,347,29.5,0.182,0.182,AT_RISK,44.96,VALIDATION
cust-07876,m-015,10,9,1313.47,145.94,38.47,367.72,6,1,315,38.1,0.222,0.778,REGULAR,2.37,TRAIN
cust-07877,m-022,33,8,8925.86,1115.73,410.45,1444.79,5,1,360,46.7,0.5,0.625,AT_RISK,6.86,TRAIN
cust-07878,m-011,46,8,1027.79,128.47,42.92,466.64,7,1,339,41.9,0.5,0.25,AT_RISK,16.3,TRAIN
cust-07879,m-040,64,1,73.02,73.02,73.02,73.02,1,1,64,64.0,0.0,0.0,INACTIVE,73.85,TRAIN
cust-07880,m-044,32,9,4041.55,449.06,166.9,1190.6,6,1,267,29.4,0.222,0.333,AT_RISK,12.86,TEST
cust-07881,m-021,31,14,4287.23,306.23,39.92,1152.04,8,1,343,24.0,0.214,0.071,AT_RISK,17.26,TRAIN
cust-07882,m-040,18,10,2468.31,246.83,64.74,574.12,6,1,354,37.3,0.7,0.1,REGULAR,3.8,TEST
cust-07883,m-014,84,9,7424.89,824.99,265.14,2109.87,6,1,331,30.9,0.222,0.333,INACTIVE,98.63,TRAIN
cust-07884,m-018,14,11,1373.19,124.84,37.52,324.66,9,1,341,32.7,0.273,0.364,REGULAR,3.07,TRAIN
cust-07885,m-018,39,6,464.06,77.34,36.75,142.42,6,1,338,59.8,0.5,0.333,AT_RISK,8.63,VALIDATION
cust-07886,m-012,34,9,3795.1,421.68,118.06,1594.44,4,1,338,38.0,0.111,0.222,AT_RISK,7.52,TRAIN
cust-07887,m-016,36,8,1705.7,213.21,75.51,445.18,5,1,270,33.4,0.375,0.25,AT_RISK,13.86,TEST
cust-07888,m-006,1,9,1401.81,155.76,85.78,310.45,5,1,315,39.2,0.333,0.111,REGULAR,0.24,TRAIN
cust-07889,m-006,176,2,199.84,99.92,87.62,112.22,2,1,349,173.0,0.0,0.0,INACTIVE,42.21,TRAIN
cust-07890,m-047,95,7,745.23,106.46,57.42,224.46,7,1,356,43.5,0.286,0.571,INACTIVE,97.21,TEST
cust-07891,m-020,18,9,785.86,87.32,33.64,268.96,7,1,354,42.0,0.556,0.333,REGULAR,3.8,TRAIN
cust-07892,m-027,2,7,2524.74,360.68,27.71,1249.71,6,1,141,23.2,0.286,0.286,REGULAR,1.06,VALIDATION
cust-07893,m-045,54,11,1506.13,136.92,36.65,282.99,7,1,364,31.0,0.273,0.455,AT_RISK,45.6,VALIDATION
cust-07895,m-017,3,12,2065.33,172.11,59.73,377.52,6,1,300,27.0,0.417,0.5,REGULAR,0.75,VALIDATION
cust-07896,m-012,22,8,1804.49,225.56,82.22,527.88,6,1,362,48.6,0.125,0.375,REGULAR,4.55,TRAIN
cust-07897,m-014,42,9,10513.51,1168.17,505.99,2109.87,4,1,319,34.6,0.444,0.222,AT_RISK,20.94,TEST
cust-07898,m-035,4,9,10137.63,1126.4,390.48,2412.27,7,1,289,35.6,0.333,0.444,REGULAR,1.03,TRAIN
cust-07903,m-009,24,13,1184.07,91.08,39.11,273.42,9,1,363,28.2,0.154,0.385,REGULAR,4.95,TRAIN
cust-07904,m-007,6,7,6324.65,903.52,486.95,2427.55,3,1,346,56.7,0.143,0.429,REGULAR,1.3,TRAIN
cust-07905,m-029,57,11,3345.29,304.12,74.61,1070.88,7,1,298,24.1,0.364,0.364,AT_RISK,63.65,TRAIN
cust-07906,m-035,0,14,17038.26,1217.02,390.48,2412.27,7,1,327,25.2,0.5,0.5,REGULAR,0.0,TRAIN
cust-07908,m-038,86,2,495.2,247.6,129.55,365.65,2,1,327,241.0,0.5,0.5,INACTIVE,19.66,TRAIN
cust-07909,m-004,2,6,7128.32,1188.05,781.69,1789.15,4,1,339,67.4,0.167,0.333,REGULAR,0.44,TRAIN
cust-07910,m-013,49,6,6590.21,1098.37,556.98,2532.63,4,1,299,50.0,0.667,0.5,AT_RISK,12.25,VALIDATION
cust-07911,m-047,64,5,640.62,128.12,36.72,239.61,4,1,254,47.5,0.0,0.2,INACTIVE,43.57,TRAIN
cust-07912,m-002,162,6,9973.11,1662.19,401.92,2348.26,4,1,329,33.4,0.0,0.333,INACTIVE,100.0,TEST
cust-07913,m-033,55,11,11429.55,1039.05,348.67,2575.37,7,1,354,29.9,0.545,0.091,AT_RISK,49.27,TEST
cust-07914,m-029,2,12,3689.31,307.44,24.87,939.2,9,1,332,30.0,0.333,0.25,REGULAR,0.45,TRAIN
cust-07915,m-038,43,9,1514.35,168.26,42.2,365.65,5,1,354,38.9,0.444,0.333,AT_RISK,15.23,TRAIN
cust-07916,m-035,95,10,10957.56,1095.76,390.48,1635.59,6,1,348,28.1,0.6,0.3,INACTIVE,100.0,VALIDATION
cust-07917,m-012,67,8,3199.03,399.88,118.06,1195.83,6,1,322,36.4,0.25,0.5,INACTIVE,61.46,TRAIN
cust-07918,m-047,254,3,221.36,73.79,30.31,133.63,3,1,362,54.0,0.667,0.0,INACTIVE,100.0,TEST
cust-07919,m-044,33,8,2478.55,309.82,38.7,1190.6,6,1,332,42.7,0.25,0.5,AT_RISK,7.43,TEST
cust-07920,m-042,16,8,909.49,113.69,39.21,237.72,7,1,319,43.3,0.5,0.125,REGULAR,3.75,TRAIN
cust-07923,m-007,41,7,5236.61,748.09,206.76,1314.17,6,1,312,45.2,0.286,0.714,AT_RISK,9.82,TRAIN
cust-07924,m-022,40,10,19769.25,1976.92,695.1,4174.73,5,1,343,33.7,0.2,0.4,AT_RISK,18.17,TRAIN
cust-07925,m-032,24,14,14810.95,1057.92,333.71,2083.19,8,1,340,24.3,0.214,0.214,REGULAR,5.28,TRAIN
cust-07926,m-004,41,3,3993.79,1331.26,482.75,1789.15,3,1,309,134.0,0.0,0.333,NEW,9.92,TEST
cust-07927,m-035,32,5,7184.16,1436.83,910.6,2412.27,4,1,291,64.8,0.4,0.0,AT_RISK,8.22,VALIDATION
cust-07928,m-010,32,8,663.21,82.9,43.92,193.52,5,1,245,30.4,0.125,0.125,AT_RISK,12.16,TRAIN
cust-07929,m-031,18,7,423.29,60.47,30.71,117.1,6,1,348,55.0,0.286,0.286,REGULAR,3.87,TRAIN
cust-07930,m-042,23,12,1447.76,120.65,39.21,356.58,9,1,312,26.3,0.5,0.083,REGULAR,5.51,TEST
cust-07931,m-004,43,4,7287.68,1821.92,1272.21,3021.37,3,1,213,56.7,0.0,0.25,AT_RISK,15.07,TRAIN
cust-07932,m-026,64,5,944.62,188.92,82.02,347.49,5,1,330,66.5,0.4,0.4,INACTIVE,14.5,TRAIN
cust-07934,m-002,79,5,6113.86,1222.77,237.28,2972.2,5,1,328,62.2,0.2,0.2,INACTIVE,43.21,TEST
cust-07935,m-022,85,8,8370.36,1046.3,695.1,1444.79,3,1,280,27.9,0.25,0.375,INACTIVE,100.0,TEST
cust-07936,m-044,8,2,440.49,220.24,166.9,273.59,2,1,219,211.0,0.0,0.0,NEW,2.73,TRAIN
cust-07937,m-041,20,5,1551.58,310.32,291.9,357.44,3,1,359,84.8,0.0,0.2,REGULAR,4.17,TRAIN
cust-07938,m-003,18,2,427.58,213.79,114.74,312.84,2,1,239,221.0,0.5,0.5,NEW,5.62,TRAIN
cust-07939,m-045,52,6,758.73,126.46,49.55,325.74,5,1,253,40.2,0.167,0.5,AT_RISK,33.05,TRAIN
cust-07940,m-010,189,4,231.58,57.9,31.82,87.95,4,1,328,46.3,0.0,0.0,INACTIVE,100.0,TRAIN
cust-07941,m-014,18,4,2050.41,512.6,265.14,773.29,3,1,123,35.0,0.75,0.0,REGULAR,10.89,TEST
cust-07942,m-003,33,7,2951.5,421.64,27.64,1227.87,5,1,341,51.3,0.714,0.286,AT_RISK,7.24,TEST
cust-07943,m-042,53,8,992.51,124.06,31.7,504.99,6,1,297,34.9,0.375,0.25,AT_RISK,40.49,VALIDATION
cust-07944,m-005,33,7,2754.74,393.53,42.51,1257.16,5,1,358,54.2,0.429,0.286,AT_RISK,6.89,TRAIN
cust-07945,m-011,117,7,395.65,56.52,31.75,106.28,5,1,331,35.7,0.571,0.571,INACTIVE,100.0,TRAIN
cust-07946,m-047,2,3,332.45,110.82,60.62,138.2,3,1,153,75.5,0.333,0.0,NEW,0.97,TRAIN
cust-07947,m-023,4,10,2895.95,289.59,104.64,585.24,7,1,352,38.7,0.5,0.1,REGULAR,0.85,TRAIN
cust-07948,m-024,30,6,1099.62,183.27,35.32,384.26,4,1,317,57.4,0.5,0.5,REGULAR,7.08,TRAIN
cust-07949,m-015,29,8,698.35,87.29,47.83,153.88,6,1,305,39.4,0.375,0.375,REGULAR,7.11,TRAIN
cust-07950,m-018,10,11,795.97,72.36,37.52,127.12,8,1,358,34.8,0.364,0.091,REGULAR,2.09,TRAIN
cust-07951,m-040,163,6,3725.88,620.98,73.02,2774.76,4,1,350,37.4,0.0,0.167,INACTIVE,100.0,TRAIN
cust-07952,m-046,17,10,2218.22,221.82,34.98,445.43,6,1,330,34.8,0.2,0.4,REGULAR,3.85,VALIDATION
cust-07953,m-019,11,12,2149.97,179.16,30.62,732.4,9,1,333,29.3,0.25,0.0,REGULAR,2.47,VALIDATION
cust-07954,m-040,11,9,2403.69,267.08,73.02,574.12,6,1,329,39.8,0.333,0.556,REGULAR,2.5,TRAIN
cust-07955,m-010,52,11,1410.21,128.2,62.66,193.52,7,1,347,29.5,0.273,0.091,AT_RISK,44.96,TRAIN
cust-07956,m-013,8,5,3365.16,673.03,271.73,1041.72,3,1,340,83.0,0.4,0.2,REGULAR,1.76,TRAIN
cust-07957,m-034,11,10,1434.96,143.5,35.29,378.9,8,1,222,23.4,0.4,0.1,REGULAR,3.7,VALIDATION
cust-07958,m-013,11,6,6247.2,1041.2,271.73,2532.63,5,1,260,49.8,0.167,0.0,REGULAR,3.16,TRAIN
cust-07959,m-031,23,11,1785.48,162.32,41.16,437.85,9,1,342,31.9,0.273,0.545,REGULAR,5.03,TRAIN
cust-07961,m-028,25,9,1693.43,188.16,23.81,375.26,8,1,364,42.4,0.667,0.333,REGULAR,5.14,TRAIN
cust-07962,m-020,47,7,910.46,130.07,57.76,321.21,7,1,323,46.0,0.286,0.286,AT_RISK,12.38,TRAIN
cust-07963,m-009,15,6,560.1,93.35,30.99,199.71,5,1,363,69.6,0.167,0.333,REGULAR,3.09,TEST
cust-07964,m-007,78,5,6308.03,1261.61,1139.08,1357.85,3,1,233,38.8,0.0,0.0,INACTIVE,83.8,TEST
cust-07965,m-028,74,2,730.17,365.08,363.26,366.91,2,1,114,40.0,0.5,0.5,INACTIVE,99.26,TRAIN
cust-07966,m-031,7,12,1347.72,112.31,41.16,583.8,9,1,314,27.9,0.333,0.25,REGULAR,1.67,TRAIN
cust-07968,m-027,74,7,2784.68,397.81,56.9,872.25,6,1,303,38.2,0.429,0.0,INACTIVE,71.96,TRAIN
cust-07969,m-020,25,8,883.66,110.46,33.64,232.54,6,1,295,38.6,0.5,0.25,REGULAR,6.33,TRAIN
cust-07970,m-012,22,8,3492.13,436.52,82.22,1195.83,5,1,291,38.4,0.375,0.375,REGULAR,5.65,VALIDATION
cust-07971,m-038,26,6,923.72,153.95,42.2,365.65,4,1,305,55.8,0.5,0.833,REGULAR,6.37,TEST
cust-07972,m-037,7,13,1405.99,108.15,31.54,329.4,9,1,353,28.8,0.077,0.308,REGULAR,1.48,TRAIN
cust-07973,m-011,13,8,558.82,69.85,48.92,148.79,6,1,274,37.3,0.125,0.375,REGULAR,3.55,TEST
cust-07974,m-044,90,6,679.03,113.17,26.36,166.9,4,1,334,48.8,0.5,0.667,INACTIVE,81.95,TRAIN
cust-07975,m-005,3,8,4113.59,514.2,42.51,1896.0,6,1,354,50.1,0.5,0.375,REGULAR,0.63,TEST
cust-07976,m-047,57,5,358.17,71.63,30.31,114.84,4,1,341,71.0,0.4,0.2,AT_RISK,12.5,TRAIN
cust-07977,m-042,54,11,994.15,90.38,31.7,262.53,8,1,362,30.8,0.364,0.182,AT_RISK,45.96,VALIDATION
cust-07978,m-005,105,11,4944.1,449.46,54.06,1370.48,7,1,357,25.2,0.182,0.455,INACTIVE,100.0,TRAIN
cust-07981,m-047,62,7,478.51,68.36,30.31,149.58,5,1,362,50.0,0.429,0.429,INACTIVE,30.81,VALIDATION
cust-07982,m-004,153,4,7264.5,1816.12,732.09,3021.37,4,1,360,69.0,0.25,0.25,INACTIVE,100.0,TEST
cust-07983,m-018,25,7,902.15,128.88,46.73,381.36,6,1,364,56.5,0.286,0.571,REGULAR,5.14,TRAIN
cust-07984,m-004,136,7,7305.21,1043.6,482.75,3021.37,4,1,315,29.8,0.286,0.143,INACTIVE,100.0,TRAIN
cust-07985,m-032,15,10,13450.26,1345.03,333.71,2083.19,6,1,336,35.7,0.2,0.7,REGULAR,3.34,TRAIN
cust-07986,m-025,40,6,6509.24,1084.87,391.84,2224.07,4,1,279,47.8,0.5,0.5,AT_RISK,10.71,TEST
cust-07987,m-002,6,8,9842.0,1230.25,237.28,2972.2,5,1,285,39.9,0.625,0.375,REGULAR,1.57,TRAIN
cust-07988,m-041,4,10,875.98,87.6,30.43,291.9,4,1,295,32.3,0.2,0.1,REGULAR,1.01,TRAIN
cust-07989,m-031,0,3,257.76,85.92,82.32,88.8,3,1,343,171.5,0.0,0.333,NEW,0.0,TRAIN
cust-07990,m-027,59,4,1395.16,348.79,32.87,678.06,4,1,318,86.3,0.0,0.25,AT_RISK,13.87,TRAIN
cust-07991,m-023,134,9,3243.39,360.38,69.66,585.24,5,1,354,27.5,0.333,0.444,INACTIVE,100.0,VALIDATION
cust-07992,m-031,64,9,1138.13,126.46,30.71,207.68,8,1,326,32.8,0.222,0.333,INACTIVE,61.48,TRAIN
cust-07993,m-009,11,4,311.77,77.94,30.99,209.26,3,1,270,86.3,0.5,0.25,REGULAR,3.04,TRAIN
cust-07994,m-001,20,14,1271.06,90.79,35.19,284.6,8,1,338,24.5,0.143,0.286,REGULAR,4.42,TRAIN
cust-07995,m-028,23,8,2212.17,276.52,31.9,733.82,6,1,299,39.4,0.375,0.375,REGULAR,5.75,TRAIN
cust-07996,m-026,7,16,1665.12,104.07,28.65,501.66,12,1,352,23.0,0.125,0.25,LOYAL,1.49,TRAIN
cust-07997,m-005,67,6,472.43,78.74,25.41,189.12,5,1,309,48.4,0.5,0.0,INACTIVE,44.11,TRAIN
cust-07998,m-045,18,5,2127.53,425.51,87.4,1758.98,4,1,331,78.2,0.2,0.2,REGULAR,4.07,TRAIN
cust-07999,m-042,0,9,1118.03,124.23,44.49,336.66,9,1,358,44.8,0.111,0.222,REGULAR,0.0,TRAIN
cust-08000,m-029,9,11,3156.61,286.96,24.87,939.2,6,1,364,35.5,0.091,0.273,REGULAR,1.85,TRAIN
cust-08001,m-027,20,6,2314.36,385.73,56.9,1356.12,5,1,314,58.8,0.167,0.167,REGULAR,4.76,TRAIN
cust-08002,m-035,78,6,9111.66,1518.61,906.97,2412.27,5,1,362,56.8,0.333,0.0,INACTIVE,47.92,VALIDATION
cust-08003,m-032,11,7,5444.67,777.81,333.71,1743.56,4,1,316,50.8,0.143,0.0,REGULAR,2.6,VALIDATION
cust-08004,m-012,21,9,2233.14,248.13,82.22,797.22,5,1,347,40.8,0.333,0.556,REGULAR,4.53,TRAIN
cust-08005,m-035,10,11,17225.68,1565.97,390.48,2412.27,6,1,334,32.4,0.364,0.364,REGULAR,2.24,TRAIN
cust-08006,m-016,8,11,2788.5,253.5,75.51,445.18,5,1,317,30.9,0.636,0.182,REGULAR,1.89,TRAIN
cust-08007,m-027,87,3,3545.38,1181.79,678.06,2034.18,2,1,326,119.5,0.333,0.667,INACTIVE,19.95,TRAIN
cust-08008,m-007,2,9,7804.51,867.17,206.76,2427.55,6,1,340,42.2,0.444,0.444,REGULAR,0.44,TRAIN
cust-08009,m-037,21,8,1061.81,132.73,31.54,473.49,5,1,306,40.7,0.375,0.5,REGULAR,5.13,TRAIN
cust-08010,m-033,64,3,3832.6,1277.53,539.82,2364.31,3,1,284,110.0,0.333,0.667,INACTIVE,16.84,TRAIN
cust-08011,m-036,45,9,1768.36,196.48,58.11,557.37,5,1,362,39.6,0.222,0.444,AT_RISK,17.4,TRAIN
cust-08012,m-009,181,7,794.74,113.53,61.55,177.7,6,1,338,26.2,0.143,0.286,INACTIVE,100.0,TRAIN
cust-08013,m-033,14,7,6478.73,925.53,348.67,2575.37,5,1,235,36.8,0.286,0.429,REGULAR,4.45,VALIDATION
cust-08014,m-044,83,5,848.27,169.65,66.6,320.33,4,1,263,45.0,0.4,0.4,INACTIVE,80.58,TRAIN
cust-08015,m-034,24,8,1588.58,198.57,50.82,757.8,6,1,325,43.0,0.125,0.25,REGULAR,5.52,TRAIN
cust-08016,m-011,94,8,611.59,76.45,42.92,148.79,6,1,343,35.6,0.25,0.375,INACTIVE,100.0,TRAIN
cust-08017,m-039,93,7,888.03,126.86,88.81,263.1,4,1,286,32.2,0.286,0.286,INACTIVE,100.0,TRAIN
cust-08018,m-045,74,7,914.43,130.63,50.26,201.04,6,1,271,32.8,0.857,0.714,INACTIVE,82.2,TRAIN
cust-08019,m-027,69,8,2472.51,309.06,117.6,678.06,4,1,348,39.9,0.375,0.375,INACTIVE,58.48,TRAIN
cust-08020,m-011,85,5,240.32,48.06,38.53,69.57,4,1,221,34.0,0.4,0.6,INACTIVE,100.0,TRAIN
cust-08021,m-027,18,6,1742.88,290.48,27.71,903.12,6,1,335,63.4,0.333,0.5,REGULAR,4.02,TRAIN
cust-08022,m-002,3,7,9915.62,1416.52,377.97,2972.2,6,1,349,57.7,0.143,0.143,REGULAR,0.64,TRAIN
cust-08023,m-001,201,14,1069.7,76.41,36.39,179.02,7,1,359,12.2,0.357,0.286,INACTIVE,100.0,TRAIN
cust-08024,m-010,20,9,1044.06,116.01,43.92,233.1,9,1,354,41.8,0.333,0.444,REGULAR,4.23,VALIDATION
cust-08025,m-042,54,8,1432.61,179.08,61.16,475.44,7,1,348,42.0,0.375,0.125,AT_RISK,29.6,TRAIN
cust-08026,m-004,46,5,6364.29,1272.86,732.09,1789.15,4,1,330,71.0,0.4,0.4,AT_RISK,10.42,TRAIN
cust-08027,m-014,19,8,6480.15,810.02,265.14,2109.87,4,1,354,47.9,0.75,0.375,REGULAR,4.01,TRAIN
cust-08028,m-018,126,12,1161.71,96.81,36.75,284.84,7,1,348,20.2,0.667,0.333,INACTIVE,100.0,TEST
cust-08029,m-029,2,14,3319.65,237.12,44.48,939.2,10,1,321,24.5,0.5,0.357,REGULAR,0.47,TEST
cust-08030,m-011,49,8,677.06,84.63,31.75,154.12,7,1,284,33.6,0.25,0.375,AT_RISK,35.99,TRAIN
cust-08031,m-014,48,12,10985.02,915.42,265.14,1579.66,7,1,364,28.7,0.25,0.333,AT_RISK,38.81,TRAIN
cust-08032,m-046,131,10,4036.16,403.62,61.0,927.88,8,1,359,25.3,0.4,0.5,INACTIVE,100.0,VALIDATION
cust-08033,m-042,28,13,1588.37,122.18,39.21,244.64,8,1,351,26.9,0.077,0.0,REGULAR,7.62,TRAIN
cust-08034,m-004,144,3,3476.85,1158.95,482.75,1721.89,3,1,202,29.0,0.333,0.333,INACTIVE,100.0,VALIDATION
cust-08035,m-034,12,12,1149.55,95.8,26.72,189.45,8,1,318,27.8,0.417,0.25,REGULAR,2.82,TEST
cust-08036,m-026,22,10,1550.24,155.02,43.96,271.89,7,1,360,37.6,0.1,0.7,REGULAR,4.57,VALIDATION
cust-08037,m-006,10,7,994.89,142.13,85.78,207.83,4,1,358,58.0,0.571,0.286,REGULAR,2.09,TRAIN
cust-08038,m-024,5,12,3608.8,300.73,35.32,1428.06,8,1,345,30.9,0.333,0.333,REGULAR,1.08,TRAIN
cust-08039,m-018,121,6,707.16,117.86,45.57,284.86,6,1,322,40.2,0.333,0.333,INACTIVE,100.0,VALIDATION
cust-08040,m-005,300,2,150.63,75.32,42.51,108.12,2,1,321,21.0,0.0,1.0,INACTIVE,100.0,TRAIN
cust-08041,m-003,13,10,2385.1,238.51,57.37,938.52,6,1,352,37.7,0.3,0.3,REGULAR,2.76,TRAIN
cust-08042,m-022,85,8,7708.09,963.51,410.45,1444.79,6,1,361,39.4,0.375,0.375,INACTIVE,86.01,TEST
cust-08043,m-031,87,7,394.13,56.3,30.71,123.48,5,1,309,37.0,0.143,0.429,INACTIVE,96.05,TRAIN
cust-08044,m-035,28,8,8595.82,1074.48,390.48,2412.27,6,1,310,40.3,0.0,0.375,REGULAR,6.75,TRAIN
cust-08045,m-012,51,3,475.18,158.39,113.76,201.12,3,1,296,122.5,0.333,0.333,INACTIVE,12.88,TRAIN
cust-08046,m-035,34,6,7657.84,1276.31,390.48,2412.27,5,1,359,65.0,0.0,0.333,AT_RISK,7.08,TRAIN
cust-08047,m-041,11,10,4099.06,409.91,27.29,2172.92,8,1,321,34.4,0.4,0.6,REGULAR,2.56,TRAIN
cust-08048,m-032,0,4,3787.85,946.96,333.71,2083.19,3,1,167,55.7,0.5,0.75,REGULAR,0.0,TRAIN
cust-08049,m-010,75,5,584.47,116.89,31.82,351.8,5,1,358,70.8,0.4,0.8,INACTIVE,21.97,VALIDATION
cust-08050,m-027,2,7,2778.3,396.9,32.87,678.06,5,1,329,54.5,0.429,0.429,REGULAR,0.45,TRAIN
cust-08051,m-047,32,5,715.47,143.09,31.12,276.4,5,1,361,82.2,0.6,0.6,AT_RISK,6.63,TRAIN
cust-08052,m-009,24,8,787.09,98.39,30.99,243.26,6,1,355,47.3,0.5,0.25,REGULAR,5.06,TRAIN
cust-08053,m-040,3,7,1665.61,237.94,32.37,803.42,5,1,260,42.8,0.143,0.429,REGULAR,0.86,TRAIN
cust-08054,m-009,55,13,2181.75,167.83,30.99,486.52,9,1,358,25.2,0.308,0.385,AT_RISK,56.19,TRAIN
cust-08055,m-020,8,10,1226.11,122.61,45.56,348.81,6,1,327,35.4,0.2,0.5,REGULAR,1.83,TRAIN
cust-08056,m-032,199,3,3248.27,1082.76,333.71,2083.19,3,1,351,76.0,0.333,0.333,INACTIVE,100.0,TEST
cust-08057,m-025,7,5,5130.26,1026.05,391.84,2088.28,4,1,338,82.8,0.0,0.4,REGULAR,1.55,TEST
cust-08058,m-009,18,6,619.49,103.25,35.76,188.25,6,1,348,66.0,0.667,0.0,REGULAR,3.87,TEST
cust-08059,m-004,54,3,2736.39,912.13,732.09,1272.21,2,1,192,69.0,0.333,0.333,INACTIVE,20.98,TRAIN
cust-08060,m-030,36,9,1644.84,182.76,43.79,511.8,6,1,357,40.1,0.222,0.222,AT_RISK,7.54,TRAIN
cust-08062,m-021,40,10,3808.62,380.86,39.92,1728.06,6,1,353,34.8,0.5,0.3,AT_RISK,16.27,VALIDATION
cust-08064,m-023,91,8,2406.25,300.78,34.83,1141.29,7,1,345,36.3,0.375,0.375,INACTIVE,100.0,VALIDATION
cust-08065,m-033,9,8,9360.39,1170.05,348.67,2575.37,6,1,337,46.9,0.25,0.875,REGULAR,2.0,TRAIN
cust-08066,m-047,0,11,701.82,63.8,31.12,95.9,8,1,356,35.6,0.273,0.182,REGULAR,0.0,TRAIN
cust-08067,m-043,87,9,8893.27,988.14,269.88,2567.7,6,1,293,25.8,0.222,0.444,INACTIVE,100.0,TEST
cust-08068,m-003,8,13,8152.79,627.14,27.64,3909.58,8,1,356,29.0,0.077,0.308,REGULAR,1.68,TRAIN
cust-08069,m-042,14,10,1384.18,138.42,65.24,302.34,6,1,333,35.4,0.3,0.4,REGULAR,3.14,TRAIN
cust-08070,m-040,71,10,2997.74,299.77,32.37,1148.24,6,1,356,31.7,0.2,0.2,INACTIVE,73.87,TRAIN
cust-08071,m-019,79,7,510.72,72.96,32.1,156.34,7,1,333,42.3,0.286,0.714,INACTIVE,72.79,TRAIN
cust-08072,m-003,19,16,3205.06,200.32,27.64,938.52,8,1,358,22.6,0.312,0.375,REGULAR,3.97,TRAIN
cust-08073,m-003,4,6,1985.06,330.84,64.31,991.47,5,1,351,69.4,0.333,0.0,REGULAR,0.85,TRAIN
cust-08074,m-038,2,10,1259.42,125.94,42.2,365.65,5,1,354,39.1,0.2,0.3,REGULAR,0.42,TRAIN
cust-08075,m-042,46,10,1140.52,114.05,31.7,213.26,6,1,349,33.7,0.2,0.2,AT_RISK,28.31,TRAIN
cust-08076,m-037,99,8,1161.35,145.17,44.95,329.4,7,1,362,37.6,0.5,0.25,INACTIVE,100.0,TRAIN
cust-08077,m-005,65,6,1352.84,225.47,42.51,628.58,5,1,278,42.6,0.333,0.333,INACTIVE,51.07,VALIDATION
cust-08078,m-034,28,14,1998.29,142.73,35.29,568.35,9,1,344,24.3,0.143,0.143,REGULAR,11.64,VALIDATION
cust-08079,m-013,126,8,10518.1,1314.76,271.73,2897.77,7,1,363,33.9,0.125,0.375,INACTIVE,100.0,TRAIN
cust-08080,m-038,14,7,1244.16,177.74,103.23,365.65,4,1,353,56.5,0.286,0.143,REGULAR,2.97,VALIDATION
cust-08081,m-015,11,11,1315.32,119.57,47.83,245.19,9,1,341,33.0,0.455,0.273,REGULAR,2.41,TEST
cust-08082,m-014,72,9,9211.13,1023.46,265.14,2109.87,6,1,253,22.6,0.111,0.222,INACTIVE,95.36,VALIDATION
cust-08083,m-038,55,9,1469.51,163.28,42.2,365.65,4,1,339,35.5,0.111,0.444,AT_RISK,41.38,TRAIN
cust-08085,m-047,50,4,247.1,61.78,31.12,110.16,3,1,277,75.7,0.5,0.25,AT_RISK,13.49,TEST
cust-08086,m-006,83,13,2185.42,168.11,85.78,310.45,5,1,340,21.4,0.231,0.462,INACTIVE,100.0,TRAIN
cust-08087,m-029,5,7,1849.89,264.27,24.87,939.2,5,1,229,37.3,0.429,0.286,REGULAR,1.63,TEST
cust-08088,m-005,4,10,3086.66,308.67,63.04,942.87,5,1,278,30.4,0.7,0.5,REGULAR,1.08,VALIDATION
cust-08089,m-004,78,6,9069.06,1511.51,482.75,3021.37,6,1,314,47.2,0.0,0.5,INACTIVE,64.77,TRAIN
cust-08090,m-024,19,8,1633.28,204.16,47.9,384.26,6,1,363,49.1,0.375,0.25,REGULAR,3.91,TRAIN
cust-08091,m-007,72,2,1217.75,608.88,486.95,730.8,2,1,73,1.0,0.0,0.5,INACTIVE,100.0,TRAIN
cust-08092,m-032,25,8,10980.45,1372.56,644.7,2083.19,5,1,348,46.1,0.5,0.375,REGULAR,5.37,TRAIN
cust-08093,m-045,20,8,929.74,116.22,36.65,315.68,5,1,361,48.7,0.5,0.25,REGULAR,4.14,TRAIN
cust-08094,m-016,40,8,1667.72,208.46,75.51,445.18,4,1,331,41.6,0.25,0.5,AT_RISK,9.04,TRAIN
cust-08095,m-045,6,10,1084.22,108.42,36.65,350.43,9,1,356,38.9,0.3,0.1,REGULAR,1.26,TRAIN
cust-08096,m-032,17,8,7501.32,937.66,333.71,1743.56,4,1,359,48.9,0.5,0.25,REGULAR,3.54,TRAIN
cust-08098,m-027,31,10,1376.31,137.63,32.87,352.8,7,1,332,33.4,0.1,0.4,AT_RISK,6.98,TRAIN
cust-08099,m-030,91,14,2365.56,168.97,27.38,874.26,6,1,349,19.8,0.429,0.357,INACTIVE,100.0,VALIDATION
cust-08100,m-025,33,4,7128.53,1782.13,727.9,2224.07,3,1,272,79.7,0.25,0.25,AT_RISK,9.07,TRAIN
cust-08101,m-018,76,9,906.08,100.68,36.75,142.42,7,1,299,27.9,0.667,0.556,INACTIVE,91.15,TRAIN
cust-08103,m-046,18,9,2470.49,274.5,34.98,927.88,7,1,312,36.8,0.444,0.444,REGULAR,4.31,TRAIN
cust-08104,m-011,4,7,791.34,113.05,31.75,365.62,7,1,353,58.2,0.429,0.286,REGULAR,0.85,VALIDATION
cust-08105,m-041,51,9,2494.98,277.22,27.29,1167.6,7,1,364,39.1,0.333,0.222,AT_RISK,28.33,TRAIN
cust-08106,m-013,90,11,19972.04,1815.64,271.73,2897.77,6,1,317,22.7,0.364,0.455,INACTIVE,100.0,TEST
cust-08108,m-041,3,14,4064.19,290.3,27.29,1167.6,8,1,301,22.9,0.429,0.143,REGULAR,0.75,TRAIN
cust-08109,m-011,20,7,775.59,110.8,44.77,349.98,5,1,325,50.8,0.286,0.286,REGULAR,4.6,VALIDATION
cust-08110,m-005,85,9,1702.42,189.16,25.41,632.0,7,1,270,23.1,0.111,0.333,INACTIVE,100.0,TRAIN
cust-08111,m-042,43,4,732.53,183.13,87.51,336.66,4,1,359,105.3,0.0,0.75,AT_RISK,8.96,TRAIN
cust-08112,m-018,116,4,478.18,119.54,52.59,188.22,4,1,336,73.3,0.5,0.5,INACTIVE,89.87,TRAIN
cust-08113,m-043,33,8,6507.19,813.4,269.88,2567.7,7,1,326,41.9,0.375,0.125,AT_RISK,7.57,TRAIN
cust-08114,m-033,7,11,14520.91,1320.08,348.67,2575.37,5,1,336,32.9,0.0,0.455,REGULAR,1.56,TRAIN
cust-08115,m-017,71,6,1463.6,243.93,59.73,566.28,5,1,283,42.4,0.5,0.5,INACTIVE,61.65,TRAIN
cust-08116,m-038,19,8,1540.98,192.62,103.23,365.65,4,1,176,22.4,0.125,0.25,REGULAR,8.05,TEST
cust-08117,m-014,15,4,4162.44,1040.61,505.99,2109.87,3,1,301,95.3,0.25,0.25,REGULAR,3.73,TRAIN
cust-08118,m-041,81,8,2636.09,329.51,54.85,1086.46,7,1,269,26.9,0.5,0.5,INACTIVE,100.0,TEST
cust-08119,m-030,92,7,2353.91,336.27,48.83,752.2,5,1,240,24.7,0.143,0.143,INACTIVE,100.0,TRAIN
cust-08120,m-027,27,9,2789.29,309.92,56.9,1163.0,6,1,222,24.4,0.222,0.111,REGULAR,12.98,TRAIN
cust-08121,m-041,63,6,1781.83,296.97,66.3,714.88,5,1,324,52.2,0.167,0.333,INACTIVE,30.74,TEST
cust-08122,m-032,32,8,10445.85,1305.73,333.71,2083.19,5,1,296,37.7,0.625,0.125,AT_RISK,8.08,TRAIN
cust-08123,m-017,96,8,1807.7,225.96,59.73,563.22,4,1,319,31.9,0.25,0.25,INACTIVE,100.0,VALIDATION
cust-08124,m-007,29,9,10712.79,1190.31,486.95,2427.55,7,1,359,41.2,0.222,0.222,REGULAR,6.04,TRAIN
cust-08125,m-016,62,4,491.93,122.98,75.51,189.44,3,1,362,100.0,0.5,0.25,INACTIVE,12.81,VALIDATION
cust-08126,m-046,39,7,3253.58,464.8,172.6,1193.24,6,1,359,53.3,0.429,0.286,AT_RISK,8.12,VALIDATION
cust-08127,m-009,54,7,778.82,111.26,35.76,266.28,5,1,340,47.7,0.571,0.286,AT_RISK,21.33,TEST
cust-08128,m-001,23,19,2161.79,113.78,35.19,426.9,11,1,351,18.2,0.368,0.474,REGULAR,12.1,TRAIN
cust-08129,m-017,11,11,2895.05,263.19,59.73,563.22,6,1,350,33.9,0.455,0.364,REGULAR,2.35,TRAIN
cust-08130,m-015,6,12,1198.43,99.87,38.47,337.12,8,1,345,30.8,0.083,0.167,REGULAR,1.3,TRAIN
cust-08131,m-009,38,6,550.88,91.81,35.76,243.26,6,1,354,63.2,0.5,0.167,AT_RISK,8.03,TRAIN
cust-08132,m-043,10,9,8537.24,948.58,269.88,2567.7,5,1,320,38.8,0.333,0.0,REGULAR,2.34,TRAIN
cust-08133,m-046,46,8,1918.24,239.78,22.76,1446.26,5,1,284,34.0,0.375,0.125,AT_RISK,30.11,TRAIN
cust-08134,m-008,16,12,11033.72,919.48,266.13,1686.41,5,1,350,30.4,0.25,0.417,REGULAR,3.42,TRAIN
cust-08135,m-045,32,2,82.75,41.38,39.71,43.04,2,1,231,199.0,0.5,0.0,NEW,10.34,TRAIN
cust-08137,m-014,16,8,8786.8,1098.35,482.82,2109.87,5,1,347,47.3,0.375,0.375,REGULAR,3.45,TEST
cust-08138,m-042,59,9,845.66,93.96,31.7,201.56,7,1,324,33.1,0.111,0.556,AT_RISK,52.47,TRAIN
cust-08139,m-025,3,5,4265.32,853.06,685.18,961.12,4,1,319,79.0,0.2,0.2,REGULAR,0.7,TRAIN
cust-08140,m-031,30,13,2275.77,175.06,30.71,443.24,8,1,332,25.2,0.231,0.385,REGULAR,13.96,TRAIN
cust-08141,m-038,34,12,1995.82,166.32,42.2,365.65,5,1,353,29.0,0.25,0.083,AT_RISK,14.7,TRAIN
cust-08142,m-031,23,6,780.0,130.0,43.32,191.46,3,1,277,50.8,0.5,0.167,REGULAR,6.21,VALIDATION
cust-08143,m-033,18,11,10331.04,939.19,348.67,2575.37,5,1,362,34.4,0.273,0.273,REGULAR,3.72,TRAIN
cust-08144,m-011,4,6,555.95,92.66,38.53,182.81,6,1,283,55.8,0.333,0.167,REGULAR,1.06,TRAIN
cust-08145,m-006,82,15,2859.2,190.61,85.78,310.45,5,1,330,17.7,0.467,0.133,INACTIVE,100.0,TRAIN
cust-08146,m-039,41,10,1165.66,116.57,88.81,135.07,2,1,320,31.0,0.3,0.2,AT_RISK,24.58,VALIDATION
cust-08147,m-046,19,9,2940.55,326.73,59.65,723.13,7,1,303,35.5,0.556,0.222,REGULAR,4.69,TRAIN
cust-08148,m-011,24,6,1485.94,247.66,44.77,548.43,3,1,356,66.4,0.0,0.5,REGULAR,5.04,TRAIN
cust-08149,m-024,1,8,3000.17,375.02,173.41,583.08,6,1,348,49.6,0.5,0.5,REGULAR,0.21,VALIDATION
cust-08150,m-037,42,7,1082.7,154.67,31.54,473.49,5,1,352,51.7,0.143,0.286,AT_RISK,8.92,TEST
cust-08151,m-011,9,12,1319.64,109.97,48.92,219.6,5,1,345,30.5,0.333,0.5,REGULAR,1.95,TEST
cust-08152,m-008,37,16,24169.11,1510.57,266.13,2774.3,8,1,360,21.5,0.25,0.25,AT_RISK,30.94,VALIDATION
cust-08153,m-046,54,9,3381.48,375.72,34.98,1336.29,7,1,356,37.8,0.333,0.444,AT_RISK,35.64,TRAIN
cust-08154,m-047,77,8,1052.86,131.61,31.12,319.48,6,1,305,32.6,0.25,0.375,INACTIVE,85.47,VALIDATION
cust-08156,m-004,7,10,12490.42,1249.04,482.75,1789.15,5,1,350,38.1,0.4,0.1,REGULAR,1.5,TRAIN
cust-08157,m-012,9,11,1687.7,153.43,82.22,354.18,4,1,322,31.3,0.0,0.364,REGULAR,2.09,TRAIN
cust-08158,m-027,18,10,2928.22,292.82,67.39,1356.12,7,1,343,36.1,0.2,0.1,REGULAR,3.92,TRAIN
cust-08159,m-026,3,6,695.75,115.96,40.34,167.22,6,1,249,49.2,0.5,0.333,REGULAR,0.9,TRAIN
cust-08161,m-025,122,5,5461.18,1092.24,391.84,2088.28,4,1,360,59.5,0.2,0.4,INACTIVE,100.0,TRAIN
cust-08162,m-009,5,11,1181.36,107.4,30.99,486.52,7,1,337,33.2,0.182,0.364,REGULAR,1.11,TEST
cust-08163,m-044,74,8,2282.84,285.35,26.36,1190.6,5,1,337,37.6,0.375,0.125,INACTIVE,71.02,TRAIN
cust-08165,m-042,102,11,1530.7,139.15,65.24,350.04,7,1,362,26.0,0.455,0.273,INACTIVE,100.0,VALIDATION
cust-08166,m-027,159,8,1258.06,157.26,32.87,437.42,6,1,352,27.6,0.375,0.75,INACTIVE,100.0,VALIDATION
cust-08167,m-021,38,5,1629.71,325.94,22.25,749.43,5,1,266,57.0,0.0,0.4,AT_RISK,10.67,TRAIN
cust-08168,m-028,3,10,1897.43,189.74,23.81,765.18,7,1,321,35.3,0.2,0.3,REGULAR,0.7,TEST
cust-08169,m-010,21,16,1499.36,93.71,31.82,202.56,9,1,353,22.1,0.25,0.125,REGULAR,4.45,TRAIN
cust-08170,m-041,6,11,3642.45,331.13,54.85,1086.46,6,1,297,29.1,0.273,0.182,REGULAR,1.51,VALIDATION
cust-08171,m-005,159,6,2023.75,337.29,107.27,942.87,4,1,359,40.0,0.167,0.333,INACTIVE,100.0,TRAIN
cust-08172,m-039,109,11,1703.17,154.83,88.81,263.1,5,1,334,22.5,0.364,0.182,INACTIVE,100.0,TRAIN
cust-08173,m-002,42,8,9988.26,1248.53,237.28,2972.2,6,1,353,44.4,0.375,0.25,AT_RISK,8.9,VALIDATION
cust-08174,m-024,12,8,2418.05,302.26,35.32,453.64,6,1,335,46.1,0.5,0.75,REGULAR,2.68,TRAIN
cust-08175,m-019,29,7,544.85,77.84,30.62,173.72,6,1,223,32.3,0.286,0.143,REGULAR,9.71,VALIDATION
cust-08176,m-041,61,6,877.99,146.33,27.29,543.23,5,1,360,59.8,0.5,0.5,INACTIVE,14.47,TRAIN
cust-08177,m-041,25,5,1211.74,242.35,82.06,543.23,4,1,236,52.8,0.4,0.0,REGULAR,7.91,TRAIN
cust-08179,m-019,75,8,1042.3,130.29,51.07,366.2,8,1,363,41.1,0.125,0.5,INACTIVE,66.3,TEST
cust-08180,m-007,92,9,9240.78,1026.75,206.76,2427.55,7,1,356,33.0,0.333,0.444,INACTIVE,100.0,TRAIN
cust-08181,m-002,33,5,8887.85,1777.57,1040.98,2972.2,4,1,271,59.5,0.4,0.8,AT_RISK,9.1,TRAIN
cust-08183,m-019,53,12,1666.84,138.9,32.1,366.2,7,1,324,24.6,0.417,0.5,AT_RISK,54.83,VALIDATION
cust-08184,m-002,17,11,15699.57,1427.23,237.28,2972.2,7,1,340,32.3,0.455,0.273,REGULAR,3.74,VALIDATION
cust-08185,m-004,44,6,4189.26,698.21,482.75,1272.21,4,1,261,43.4,0.167,0.5,AT_RISK,13.5,TRAIN
cust-08186,m-002,29,4,2246.9,561.72,377.97,1040.98,4,1,269,80.0,0.25,0.75,REGULAR,8.06,VALIDATION
cust-08187,m-047,18,6,732.39,122.06,49.86,287.7,4,1,311,58.6,0.333,0.0,REGULAR,4.33,TRAIN
cust-08188,m-027,7,8,1444.67,180.58,56.9,581.5,7,1,282,39.3,0.125,0.5,REGULAR,1.86,TRAIN
cust-08189,m-008,10,19,23029.22,1212.06,266.13,2774.3,7,1,350,18.9,0.368,0.263,LOYAL,2.14,TRAIN
cust-08190,m-002,29,7,12043.41,1720.49,377.97,2972.2,5,1,336,51.2,0.143,0.429,REGULAR,6.45,TRAIN
cust-08191,m-004,109,5,6402.79,1280.56,482.75,1789.15,4,1,282,43.2,0.6,0.4,INACTIVE,100.0,TRAIN
cust-08192,m-008,12,11,18444.38,1676.76,266.13,2774.3,8,1,348,33.6,0.545,0.364,REGULAR,2.58,TRAIN
cust-08193,m-047,5,5,391.96,78.39,31.12,149.58,4,1,332,81.8,0.2,0.2,REGULAR,1.13,TRAIN
cust-08194,m-017,56,7,2866.57,409.51,125.45,1126.44,5,1,326,45.0,0.429,0.286,AT_RISK,29.34,TRAIN
cust-08195,m-001,36,14,1905.69,136.12,37.64,284.6,9,1,350,24.2,0.5,0.429,AT_RISK,25.39,TRAIN
cust-08196,m-014,66,9,7791.87,865.76,265.14,1446.92,4,1,340,34.2,0.333,0.222,INACTIVE,62.22,TRAIN
cust-08197,m-012,36,10,3741.12,374.11,113.76,797.22,6,1,352,35.1,0.3,0.1,AT_RISK,9.0,TRAIN
cust-08198,m-042,18,6,532.5,88.75,39.21,130.48,5,1,357,67.8,0.5,0.333,REGULAR,3.77,TRAIN
cust-08199,m-034,128,9,804.64,89.4,32.97,146.56,7,1,344,27.0,0.111,0.333,INACTIVE,100.0,TRAIN
cust-08200,m-038,12,11,1826.46,166.04,42.2,365.65,4,1,278,26.6,0.455,0.182,REGULAR,3.23,TRAIN
cust-08201,m-007,89,5,3086.54,617.31,206.76,1314.17,4,1,287,49.5,0.4,0.2,INACTIVE,82.43,VALIDATION
cust-08202,m-038,7,4,465.56,116.39,103.23,129.55,2,1,307,100.0,0.25,0.0,REGULAR,1.7,VALIDATION
cust-08203,m-040,30,7,2260.12,322.87,51.55,1148.24,4,1,335,50.8,0.143,0.571,REGULAR,6.7,TEST
cust-08204,m-008,55,8,9871.93,1233.99,266.13,2774.3,7,1,266,30.1,0.125,0.5,AT_RISK,52.8,TRAIN
cust-08205,m-020,140,11,769.63,69.97,33.64,134.48,9,1,347,20.7,0.364,0.364,INACTIVE,100.0,TEST
cust-08206,m-023,53,7,1851.38,264.48,104.64,557.94,4,1,302,41.5,0.286,0.286,AT_RISK,30.37,TRAIN
cust-08207,m-026,316,2,237.77,118.88,70.55,167.22,2,1,318,2.0,0.0,0.0,INACTIVE,100.0,TEST
cust-08208,m-046,6,10,2791.81,279.18,22.76,890.86,9,1,314,34.2,0.4,0.6,REGULAR,1.43,TRAIN
cust-08209,m-005,20,5,997.17,199.43,42.51,632.0,4,1,265,61.2,0.2,0.0,REGULAR,5.64,TRAIN
cust-08210,m-047,31,10,826.02,82.6,30.31,159.74,6,1,349,35.3,0.4,0.2,AT_RISK,6.64,TRAIN
cust-08211,m-002,34,7,9586.18,1369.45,237.28,2972.2,5,1,364,55.0,0.571,0.714,AT_RISK,6.99,VALIDATION
cust-08212,m-043,18,8,4627.18,578.4,269.88,900.25,5,1,318,42.9,0.25,0.25,REGULAR,4.23,TRAIN
cust-08213,m-001,15,14,1617.95,115.57,35.57,249.66,9,1,350,25.8,0.214,0.429,REGULAR,3.21,TRAIN
cust-08214,m-015,152,6,602.6,100.43,50.76,180.21,5,1,318,33.2,0.167,0.5,INACTIVE,100.0,TRAIN
cust-08215,m-030,16,12,2686.2,223.85,27.38,582.84,6,1,357,31.0,0.083,0.5,REGULAR,3.35,TRAIN
cust-08216,m-025,3,9,9190.08,1021.12,391.84,2224.07,5,1,276,34.1,0.0,0.333,REGULAR,0.81,TRAIN
cust-08217,m-010,29,10,1240.39,124.04,43.92,580.56,7,1,311,31.3,0.4,0.5,REGULAR,6.97,TRAIN
cust-08218,m-042,53,8,706.72,88.34,30.27,237.72,7,1,277,32.0,0.75,0.25,AT_RISK,45.8,TRAIN
cust-08220,m-044,2,5,2137.67,427.53,58.37,1190.6,4,1,256,63.5,0.4,0.4,REGULAR,0.58,TRAIN
cust-08221,m-031,7,7,872.34,124.62,82.32,269.02,6,1,321,52.3,0.286,0.0,REGULAR,1.63,TEST
cust-08222,m-014,11,9,11650.73,1294.53,265.14,2109.87,6,1,201,23.8,0.444,0.333,REGULAR,4.08,TRAIN
cust-08223,m-045,158,5,586.69,117.34,87.4,162.87,4,1,330,43.0,0.4,0.2,INACTIVE,100.0,TRAIN
cust-08224,m-002,40,3,4259.72,1419.91,426.03,2348.26,3,1,333,146.5,0.667,0.667,NEW,8.98,TRAIN
cust-08225,m-039,35,10,1683.94,168.39,88.81,263.1,4,1,327,32.4,0.5,0.1,AT_RISK,11.9,TRAIN
cust-08226,m-024,45,8,1824.31,228.04,35.32,714.03,7,1,359,44.9,0.125,0.25,AT_RISK,9.53,VALIDATION
cust-08227,m-024,0,8,2280.91,285.11,70.64,874.62,6,1,331,47.3,0.125,0.5,REGULAR,0.0,TRAIN
cust-08228,m-019,35,17,2987.0,175.71,33.58,625.36,9,1,362,20.4,0.353,0.471,AT_RISK,29.13,TRAIN
cust-08229,m-004,128,5,6202.45,1240.49,687.11,1789.15,5,1,333,51.2,0.4,0.2,INACTIVE,100.0,TRAIN
cust-08230,m-003,2,13,4499.96,346.15,57.37,1227.87,6,1,354,29.3,0.462,0.308,REGULAR,0.42,VALIDATION
cust-08232,m-034,35,11,673.76,61.25,32.97,100.43,8,1,354,31.9,0.364,0.0,AT_RISK,12.04,TRAIN
cust-08233,m-029,18,8,2974.5,371.81,24.87,1408.8,7,1,330,44.6,0.375,0.375,REGULAR,4.08,TRAIN
cust-08234,m-029,114,8,1448.95,181.12,44.48,469.6,7,1,322,29.7,0.375,0.25,INACTIVE,100.0,VALIDATION
cust-08235,m-022,31,10,15931.94,1593.19,410.45,4174.73,6,1,313,31.3,0.3,0.4,AT_RISK,7.4,TRAIN
cust-08236,m-042,162,5,297.46,59.49,31.7,126.8,3,1,350,47.0,0.2,0.4,INACTIVE,100.0,TEST
cust-08237,m-035,14,5,6664.04,1332.81,390.48,2412.27,5,1,299,71.2,0.6,0.2,REGULAR,3.5,VALIDATION
cust-08238,m-014,6,14,12406.61,886.19,265.14,1579.66,7,1,345,26.1,0.286,0.143,REGULAR,1.3,TRAIN
cust-08239,m-026,15,6,451.23,75.2,28.65,164.04,5,1,357,68.4,0.333,0.333,REGULAR,3.14,TEST
cust-08240,m-016,75,6,2511.54,418.59,75.51,1184.28,5,1,242,33.4,0.333,0.167,INACTIVE,85.55,VALIDATION
cust-08241,m-009,16,10,1385.87,138.59,30.99,376.5,8,1,344,36.4,0.3,0.3,REGULAR,3.48,TRAIN
cust-08242,m-035,66,11,10386.57,944.23,390.48,1635.59,7,1,357,29.1,0.273,0.455,INACTIVE,69.18,TRAIN
cust-08243,m-001,0,23,2545.06,110.65,35.19,249.66,13,1,364,16.5,0.304,0.304,LOYAL,0.0,TRAIN
cust-08244,m-016,11,6,1088.58,181.43,113.49,445.18,3,1,331,64.0,0.333,0.5,REGULAR,2.48,TRAIN
cust-08245,m-040,67,8,4092.98,511.62,51.55,1205.13,5,1,364,42.4,0.5,0.125,INACTIVE,50.67,VALIDATION
cust-08246,m-023,16,8,3988.16,498.52,34.83,2340.96,7,1,308,41.7,0.375,0.125,REGULAR,3.88,TEST
cust-08247,m-026,157,6,830.74,138.46,69.9,246.06,5,1,327,34.0,0.5,0.167,INACTIVE,100.0,TRAIN
cust-08248,m-038,6,8,1392.6,174.08,42.2,365.65,5,1,332,46.6,0.125,0.625,REGULAR,1.35,TEST
cust-08249,m-010,33,5,424.11,84.82,31.82,132.87,4,1,303,67.5,0.4,0.4,AT_RISK,8.14,TRAIN
cust-08250,m-028,61,5,2127.21,425.44,60.46,1466.46,5,1,331,67.5,0.4,0.2,INACTIVE,13.78,TEST
cust-08251,m-047,109,7,454.05,64.86,30.31,172.26,7,1,332,37.2,0.429,0.143,INACTIVE,100.0,TRAIN
cust-08252,m-023,3,8,3762.26,470.28,26.95,1755.72,7,1,314,44.4,0.5,0.125,REGULAR,0.71,TRAIN
cust-08253,m-025,216,3,2698.99,899.66,727.9,1009.97,3,1,292,38.0,0.333,0.0,INACTIVE,100.0,TEST
cust-08254,m-014,49,9,8609.56,956.62,265.14,1579.66,5,1,358,38.6,0.222,0.111,AT_RISK,25.84,TRAIN
cust-08255,m-039,55,8,1098.84,137.36,88.81,263.1,4,1,337,40.3,0.25,0.375,AT_RISK,34.25,TEST
cust-08256,m-036,22,9,954.46,106.05,30.39,361.38,7,1,325,37.9,0.222,0.444,REGULAR,5.06,TRAIN
cust-08257,m-047,133,8,726.99,90.87,30.31,239.61,7,1,345,30.3,0.0,0.125,INACTIVE,100.0,TRAIN
cust-08258,m-042,1,6,805.44,134.24,30.27,229.86,6,1,267,53.2,0.333,0.333,REGULAR,0.28,TEST
cust-08259,m-022,22,6,8340.0,1390.0,695.1,4174.73,4,1,336,62.8,0.0,0.167,REGULAR,4.9,TRAIN
cust-08261,m-046,36,10,1653.86,165.39,34.98,536.88,6,1,304,29.8,0.2,0.2,AT_RISK,18.15,TEST
cust-08262,m-042,61,11,1172.97,106.63,43.16,336.66,8,1,357,29.6,0.545,0.273,INACTIVE,59.88,TRAIN
cust-08263,m-026,36,7,848.7,121.24,36.07,479.36,6,1,304,44.7,0.286,0.286,AT_RISK,8.85,TEST
cust-08264,m-032,13,7,5618.74,802.68,333.71,1037.24,5,1,337,54.0,0.0,0.0,REGULAR,2.88,TRAIN
cust-08265,m-006,334,1,87.62,87.62,87.62,87.62,1,1,334,334.0,1.0,0.0,INACTIVE,74.78,TRAIN
cust-08266,m-033,16,3,4173.37,1391.12,794.69,2575.37,3,1,284,134.0,0.667,0.0,NEW,4.21,VALIDATION
cust-08267,m-024,42,10,3096.72,309.67,47.9,874.62,7,1,314,30.2,0.2,0.2,AT_RISK,27.7,TRAIN
cust-08268,m-017,11,8,1339.4,167.42,29.94,563.22,6,1,362,50.1,0.375,0.25,REGULAR,2.27,TRAIN
cust-08269,m-045,21,10,924.5,92.45,39.71,233.62,7,1,228,23.0,0.2,0.1,REGULAR,6.88,TEST
cust-08271,m-017,3,8,2543.44,317.93,29.94,563.22,5,1,299,42.3,0.375,0.375,REGULAR,0.75,TRAIN
cust-08272,m-046,64,7,1040.44,148.63,34.98,298.31,5,1,276,35.3,0.286,0.571,INACTIVE,60.38,TEST
cust-08273,m-015,20,3,285.03,95.01,42.0,191.32,3,1,295,137.5,0.333,0.667,NEW,5.07,VALIDATION
cust-08274,m-030,44,9,1584.0,176.0,43.79,511.8,6,1,323,34.9,0.444,0.111,AT_RISK,23.84,TEST
cust-08275,m-032,10,6,4960.16,826.69,333.71,1743.56,5,1,315,61.0,0.333,0.333,REGULAR,2.37,TEST
cust-08276,m-046,10,12,3141.82,261.82,22.76,1446.26,8,1,362,32.0,0.5,0.417,REGULAR,2.07,TRAIN
cust-08277,m-039,36,15,2135.21,142.35,88.81,263.1,5,1,352,22.6,0.4,0.267,AT_RISK,27.75,TRAIN
cust-08278,m-033,16,5,3618.41,723.68,348.67,835.87,4,1,233,54.2,0.0,0.0,REGULAR,5.13,TEST
cust-08279,m-020,63,8,806.8,100.85,38.28,232.54,7,1,242,25.6,0.375,0.25,INACTIVE,75.54,TRAIN
cust-08280,m-030,13,17,7515.96,442.12,43.79,1535.4,7,1,334,20.1,0.353,0.059,LOYAL,2.91,TRAIN
cust-08281,m-023,140,12,2290.82,190.9,26.95,506.94,7,1,360,20.0,0.083,0.25,INACTIVE,100.0,TRAIN
cust-08282,m-029,7,5,809.25,161.85,24.87,300.64,4,1,246,59.8,0.2,0.6,REGULAR,2.13,TRAIN
cust-08284,m-029,10,7,2631.38,375.91,62.52,901.92,5,1,278,44.7,0.857,0.429,REGULAR,2.69,TRAIN
cust-08285,m-031,27,10,777.89,77.79,30.71,266.4,8,1,299,30.2,0.5,0.4,REGULAR,6.75,TRAIN
cust-08286,m-040,8,10,3657.69,365.77,32.37,909.0,6,1,361,39.2,0.5,0.3,REGULAR,1.66,TEST
cust-08288,m-022,10,11,15669.13,1424.47,410.45,4174.73,7,1,355,34.5,0.364,0.364,REGULAR,2.11,TRAIN
cust-08289,m-024,37,5,1477.35,295.47,54.88,693.64,5,1,263,56.5,0.2,0.2,AT_RISK,10.51,TRAIN
cust-08290,m-026,29,6,862.54,143.76,48.83,359.52,5,1,362,66.6,0.5,0.333,REGULAR,5.99,TRAIN
cust-08291,m-020,0,10,1492.21,149.22,33.64,245.7,10,1,342,38.0,0.4,0.4,REGULAR,0.0,TRAIN
cust-08292,m-027,33,4,561.42,140.36,27.71,225.78,4,1,311,92.7,0.5,0.25,AT_RISK,7.93,VALIDATION
cust-08293,m-042,23,8,812.26,101.53,30.27,237.72,7,1,299,39.4,0.5,0.5,REGULAR,5.75,TRAIN
cust-08294,m-031,54,7,735.67,105.1,41.16,177.6,6,1,346,48.7,0.429,0.429,AT_RISK,19.62,TRAIN
cust-08295,m-020,48,13,1580.55,121.58,43.93,363.66,8,1,288,20.0,0.231,0.385,AT_RISK,54.46,TRAIN
cust-08296,m-018,62,10,801.07,80.11,36.75,142.42,9,1,345,31.4,0.4,0.4,INACTIVE,59.34,TRAIN
cust-08297,m-023,71,6,832.16,138.69,26.95,380.43,4,1,327,51.2,0.333,0.5,INACTIVE,45.93,TRAIN
cust-08298,m-025,95,6,5968.96,994.83,391.84,2224.07,6,1,335,48.0,0.5,0.0,INACTIVE,91.71,VALIDATION
cust-08299,m-022,31,7,7558.42,1079.77,410.45,1444.79,5,1,354,53.8,0.429,0.286,AT_RISK,6.55,TRAIN
cust-08300,m-033,8,7,10338.77,1476.97,348.67,2575.37,5,1,340,55.3,0.571,0.714,REGULAR,1.76,TRAIN
cust-08301,m-022,61,12,13640.98,1136.75,410.45,4174.73,7,1,332,24.6,0.417,0.333,INACTIVE,68.34,TRAIN
cust-08302,m-044,103,5,848.86,169.77,26.36,374.4,4,1,215,28.0,0.4,0.4,INACTIVE,100.0,TEST
cust-08303,m-017,72,6,1031.4,171.9,29.94,315.12,5,1,338,53.2,0.0,0.833,INACTIVE,44.13,TRAIN
cust-08304,m-043,6,6,4182.4,697.07,411.29,900.25,3,1,360,70.8,0.167,0.333,REGULAR,1.25,TRAIN
cust-08305,m-029,30,11,3207.87,291.62,24.87,713.92,8,1,340,31.0,0.455,0.455,REGULAR,6.6,TRAIN
cust-08306,m-047,28,7,490.65,70.09,36.72,133.63,5,1,301,45.5,0.286,0.286,REGULAR,6.95,VALIDATION
cust-08307,m-018,28,12,959.59,79.97,36.75,140.19,7,1,334,27.8,0.5,0.417,REGULAR,6.57,TRAIN
cust-08308,m-038,95,9,1914.43,212.71,42.2,365.65,4,1,364,33.6,0.444,0.444,INACTIVE,100.0,TEST
cust-08309,m-020,12,15,2364.54,157.64,38.28,372.88,9,1,354,24.4,0.6,0.4,LOYAL,2.54,TRAIN
cust-08311,m-034,4,5,701.29,140.26,41.79,293.12,4,1,250,61.5,0.6,0.6,REGULAR,1.2,TRAIN
cust-08312,m-035,20,13,12258.65,942.97,390.48,2412.27,6,1,288,22.3,0.154,0.231,REGULAR,5.19,TEST
cust-08313,m-011,12,10,1496.71,149.67,42.92,278.28,6,1,351,37.7,0.4,0.6,REGULAR,2.56,TRAIN
cust-08314,m-029,0,8,1694.36,211.8,24.87,467.38,6,1,333,47.6,0.5,0.25,REGULAR,0.0,VALIDATION
cust-08315,m-027,215,6,1737.57,289.59,32.87,833.14,5,1,339,24.8,0.333,0.5,INACTIVE,100.0,TEST
cust-08316,m-031,64,6,499.76,83.29,30.71,175.65,5,1,332,53.6,0.0,0.333,INACTIVE,30.01,TRAIN
cust-08317,m-019,4,16,1649.16,103.07,30.62,366.2,9,1,340,22.4,0.562,0.125,LOYAL,0.88,TRAIN
cust-08318,m-008,6,7,8472.32,1210.33,266.13,2774.3,6,1,341,55.8,0.286,0.714,REGULAR,1.32,TRAIN
cust-08320,m-037,32,11,1562.37,142.03,31.54,283.5,8,1,356,32.4,0.364,0.273,AT_RISK,6.72,TRAIN
cust-08321,m-005,41,9,1681.21,186.8,25.41,418.86,7,1,291,31.2,0.111,0.222,AT_RISK,25.23,TRAIN
cust-08322,m-041,77,11,4311.8,391.98,54.85,1086.46,8,1,354,27.7,0.182,0.273,INACTIVE,90.22,TEST
cust-08323,m-029,14,14,4602.29,328.74,62.52,939.2,8,1,350,25.8,0.357,0.357,REGULAR,2.99,VALIDATION
cust-08324,m-041,109,5,1080.88,216.18,82.06,433.1,4,1,351,60.5,0.6,0.0,INACTIVE,95.97,TRAIN
cust-08325,m-010,26,6,557.65,92.94,31.82,127.18,6,1,306,56.0,0.5,0.167,REGULAR,6.35,TEST
cust-08326,m-021,291,4,1123.62,280.9,44.5,664.56,4,1,344,17.7,0.5,0.5,INACTIVE,100.0,TRAIN
cust-08327,m-019,11,12,1547.08,128.92,33.58,469.02,9,1,323,28.4,0.5,0.583,REGULAR,2.55,TRAIN
cust-08328,m-018,5,11,993.94,90.36,36.75,284.86,9,1,352,34.7,0.364,0.455,REGULAR,1.06,TEST
cust-08329,m-034,28,9,936.32,104.04,26.72,200.86,6,1,322,36.8,0.111,0.222,REGULAR,6.5,TRAIN
cust-08330,m-006,79,4,397.84,99.46,85.78,112.22,3,1,189,36.7,0.0,0.0,INACTIVE,94.63,TEST
cust-08331,m-028,124,11,3183.6,289.42,57.08,765.18,7,1,356,23.2,0.273,0.364,INACTIVE,100.0,TRAIN
cust-08332,m-008,13,5,31577.16,6315.43,266.13,27593.7,4,1,352,84.8,0.0,0.2,REGULAR,2.76,TRAIN
cust-08333,m-036,80,9,1463.15,162.57,30.39,557.37,8,1,344,33.0,0.0,0.444,INACTIVE,87.89,VALIDATION
cust-08334,m-001,25,13,1214.42,93.42,35.19,226.36,8,1,358,27.8,0.538,0.231,REGULAR,5.22,TRAIN
cust-08335,m-006,112,6,891.52,148.59,85.78,310.45,5,1,360,49.6,0.0,0.5,INACTIVE,100.0,TRAIN
cust-08336,m-021,2,10,3439.76,343.98,39.92,787.14,6,1,320,35.3,0.6,0.6,REGULAR,0.47,VALIDATION
cust-08337,m-037,21,15,1462.76,97.52,31.54,329.4,11,1,339,22.7,0.2,0.733,REGULAR,4.63,TRAIN
cust-08338,m-024,12,8,2484.79,310.6,47.9,876.6,5,1,335,46.1,0.25,0.25,REGULAR,2.68,VALIDATION
cust-08339,m-012,29,10,4197.35,419.74,82.22,1195.83,5,1,361,36.9,0.4,0.4,REGULAR,6.01,TRAIN
cust-08340,m-025,15,7,5764.83,823.55,391.84,1009.97,5,1,324,51.5,0.143,0.286,REGULAR,3.46,TRAIN
cust-08341,m-044,47,7,3995.42,570.77,26.36,1190.6,6,1,351,50.7,0.286,0.286,AT_RISK,10.01,TRAIN
cust-08342,m-020,17,10,1903.85,190.38,33.64,545.49,7,1,359,38.0,0.1,0.6,REGULAR,3.54,TEST
cust-08343,m-002,33,5,5087.67,1017.53,401.92,2348.26,4,1,181,37.0,0.4,0.2,AT_RISK,13.6,TRAIN
cust-08344,m-037,4,13,1877.9,144.45,67.0,378.0,7,1,353,29.1,0.308,0.385,REGULAR,0.85,TRAIN
cust-08345,m-038,1,7,4303.68,614.81,42.2,3509.82,5,1,312,51.8,0.143,0.286,REGULAR,0.24,TEST
cust-08346,m-040,10,19,4560.74,240.04,32.37,681.75,7,1,364,19.7,0.263,0.263,LOYAL,2.05,TRAIN
cust-08347,m-028,19,9,2485.24,276.14,60.46,733.82,6,1,331,39.0,0.222,0.333,REGULAR,4.29,TRAIN
cust-08348,m-038,18,5,857.53,171.51,103.23,365.65,3,1,335,79.2,0.6,0.2,REGULAR,4.02,TRAIN
cust-08349,m-002,43,13,10230.03,786.93,237.28,2348.26,7,1,340,24.8,0.308,0.462,AT_RISK,36.76,TRAIN
cust-08350,m-038,33,8,1559.87,194.98,42.2,365.65,4,1,309,39.4,0.625,0.5,AT_RISK,7.98,TRAIN
cust-08351,m-023,22,7,1476.83,210.98,55.92,585.24,6,1,291,44.8,0.286,0.429,REGULAR,5.65,TRAIN
cust-08352,m-047,22,4,441.49,110.37,30.31,267.26,4,1,319,99.0,0.5,0.75,REGULAR,5.16,TRAIN
cust-08353,m-047,135,9,894.37,99.37,31.12,239.61,6,1,349,26.8,0.111,0.556,INACTIVE,100.0,TRAIN
cust-08354,m-034,352,1,41.79,41.79,41.79,41.79,1,1,352,352.0,0.0,0.0,INACTIVE,74.79,TEST
cust-08355,m-016,5,6,1572.17,262.03,113.49,445.18,3,1,358,70.6,0.5,0.5,REGULAR,1.04,TRAIN
cust-08356,m-007,35,4,7352.03,1838.01,1139.08,2427.55,3,1,304,89.7,0.25,0.5,AT_RISK,8.61,VALIDATION
cust-08357,m-041,101,4,301.0,75.25,54.58,109.7,2,1,279,59.3,0.25,0.5,INACTIVE,89.6,TRAIN
cust-08358,m-031,52,9,581.73,64.64,41.16,114.12,5,1,331,34.9,0.444,0.333,AT_RISK,37.4,TRAIN
cust-08359,m-004,342,1,687.11,687.11,687.11,687.11,1,1,342,342.0,0.0,1.0,INACTIVE,74.78,TRAIN
cust-08360,m-042,140,11,959.52,87.23,30.27,237.72,9,1,334,19.4,0.182,0.182,INACTIVE,100.0,TRAIN
cust-08361,m-037,19,5,364.59,72.92,44.95,164.7,4,1,277,64.5,0.4,0.2,REGULAR,5.13,TRAIN
cust-08362,m-002,15,7,9980.49,1425.78,237.28,2972.2,5,1,356,56.8,0.143,0.571,REGULAR,3.15,TRAIN
cust-08363,m-022,20,9,14511.92,1612.44,410.45,4174.73,5,1,343,40.4,0.222,0.333,REGULAR,4.36,TRAIN
cust-08364,m-019,57,9,774.39,86.04,30.62,166.5,7,1,359,37.8,0.333,0.667,AT_RISK,40.68,TRAIN
cust-08365,m-018,14,4,582.36,145.59,46.73,324.66,4,1,286,90.7,0.25,0.5,REGULAR,3.66,TRAIN
cust-08366,m-027,2,8,4567.75,570.97,32.87,1163.0,5,1,360,51.1,0.25,0.125,REGULAR,0.42,TRAIN
cust-08367,m-002,45,8,5358.75,669.84,377.97,1485.43,4,1,310,37.9,0.0,0.75,AT_RISK,21.5,VALIDATION
cust-08368,m-044,13,8,1517.45,189.68,26.36,320.33,6,1,259,35.1,0.5,0.25,REGULAR,3.75,TEST
cust-08369,m-020,21,7,1679.63,239.95,46.22,727.32,5,1,268,41.2,0.571,0.429,REGULAR,5.86,TRAIN
cust-08370,m-045,51,10,1019.73,101.97,36.65,189.3,6,1,305,28.2,0.5,0.2,AT_RISK,46.7,TRAIN
cust-08371,m-047,1,10,617.04,61.7,30.31,110.16,5,1,360,39.9,0.1,0.2,REGULAR,0.21,TRAIN
cust-08372,m-029,52,7,1497.89,213.98,24.87,713.92,6,1,359,51.2,0.429,0.0,AT_RISK,12.03,TRAIN
cust-08373,m-024,20,9,2774.13,308.24,54.88,714.03,5,1,351,41.4,0.111,0.667,REGULAR,4.26,VALIDATION
cust-08375,m-044,33,7,2496.52,356.65,38.7,1190.6,6,1,336,50.5,0.286,0.571,AT_RISK,7.34,TRAIN
cust-08376,m-022,34,11,12969.75,1179.07,712.53,4174.73,5,1,328,29.4,0.273,0.364,AT_RISK,14.65,TRAIN
cust-08377,m-045,28,11,1616.62,146.97,39.71,325.74,8,1,312,28.4,0.545,0.273,REGULAR,6.71,TRAIN
cust-08378,m-033,41,7,5337.89,762.56,539.82,928.47,4,1,257,36.0,0.429,0.429,AT_RISK,19.42,TRAIN
cust-08379,m-041,12,10,4178.88,417.89,30.43,1167.6,6,1,339,36.3,0.7,0.5,REGULAR,2.65,TRAIN
cust-08380,m-013,41,9,8074.67,897.19,271.73,2897.77,6,1,275,29.2,0.111,0.111,AT_RISK,28.84,TRAIN
cust-08381,m-010,4,10,1018.38,101.84,31.82,215.76,8,1,341,37.4,0.4,0.4,REGULAR,0.88,TRAIN
cust-08382,m-045,143,3,599.5,199.83,109.95,283.95,3,1,213,35.0,0.333,0.0,INACTIVE,100.0,VALIDATION
cust-08383,m-017,36,6,1010.63,168.44,29.94,563.22,5,1,315,55.8,0.333,0.333,AT_RISK,8.54,TEST
cust-08384,m-047,53,13,1051.8,80.91,30.31,267.26,9,1,341,24.0,0.385,0.385,AT_RISK,55.12,VALIDATION
cust-08385,m-004,40,8,13691.66,1711.46,687.11,3021.37,4,1,287,35.3,0.25,0.25,AT_RISK,17.47,VALIDATION
cust-08386,m-003,19,8,3578.39,447.3,32.96,938.52,6,1,306,41.0,0.5,0.375,REGULAR,4.64,TRAIN
cust-08387,m-043,3,12,10733.11,894.43,269.88,2567.7,7,1,350,31.5,0.333,0.167,REGULAR,0.64,VALIDATION
cust-08388,m-017,24,10,3296.48,329.65,59.73,1126.44,5,1,332,34.2,0.1,0.1,REGULAR,5.41,TRAIN
cust-08389,m-021,35,9,2448.11,272.01,39.92,787.14,6,1,338,37.9,0.222,0.222,AT_RISK,7.74,TRAIN
cust-08390,m-024,28,10,4106.38,410.64,35.32,2142.09,8,1,352,36.0,0.0,0.4,REGULAR,5.95,TRAIN
cust-08391,m-046,9,6,2798.61,466.44,22.76,1193.24,4,1,269,52.0,0.333,0.5,REGULAR,2.5,VALIDATION
cust-08392,m-013,1,5,5161.85,1032.37,271.73,2897.77,4,1,197,49.0,0.2,0.0,REGULAR,0.38,VALIDATION
cust-08393,m-007,12,14,16478.05,1177.0,206.76,2427.55,8,1,349,25.9,0.429,0.357,REGULAR,2.57,TEST
cust-08394,m-015,30,8,561.31,70.16,42.0,109.29,7,1,361,47.3,0.25,0.375,REGULAR,6.22,TRAIN
cust-08395,m-022,22,12,17142.67,1428.56,410.45,4174.73,5,1,340,28.9,0.417,0.25,REGULAR,4.84,TRAIN
cust-08396,m-027,187,3,1270.56,423.52,416.57,437.42,2,1,243,28.0,0.667,0.333,INACTIVE,100.0,TRAIN
cust-08397,m-005,24,9,1766.38,196.26,54.06,494.82,7,1,322,37.2,0.222,0.333,REGULAR,5.57,TRAIN
cust-08398,m-027,98,7,3052.85,436.12,32.87,1249.71,5,1,354,42.7,0.286,0.286,INACTIVE,100.0,VALIDATION
cust-08399,m-025,260,3,3734.58,1244.86,685.18,2088.28,3,1,343,41.5,0.333,0.667,INACTIVE,100.0,VALIDATION
cust-08400,m-042,64,8,679.74,84.97,31.7,201.56,6,1,295,33.0,0.125,0.5,INACTIVE,62.72,TRAIN
cust-08401,m-020,120,5,941.3,188.26,45.56,537.92,4,1,334,53.5,0.2,0.4,INACTIVE,100.0,TRAIN
cust-08402,m-032,131,9,12244.08,1360.45,333.71,2083.19,6,1,348,27.1,0.556,0.333,INACTIVE,100.0,TRAIN
cust-08403,m-044,60,10,3999.32,399.93,38.7,1204.56,8,1,332,30.2,0.3,0.5,AT_RISK,58.21,TEST
cust-08404,m-040,17,10,4151.52,415.15,97.11,803.42,7,1,318,33.4,0.3,0.6,REGULAR,4.0,TRAIN
cust-08405,m-026,65,6,382.74,63.79,28.65,90.63,5,1,276,42.2,0.333,0.333,INACTIVE,51.8,TRAIN
cust-08406,m-045,65,11,1748.09,158.92,36.65,378.6,8,1,325,26.0,0.364,0.182,INACTIVE,73.45,TRAIN
cust-08407,m-024,10,11,2922.47,265.68,23.95,657.45,6,1,325,31.5,0.364,0.364,REGULAR,2.3,TRAIN
cust-08409,m-038,15,7,1316.28,188.04,103.23,365.65,3,1,299,47.3,0.286,0.429,REGULAR,3.75,TEST
cust-08410,m-017,12,5,2339.98,468.0,59.88,1689.66,5,1,339,81.8,0.6,0.6,REGULAR,2.65,TRAIN
cust-08411,m-013,71,8,14665.53,1833.19,861.11,2897.77,5,1,343,38.9,0.375,0.375,INACTIVE,63.63,TRAIN
cust-08412,m-042,8,7,1007.66,143.95,44.49,297.88,5,1,256,41.3,0.429,0.571,REGULAR,2.33,TRAIN
cust-08413,m-010,102,5,505.61,101.12,27.0,193.52,4,1,264,40.5,0.4,0.4,INACTIVE,100.0,TRAIN
cust-08415,m-020,26,13,1114.14,85.7,33.64,186.44,10,1,364,28.2,0.308,0.154,REGULAR,5.34,VALIDATION
cust-08416,m-007,6,6,8327.3,1387.88,730.8,2427.55,5,1,334,65.6,0.667,0.667,REGULAR,1.34,TRAIN
cust-08417,m-004,60,7,10072.77,1438.97,687.11,3021.37,6,1,362,50.3,0.571,0.286,AT_RISK,26.95,TRAIN
cust-08418,m-001,31,11,1100.43,100.04,35.19,261.24,10,1,359,32.8,0.545,0.455,AT_RISK,6.46,TRAIN
cust-08419,m-020,21,8,1205.39,150.67,33.64,537.92,6,1,234,30.4,0.25,0.5,REGULAR,6.7,TRAIN
cust-08420,m-044,39,8,3012.01,376.5,38.7,960.99,6,1,349,44.3,0.375,0.25,AT_RISK,8.36,TRAIN
cust-08422,m-004,75,5,7079.57,1415.91,732.09,3021.37,4,1,324,62.2,0.4,0.0,INACTIVE,36.51,TRAIN
cust-08423,m-038,5,8,1628.7,203.59,42.2,365.65,4,1,310,43.6,0.25,0.375,REGULAR,1.21,TRAIN
cust-08424,m-038,196,4,709.46,177.36,42.2,365.65,4,1,338,47.3,0.0,0.75,INACTIVE,100.0,VALIDATION
cust-08425,m-023,11,4,1875.07,468.77,148.54,760.86,3,1,244,77.7,0.25,0.75,REGULAR,3.37,TRAIN
cust-08426,m-025,6,12,12911.56,1075.96,391.84,2224.07,8,1,336,30.0,0.083,0.25,REGULAR,1.34,TEST
cust-08427,m-037,39,6,706.62,117.77,64.82,164.7,4,1,255,43.2,0.167,0.5,AT_RISK,11.43,TRAIN
cust-08428,m-040,83,12,4291.51,357.63,75.05,1148.24,6,1,362,25.4,0.25,0.417,INACTIVE,100.0,TEST
cust-08429,m-012,17,11,3781.85,343.8,82.22,797.22,6,1,325,30.8,0.455,0.636,REGULAR,3.91,TRAIN
cust-08430,m-047,70,14,1665.69,118.98,30.31,287.7,9,1,357,22.1,0.571,0.5,INACTIVE,86.51,TEST
cust-08431,m-042,30,11,1264.15,114.92,43.16,336.66,6,1,355,32.5,0.545,0.455,REGULAR,6.32,TEST
cust-08432,m-014,131,6,4019.53,669.92,265.14,1446.92,5,1,342,42.2,0.167,0.333,INACTIVE,100.0,TRAIN
cust-08433,m-031,18,8,1142.44,142.8,41.16,437.85,7,1,354,48.0,0.5,0.25,REGULAR,3.8,VALIDATION
cust-08434,m-032,25,6,5903.97,983.99,333.71,1743.56,6,1,319,58.8,0.667,0.0,REGULAR,5.86,TRAIN
cust-08435,m-008,77,9,12350.28,1372.25,266.13,1942.06,6,1,320,30.4,0.444,0.333,INACTIVE,87.89,TRAIN
cust-08436,m-038,178,4,796.81,199.2,129.55,365.65,3,1,339,53.7,0.25,0.25,INACTIVE,100.0,VALIDATION
cust-08437,m-026,24,8,930.56,116.32,48.83,231.66,7,1,362,48.3,0.375,0.5,REGULAR,4.96,TRAIN
cust-08438,m-012,88,6,3357.12,559.52,160.3,1548.86,4,1,326,47.6,0.333,0.167,INACTIVE,80.78,TEST
cust-08439,m-025,80,5,3782.14,756.43,391.84,1009.97,3,1,280,50.0,0.4,0.6,INACTIVE,66.35,TRAIN
cust-08440,m-036,145,6,682.96,113.83,77.29,185.79,5,1,358,42.6,0.5,0.167,INACTIVE,100.0,TEST
cust-08441,m-042,176,2,149.33,74.66,31.7,117.63,2,1,208,32.0,0.5,0.0,INACTIVE,100.0,TRAIN
cust-08442,m-041,7,6,1592.39,265.4,27.29,613.4,5,1,258,50.2,0.167,0.5,REGULAR,2.03,TRAIN
cust-08444,m-029,16,5,851.57,170.31,24.87,421.22,3,1,344,82.0,0.2,0.4,REGULAR,3.48,TRAIN
cust-08445,m-020,81,6,839.82,139.97,45.56,279.66,3,1,330,49.8,0.667,0.5,INACTIVE,65.15,TRAIN
cust-08446,m-034,60,11,1496.55,136.05,41.79,200.86,6,1,347,28.7,0.273,0.364,AT_RISK,59.88,TRAIN
cust-08447,m-029,120,6,1874.67,312.44,145.13,713.92,5,1,295,35.0,0.167,0.833,INACTIVE,100.0,VALIDATION
cust-08448,m-027,30,5,805.75,161.15,65.74,437.42,4,1,273,60.8,0.2,0.0,REGULAR,8.21,TRAIN
cust-08449,m-016,23,9,2171.37,241.26,75.51,445.18,5,1,343,40.0,0.0,0.333,REGULAR,5.01,TEST
cust-08450,m-007,6,8,7463.99,933.0,206.76,2427.55,7,1,319,44.7,0.375,0.375,REGULAR,1.41,TEST
cust-08451,m-022,70,3,3545.86,1181.95,903.03,1444.79,3,1,251,90.5,0.0,0.333,INACTIVE,20.83,VALIDATION
cust-08452,m-030,49,8,1126.22,140.78,43.79,376.1,5,1,330,40.1,0.5,0.375,AT_RISK,24.45,TEST
cust-08453,m-029,27,14,5417.55,386.97,24.87,1408.8,9,1,315,22.2,0.429,0.429,REGULAR,13.61,TRAIN
cust-08454,m-014,32,7,6703.38,957.63,265.14,2109.87,6,1,301,44.8,0.143,0.714,AT_RISK,7.95,VALIDATION
cust-08455,m-007,0,11,10487.59,953.42,206.76,1357.85,6,1,327,32.7,0.455,0.182,REGULAR,0.0,TRAIN
cust-08456,m-041,40,5,1726.29,345.26,27.29,1429.76,4,1,331,72.8,0.2,0.0,AT_RISK,9.04,TRAIN
cust-08457,m-045,133,6,552.22,92.04,36.65,236.76,5,1,277,28.8,0.167,0.167,INACTIVE,100.0,TRAIN
cust-08458,m-041,119,5,544.1,108.82,54.85,216.55,5,1,353,58.5,0.0,0.4,INACTIVE,100.0,TRAIN
cust-08459,m-041,62,5,997.45,199.49,60.86,305.17,4,1,358,74.0,0.0,0.6,INACTIVE,12.95,VALIDATION
cust-08460,m-010,30,8,1042.81,130.35,27.0,351.8,6,1,331,43.0,0.25,0.25,REGULAR,6.78,TRAIN
cust-08461,m-009,6,7,954.8,136.4,51.51,418.52,6,1,306,50.0,0.143,0.429,REGULAR,1.47,TRAIN
cust-08462,m-001,5,6,503.45,83.91,36.39,142.3,5,1,264,51.8,0.5,0.667,REGULAR,1.42,TRAIN
cust-08463,m-025,90,3,5322.32,1774.11,1009.97,2224.07,3,1,196,53.0,0.0,0.667,INACTIVE,89.76,TRAIN
cust-08464,m-018,86,10,929.44,92.94,36.32,188.22,7,1,357,30.1,0.3,0.5,INACTIVE,100.0,TRAIN
cust-08465,m-015,9,6,920.3,153.38,42.0,279.99,5,1,357,69.6,0.333,0.167,REGULAR,1.89,TRAIN
cust-08466,m-011,51,11,1509.74,137.25,31.75,548.43,8,1,330,27.9,0.182,0.273,AT_RISK,46.21,TRAIN
cust-08467,m-012,115,5,1619.4,323.88,113.76,480.9,3,1,327,53.0,0.2,0.4,INACTIVE,100.0,TEST
cust-08468,m-026,3,10,1001.98,100.2,28.65,246.06,9,1,353,38.9,0.3,0.4,REGULAR,0.64,TRAIN
cust-08469,m-034,32,12,1370.07,114.17,32.97,256.48,8,1,364,30.2,0.333,0.417,AT_RISK,9.28,TRAIN
cust-08470,m-017,36,9,3136.26,348.47,61.67,1020.03,5,1,333,37.1,0.444,0.667,AT_RISK,8.08,TRAIN
cust-08471,m-011,47,17,1989.43,117.03,31.75,446.37,9,1,351,19.0,0.353,0.412,AT_RISK,52.01,TEST
cust-08472,m-003,1,6,2500.63,416.77,82.92,938.52,5,1,314,62.6,0.333,0.333,REGULAR,0.24,TEST
cust-08473,m-007,36,12,13890.44,1157.54,206.76,2427.55,5,1,351,28.6,0.333,0.5,AT_RISK,18.77,TRAIN
cust-08474,m-025,99,9,10272.82,1141.42,685.18,2224.07,7,1,362,32.9,0.333,0.222,INACTIVE,100.0,TRAIN
cust-08475,m-022,59,11,13141.52,1194.68,695.1,4174.73,6,1,298,23.9,0.455,0.182,AT_RISK,67.45,TRAIN
cust-08476,m-014,18,10,7720.84,772.08,265.14,2109.87,6,1,322,33.8,0.3,0.2,REGULAR,4.18,TRAIN
cust-08477,m-014,34,6,4263.66,710.61,265.14,1446.92,5,1,354,64.0,0.667,0.0,AT_RISK,7.18,VALIDATION
cust-08478,m-010,19,7,624.95,89.28,31.82,175.68,6,1,212,32.2,0.714,0.143,REGULAR,6.69,TRAIN
cust-08479,m-037,26,8,1691.92,211.49,45.38,631.32,7,1,347,45.9,0.75,0.25,REGULAR,5.6,TEST
cust-08480,m-047,48,13,1316.23,101.25,31.12,207.3,10,1,352,25.3,0.231,0.462,AT_RISK,44.25,TRAIN
cust-08481,m-034,45,9,909.73,101.08,35.29,219.84,8,1,286,30.1,0.111,0.222,AT_RISK,34.11,TRAIN
cust-08482,m-005,186,2,456.84,228.42,209.43,247.41,2,1,290,104.0,0.5,0.5,INACTIVE,100.0,TRAIN
cust-08483,m-014,48,11,8971.47,815.59,265.14,2109.87,7,1,330,28.2,0.273,0.182,AT_RISK,40.58,TRAIN
cust-08484,m-032,9,8,7891.77,986.47,333.71,2083.19,5,1,333,46.3,0.5,0.125,REGULAR,2.02,TRAIN
cust-08485,m-042,12,11,1012.49,92.04,30.27,195.72,10,1,361,34.9,0.273,0.455,REGULAR,2.49,TEST
cust-08486,m-040,0,11,4247.8,386.16,51.55,1148.24,6,1,358,35.8,0.182,0.455,REGULAR,0.0,TRAIN
cust-08487,m-046,56,12,3806.57,317.21,22.76,890.86,9,1,336,25.5,0.083,0.583,AT_RISK,58.21,TRAIN
cust-08488,m-020,81,5,711.12,142.22,57.76,245.7,4,1,286,51.2,0.2,0.6,INACTIVE,65.87,VALIDATION
cust-08489,m-031,4,7,986.18,140.88,51.92,332.43,5,1,344,56.7,0.571,0.429,REGULAR,0.87,TRAIN
cust-08491,m-025,100,4,3677.84,919.46,727.9,1009.97,3,1,330,76.7,0.0,0.25,INACTIVE,57.61,TEST
cust-08492,m-019,32,8,583.8,72.98,30.62,156.34,6,1,339,43.9,0.25,0.375,AT_RISK,7.06,TRAIN
cust-08493,m-030,5,9,3024.47,336.05,43.79,874.26,5,1,360,44.4,0.556,0.222,REGULAR,1.04,TRAIN
cust-08494,m-001,51,8,870.22,108.78,35.19,332.88,6,1,314,37.6,0.25,0.375,AT_RISK,32.24,TRAIN
cust-08496,m-019,124,6,674.47,112.41,51.07,266.73,6,1,250,25.2,0.333,0.5,INACTIVE,100.0,TRAIN
cust-08497,m-003,13,9,5891.05,654.56,32.96,1910.85,6,1,355,42.8,0.222,0.444,REGULAR,2.74,VALIDATION
cust-08498,m-044,117,5,1513.41,302.68,116.74,538.17,3,1,363,61.5,0.6,0.4,INACTIVE,100.0,TRAIN
cust-08499,m-033,42,5,5430.6,1086.12,539.82,2364.31,5,1,273,57.8,0.2,0.2,AT_RISK,11.5,TEST
cust-08500,m-030,55,8,2539.4,317.42,100.97,752.2,4,1,322,38.1,0.25,0.5,AT_RISK,38.12,VALIDATION
cust-08502,m-035,20,19,21254.34,1118.65,390.48,2412.27,8,1,360,18.9,0.211,0.368,REGULAR,5.81,TRAIN
cust-08503,m-006,35,11,2116.48,192.41,85.78,310.45,5,1,304,26.9,0.364,0.091,AT_RISK,20.76,VALIDATION
cust-08504,m-017,36,7,1218.07,174.01,29.94,340.01,5,1,224,31.3,0.429,0.286,AT_RISK,19.05,TRAIN
cust-08505,m-001,20,12,1059.32,88.28,35.19,166.44,8,1,348,29.8,0.417,0.25,REGULAR,4.3,TRAIN
cust-08506,m-033,10,5,5625.43,1125.09,794.69,2364.31,3,1,307,74.2,0.2,0.4,REGULAR,2.44,TEST
cust-08507,m-026,85,7,378.52,54.07,36.07,90.63,6,1,363,46.3,0.143,0.286,INACTIVE,75.56,TRAIN
cust-08508,m-034,4,10,961.7,96.17,35.29,280.47,8,1,243,26.6,0.4,0.4,REGULAR,1.23,TEST
cust-08509,m-031,6,7,737.57,105.37,43.32,221.62,7,1,325,53.2,0.429,0.143,REGULAR,1.38,TRAIN
cust-08510,m-004,37,7,6586.87,940.98,687.11,1789.15,4,1,335,49.7,0.429,0.429,AT_RISK,8.26,TEST
cust-08511,m-045,107,8,1044.5,130.56,43.04,377.32,6,1,344,33.9,0.25,0.375,INACTIVE,100.0,VALIDATION
cust-08512,m-040,31,11,3976.57,361.51,32.37,1148.24,5,1,327,29.6,0.273,0.636,AT_RISK,9.19,TEST
cust-08513,m-017,331,2,1156.38,578.19,29.94,1126.44,2,1,344,13.0,0.0,0.0,INACTIVE,100.0,VALIDATION
cust-08514,m-012,43,11,2130.59,193.69,82.22,398.61,6,1,351,30.8,0.455,0.545,AT_RISK,27.46,TRAIN
cust-08515,m-027,32,7,2570.06,367.15,32.87,678.06,6,1,271,39.8,0.429,0.143,AT_RISK,8.82,TRAIN
cust-08516,m-032,22,8,8527.44,1065.93,333.71,2083.19,5,1,361,48.4,0.25,0.125,REGULAR,4.56,TRAIN
cust-08517,m-047,25,12,1403.72,116.98,31.12,383.6,6,1,340,28.6,0.417,0.583,REGULAR,5.5,TRAIN
cust-08519,m-040,152,6,1578.15,263.02,64.74,681.75,5,1,325,34.6,0.5,0.5,INACTIVE,100.0,TEST
cust-08520,m-043,36,8,8601.54,1075.19,269.88,2567.7,7,1,334,42.6,0.375,0.375,AT_RISK,8.06,TRAIN
cust-08521,m-036,8,11,1048.12,95.28,30.39,268.08,7,1,338,33.0,0.182,0.364,REGULAR,1.77,TRAIN
cust-08522,m-047,23,12,1139.82,94.99,31.12,207.3,9,1,273,22.7,0.25,0.25,REGULAR,6.75,TRAIN
cust-08523,m-012,33,8,2860.92,357.62,113.76,1195.83,5,1,355,46.0,0.5,0.25,AT_RISK,6.95,TRAIN
cust-08524,m-015,62,11,763.82,69.44,38.47,168.0,8,1,361,29.9,0.364,0.364,INACTIVE,61.0,TRAIN
cust-08525,m-007,71,11,11056.96,1005.18,206.76,2427.55,5,1,348,27.7,0.273,0.364,INACTIVE,80.21,TRAIN
cust-08526,m-026,17,10,1134.6,113.46,48.83,195.32,8,1,357,37.8,0.5,0.2,REGULAR,3.56,TEST
cust-08527,m-024,8,11,4835.21,439.56,35.32,2142.09,7,1,345,33.7,0.545,0.273,REGULAR,1.73,TRAIN
cust-08528,m-001,10,18,1846.65,102.59,35.19,426.9,9,1,339,19.4,0.222,0.222,LOYAL,2.21,TRAIN
cust-08529,m-015,13,9,1725.21,191.69,50.76,380.86,6,1,359,43.2,0.444,0.222,REGULAR,2.71,TRAIN
cust-08530,m-021,56,5,1790.03,358.01,117.14,787.14,4,1,324,67.0,0.0,0.4,AT_RISK,12.92,TRAIN
cust-08531,m-005,16,10,1995.29,199.53,42.51,418.86,8,1,340,36.0,0.4,0.5,REGULAR,3.52,VALIDATION
cust-08532,m-001,26,11,1082.15,98.38,35.19,332.88,7,1,326,30.0,0.455,0.182,REGULAR,5.96,TRAIN
cust-08533,m-006,7,13,3084.1,237.24,87.62,310.45,4,1,309,25.2,0.308,0.231,REGULAR,1.69,TRAIN
cust-08534,m-014,50,4,4508.5,1127.12,773.29,2109.87,3,1,335,95.0,0.0,0.5,AT_RISK,11.16,VALIDATION
cust-08535,m-030,60,9,1013.34,112.59,43.79,195.32,4,1,301,30.1,0.444,0.444,AT_RISK,59.75,TRAIN
cust-08537,m-026,23,9,745.84,82.87,36.07,175.34,8,1,348,40.6,0.556,0.222,REGULAR,4.94,TRAIN
cust-08538,m-020,46,16,1694.42,105.9,43.93,245.7,11,1,264,14.5,0.438,0.5,AT_RISK,60.27,TRAIN
cust-08539,m-016,19,10,1504.55,150.45,75.51,445.18,4,1,347,36.4,0.4,0.3,REGULAR,4.09,VALIDATION
cust-08540,m-019,16,5,308.94,61.79,32.1,91.86,4,1,309,73.2,0.2,0.2,REGULAR,3.87,TEST
cust-08541,m-008,37,9,10800.29,1200.03,266.13,2774.3,4,1,320,35.4,0.333,0.222,AT_RISK,11.04,VALIDATION
cust-08542,m-010,33,9,904.51,100.5,43.92,155.4,6,1,319,35.8,0.556,0.222,AT_RISK,7.73,VALIDATION
cust-08543,m-038,5,11,1771.12,161.01,42.2,365.65,5,1,299,29.4,0.364,0.182,REGULAR,1.25,VALIDATION
cust-08544,m-015,17,5,689.37,137.87,62.04,275.79,4,1,260,60.8,0.4,0.4,REGULAR,4.89,TRAIN
cust-08545,m-003,0,7,4044.65,577.81,97.44,1227.87,5,1,334,55.7,0.286,0.286,REGULAR,0.0,TRAIN
cust-08546,m-036,55,15,2208.85,147.26,41.96,743.16,9,1,324,19.2,0.6,0.267,AT_RISK,66.39,TRAIN
cust-08547,m-007,45,7,7379.35,1054.19,486.95,1357.85,5,1,309,44.0,0.429,0.286,AT_RISK,12.39,TRAIN
cust-08548,m-021,63,7,2152.96,307.57,66.75,576.02,6,1,233,28.3,0.286,0.143,INACTIVE,72.24,VALIDATION
cust-08549,m-005,166,6,1379.81,229.97,25.41,632.0,6,1,336,34.0,0.333,0.167,INACTIVE,100.0,VALIDATION
cust-08551,m-014,24,7,8527.83,1218.26,265.14,2109.87,5,1,336,52.0,0.286,0.429,REGULAR,5.34,TRAIN
cust-08552,m-007,111,7,7498.99,1071.28,206.76,2427.55,5,1,349,39.7,0.143,0.429,INACTIVE,100.0,TRAIN
cust-08553,m-026,11,8,910.01,113.75,40.34,334.44,7,1,343,47.4,0.875,0.25,REGULAR,2.4,TRAIN
cust-08554,m-045,107,11,1591.21,144.66,36.65,488.61,8,1,330,22.3,0.182,0.364,INACTIVE,100.0,TRAIN
cust-08555,m-044,58,7,2074.97,296.42,26.36,547.18,5,1,333,45.8,0.286,0.143,AT_RISK,31.32,TRAIN
cust-08556,m-028,2,11,2031.57,184.69,23.81,510.12,7,1,356,35.4,0.182,0.455,REGULAR,0.42,TRAIN
cust-08557,m-020,23,10,1261.36,126.14,33.64,231.04,8,1,289,29.6,0.2,0.3,REGULAR,5.95,TRAIN
cust-08558,m-014,15,9,10416.08,1157.34,265.14,2109.87,7,1,340,40.6,0.333,0.0,REGULAR,3.3,TRAIN
cust-08559,m-019,5,12,1688.84,140.74,30.62,256.11,8,1,344,30.8,0.417,0.417,REGULAR,1.09,TRAIN
cust-08560,m-018,146,6,858.83,143.14,36.32,354.88,5,1,290,28.8,0.0,0.167,INACTIVE,100.0,TRAIN
cust-08561,m-031,102,5,321.57,64.31,30.71,134.51,4,1,364,65.5,0.4,0.6,INACTIVE,75.71,TRAIN
cust-08562,m-039,56,12,2160.35,180.03,88.81,263.1,4,1,360,27.6,0.25,0.25,AT_RISK,54.23,TRAIN
cust-08563,m-034,22,11,1024.56,93.14,32.97,401.72,7,1,337,31.5,0.182,0.364,REGULAR,4.88,TRAIN
cust-08565,m-018,11,6,925.05,154.17,52.59,427.26,5,1,259,49.6,0.167,0.667,REGULAR,3.17,TRAIN
cust-08566,m-040,27,14,4586.66,327.62,32.37,1606.84,7,1,350,24.8,0.429,0.214,REGULAR,9.07,TRAIN
cust-08569,m-016,4,8,1999.42,249.93,75.51,445.18,5,1,283,39.9,0.5,0.125,REGULAR,1.06,TRAIN
cust-08570,m-007,24,6,5455.02,909.17,206.76,2427.55,4,1,326,60.4,0.167,0.333,REGULAR,5.5,TRAIN
cust-08571,m-015,2,7,1037.2,148.17,91.93,218.58,5,1,353,58.5,0.143,0.143,REGULAR,0.42,TRAIN
cust-08572,m-023,7,4,1640.01,410.0,310.85,585.24,3,1,308,100.3,0.0,0.25,REGULAR,1.7,VALIDATION
cust-08573,m-019,10,7,1410.45,201.49,32.1,625.36,6,1,313,50.5,0.429,0.429,REGULAR,2.39,VALIDATION
cust-08574,m-023,18,12,5403.95,450.33,62.45,1755.72,8,1,337,29.0,0.5,0.167,REGULAR,3.99,TRAIN
cust-08575,m-042,9,15,1645.24,109.68,39.21,336.66,11,1,317,22.0,0.067,0.267,LOYAL,2.12,TRAIN
cust-08576,m-014,122,6,6313.92,1052.32,265.14,2109.87,5,1,319,39.4,0.333,0.167,INACTIVE,100.0,VALIDATION
cust-08577,m-020,59,7,805.2,115.03,57.36,153.12,5,1,354,49.2,0.571,0.286,AT_RISK,27.16,TRAIN
cust-08578,m-039,4,8,952.01,119.0,88.81,263.1,4,1,328,46.3,0.5,0.25,REGULAR,0.91,TRAIN
cust-08579,m-026,1,7,805.91,115.13,40.34,209.7,6,1,271,45.0,0.571,0.0,REGULAR,0.28,VALIDATION
cust-08580,m-032,34,9,10609.93,1178.88,333.71,2083.19,6,1,295,32.6,0.556,0.111,AT_RISK,10.71,TRAIN
cust-08581,m-007,40,7,8153.21,1164.74,628.05,2427.55,5,1,359,53.2,0.429,0.143,AT_RISK,8.33,VALIDATION
cust-08582,m-041,45,9,3001.05,333.45,60.86,714.88,8,1,331,35.8,0.556,0.222,AT_RISK,23.97,VALIDATION
cust-08583,m-018,23,8,730.59,91.32,36.75,266.16,6,1,295,38.9,0.125,0.25,REGULAR,5.83,TRAIN
cust-08584,m-033,4,11,6280.2,570.93,348.67,928.47,4,1,363,35.9,0.273,0.273,REGULAR,0.82,VALIDATION
cust-08585,m-004,58,4,3768.02,942.01,482.75,1721.89,3,1,349,97.0,0.25,0.0,AT_RISK,12.43,TRAIN
cust-08586,m-021,34,10,4601.76,460.18,22.25,1152.04,7,1,347,34.8,0.4,0.3,AT_RISK,7.33,TRAIN
cust-08588,m-008,4,17,23960.59,1409.45,266.13,2774.3,6,1,330,20.4,0.294,0.118,LOYAL,0.91,TRAIN
cust-08589,m-003,113,6,3147.86,524.64,32.96,1321.96,6,1,361,49.6,0.333,0.667,INACTIVE,100.0,VALIDATION
cust-08590,m-036,8,10,895.67,89.57,58.11,158.37,7,1,364,39.6,0.3,0.4,REGULAR,1.64,TRAIN
cust-08591,m-011,48,8,1512.08,189.01,42.92,349.98,6,1,357,44.1,0.25,0.25,AT_RISK,15.91,TRAIN
cust-08592,m-017,42,9,2338.21,259.8,59.73,680.02,7,1,235,24.1,0.444,0.667,AT_RISK,40.2,TRAIN
cust-08593,m-029,20,6,1508.2,251.37,49.74,939.2,6,1,364,68.8,0.333,0.667,REGULAR,4.11,TEST
cust-08594,m-002,64,7,10810.38,1544.34,237.28,2972.2,6,1,285,36.8,0.286,0.429,INACTIVE,57.58,TRAIN
cust-08595,m-002,86,6,5252.94,875.49,237.28,2348.26,5,1,249,32.6,0.333,0.333,INACTIVE,100.0,TEST
cust-08596,m-024,7,5,746.33,149.27,23.95,291.54,4,1,348,85.2,0.6,0.4,REGULAR,1.5,TRAIN
cust-08597,m-010,2,11,1227.92,111.63,31.82,323.64,7,1,331,32.9,0.455,0.455,REGULAR,0.45,TRAIN
cust-08598,m-006,74,12,2455.21,204.6,87.62,310.45,4,1,350,25.1,0.333,0.333,INACTIVE,89.16,TEST
cust-08599,m-023,72,9,2641.23,293.47,26.95,994.92,6,1,285,26.6,0.333,0.111,INACTIVE,86.98,TRAIN
cust-08600,m-044,16,2,205.6,102.8,38.7,166.9,2,1,300,284.0,0.0,0.5,NEW,3.99,TRAIN
cust-08601,m-021,0,11,2948.42,268.04,60.69,749.43,6,1,333,33.3,0.545,0.273,REGULAR,0.0,VALIDATION
cust-08602,m-017,18,8,2676.66,334.58,61.67,566.28,5,1,355,48.1,0.625,0.5,REGULAR,3.79,TRAIN
cust-08603,m-025,47,12,10639.84,886.65,391.84,2224.07,6,1,355,28.0,0.333,0.25,AT_RISK,38.4,VALIDATION
cust-08604,m-014,24,6,4710.04,785.01,265.14,1579.66,5,1,352,65.6,0.5,0.667,REGULAR,5.1,TRAIN
cust-08605,m-005,20,14,4814.26,343.88,25.41,1896.0,8,1,351,25.5,0.429,0.143,REGULAR,4.26,TRAIN
cust-08606,m-036,103,7,1323.48,189.07,41.96,450.72,5,1,284,30.2,0.714,0.286,INACTIVE,100.0,TEST
cust-08607,m-004,109,8,8466.58,1058.32,482.75,1789.15,6,1,357,35.4,0.375,0.25,INACTIVE,100.0,TRAIN
cust-08608,m-003,18,7,2863.72,409.1,57.37,1273.9,6,1,341,53.8,0.571,0.143,REGULAR,3.95,TRAIN
cust-08609,m-032,55,16,15780.87,986.3,333.71,2083.19,6,1,361,20.4,0.375,0.25,AT_RISK,63.3,TEST
cust-08610,m-044,66,6,2042.65,340.44,179.39,640.66,4,1,329,52.6,0.333,0.5,INACTIVE,35.1,TRAIN
cust-08611,m-047,11,4,414.46,103.62,36.72,267.26,4,1,308,99.0,0.5,0.0,REGULAR,2.67,TRAIN
cust-08612,m-043,6,6,6153.09,1025.52,269.88,2567.7,5,1,327,64.2,0.333,0.333,REGULAR,1.37,TRAIN
cust-08613,m-005,38,6,1086.68,181.11,50.82,314.29,5,1,240,40.4,0.5,0.833,AT_RISK,11.83,TRAIN
cust-08614,m-002,45,9,12054.63,1339.4,401.92,2972.2,5,1,350,38.1,0.222,0.556,AT_RISK,19.97,TRAIN
cust-08615,m-026,1,7,408.05,58.29,28.65,97.66,5,1,295,49.0,0.0,0.429,REGULAR,0.25,TRAIN
cust-08616,m-023,4,6,1285.42,214.24,34.83,380.43,5,1,334,66.0,0.667,0.333,REGULAR,0.9,TRAIN
cust-08617,m-018,20,7,482.89,68.98,36.75,108.22,4,1,314,49.0,0.0,0.286,REGULAR,4.76,VALIDATION
cust-08618,m-019,3,7,646.28,92.33,58.64,170.74,6,1,310,51.2,0.286,0.286,REGULAR,0.72,TRAIN
cust-08619,m-037,20,8,1043.84,130.48,31.54,283.5,8,1,362,48.9,0.375,0.375,REGULAR,4.13,TRAIN
cust-08620,m-033,110,6,7637.23,1272.87,348.67,2575.37,5,1,342,46.4,0.5,0.333,INACTIVE,100.0,TRAIN
cust-08621,m-041,30,5,847.48,169.5,30.43,543.23,4,1,313,70.8,0.2,0.0,REGULAR,7.17,TRAIN
cust-08622,m-003,30,6,1602.02,267.0,93.99,625.68,5,1,345,63.0,0.333,0.167,REGULAR,6.5,TEST
cust-08623,m-009,10,12,1187.62,98.97,30.99,273.42,10,1,347,30.6,0.167,0.083,REGULAR,2.16,VALIDATION
cust-08624,m-037,44,12,1497.53,124.79,33.5,631.32,11,1,349,27.7,0.417,0.25,AT_RISK,33.88,TRAIN
cust-08625,m-014,10,6,5748.4,958.07,505.99,2109.87,4,1,357,69.4,0.5,0.833,REGULAR,2.09,TEST
cust-08626,m-035,28,8,9941.28,1242.66,390.48,2412.27,3,1,235,29.6,0.5,0.125,REGULAR,8.9,TRAIN
cust-08627,m-025,9,10,12681.59,1268.16,391.84,2224.07,6,1,302,32.6,0.5,0.3,REGULAR,2.23,TEST
cust-08628,m-024,12,11,3958.03,359.82,54.88,1428.06,7,1,354,34.2,0.364,0.091,REGULAR,2.54,TRAIN
cust-08629,m-001,15,10,1150.64,115.06,36.39,426.9,5,1,330,35.0,0.1,0.3,REGULAR,3.4,VALIDATION
cust-08631,m-001,1,9,1038.19,115.35,36.39,391.86,7,1,353,44.0,0.111,0.333,REGULAR,0.21,TRAIN
cust-08632,m-001,33,14,2002.07,143.01,37.64,452.72,8,1,362,25.3,0.214,0.714,AT_RISK,18.37,TRAIN
cust-08633,m-022,8,5,10565.97,2113.19,410.45,4174.73,3,1,316,77.0,0.2,0.4,REGULAR,1.89,VALIDATION
cust-08634,m-041,5,9,1532.53,170.28,27.29,328.24,5,1,309,38.0,0.667,0.111,REGULAR,1.21,TRAIN
cust-08635,m-012,26,7,1488.96,212.71,82.22,320.6,4,1,331,50.8,0.714,0.143,REGULAR,5.87,TRAIN
cust-08636,m-032,56,7,5777.65,825.38,333.71,1743.56,3,1,360,50.7,0.0,0.429,AT_RISK,19.58,TRAIN
cust-08637,m-030,0,9,2036.11,226.23,27.38,752.2,7,1,335,41.9,0.444,0.111,REGULAR,0.0,TRAIN
cust-08638,m-010,50,5,287.55,57.51,27.0,77.7,3,1,346,74.0,0.0,0.2,AT_RISK,10.81,TRAIN
cust-08640,m-011,8,7,631.62,90.23,31.75,208.71,6,1,324,52.7,0.0,0.286,REGULAR,1.85,TRAIN
cust-08641,m-040,33,8,1849.57,231.2,32.37,1148.24,5,1,225,27.4,0.375,0.25,AT_RISK,19.35,TEST
cust-08642,m-011,9,3,381.73,127.24,31.75,233.32,2,1,92,41.5,0.0,0.333,NEW,7.26,TRAIN
cust-08643,m-023,12,5,2650.15,530.03,62.45,1755.72,5,1,287,68.8,0.4,0.2,REGULAR,3.12,TRAIN
cust-08644,m-026,76,9,820.45,91.16,40.34,263.01,6,1,364,36.0,0.222,0.444,INACTIVE,75.62,VALIDATION
cust-08645,m-003,3,12,2195.22,182.94,27.64,636.95,9,1,360,32.5,0.25,0.25,REGULAR,0.62,TEST
cust-08646,m-032,72,5,6536.06,1307.21,867.24,1743.56,3,1,323,62.8,0.0,0.4,INACTIVE,30.47,VALIDATION
cust-08649,m-027,0,9,3447.55,383.06,27.71,1249.71,8,1,333,41.6,0.222,0.222,REGULAR,0.0,TRAIN
cust-08650,m-047,13,15,1802.76,120.18,31.12,400.89,8,1,332,22.8,0.4,0.333,LOYAL,2.93,TRAIN
cust-08651,m-026,52,9,1049.88,116.65,28.65,246.06,8,1,348,37.0,0.333,0.222,AT_RISK,33.67,TRAIN
cust-08652,m-005,39,7,1243.45,177.64,42.51,632.0,5,1,265,37.7,0.429,0.286,AT_RISK,12.95,TRAIN
cust-08653,m-022,117,10,11206.37,1120.64,410.45,4174.73,6,1,364,27.4,0.6,0.3,INACTIVE,100.0,TRAIN
cust-08654,m-017,25,9,2445.7,271.74,29.94,1020.03,5,1,364,42.4,0.333,0.556,REGULAR,5.14,TEST
cust-08655,m-035,150,8,7377.7,922.21,390.48,2412.27,5,1,273,17.6,0.375,0.125,INACTIVE,100.0,TRAIN
cust-08656,m-041,1,8,1666.21,208.28,27.29,543.23,6,1,308,43.9,0.125,0.25,REGULAR,0.24,TRAIN
cust-08657,m-046,1,8,2604.83,325.6,59.65,1446.26,6,1,321,45.7,0.375,0.5,REGULAR,0.23,TRAIN
cust-08658,m-041,16,7,2297.7,328.24,27.29,1429.76,5,1,343,54.5,0.143,0.286,REGULAR,3.49,TRAIN
cust-08659,m-012,20,9,2494.21,277.13,82.22,402.24,4,1,330,38.8,0.333,0.222,REGULAR,4.53,TRAIN
cust-08660,m-038,59,8,1593.62,199.2,129.55,365.65,3,1,312,36.1,0.25,0.75,AT_RISK,48.49,VALIDATION
cust-08661,m-032,47,5,5607.2,1121.44,644.7,1743.56,4,1,347,75.0,0.4,0.2,AT_RISK,10.13,TEST
cust-08662,m-017,23,9,2632.96,292.55,29.94,680.02,7,1,308,35.6,0.222,0.444,REGULAR,5.58,TRAIN
cust-08663,m-044,7,9,3958.87,439.87,179.39,1281.32,4,1,328,40.1,0.333,0.333,REGULAR,1.6,TEST
cust-08664,m-047,30,7,414.26,59.18,30.31,133.63,6,1,315,47.5,0.429,0.429,REGULAR,7.12,TEST
cust-08665,m-019,26,7,553.54,79.08,30.62,156.34,6,1,279,42.2,0.286,0.571,REGULAR,6.96,TRAIN
cust-08666,m-028,1,8,3341.84,417.73,23.81,2199.69,8,1,332,47.3,0.375,0.25,REGULAR,0.23,TRAIN
cust-08667,m-022,65,6,8170.6,1361.77,695.1,4174.73,4,1,355,58.0,0.333,0.167,INACTIVE,24.19,VALIDATION
cust-08668,m-009,63,8,1108.27,138.53,30.99,376.5,7,1,333,38.6,0.25,0.125,INACTIVE,50.75,TRAIN
cust-08669,m-032,80,3,3442.17,1147.39,831.37,1743.56,3,1,157,38.5,0.333,0.333,INACTIVE,100.0,TEST
cust-08670,m-008,54,11,12903.26,1173.02,266.13,2774.3,7,1,298,24.4,0.455,0.545,AT_RISK,57.95,TRAIN
cust-08671,m-002,1,8,5432.57,679.07,237.28,2972.2,5,1,342,48.7,0.375,0.375,REGULAR,0.22,TRAIN
cust-08672,m-001,1,9,670.75,74.53,37.64,142.3,7,1,363,45.2,0.222,0.333,REGULAR,0.21,VALIDATION
cust-08673,m-007,98,5,7377.73,1475.55,1139.08,2427.55,4,1,312,53.5,0.4,0.4,INACTIVE,90.23,VALIDATION
cust-08674,m-024,174,10,4244.35,424.44,70.64,1166.16,8,1,346,19.1,0.3,0.5,INACTIVE,100.0,TRAIN
cust-08675,m-019,25,13,2704.2,208.02,30.62,732.4,8,1,299,22.8,0.154,0.308,REGULAR,9.55,VALIDATION
cust-08676,m-046,47,9,4868.02,540.89,22.76,2169.39,6,1,302,31.9,0.222,0.333,AT_RISK,34.28,VALIDATION
cust-08677,m-012,1,12,3460.99,288.42,113.76,797.22,7,1,341,30.9,0.333,0.417,REGULAR,0.22,TRAIN
cust-08678,m-030,68,9,2077.77,230.86,27.38,1023.6,7,1,312,30.5,0.444,0.333,INACTIVE,72.54,TRAIN
cust-08679,m-024,42,5,1319.35,263.87,173.41,438.3,3,1,322,70.0,0.4,0.0,AT_RISK,9.75,TRAIN
cust-08680,m-014,214,2,3026.58,1513.29,1446.92,1579.66,2,1,291,77.0,1.0,0.0,INACTIVE,100.0,TEST
cust-08681,m-038,78,10,2086.49,208.65,42.2,365.65,4,1,347,29.9,0.5,0.1,INACTIVE,88.96,TRAIN
cust-08682,m-018,18,10,896.2,89.62,45.57,140.19,8,1,362,38.2,0.4,0.4,REGULAR,3.72,VALIDATION
cust-08683,m-017,61,5,642.54,128.51,59.88,236.34,3,1,273,53.0,0.4,0.8,INACTIVE,28.7,TEST
cust-08684,m-024,17,9,3806.47,422.94,23.95,1428.06,6,1,355,42.2,0.444,0.111,REGULAR,3.58,TEST
cust-08685,m-040,4,9,5071.94,563.55,32.37,1148.24,4,1,361,44.6,0.556,0.556,REGULAR,0.83,TRAIN
cust-08686,m-025,5,5,4558.99,911.8,727.9,1009.97,4,1,215,52.5,0.8,0.2,REGULAR,1.74,TRAIN
cust-08687,m-002,173,6,5852.77,975.46,237.28,2972.2,5,1,337,32.8,0.333,0.0,INACTIVE,100.0,TRAIN
cust-08688,m-001,11,14,1224.78,87.48,35.19,261.24,8,1,363,27.1,0.357,0.357,REGULAR,2.27,VALIDATION
cust-08689,m-040,25,4,1407.9,351.98,146.04,458.44,3,1,361,112.0,0.5,0.25,REGULAR,5.18,TRAIN
cust-08691,m-036,53,5,379.93,75.99,30.39,116.22,4,1,271,54.5,0.8,0.4,AT_RISK,14.61,TRAIN
cust-08692,m-023,11,11,5733.27,521.21,53.9,2340.96,10,1,254,24.3,0.364,0.455,REGULAR,3.24,VALIDATION
cust-08693,m-047,2,10,594.27,59.43,30.31,191.8,5,1,312,34.4,0.3,0.3,REGULAR,0.48,TRAIN
cust-08694,m-036,19,10,1472.61,147.26,30.39,371.58,6,1,332,34.8,0.3,0.4,REGULAR,4.28,TRAIN
cust-08695,m-031,87,6,648.44,108.07,83.28,129.96,6,1,361,54.8,0.333,0.333,INACTIVE,66.32,TRAIN
cust-08696,m-018,156,5,574.27,114.85,37.52,284.86,5,1,350,48.5,0.2,0.4,INACTIVE,100.0,TRAIN
cust-08697,m-043,48,9,6573.83,730.43,269.88,1103.72,7,1,351,37.9,0.111,0.333,AT_RISK,25.38,VALIDATION
cust-08698,m-027,68,8,1173.69,146.71,27.71,416.57,5,1,342,39.1,0.375,0.25,INACTIVE,58.22,TRAIN
cust-08699,m-003,13,9,3729.1,414.34,27.64,1910.85,7,1,362,43.6,0.333,0.333,REGULAR,2.69,TEST
cust-08701,m-034,40,13,1061.1,81.62,32.97,189.45,8,1,332,24.3,0.462,0.462,AT_RISK,32.56,VALIDATION
cust-08702,m-032,30,6,7859.32,1309.89,867.24,2083.19,5,1,308,55.6,0.333,0.167,REGULAR,7.28,TRAIN
cust-08703,m-031,27,9,1285.24,142.8,41.16,332.43,5,1,352,40.6,0.111,0.667,REGULAR,5.74,VALIDATION
cust-08704,m-038,83,11,1693.9,153.99,42.2,365.65,5,1,305,22.2,0.182,0.182,INACTIVE,100.0,TEST
cust-08705,m-009,40,3,271.96,90.65,30.99,188.25,3,1,340,150.0,1.0,0.0,NEW,8.8,VALIDATION
cust-08706,m-015,0,12,1492.79,124.4,42.0,367.72,8,1,348,31.6,0.417,0.333,REGULAR,0.0,TRAIN
cust-08707,m-017,33,6,2333.68,388.95,29.94,1126.44,4,1,334,60.2,0.333,0.5,AT_RISK,7.39,TRAIN
cust-08708,m-011,0,6,1430.75,238.46,31.75,548.43,5,1,275,55.0,0.167,0.167,REGULAR,0.0,TEST
cust-08709,m-016,68,7,718.47,102.64,75.51,113.49,2,1,248,30.0,0.286,0.143,INACTIVE,77.48,TRAIN
cust-08711,m-032,22,9,9018.48,1002.05,333.71,1743.56,6,1,299,34.6,0.444,0.0,REGULAR,5.5,VALIDATION
cust-08712,m-006,17,9,1274.59,141.62,85.78,310.45,5,1,352,41.9,0.222,0.444,REGULAR,3.61,TRAIN
cust-08713,m-011,43,7,661.31,94.47,38.53,182.81,6,1,302,43.2,0.286,0.429,AT_RISK,10.64,TRAIN
cust-08714,m-030,35,13,3772.55,290.2,48.83,1535.4,5,1,343,25.7,0.308,0.538,AT_RISK,21.58,TRAIN
cust-08715,m-014,16,4,6479.33,1619.83,812.67,2109.87,3,1,331,105.0,0.5,0.5,REGULAR,3.61,TRAIN
cust-08716,m-016,10,5,937.11,187.42,75.51,445.18,4,1,355,86.2,0.4,0.2,REGULAR,2.11,TRAIN
cust-08717,m-017,27,15,3850.26,256.68,29.94,680.02,7,1,360,23.8,0.267,0.4,REGULAR,10.41,TRAIN
cust-08718,m-009,23,8,1059.69,132.46,30.99,376.5,6,1,359,48.0,0.125,0.125,REGULAR,4.79,TRAIN
cust-08719,m-038,23,8,1023.94,127.99,42.2,172.06,4,1,325,43.1,0.125,0.75,REGULAR,5.29,TRAIN
cust-08720,m-010,13,13,1450.24,111.56,27.0,351.8,8,1,314,25.1,0.154,0.385,REGULAR,3.1,TRAIN
cust-08721,m-032,75,3,3218.94,1072.98,1037.24,1090.85,2,1,293,109.0,0.667,0.0,INACTIVE,19.13,TEST
cust-08722,m-015,2,11,1398.47,127.13,42.0,252.84,8,1,354,35.2,0.364,0.364,REGULAR,0.42,TEST
cust-08723,m-007,54,9,9466.63,1051.85,486.95,2427.55,6,1,282,28.5,0.556,0.222,AT_RISK,52.56,TRAIN
cust-08724,m-020,16,10,572.5,57.25,33.64,107.07,7,1,349,37.0,0.3,0.3,REGULAR,3.43,VALIDATION
cust-08725,m-009,0,6,1746.11,291.02,52.72,753.0,5,1,358,71.6,0.333,0.333,REGULAR,0.0,TRAIN
cust-08726,m-002,68,7,5562.23,794.6,237.28,2348.26,5,1,362,49.0,0.286,0.286,INACTIVE,42.55,TRAIN
cust-08727,m-031,25,8,1185.05,148.13,30.71,287.19,7,1,339,44.9,0.375,0.125,REGULAR,5.51,TEST
cust-08728,m-015,109,6,996.54,166.09,42.0,380.86,5,1,362,50.6,0.5,0.333,INACTIVE,100.0,TEST
cust-08729,m-034,32,10,862.58,86.26,26.72,189.45,9,1,344,34.7,0.2,0.4,AT_RISK,6.96,TRAIN
cust-08731,m-017,70,15,3594.71,239.65,29.94,1360.04,7,1,330,18.6,0.333,0.2,INACTIVE,92.96,TRAIN
cust-08732,m-014,1,8,9493.52,1186.69,482.82,2109.87,5,1,357,50.9,0.75,0.125,REGULAR,0.21,TRAIN
cust-08733,m-015,1,6,777.39,129.56,42.0,218.58,5,1,361,72.0,0.5,0.333,REGULAR,0.21,TRAIN
cust-08734,m-031,60,1,95.73,95.73,95.73,95.73,1,1,60,60.0,1.0,0.0,NEW,73.77,TRAIN
cust-08735,m-016,96,5,1524.54,304.91,75.51,445.18,3,1,349,63.2,0.6,0.2,INACTIVE,69.77,TRAIN
cust-08736,m-030,6,10,17002.36,1700.24,27.38,14842.2,5,1,360,39.3,0.2,0.5,REGULAR,1.25,TRAIN
cust-08737,m-022,151,3,6522.55,2174.18,903.03,4174.73,3,1,342,95.5,0.333,0.333,INACTIVE,100.0,VALIDATION
cust-08738,m-035,104,7,10387.78,1483.97,390.48,2412.27,5,1,345,40.2,0.286,0.143,INACTIVE,100.0,TRAIN
cust-08739,m-018,8,11,1184.4,107.67,36.75,205.62,9,1,237,22.9,0.364,0.182,REGULAR,2.52,TRAIN
cust-08741,m-008,11,11,14518.48,1319.86,266.13,2774.3,6,1,356,34.5,0.455,0.182,REGULAR,2.31,TEST
cust-08742,m-032,6,6,8789.25,1464.88,1037.24,2083.19,4,1,326,64.0,0.333,0.333,REGULAR,1.38,TRAIN
cust-08743,m-017,116,5,2117.49,423.5,29.94,1689.66,4,1,331,53.8,0.2,0.6,INACTIVE,100.0,TRAIN
cust-08744,m-013,47,9,11415.75,1268.42,889.99,2897.77,4,1,359,39.0,0.333,0.222,AT_RISK,21.79,TRAIN
cust-08745,m-007,12,11,8648.37,786.22,206.76,1357.85,6,1,358,34.6,0.364,0.091,REGULAR,2.51,TRAIN
cust-08746,m-044,1,7,1688.88,241.27,66.6,595.3,7,1,323,53.7,0.143,0.429,REGULAR,0.23,VALIDATION
cust-08748,m-008,24,12,14717.49,1226.46,266.13,2774.3,5,1,326,27.5,0.417,0.417,REGULAR,5.5,TRAIN
cust-08749,m-043,15,10,12031.78,1203.18,269.88,2567.7,7,1,328,34.8,0.2,0.6,REGULAR,3.42,TRAIN
cust-08750,m-031,71,8,939.06,117.38,41.64,291.9,6,1,304,33.3,0.375,0.375,INACTIVE,74.01,TRAIN
cust-08751,m-009,155,7,964.72,137.82,39.11,376.5,6,1,280,20.8,0.286,0.286,INACTIVE,100.0,VALIDATION
cust-08752,m-028,9,11,2410.34,219.12,23.81,726.52,7,1,344,33.5,0.273,0.091,REGULAR,1.96,TRAIN
cust-08753,m-033,48,5,5208.29,1041.66,539.82,2364.31,4,1,320,68.0,0.4,0.4,AT_RISK,11.21,TRAIN
cust-08754,m-040,35,14,3648.0,260.57,32.37,574.12,6,1,355,24.6,0.5,0.429,AT_RISK,22.97,VALIDATION
cust-08755,m-041,11,10,2732.53,273.25,27.29,1220.68,9,1,362,39.0,0.7,0.6,REGULAR,2.27,VALIDATION
cust-08757,m-028,109,6,1329.29,221.55,57.08,431.13,3,1,325,43.2,0.5,0.667,INACTIVE,100.0,TRAIN
cust-08758,m-004,55,4,3918.64,979.66,687.11,1272.21,2,1,223,56.0,0.25,0.5,AT_RISK,18.42,TRAIN
cust-08759,m-025,14,6,6000.08,1000.01,391.84,2224.07,6,1,280,53.2,0.167,0.0,REGULAR,3.74,TRAIN
cust-08760,m-009,12,9,1715.66,190.63,51.51,418.52,7,1,228,27.0,0.556,0.333,REGULAR,3.93,VALIDATION
cust-08761,m-014,130,6,3322.73,553.79,265.14,812.67,5,1,362,46.4,0.667,0.5,INACTIVE,100.0,TRAIN
cust-08762,m-016,3,11,1654.61,150.42,75.51,189.44,4,1,333,33.0,0.545,0.455,REGULAR,0.67,TRAIN
cust-08763,m-041,0,10,3029.87,302.99,27.29,1167.6,8,1,313,34.8,0.5,0.3,REGULAR,0.0,TRAIN
cust-08764,m-005,87,6,1292.38,215.4,54.06,342.62,5,1,297,42.0,0.167,0.333,INACTIVE,89.4,TRAIN
cust-08765,m-038,33,7,1255.25,179.32,42.2,365.65,4,1,348,52.5,0.571,0.286,AT_RISK,7.09,TRAIN
cust-08766,m-009,88,7,1108.92,158.42,39.11,564.75,6,1,359,45.2,0.571,0.143,INACTIVE,82.53,TRAIN
cust-08768,m-015,76,6,506.76,84.46,47.83,183.86,5,1,356,56.0,0.0,0.0,INACTIVE,45.97,TRAIN
cust-08769,m-019,2,9,1106.85,122.98,33.58,469.02,8,1,318,39.5,0.333,0.111,REGULAR,0.47,TRAIN
cust-08770,m-011,4,5,753.87,150.77,31.75,365.62,4,1,318,78.5,0.4,0.2,REGULAR,0.94,TRAIN
cust-08771,m-025,271,2,1352.96,676.48,391.84,961.12,2,1,300,29.0,0.5,0.0,INACTIVE,100.0,TEST
cust-08772,m-023,68,4,738.11,184.53,53.9,371.96,3,1,321,84.3,0.75,0.25,INACTIVE,15.84,TEST
cust-08774,m-028,8,7,4354.5,622.07,187.63,1466.46,5,1,313,50.8,0.286,0.429,REGULAR,1.91,TRAIN
cust-08775,m-045,38,9,757.49,84.17,36.65,162.87,6,1,343,38.1,0.444,0.444,AT_RISK,8.28,TRAIN
cust-08776,m-001,3,14,1311.01,93.64,35.19,191.36,10,1,350,26.7,0.143,0.571,REGULAR,0.64,TRAIN
cust-08777,m-047,38,4,697.81,174.45,133.63,207.3,3,1,309,90.3,0.25,0.5,AT_RISK,9.19,TEST
cust-08778,m-010,16,8,768.15,96.02,27.0,193.52,7,1,316,42.9,0.375,0.25,REGULAR,3.79,VALIDATION
cust-08779,m-018,7,8,779.15,97.39,36.32,284.86,4,1,269,37.4,0.25,0.5,REGULAR,1.94,TRAIN
cust-08780,m-045,20,7,1058.79,151.26,43.04,488.61,6,1,331,51.8,0.0,0.429,REGULAR,4.52,TRAIN
cust-08781,m-005,40,5,1297.13,259.43,63.04,632.0,4,1,350,77.5,0.6,0.2,AT_RISK,8.55,TRAIN
cust-08782,m-016,133,5,836.27,167.25,113.49,189.44,3,1,361,57.0,0.2,0.4,INACTIVE,100.0,TRAIN
cust-08783,m-041,40,7,1130.72,161.53,30.43,583.8,6,1,283,40.5,0.429,0.143,AT_RISK,10.56,TRAIN
cust-08784,m-023,78,7,2072.84,296.12,34.83,760.41,7,1,308,38.3,0.143,0.286,INACTIVE,78.48,TEST
cust-08785,m-004,110,8,10898.2,1362.28,482.75,1789.15,5,1,361,35.9,0.5,0.5,INACTIVE,100.0,TRAIN
cust-08786,m-016,26,8,2040.39,255.05,75.51,445.18,4,1,312,40.9,0.625,0.25,REGULAR,6.23,TRAIN
cust-08787,m-015,29,7,739.13,105.59,38.47,218.22,4,1,346,52.8,0.143,0.286,REGULAR,6.27,TRAIN
cust-08788,m-024,93,5,2040.37,408.07,102.79,1428.06,5,1,338,61.2,0.0,0.4,INACTIVE,68.28,TRAIN
cust-08789,m-023,25,10,2835.47,283.55,26.95,994.92,6,1,347,35.8,0.6,0.4,REGULAR,5.39,TRAIN
cust-08791,m-026,78,9,1334.18,148.24,43.96,359.52,6,1,350,34.0,0.222,0.222,INACTIVE,82.67,TRAIN
cust-08792,m-004,45,5,7501.93,1500.39,687.11,3021.37,5,1,361,79.0,0.2,0.0,AT_RISK,9.32,TRAIN
cust-08793,m-015,10,8,704.37,88.05,47.83,155.13,5,1,284,39.1,0.25,0.375,REGULAR,2.63,TRAIN
cust-08794,m-026,6,6,360.45,60.08,36.07,82.02,4,1,353,69.4,0.167,0.5,REGULAR,1.27,TRAIN
cust-08795,m-007,62,7,7155.85,1022.26,628.05,1357.85,5,1,347,47.5,0.286,0.286,INACTIVE,35.11,TRAIN
cust-08796,m-005,39,8,4388.66,548.58,54.06,1896.0,7,1,230,27.3,0.25,0.375,AT_RISK,30.21,TRAIN
cust-08797,m-030,18,12,4231.48,352.62,27.38,1128.3,5,1,338,29.1,0.25,0.25,REGULAR,3.98,VALIDATION
cust-08798,m-047,132,6,641.34,106.89,31.12,199.44,4,1,363,46.2,0.333,0.167,INACTIVE,100.0,TRAIN
cust-08799,m-025,50,8,10720.93,1340.12,685.18,2224.07,5,1,270,31.4,0.375,0.375,AT_RISK,41.74,TRAIN
cust-08800,m-004,13,4,5762.38,1440.6,687.11,3021.37,4,1,294,93.7,0.25,0.0,REGULAR,3.31,TRAIN
cust-08801,m-016,25,7,1944.39,277.77,75.51,445.18,4,1,353,54.7,0.286,0.286,REGULAR,5.3,VALIDATION
cust-08802,m-027,79,4,705.05,176.26,27.71,225.78,2,1,327,82.7,0.5,0.25,INACTIVE,18.06,TRAIN
cust-08803,m-019,167,5,387.52,77.5,51.07,102.14,4,1,331,41.0,0.2,0.4,INACTIVE,100.0,TRAIN
cust-08804,m-034,47,10,1052.12,105.21,32.97,275.13,8,1,327,31.1,0.8,0.4,AT_RISK,34.6,TRAIN
cust-08805,m-018,45,10,1049.17,104.92,36.75,188.22,7,1,344,33.2,0.2,0.6,AT_RISK,27.48,TRAIN
cust-08807,m-034,47,4,264.95,66.24,35.29,78.53,4,1,317,90.0,0.25,0.25,AT_RISK,11.08,TRAIN
cust-08808,m-030,16,7,1314.29,187.76,43.79,403.88,5,1,312,49.3,0.286,0.429,REGULAR,3.83,TRAIN
cust-08809,m-037,108,7,815.02,116.43,48.34,250.5,7,1,353,40.8,0.0,0.143,INACTIVE,100.0,TRAIN
cust-08810,m-027,10,3,1606.87,535.62,117.6,833.14,3,1,339,164.5,0.0,0.333,NEW,2.21,VALIDATION
cust-08811,m-029,33,11,2449.41,222.67,44.48,469.6,7,1,336,30.3,0.273,0.273,AT_RISK,11.39,TRAIN
cust-08812,m-005,43,3,597.38,199.13,63.04,319.8,3,1,269,113.0,0.333,0.333,NEW,11.94,TRAIN
cust-08814,m-022,33,6,12461.14,2076.86,881.93,4174.73,4,1,348,63.0,0.5,0.167,AT_RISK,7.09,TRAIN
cust-08815,m-007,8,8,7736.5,967.06,206.76,2427.55,6,1,359,50.1,0.25,0.375,REGULAR,1.67,TEST
cust-08816,m-045,48,10,922.17,92.22,39.71,162.87,7,1,361,34.8,0.5,0.3,AT_RISK,29.74,TRAIN
cust-08817,m-007,12,10,10694.68,1069.47,206.76,2427.55,7,1,210,22.0,0.3,0.2,REGULAR,4.27,TRAIN
cust-08818,m-025,195,4,3517.9,879.48,727.9,930.0,2,1,356,53.7,0.0,0.25,INACTIVE,100.0,TRAIN
cust-08819,m-025,110,3,5458.11,1819.37,1009.97,2224.07,2,1,217,53.5,0.333,0.667,INACTIVE,100.0,TRAIN
cust-08820,m-008,16,10,14238.29,1423.83,266.13,2774.3,4,1,287,30.1,0.3,0.5,REGULAR,4.17,VALIDATION
cust-08821,m-012,15,8,2668.85,333.61,175.96,641.2,5,1,314,42.7,0.125,0.125,REGULAR,3.57,TRAIN
cust-08822,m-025,23,10,10486.55,1048.66,685.18,2224.07,5,1,353,36.7,0.2,0.3,REGULAR,4.87,TEST
cust-08823,m-028,29,7,1897.17,271.02,31.9,574.84,6,1,239,35.0,0.143,0.143,REGULAR,9.06,TRAIN
cust-08824,m-021,0,10,3312.74,331.27,39.92,1152.04,7,1,364,40.4,0.3,0.4,REGULAR,0.0,TRAIN
cust-08825,m-003,147,2,170.02,85.01,55.28,114.74,2,1,210,63.0,0.0,0.5,INACTIVE,100.0,TRAIN
cust-08826,m-010,23,6,973.75,162.29,77.7,253.35,5,1,275,50.4,0.5,0.5,REGULAR,6.25,TRAIN
cust-08827,m-030,31,9,2149.97,238.89,97.66,536.85,4,1,342,38.9,0.0,0.222,AT_RISK,6.78,TRAIN
cust-08828,m-010,11,7,1102.88,157.55,31.82,580.56,6,1,354,57.2,0.571,0.286,REGULAR,2.32,TRAIN
cust-08829,m-024,30,8,1071.79,133.97,35.32,291.54,5,1,339,44.1,0.0,0.5,REGULAR,6.62,TRAIN
cust-08830,m-033,17,7,8163.49,1166.21,348.67,2575.37,6,1,258,40.2,0.0,0.286,REGULAR,4.92,TEST
cust-08831,m-002,81,7,5219.4,745.63,237.28,2972.2,5,1,359,46.3,0.714,0.714,INACTIVE,68.93,VALIDATION
cust-08832,m-016,97,4,1251.75,312.94,171.95,445.18,3,1,255,52.7,0.5,0.25,INACTIVE,94.87,TEST
cust-08833,m-020,74,6,1125.19,187.53,76.56,363.66,5,1,341,53.4,0.333,0.333,INACTIVE,47.13,TRAIN
cust-08834,m-032,191,3,3218.94,1072.98,1037.24,1090.85,2,1,343,76.0,0.0,0.333,INACTIVE,100.0,VALIDATION
cust-08835,m-015,3,14,1602.58,114.47,47.83,218.22,11,1,332,25.3,0.571,0.357,REGULAR,0.68,TRAIN
cust-08837,m-039,92,6,631.09,105.18,91.89,135.07,3,1,287,39.0,0.667,0.333,INACTIVE,100.0,TEST
cust-08838,m-003,36,8,1220.67,152.58,27.64,409.29,5,1,364,46.9,0.25,0.125,AT_RISK,7.4,TRAIN
cust-08839,m-021,14,7,3005.98,429.43,55.33,1574.28,6,1,204,31.7,0.429,0.286,REGULAR,5.12,TRAIN
cust-08840,m-023,42,7,1186.87,169.55,26.95,497.46,7,1,323,46.8,0.286,0.429,AT_RISK,9.72,TRAIN
cust-08841,m-023,6,12,1694.3,141.19,26.95,418.56,7,1,306,27.3,0.5,0.417,REGULAR,1.47,VALIDATION
cust-08842,m-041,66,8,2080.95,260.12,54.85,613.4,5,1,275,29.9,0.25,0.125,INACTIVE,72.08,TRAIN
cust-08843,m-030,25,12,3724.52,310.38,43.79,874.26,6,1,361,30.5,0.417,0.333,REGULAR,5.18,TRAIN
cust-08844,m-032,94,10,12821.45,1282.14,867.24,2083.19,5,1,328,26.0,0.2,0.4,INACTIVE,100.0,VALIDATION
cust-08845,m-041,92,7,2107.39,301.06,27.29,915.51,5,1,332,40.0,0.143,0.286,INACTIVE,98.72,TRAIN
cust-08846,m-042,0,13,1302.14,100.16,44.49,168.33,11,1,359,29.9,0.385,0.308,REGULAR,0.0,TRAIN
cust-08847,m-019,20,9,885.17,98.35,32.1,173.72,7,1,362,42.8,0.444,0.222,REGULAR,4.13,TRAIN
cust-08848,m-016,93,4,1251.75,312.94,171.95,445.18,3,1,284,63.7,0.5,0.25,INACTIVE,68.42,VALIDATION
cust-08849,m-027,10,5,1001.6,200.32,32.87,677.34,4,1,357,86.8,0.2,0.2,REGULAR,2.09,TRAIN
cust-08851,m-001,88,14,1009.45,72.1,35.19,179.02,8,1,342,19.5,0.357,0.286,INACTIVE,100.0,VALIDATION
cust-08852,m-015,52,13,1723.41,132.57,38.47,327.87,8,1,351,24.9,0.538,0.385,AT_RISK,51.73,TRAIN
cust-08853,m-024,5,10,3167.27,316.73,35.32,1152.78,9,1,364,39.9,0.4,0.5,REGULAR,1.03,TRAIN
cust-08854,m-008,48,16,23778.25,1486.14,266.13,2774.3,8,1,331,18.9,0.188,0.125,AT_RISK,54.49,TEST
cust-08855,m-014,73,9,8375.35,930.59,265.14,1579.66,5,1,351,34.8,0.556,0.222,INACTIVE,72.85,TRAIN
cust-08856,m-005,38,7,1267.12,181.02,42.51,342.62,7,1,363,54.2,0.143,0.143,AT_RISK,7.83,TRAIN
cust-08857,m-037,5,14,2167.26,154.8,33.5,473.49,10,1,358,27.2,0.5,0.5,REGULAR,1.04,VALIDATION
cust-08858,m-024,55,8,1837.9,229.74,23.95,657.45,6,1,342,41.0,0.125,0.25,AT_RISK,33.03,TEST
cust-08859,m-003,10,10,4173.12,417.31,57.37,1910.85,8,1,319,34.3,0.2,0.4,REGULAR,2.34,TEST
cust-08860,m-038,87,8,1514.66,189.33,103.23,365.65,4,1,308,31.6,0.375,0.625,INACTIVE,100.0,TRAIN
cust-08861,m-032,54,6,4751.5,791.92,333.71,1037.24,5,1,357,60.6,0.5,0.333,AT_RISK,11.31,VALIDATION
cust-08862,m-026,187,4,558.89,139.72,40.34,359.52,4,1,276,29.7,0.5,0.5,INACTIVE,100.0,TRAIN
cust-08863,m-013,8,6,7857.81,1309.64,271.73,2897.77,5,1,251,48.6,0.333,0.333,REGULAR,2.38,TRAIN
cust-08864,m-011,59,7,651.14,93.02,38.53,148.79,6,1,316,42.8,0.429,0.429,AT_RISK,38.26,VALIDATION
cust-08865,m-020,115,8,860.15,107.52,38.28,269.16,6,1,335,31.4,0.125,0.375,INACTIVE,100.0,TRAIN
cust-08866,m-039,62,9,1361.94,151.33,88.81,263.1,4,1,349,35.9,0.333,0.333,INACTIVE,52.44,TRAIN
cust-08867,m-028,32,9,3635.54,403.95,23.81,1466.46,6,1,338,38.2,0.222,0.444,AT_RISK,7.08,TRAIN
cust-08868,m-017,4,8,3964.55,495.57,78.78,2252.88,6,1,346,48.9,0.375,0.375,REGULAR,0.86,TRAIN
cust-08869,m-033,174,5,3638.67,727.73,539.82,928.47,4,1,318,36.0,0.2,0.4,INACTIVE,100.0,TRAIN
cust-08870,m-039,19,9,1005.31,111.7,91.89,135.07,3,1,298,34.9,0.556,0.444,REGULAR,4.77,TRAIN
cust-08871,m-043,29,10,7265.76,726.58,269.88,900.25,5,1,343,34.9,0.3,0.4,REGULAR,6.32,TRAIN
cust-08872,m-022,20,10,16317.41,1631.74,410.45,4174.73,6,1,352,36.9,0.0,0.4,REGULAR,4.25,TEST
cust-08873,m-039,103,12,1932.2,161.02,88.81,263.1,4,1,323,20.0,0.333,0.25,INACTIVE,100.0,TRAIN
cust-08874,m-019,53,11,924.19,84.02,30.62,175.92,8,1,361,30.8,0.545,0.455,AT_RISK,44.28,TRAIN
cust-08875,m-008,26,9,11971.74,1330.19,266.13,2774.3,5,1,359,41.6,0.222,0.444,REGULAR,5.42,TRAIN
cust-08876,m-026,86,9,974.48,108.28,43.96,282.2,6,1,309,27.9,0.444,0.444,INACTIVE,100.0,TEST
cust-08877,m-018,11,9,1195.35,132.82,37.52,427.26,8,1,341,41.2,0.444,0.222,REGULAR,2.41,TRAIN
cust-08878,m-040,7,7,2335.97,333.71,64.74,803.42,5,1,338,55.2,0.143,0.571,REGULAR,1.55,TRAIN
cust-08879,m-014,11,8,4110.07,513.76,265.14,812.67,4,1,334,46.1,0.5,0.25,REGULAR,2.46,TRAIN
cust-08880,m-043,2,7,4608.95,658.42,336.04,1103.72,4,1,359,59.5,0.286,0.143,REGULAR,0.42,TRAIN
cust-08881,m-022,4,6,5269.79,878.3,410.45,1444.79,4,1,332,65.6,0.333,0.167,REGULAR,0.9,TRAIN
cust-08882,m-032,1,10,8822.73,882.27,333.71,1743.56,6,1,338,37.4,0.4,0.4,REGULAR,0.22,TEST
cust-08883,m-020,55,7,743.86,106.27,57.76,163.8,6,1,305,41.7,0.429,0.286,AT_RISK,33.43,VALIDATION
cust-08884,m-007,66,5,6687.89,1337.58,206.76,2427.55,4,1,209,35.8,0.0,0.2,INACTIVE,68.87,TRAIN
cust-08885,m-043,18,6,5567.03,927.84,269.88,2567.7,4,1,322,60.8,0.333,0.5,REGULAR,4.18,TEST
cust-08886,m-037,34,7,538.48,76.93,31.54,194.46,5,1,346,52.0,0.0,0.286,AT_RISK,7.35,TRAIN
cust-08887,m-038,11,9,1495.83,166.2,42.2,365.65,5,1,329,39.8,0.444,0.667,REGULAR,2.5,VALIDATION
cust-08888,m-005,7,10,2412.05,241.2,25.41,632.0,7,1,352,38.3,0.2,0.3,REGULAR,1.49,TEST
cust-08889,m-023,5,6,1080.41,180.07,62.45,310.85,6,1,328,64.6,0.333,0.333,REGULAR,1.14,TRAIN
cust-08890,m-018,149,7,883.77,126.25,36.32,427.26,6,1,337,31.3,0.286,0.143,INACTIVE,100.0,TRAIN
cust-08891,m-040,52,9,1574.8,174.98,32.37,574.12,7,1,355,37.9,0.556,0.0,AT_RISK,32.11,TRAIN
cust-08893,m-027,165,4,3152.85,788.21,27.71,2034.18,4,1,266,33.7,0.5,0.5,INACTIVE,100.0,TRAIN
cust-08894,m-043,32,11,10148.72,922.61,269.88,2567.7,6,1,355,32.3,0.545,0.091,AT_RISK,6.74,TEST
cust-08895,m-043,72,7,3950.13,564.3,269.88,1103.72,6,1,360,48.0,0.143,0.571,INACTIVE,50.96,TRAIN
cust-08896,m-025,7,8,11635.56,1454.45,391.84,2224.07,6,1,310,43.3,0.125,0.375,REGULAR,1.69,TRAIN
cust-08897,m-035,50,11,12168.34,1106.21,390.48,2412.27,5,1,306,25.6,0.455,0.091,AT_RISK,48.81,TRAIN
cust-08898,m-019,50,7,647.97,92.57,30.62,183.1,7,1,348,49.7,0.429,0.714,AT_RISK,11.19,TRAIN
cust-08900,m-020,11,7,1047.76,149.68,43.93,545.49,5,1,207,32.7,0.571,0.429,REGULAR,3.97,TRAIN
cust-08901,m-026,66,8,1213.7,151.71,36.07,479.36,7,1,323,36.7,0.375,0.5,INACTIVE,59.23,VALIDATION
cust-08902,m-015,17,10,1169.43,116.94,47.83,252.84,7,1,360,38.1,0.4,0.5,REGULAR,3.53,TRAIN
cust-08903,m-010,155,10,1367.4,136.74,44.29,387.04,8,1,314,17.7,0.2,0.4,INACTIVE,100.0,TRAIN
cust-08904,m-013,7,13,16371.65,1259.36,271.73,2897.77,8,1,336,27.4,0.308,0.385,REGULAR,1.56,TRAIN
cust-08905,m-006,4,5,710.13,142.03,87.62,310.45,3,1,356,88.0,0.8,0.2,REGULAR,0.84,TRAIN
cust-08906,m-020,0,4,730.11,182.53,33.64,545.49,4,1,151,50.3,0.5,0.25,REGULAR,0.0,TRAIN
cust-08907,m-044,4,10,1370.71,137.07,26.36,333.8,7,1,346,38.0,0.5,0.4,REGULAR,0.86,TRAIN
cust-08908,m-019,21,8,717.73,89.72,32.1,252.72,4,1,295,39.1,0.0,0.375,REGULAR,5.32,TEST
cust-08909,m-007,63,7,7101.41,1014.49,206.76,2427.55,4,1,335,45.3,0.286,0.429,INACTIVE,40.61,TRAIN
cust-08910,m-046,1,10,1998.55,199.86,22.76,536.88,7,1,325,36.0,0.2,0.3,REGULAR,0.23,TRAIN
cust-08911,m-045,14,10,1167.18,116.72,36.65,205.6,7,1,323,34.3,0.1,0.1,REGULAR,3.24,TRAIN
cust-08912,m-022,146,2,5077.76,2538.88,903.03,4174.73,2,1,189,43.0,0.0,0.0,INACTIVE,100.0,TRAIN
cust-08913,m-025,64,8,9576.31,1197.04,685.18,2224.07,4,1,291,32.4,0.375,0.5,INACTIVE,63.84,TEST
cust-08914,m-046,102,7,1837.23,262.46,34.98,890.86,4,1,337,39.2,0.429,0.429,INACTIVE,100.0,TRAIN
cust-08915,m-027,11,8,1715.12,214.39,32.87,416.57,5,1,331,45.7,0.375,0.5,REGULAR,2.48,TRAIN
cust-08916,m-032,4,10,12797.54,1279.75,333.71,2083.19,6,1,344,37.8,0.3,0.4,REGULAR,0.87,TEST
cust-08917,m-018,3,5,770.36,154.07,36.32,381.36,5,1,361,89.5,0.2,0.2,REGULAR,0.62,TRAIN
cust-08918,m-034,0,9,1124.25,124.92,32.97,373.96,6,1,307,38.4,0.0,0.444,REGULAR,0.0,TEST
cust-08919,m-004,67,5,7279.91,1455.98,482.75,3021.37,5,1,331,66.0,0.6,1.0,INACTIVE,16.64,TRAIN
cust-08920,m-033,49,9,11723.79,1302.64,348.67,2364.31,5,1,348,37.4,0.333,0.0,AT_RISK,27.93,TRAIN
cust-08921,m-038,16,7,809.74,115.68,42.2,365.65,4,1,307,48.5,0.0,0.571,REGULAR,3.9,TRAIN
cust-08922,m-006,243,3,381.23,127.08,85.78,207.83,3,1,334,45.5,1.0,0.667,INACTIVE,100.0,TEST
cust-08923,m-007,4,6,5660.52,943.42,206.76,2427.55,4,1,207,40.6,0.5,0.5,REGULAR,1.44,TRAIN
cust-08924,m-022,41,8,14011.81,1751.48,712.53,4174.73,5,1,339,42.6,0.25,0.25,AT_RISK,9.04,TRAIN
cust-08925,m-024,119,8,3505.58,438.2,23.95,1152.78,7,1,360,34.4,0.125,0.5,INACTIVE,100.0,TRAIN
cust-08926,m-034,35,6,561.44,93.57,26.72,183.42,6,1,357,64.4,0.333,0.5,AT_RISK,7.33,VALIDATION
cust-08927,m-009,1,6,668.84,111.47,35.76,206.04,6,1,186,37.0,0.833,0.5,REGULAR,0.4,VALIDATION
cust-08928,m-034,28,5,538.24,107.65,51.8,189.45,5,1,316,72.0,0.4,0.4,REGULAR,6.62,TRAIN
cust-08929,m-022,69,6,8242.18,1373.7,410.45,4174.73,5,1,257,37.6,0.167,0.333,INACTIVE,67.16,TRAIN
cust-08930,m-040,68,8,1651.69,206.46,51.55,574.12,6,1,347,39.9,0.25,0.25,INACTIVE,56.81,VALIDATION
cust-08931,m-009,9,7,774.4,110.63,51.51,276.26,6,1,287,46.3,0.286,0.571,REGULAR,2.34,TRAIN
cust-08932,m-016,5,10,1915.19,191.52,75.51,445.18,5,1,309,33.8,0.5,0.5,REGULAR,1.21,TRAIN
cust-08933,m-009,39,8,994.31,124.29,51.51,276.26,5,1,306,38.1,0.25,0.375,AT_RISK,10.88,TRAIN
cust-08934,m-025,23,6,3854.66,642.44,391.84,930.0,4,1,320,59.4,0.5,0.167,REGULAR,5.37,VALIDATION
cust-08936,m-006,126,10,1360.37,136.04,85.78,310.45,5,1,344,24.2,0.2,0.4,INACTIVE,100.0,TRAIN
cust-08937,m-013,84,7,6591.54,941.65,271.73,2897.77,5,1,336,42.0,0.143,0.429,INACTIVE,81.69,VALIDATION
cust-08938,m-041,9,9,3026.94,336.33,30.43,915.51,7,1,355,43.2,0.556,0.333,REGULAR,1.9,TRAIN
cust-08939,m-045,39,7,773.26,110.47,39.71,378.6,5,1,360,53.5,0.286,0.143,AT_RISK,8.1,TRAIN
cust-08940,m-033,1,10,11608.49,1160.85,348.67,2575.37,5,1,330,36.6,0.3,0.5,REGULAR,0.23,TRAIN
cust-08942,m-018,53,12,1499.53,124.96,36.75,381.36,9,1,297,22.2,0.5,0.417,AT_RISK,59.54,TRAIN
cust-08943,m-014,25,6,7611.12,1268.52,265.14,2109.87,4,1,300,55.0,0.167,0.333,REGULAR,6.23,TRAIN
cust-08944,m-043,4,9,12508.47,1389.83,336.04,2567.7,4,1,357,44.1,0.556,0.444,REGULAR,0.84,VALIDATION
cust-08945,m-045,28,9,1366.86,151.87,43.04,283.95,6,1,347,39.9,0.333,0.444,REGULAR,6.03,TRAIN
cust-08946,m-006,141,4,596.07,149.02,85.78,310.45,4,1,253,37.3,0.0,0.0,INACTIVE,100.0,TRAIN
cust-08947,m-034,32,7,509.08,72.73,35.29,183.42,4,1,363,55.2,0.429,0.286,AT_RISK,6.59,VALIDATION
cust-08949,m-024,39,12,2038.08,169.84,23.95,384.26,8,1,359,29.1,0.333,0.333,AT_RISK,22.98,TRAIN
cust-08950,m-004,0,6,8310.94,1385.16,732.09,3021.37,5,1,356,71.2,0.167,0.0,REGULAR,0.0,TRAIN
cust-08951,m-032,138,7,7283.63,1040.52,333.71,2083.19,6,1,331,32.2,0.571,0.143,INACTIVE,100.0,TRAIN
cust-08952,m-013,33,6,4044.06,674.01,271.73,1163.64,4,1,357,64.8,0.333,0.333,AT_RISK,6.91,TRAIN
cust-08953,m-004,47,6,5409.24,901.54,687.11,1789.15,4,1,264,43.4,0.833,0.333,AT_RISK,18.7,TRAIN
cust-08954,m-016,19,12,2273.59,189.47,75.51,445.18,5,1,332,28.5,0.25,0.417,REGULAR,4.28,TRAIN
cust-08955,m-044,143,7,1224.01,174.86,77.4,273.59,5,1,353,35.0,0.286,0.143,INACTIVE,100.0,VALIDATION
cust-08956,m-043,76,10,8227.22,822.72,269.88,2567.7,6,1,310,26.0,0.1,0.4,INACTIVE,93.33,TRAIN
cust-08957,m-024,13,10,1739.48,173.95,23.95,411.16,6,1,333,35.6,0.6,0.2,REGULAR,2.92,TEST
cust-08958,m-046,2,12,2005.59,167.13,34.98,463.94,8,1,346,31.3,0.333,0.417,REGULAR,0.43,TRAIN
cust-08959,m-023,24,13,5944.36,457.26,26.95,2340.96,8,1,350,27.2,0.231,0.538,REGULAR,5.13,TRAIN
cust-08960,m-045,52,7,1145.7,163.67,67.99,325.74,5,1,271,36.5,0.429,0.429,AT_RISK,37.59,TRAIN
cust-08961,m-030,51,8,1585.58,198.2,27.38,511.8,5,1,340,41.3,0.25,0.0,AT_RISK,25.77,TRAIN
cust-08962,m-025,26,6,7284.79,1214.13,685.18,2088.28,4,1,268,48.4,0.333,0.333,REGULAR,7.25,TRAIN
cust-08963,m-007,38,10,16440.42,1644.04,206.76,2427.55,3,1,260,24.7,0.3,0.5,AT_RISK,30.87,TRAIN
cust-08964,m-034,226,5,480.67,96.13,64.12,146.56,5,1,360,33.5,0.0,0.6,INACTIVE,100.0,TEST
cust-08965,m-034,52,8,764.22,95.53,51.8,189.45,5,1,345,41.9,0.125,0.375,AT_RISK,26.42,TRAIN
cust-08966,m-022,44,9,7257.27,806.36,410.45,1444.79,6,1,339,36.9,0.111,0.111,AT_RISK,20.36,VALIDATION
cust-08967,m-007,88,5,3757.27,751.45,206.76,1357.85,3,1,349,65.2,0.2,0.4,INACTIVE,53.06,VALIDATION
cust-08968,m-024,31,4,966.33,241.58,102.79,384.26,4,1,241,70.0,0.5,0.25,AT_RISK,9.61,TEST
cust-08969,m-039,52,13,1556.72,119.75,88.81,263.1,5,1,354,25.2,0.462,0.231,AT_RISK,51.19,TEST
cust-08970,m-045,5,15,1356.32,90.42,36.65,233.62,9,1,327,23.0,0.467,0.333,LOYAL,1.14,TRAIN
cust-08972,m-028,9,10,2165.86,216.59,31.9,431.13,6,1,358,38.8,0.1,0.6,REGULAR,1.88,TRAIN
cust-08973,m-027,108,6,2690.58,448.43,89.22,1356.12,4,1,307,39.8,0.333,0.5,INACTIVE,100.0,TEST
cust-08974,m-020,16,6,416.64,69.44,33.64,100.92,4,1,340,64.8,0.5,0.5,REGULAR,3.52,VALIDATION
cust-08975,m-023,79,8,1630.78,203.85,26.95,497.46,7,1,351,38.9,0.25,0.375,INACTIVE,76.98,TEST
cust-08976,m-042,25,5,638.4,127.68,65.24,223.41,5,1,280,63.8,0.4,0.6,REGULAR,6.67,TRAIN
cust-08977,m-004,80,3,4980.69,1660.23,687.11,3021.37,3,1,324,122.0,0.0,0.333,INACTIVE,18.46,TEST
cust-08978,m-004,19,3,4236.21,1412.07,482.75,3021.37,3,1,334,157.5,0.667,0.0,NEW,4.25,TRAIN
cust-08979,m-014,9,10,9929.27,992.93,265.14,2109.87,8,1,342,37.0,0.3,0.3,REGULAR,1.97,TRAIN
cust-08980,m-016,20,7,2159.16,308.45,75.51,445.18,4,1,294,45.7,0.143,0.571,REGULAR,5.08,TEST
cust-08981,m-005,27,9,2034.62,226.07,25.41,685.24,6,1,264,29.6,0.556,0.222,REGULAR,7.64,VALIDATION
cust-08982,m-026,12,8,1038.44,129.8,40.34,334.44,7,1,320,44.0,0.25,0.375,REGULAR,2.8,TRAIN
cust-08983,m-047,110,4,360.71,90.18,30.31,172.26,4,1,323,71.0,0.5,0.5,INACTIVE,83.96,TRAIN
cust-08984,m-007,58,11,10783.07,980.28,206.76,2427.55,5,1,345,28.7,0.182,0.091,AT_RISK,56.52,TRAIN
cust-08985,m-046,23,13,3512.67,270.21,34.98,723.13,9,1,337,26.2,0.154,0.231,REGULAR,5.1,TRAIN
cust-08986,m-037,102,9,1178.36,130.93,48.84,189.0,7,1,302,25.0,0.111,0.222,INACTIVE,100.0,TRAIN
cust-08987,m-004,68,2,2476.26,1238.13,687.11,1789.15,2,1,241,173.0,0.5,0.0,INACTIVE,21.07,TRAIN
cust-08988,m-027,147,4,594.6,148.65,32.87,352.8,3,1,332,61.7,0.25,0.5,INACTIVE,100.0,TRAIN
cust-08989,m-011,10,14,1196.4,85.46,31.75,182.81,9,1,359,26.8,0.071,0.143,REGULAR,2.08,TRAIN
cust-08990,m-021,62,8,2157.95,269.74,22.25,576.02,7,1,346,40.6,0.0,0.5,INACTIVE,45.5,TRAIN
cust-08991,m-029,60,7,1450.62,207.23,24.87,356.96,6,1,261,33.5,0.286,0.571,AT_RISK,56.93,TEST
cust-08992,m-030,48,6,8452.34,1408.72,43.79,7015.85,5,1,245,39.4,0.333,0.0,AT_RISK,27.53,VALIDATION
cust-08993,m-045,74,7,815.57,116.51,49.55,282.99,5,1,306,38.7,0.571,0.571,INACTIVE,71.03,TEST
cust-08995,m-009,12,5,305.63,61.13,30.99,88.85,5,1,271,64.8,0.6,0.0,REGULAR,3.31,TRAIN
cust-08996,m-018,28,12,7949.67,662.47,36.75,6727.38,7,1,362,30.4,0.25,0.417,REGULAR,5.79,TEST
cust-08997,m-001,11,6,559.26,93.21,36.39,226.36,5,1,337,65.2,0.333,0.167,REGULAR,2.44,TRAIN
cust-08999,m-020,6,7,708.23,101.18,38.28,181.83,6,1,321,52.5,0.143,0.286,REGULAR,1.4,TRAIN
cust-09000,m-047,218,3,320.46,106.82,90.93,133.63,3,1,347,64.5,0.333,0.333,INACTIVE,100.0,TRAIN
cust-09001,m-046,4,6,3261.92,543.65,217.61,894.93,5,1,333,65.8,1.0,0.333,REGULAR,0.9,TRAIN
cust-09002,m-011,27,11,902.15,82.01,31.75,182.81,10,1,364,33.7,0.273,0.182,REGULAR,5.55,TRAIN
cust-09003,m-042,9,6,511.78,85.3,30.27,168.33,4,1,341,66.4,0.333,0.333,REGULAR,1.97,TRAIN
cust-09004,m-024,87,7,1622.33,231.76,54.88,520.23,6,1,297,35.0,0.143,0.0,INACTIVE,99.9,TEST
cust-09005,m-038,18,6,961.13,160.19,42.2,365.65,3,1,332,62.8,0.167,0.167,REGULAR,4.05,TRAIN
cust-09006,m-033,67,5,6736.73,1347.35,539.82,2364.31,3,1,358,72.8,0.4,0.6,INACTIVE,14.0,TEST
cust-09007,m-024,9,9,2814.76,312.75,157.54,876.6,4,1,264,31.9,0.333,0.333,REGULAR,2.55,TRAIN
cust-09008,m-020,5,11,1487.34,135.21,43.93,327.6,8,1,364,35.9,0.545,0.273,REGULAR,1.03,TRAIN
cust-09009,m-021,104,10,2082.39,208.24,39.92,576.02,8,1,357,28.1,0.2,0.5,INACTIVE,100.0,TRAIN
cust-09011,m-043,33,6,4612.37,768.73,411.29,1103.72,4,1,302,53.8,0.5,0.167,AT_RISK,8.17,TRAIN
cust-09012,m-010,88,6,821.15,136.86,43.92,263.85,5,1,254,33.2,0.5,0.167,INACTIVE,100.0,TRAIN
cust-09013,m-010,53,8,1049.53,131.19,31.82,253.35,6,1,354,43.0,0.5,0.5,AT_RISK,26.2,TRAIN
cust-09014,m-008,20,14,17388.95,1242.07,266.13,2774.3,7,1,328,23.7,0.429,0.5,REGULAR,4.56,TRAIN
cust-09015,m-025,23,9,8796.21,977.36,391.84,2224.07,5,1,304,35.1,0.0,0.333,REGULAR,5.66,TRAIN
cust-09017,m-028,41,11,2239.35,203.58,23.81,765.18,8,1,356,31.5,0.091,0.182,AT_RISK,22.86,TEST
cust-09018,m-034,76,7,780.95,111.56,35.29,189.45,5,1,330,42.3,0.143,0.143,INACTIVE,67.77,TRAIN
cust-09019,m-047,41,9,676.18,75.13,30.31,121.24,6,1,339,37.2,0.222,0.222,AT_RISK,14.74,TRAIN
cust-09020,m-010,22,6,595.88,99.31,43.92,250.64,5,1,335,62.6,0.167,0.167,REGULAR,4.91,VALIDATION
cust-09021,m-041,77,5,912.04,182.41,82.06,291.9,2,1,328,62.8,0.0,0.2,INACTIVE,38.85,TEST
cust-09022,m-041,61,9,3346.02,371.78,30.43,1220.68,7,1,334,34.1,0.444,0.222,INACTIVE,54.01,TRAIN
cust-09023,m-025,14,5,5332.3,1066.46,685.18,2224.07,4,1,260,61.5,0.2,0.2,REGULAR,4.02,VALIDATION
cust-09024,m-019,61,6,540.41,90.07,32.1,166.5,6,1,359,59.6,0.667,0.333,INACTIVE,14.81,TRAIN
cust-09025,m-026,25,9,713.8,79.31,28.65,115.83,6,1,277,31.5,0.333,0.333,REGULAR,6.74,VALIDATION
cust-09026,m-035,38,13,14458.09,1112.16,390.48,2412.27,7,1,361,26.9,0.462,0.154,AT_RISK,24.52,TRAIN
cust-09027,m-029,7,6,1448.43,241.4,24.87,467.38,4,1,313,61.2,0.667,0.5,REGULAR,1.67,TRAIN
cust-09028,m-005,92,6,1094.88,182.48,50.82,319.8,5,1,308,43.2,0.167,0.167,INACTIVE,95.53,TRAIN
cust-09029,m-017,29,11,2916.25,265.11,29.94,1126.44,7,1,338,30.9,0.364,0.364,REGULAR,6.42,TRAIN
cust-09030,m-003,75,13,5035.38,387.34,57.37,1273.9,7,1,361,23.8,0.462,0.308,INACTIVE,92.34,TRAIN
cust-09031,m-028,42,5,1492.38,298.48,187.63,449.62,3,1,270,57.0,0.4,0.2,AT_RISK,11.62,TEST
cust-09032,m-016,21,6,1033.11,172.18,75.51,445.18,4,1,340,63.8,0.5,0.667,REGULAR,4.62,TEST
cust-09033,m-013,186,4,6877.37,1719.34,556.98,2897.77,4,1,321,45.0,0.25,0.0,INACTIVE,100.0,VALIDATION
cust-09034,m-008,6,6,8142.87,1357.14,266.13,2774.3,5,1,332,65.2,0.167,0.167,REGULAR,1.35,VALIDATION
cust-09035,m-010,154,8,1036.21,129.53,27.0,250.64,8,1,361,29.6,0.375,0.0,INACTIVE,100.0,TRAIN
cust-09036,m-012,2,9,2180.0,242.22,82.22,527.88,5,1,334,41.5,0.222,0.444,REGULAR,0.45,TRAIN
cust-09037,m-031,4,10,723.69,72.37,41.64,134.51,6,1,361,39.7,0.4,0.5,REGULAR,0.83,VALIDATION
cust-09038,m-030,13,13,1886.25,145.1,27.38,511.8,7,1,329,26.3,0.462,0.538,REGULAR,2.95,TRAIN
cust-09039,m-046,10,6,1905.01,317.5,178.96,445.43,3,1,319,61.8,0.167,0.333,REGULAR,2.34,VALIDATION
cust-09040,m-038,25,9,2005.07,222.79,103.23,365.65,3,1,335,38.8,0.556,0.222,REGULAR,5.58,TRAIN
cust-09041,m-021,197,8,3160.11,395.01,60.69,1574.28,6,1,350,21.9,0.125,0.5,INACTIVE,100.0,VALIDATION
cust-09042,m-033,44,7,3962.33,566.05,348.67,928.47,4,1,363,53.2,0.143,0.571,AT_RISK,9.07,VALIDATION
cust-09043,m-018,73,4,324.32,81.08,37.52,127.12,4,1,280,69.0,0.0,0.5,INACTIVE,25.48,VALIDATION
cust-09044,m-040,5,9,4111.89,456.88,73.02,1722.36,7,1,347,42.8,0.667,0.222,REGULAR,1.08,TEST
cust-09045,m-037,14,13,1230.84,94.68,31.54,257.7,8,1,337,26.9,0.385,0.308,REGULAR,3.11,TRAIN
cust-09046,m-010,4,13,1024.61,78.82,27.0,168.9,9,1,354,29.2,0.462,0.385,REGULAR,0.85,TRAIN
cust-09047,m-016,30,9,1297.62,144.18,75.51,445.18,4,1,317,35.9,0.222,0.222,REGULAR,7.08,TRAIN
cust-09048,m-030,10,15,4566.54,304.44,27.38,1128.3,8,1,325,22.5,0.267,0.267,LOYAL,2.3,TRAIN
cust-09050,m-007,75,5,6906.66,1381.33,206.76,2427.55,4,1,318,60.8,0.6,0.4,INACTIVE,38.93,TRAIN
cust-09051,m-001,21,11,1117.4,101.58,35.19,452.72,8,1,293,27.2,0.273,0.273,REGULAR,5.36,TRAIN
cust-09052,m-022,11,9,7590.81,843.42,410.45,1444.79,5,1,345,41.8,0.333,0.222,REGULAR,2.38,TRAIN
cust-09053,m-006,6,15,2056.13,137.08,85.78,310.45,5,1,333,23.4,0.467,0.4,LOYAL,1.35,VALIDATION
cust-09054,m-043,55,3,1440.01,480.0,269.88,900.25,2,1,200,72.5,0.333,0.333,INACTIVE,20.52,TRAIN
cust-09055,m-028,45,7,2655.35,379.34,23.81,1100.73,6,1,330,47.5,0.143,0.429,AT_RISK,10.2,TRAIN
cust-09058,m-039,25,4,750.08,187.52,88.81,263.1,3,1,265,80.0,0.5,0.25,REGULAR,7.05,TRAIN
cust-09059,m-028,2,9,4808.21,534.25,60.46,2199.69,6,1,352,43.8,0.444,0.444,REGULAR,0.42,TRAIN
cust-09061,m-005,13,10,2808.49,280.85,25.41,837.72,7,1,333,35.6,0.4,0.4,REGULAR,2.92,TEST
cust-09062,m-005,55,7,1977.1,282.44,106.6,742.23,5,1,309,42.3,0.143,0.571,AT_RISK,32.36,TRAIN
cust-09063,m-033,96,6,7803.53,1300.59,539.82,2364.31,4,1,203,21.4,0.333,0.0,INACTIVE,100.0,TRAIN
cust-09064,m-025,11,12,11319.85,943.32,391.84,2224.07,6,1,354,31.2,0.5,0.333,REGULAR,2.32,TRAIN
cust-09065,m-021,81,7,1725.75,246.54,55.33,787.14,5,1,270,31.5,0.429,0.429,INACTIVE,96.67,VALIDATION
cust-09066,m-037,81,10,1692.67,169.27,31.54,658.8,7,1,329,27.6,0.3,0.5,INACTIVE,98.51,TRAIN
cust-09067,m-012,18,8,2630.59,328.82,118.06,797.22,5,1,335,45.3,0.5,0.125,REGULAR,4.02,TRAIN
cust-09068,m-023,195,6,1127.83,187.97,34.83,380.43,5,1,350,31.0,0.167,0.167,INACTIVE,100.0,TRAIN
cust-09069,m-007,214,3,1973.89,657.96,206.76,1139.08,3,1,346,66.0,0.333,0.0,INACTIVE,100.0,TRAIN
cust-09070,m-047,66,8,974.1,121.76,30.31,229.68,6,1,332,38.0,0.0,0.125,INACTIVE,56.86,TRAIN
cust-09071,m-017,0,5,615.57,123.11,119.46,125.45,3,1,315,78.8,0.4,0.2,REGULAR,0.0,TRAIN
cust-09072,m-039,5,5,483.83,96.77,91.89,104.08,2,1,347,85.5,0.4,0.6,REGULAR,1.08,TRAIN
cust-09073,m-005,10,10,3848.25,384.82,42.51,1027.86,6,1,319,34.3,0.4,0.5,REGULAR,2.34,TEST
cust-09074,m-033,177,5,3597.49,719.5,539.82,928.47,3,1,312,33.8,0.2,0.6,INACTIVE,100.0,TEST
cust-09075,m-025,13,6,7220.31,1203.38,391.84,2224.07,4,1,298,57.0,0.5,0.0,REGULAR,3.26,TRAIN
cust-09076,m-038,79,7,1246.86,178.12,42.2,365.65,4,1,275,32.7,0.143,0.143,INACTIVE,90.92,TRAIN
cust-09077,m-007,10,7,6063.83,866.26,206.76,1314.17,5,1,343,55.5,0.286,0.143,REGULAR,2.18,TRAIN
cust-09078,m-026,49,10,1385.35,138.54,28.65,501.66,9,1,331,31.3,0.0,0.1,AT_RISK,37.62,TRAIN
cust-09079,m-002,186,3,2124.63,708.21,237.28,1485.43,3,1,237,25.5,0.333,0.667,INACTIVE,100.0,TRAIN
cust-09080,m-030,16,12,2868.58,239.05,27.38,511.8,6,1,359,31.2,0.333,0.5,REGULAR,3.33,TRAIN
cust-09081,m-037,14,11,1281.36,116.49,33.5,329.4,8,1,350,33.6,0.636,0.364,REGULAR,2.99,TRAIN
cust-09082,m-015,101,8,1322.85,165.36,51.71,380.86,5,1,343,34.6,0.375,0.375,INACTIVE,100.0,TRAIN
cust-09083,m-013,39,8,9536.3,1192.04,271.73,2532.63,5,1,328,41.3,0.375,0.25,AT_RISK,8.89,TEST
cust-09084,m-008,17,12,11837.36,986.45,266.13,1942.06,7,1,352,30.5,0.5,0.25,REGULAR,3.61,TEST
cust-09086,m-005,42,10,4044.75,404.48,25.41,1896.0,7,1,309,29.7,0.3,0.5,AT_RISK,28.61,TRAIN
cust-09087,m-009,3,5,528.61,105.72,35.76,243.26,4,1,362,89.8,0.4,0.2,REGULAR,0.62,TRAIN
cust-09088,m-015,53,5,515.63,103.13,60.07,155.13,4,1,350,74.2,0.2,0.4,AT_RISK,11.32,TEST
cust-09089,m-024,3,16,5404.98,337.81,23.95,1537.04,11,1,364,24.1,0.312,0.5,LOYAL,0.62,TRAIN
cust-09090,m-025,8,3,3637.15,1212.38,685.18,2224.07,3,1,225,108.5,0.333,0.0,NEW,2.65,TRAIN
cust-09091,m-041,69,10,2970.62,297.06,30.43,1429.76,7,1,322,28.1,0.2,0.4,INACTIVE,77.37,TRAIN
cust-09092,m-027,62,7,2720.19,388.6,32.87,1356.12,7,1,334,45.3,0.286,0.429,INACTIVE,38.93,TRAIN
cust-09093,m-004,89,6,6311.54,1051.92,482.75,1789.15,4,1,277,37.6,0.667,0.5,INACTIVE,100.0,VALIDATION
cust-09094,m-008,14,21,31158.81,1483.75,266.13,2774.3,8,1,362,17.4,0.286,0.19,LOYAL,2.89,TRAIN
cust-09095,m-018,42,18,2597.13,144.28,36.32,427.29,9,1,355,18.4,0.222,0.444,AT_RISK,44.25,TRAIN
cust-09096,m-036,31,10,1320.1,132.01,30.39,600.96,8,1,326,32.8,0.4,0.2,AT_RISK,7.11,TRAIN
cust-09097,m-047,137,7,549.53,78.5,37.88,133.63,5,1,356,36.5,0.429,0.429,INACTIVE,100.0,TRAIN
cust-09099,m-039,25,4,407.66,101.92,88.81,135.07,3,1,310,95.0,0.25,0.25,REGULAR,6.03,TRAIN
cust-09100,m-003,146,5,882.15,176.43,27.64,409.29,4,1,361,53.8,0.6,0.4,INACTIVE,100.0,TRAIN
cust-09101,m-028,30,8,4590.84,573.86,23.81,2199.69,7,1,331,43.0,0.25,0.375,REGULAR,6.78,TRAIN
cust-09103,m-028,30,9,2282.99,253.67,31.9,1100.73,8,1,360,41.2,0.333,0.444,REGULAR,6.23,TRAIN
cust-09104,m-011,57,9,1041.94,115.77,38.53,295.48,7,1,349,36.5,0.333,0.333,AT_RISK,42.96,TRAIN
cust-09105,m-007,233,6,11511.32,1918.55,486.95,2427.55,3,1,357,24.8,0.333,0.333,INACTIVE,100.0,TRAIN
cust-09106,m-020,40,9,1226.01,136.22,81.9,232.54,5,1,354,39.2,0.222,0.444,AT_RISK,9.65,TRAIN
cust-09107,m-020,19,8,740.23,92.53,46.22,181.83,7,1,357,48.3,0.125,0.375,REGULAR,3.98,VALIDATION
cust-09108,m-046,7,6,2749.75,458.29,22.76,890.86,6,1,351,68.8,0.0,0.667,REGULAR,1.49,TRAIN
cust-09109,m-043,15,4,2165.24,541.31,269.88,900.25,4,1,298,94.3,0.25,0.25,REGULAR,3.76,TEST
cust-09110,m-028,0,11,4263.26,387.57,23.81,2199.69,7,1,358,35.8,0.273,0.0,REGULAR,0.0,TRAIN
cust-09111,m-019,8,10,1335.74,133.57,32.1,341.48,7,1,323,35.0,0.4,0.3,REGULAR,1.85,TRAIN
cust-09112,m-029,7,8,2124.65,265.58,24.87,601.28,6,1,266,37.0,0.0,0.25,REGULAR,1.97,TRAIN
cust-09114,m-023,14,7,2476.53,353.79,62.45,760.86,5,1,341,54.5,0.286,0.429,REGULAR,3.07,TRAIN
cust-09115,m-014,12,6,9188.55,1531.42,505.99,2109.87,4,1,350,67.6,0.333,0.333,REGULAR,2.56,TEST
cust-09116,m-001,26,19,2240.73,117.93,35.19,391.86,11,1,335,17.2,0.421,0.211,REGULAR,19.0,TRAIN
cust-09117,m-013,6,4,5871.2,1467.8,889.99,2897.77,3,1,312,102.0,0.5,0.75,REGULAR,1.44,TRAIN
cust-09119,m-037,52,6,1236.86,206.14,48.84,658.8,5,1,356,60.8,0.5,0.0,AT_RISK,10.92,TRAIN
cust-09120,m-010,66,7,855.84,122.26,51.15,267.12,7,1,294,38.0,0.143,0.143,INACTIVE,58.78,TRAIN
cust-09121,m-017,10,12,5635.72,469.64,59.73,2252.88,6,1,344,30.4,0.333,0.417,REGULAR,2.17,TRAIN
cust-09122,m-007,21,8,7675.42,959.43,486.95,2427.55,5,1,319,42.6,0.25,0.375,REGULAR,4.92,TEST
cust-09123,m-017,27,6,1939.95,323.32,78.78,1126.44,4,1,352,65.0,0.5,0.667,REGULAR,5.74,TRAIN
cust-09124,m-042,10,10,1148.63,114.86,31.7,336.66,8,1,360,38.9,0.3,0.3,REGULAR,2.08,TEST
cust-09125,m-021,5,9,2582.1,286.9,22.25,1180.71,6,1,341,42.0,0.444,0.333,REGULAR,1.1,TRAIN
cust-09126,m-024,0,12,3804.25,317.02,23.95,714.03,7,1,281,25.5,0.167,0.333,REGULAR,0.0,TRAIN
cust-09127,m-044,93,8,4274.18,534.27,58.37,1785.9,6,1,361,38.3,0.5,0.625,INACTIVE,100.0,TRAIN
cust-09128,m-028,20,7,3029.69,432.81,119.22,899.24,5,1,306,47.7,0.429,0.286,REGULAR,4.89,TRAIN
cust-09129,m-005,26,7,5604.48,800.64,25.41,1896.0,5,1,341,52.5,0.571,0.429,REGULAR,5.7,TRAIN
cust-09130,m-032,6,9,7919.62,879.96,333.71,1743.56,7,1,355,43.6,0.444,0.667,REGULAR,1.26,TRAIN
cust-09131,m-020,16,5,335.44,67.09,45.56,107.07,4,1,355,84.8,0.4,0.8,REGULAR,3.37,TRAIN
cust-09132,m-038,14,8,1567.3,195.91,103.23,365.65,4,1,301,41.0,0.375,0.25,REGULAR,3.48,TEST
cust-09133,m-014,11,13,14316.72,1101.29,265.14,2109.87,7,1,361,29.2,0.385,0.308,REGULAR,2.28,TRAIN
cust-09134,m-028,8,8,2023.56,252.94,119.22,674.43,5,1,341,47.6,0.75,0.5,REGULAR,1.75,TRAIN
cust-09135,m-034,1,8,452.62,56.58,26.72,91.71,6,1,271,38.6,0.5,0.625,REGULAR,0.28,TRAIN
cust-09136,m-030,28,8,7610.86,951.36,43.79,6442.2,5,1,356,46.9,0.125,0.5,REGULAR,5.88,TRAIN
cust-09137,m-030,72,10,1368.33,136.83,27.38,302.91,6,1,349,30.8,0.3,0.2,INACTIVE,77.23,TRAIN
cust-09138,m-001,8,13,1781.34,137.03,36.39,358.04,7,1,345,28.1,0.154,0.308,REGULAR,1.73,TRAIN
cust-09139,m-023,1,14,5344.46,381.75,26.95,932.55,10,1,332,25.5,0.286,0.5,REGULAR,0.23,TEST
cust-09140,m-033,82,4,4890.78,1222.7,794.69,2364.31,4,1,338,85.3,0.75,0.5,INACTIVE,18.14,VALIDATION
cust-09141,m-041,4,7,2053.81,293.4,66.3,915.51,5,1,313,51.5,0.429,0.286,REGULAR,0.96,TRAIN
cust-09142,m-014,76,6,7054.46,1175.74,505.99,2109.87,4,1,339,52.6,0.167,0.333,INACTIVE,51.86,TRAIN
cust-09143,m-017,20,6,2508.26,418.04,61.67,1126.44,4,1,291,54.2,0.667,0.333,REGULAR,5.14,TRAIN
cust-09144,m-004,5,5,5507.57,1101.51,482.75,1789.15,5,1,312,76.8,0.8,0.4,REGULAR,1.2,TRAIN
cust-09145,m-011,81,9,1311.64,145.74,54.54,365.62,8,1,307,28.2,0.444,0.444,INACTIVE,98.92,TRAIN
cust-09147,m-007,29,11,10402.48,945.68,206.76,2427.55,7,1,349,32.0,0.364,0.364,REGULAR,6.21,TRAIN
cust-09148,m-019,41,9,967.79,107.53,51.07,183.1,8,1,359,39.8,0.111,0.556,AT_RISK,10.34,TRAIN
cust-09149,m-036,32,10,1143.84,114.38,28.43,218.76,9,1,348,35.1,0.5,0.4,AT_RISK,6.88,TRAIN
cust-09150,m-045,49,11,3652.63,332.06,36.65,2650.2,9,1,361,31.2,0.455,0.364,AT_RISK,36.85,TRAIN
cust-09151,m-006,2,10,1184.9,118.49,85.78,207.83,4,1,332,36.7,0.4,0.3,REGULAR,0.45,TRAIN
cust-09152,m-024,12,9,2583.57,287.06,35.32,583.08,7,1,339,40.9,0.111,0.333,REGULAR,2.65,VALIDATION
cust-09153,m-024,32,7,1265.06,180.72,35.32,472.62,5,1,335,50.5,0.429,0.714,AT_RISK,7.14,TRAIN
cust-09154,m-035,15,5,5674.33,1134.87,662.22,1635.59,5,1,108,23.2,0.2,0.2,REGULAR,10.32,TRAIN
cust-09155,m-017,86,8,4259.83,532.48,29.94,1360.04,5,1,341,36.4,0.25,0.125,INACTIVE,93.26,TRAIN
cust-09156,m-035,64,10,8982.93,898.29,390.48,1635.59,5,1,355,32.3,0.3,0.3,INACTIVE,61.03,TRAIN
cust-09157,m-037,9,7,986.47,140.92,31.54,473.49,6,1,324,52.5,0.143,0.0,REGULAR,2.08,TRAIN
cust-09158,m-032,96,3,1498.79,499.6,333.71,831.37,2,1,283,93.5,0.667,0.333,INACTIVE,29.1,TRAIN
cust-09159,m-023,2,8,2769.08,346.14,34.83,1170.48,6,1,350,49.7,0.25,0.5,REGULAR,0.43,VALIDATION
cust-09160,m-044,9,5,1674.6,334.92,38.7,1190.6,5,1,259,62.5,0.4,0.4,REGULAR,2.6,TRAIN
cust-09161,m-028,9,8,962.27,120.28,57.08,187.63,5,1,308,42.7,0.25,0.75,REGULAR,2.18,TRAIN
cust-09162,m-006,18,7,1099.35,157.05,85.78,310.45,5,1,287,44.8,0.429,0.143,REGULAR,4.69,VALIDATION
cust-09163,m-015,40,5,549.15,109.83,50.76,186.66,4,1,228,47.0,0.4,0.4,AT_RISK,13.1,TEST
cust-09165,m-033,30,7,9981.63,1425.95,539.82,2575.37,5,1,303,45.5,0.143,0.714,REGULAR,7.4,TEST
cust-09166,m-033,48,6,11022.72,1837.12,348.67,2575.37,4,1,338,58.0,0.167,0.167,AT_RISK,10.62,TRAIN
cust-09167,m-013,20,8,7864.78,983.1,271.73,2532.63,5,1,361,48.7,0.375,0.5,REGULAR,4.14,TRAIN
cust-09168,m-014,64,4,3654.29,913.57,265.14,2109.87,4,1,347,94.3,0.5,0.5,INACTIVE,13.79,TEST
cust-09169,m-012,42,5,1888.67,377.73,82.22,804.48,3,1,344,75.5,0.2,0.2,AT_RISK,9.13,TRAIN
cust-09170,m-027,92,6,1043.58,173.93,98.61,290.75,6,1,307,43.0,0.333,0.333,INACTIVE,95.9,TRAIN
cust-09173,m-005,42,7,5017.16,716.74,63.04,2528.0,4,1,353,51.8,0.0,0.286,AT_RISK,8.9,TRAIN
cust-09174,m-046,3,10,2926.62,292.66,59.65,927.88,8,1,353,38.9,0.2,0.5,REGULAR,0.64,TRAIN
cust-09175,m-007,80,9,10905.92,1211.77,206.76,2427.55,5,1,319,29.9,0.111,0.222,INACTIVE,93.9,VALIDATION
cust-09176,m-036,2,9,713.54,79.28,28.43,268.08,7,1,352,43.8,0.444,0.333,REGULAR,0.42,TRAIN
cust-09177,m-015,4,9,1313.16,145.91,51.71,275.79,6,1,363,44.9,0.444,0.111,REGULAR,0.82,TRAIN
cust-09178,m-021,1,10,2984.97,298.5,55.33,749.43,7,1,354,39.2,0.3,0.3,REGULAR,0.21,TRAIN
cust-09179,m-021,1,12,3124.19,260.35,22.25,1728.06,8,1,314,28.5,0.333,0.333,REGULAR,0.24,TRAIN
cust-09180,m-036,96,8,1185.96,148.24,28.43,450.72,8,1,303,29.6,0.125,0.375,INACTIVE,100.0,TRAIN
cust-09181,m-023,21,10,3415.6,341.56,26.95,1170.48,6,1,310,32.1,0.4,0.3,REGULAR,5.06,TRAIN
cust-09182,m-012,20,12,3100.38,258.36,82.22,804.48,6,1,352,30.2,0.25,0.333,REGULAR,4.25,TRAIN
cust-09183,m-018,22,8,838.18,104.77,36.75,142.42,6,1,340,45.4,0.375,0.25,REGULAR,4.84,TRAIN
cust-09184,m-025,117,12,12616.36,1051.36,727.9,2224.07,5,1,359,22.0,0.25,0.25,INACTIVE,100.0,TRAIN
cust-09185,m-006,52,5,683.69,136.74,85.78,310.45,4,1,346,73.5,0.2,0.0,AT_RISK,11.24,TRAIN
cust-09186,m-023,16,9,2320.33,257.81,26.95,1141.29,6,1,331,39.4,0.333,0.333,REGULAR,3.61,TRAIN
cust-09187,m-031,15,12,1376.72,114.73,41.64,191.46,8,1,292,25.2,0.333,0.333,REGULAR,3.84,TRAIN
cust-09188,m-012,7,12,2988.97,249.08,82.22,797.22,6,1,353,31.5,0.083,0.417,REGULAR,1.48,TRAIN
cust-09189,m-001,33,12,1313.72,109.48,35.57,261.24,8,1,346,28.5,0.167,0.167,AT_RISK,13.88,TRAIN
cust-09190,m-039,53,3,296.97,98.99,88.81,104.08,2,1,306,126.5,1.0,0.333,INACTIVE,12.95,TRAIN
cust-09191,m-036,81,7,590.19,84.31,41.96,185.79,7,1,266,30.8,0.286,0.286,INACTIVE,98.05,TRAIN
cust-09192,m-037,68,6,463.86,77.31,31.54,129.64,6,1,280,42.4,0.5,0.333,INACTIVE,56.55,TEST
cust-09193,m-037,53,4,390.83,97.71,49.63,128.85,3,1,317,88.0,0.25,0.5,AT_RISK,12.5,TEST
cust-09194,m-012,23,7,1636.34,233.76,82.22,455.04,6,1,300,46.2,0.429,0.714,REGULAR,5.73,VALIDATION
cust-09195,m-010,5,12,1252.62,104.38,44.29,215.76,9,1,360,32.3,0.583,0.333,REGULAR,1.04,TEST
cust-09196,m-034,20,11,1112.61,101.15,32.97,280.47,8,1,340,32.0,0.545,0.364,REGULAR,4.4,TRAIN
cust-09197,m-011,59,5,536.19,107.24,54.54,148.79,5,1,357,74.5,0.2,0.4,AT_RISK,12.36,TEST
cust-09198,m-027,1,7,2648.77,378.4,56.9,1356.12,5,1,299,49.7,0.571,0.143,REGULAR,0.25,VALIDATION
cust-09199,m-018,73,6,1042.88,173.81,68.54,284.84,4,1,261,37.6,0.167,0.167,INACTIVE,74.0,TEST
cust-09200,m-046,62,10,1771.76,177.18,22.76,298.31,5,1,353,32.3,0.5,0.3,INACTIVE,57.69,TRAIN
cust-09201,m-040,45,4,2421.05,605.26,51.55,1722.36,3,1,282,79.0,0.25,0.5,AT_RISK,11.93,VALIDATION
cust-09202,m-019,23,8,988.6,123.57,30.62,366.2,6,1,294,38.7,0.25,0.375,REGULAR,5.85,TRAIN
cust-09203,m-005,22,9,2521.58,280.18,42.51,632.0,7,1,310,36.0,0.222,0.333,REGULAR,5.31,TRAIN
cust-09204,m-022,111,8,8352.64,1044.08,695.1,1444.79,5,1,310,28.4,0.125,0.5,INACTIVE,100.0,TRAIN
cust-09206,m-022,2,11,9936.43,903.31,410.45,1444.79,5,1,340,33.8,0.364,0.545,REGULAR,0.44,TRAIN
cust-09207,m-017,28,10,2540.82,254.08,29.94,680.02,7,1,313,31.7,0.3,0.4,REGULAR,6.69,VALIDATION
cust-09208,m-023,49,14,2905.32,207.52,26.95,585.24,10,1,356,23.6,0.286,0.286,AT_RISK,48.39,TRAIN
cust-09209,m-033,57,5,3354.92,670.98,348.67,835.87,4,1,318,65.2,0.0,0.6,AT_RISK,13.4,TRAIN
cust-09210,m-047,69,9,629.91,69.99,30.31,138.2,6,1,335,33.2,0.222,0.333,INACTIVE,69.1,TRAIN
cust-09211,m-007,91,10,8348.58,834.86,206.76,1357.85,7,1,358,29.7,0.2,0.4,INACTIVE,100.0,TRAIN
cust-09212,m-043,47,6,3282.97,547.16,269.88,889.61,3,1,312,53.0,0.5,0.0,AT_RISK,11.26,TRAIN
cust-09213,m-011,39,5,495.68,99.14,31.75,146.4,4,1,279,60.0,0.8,0.8,AT_RISK,10.45,TRAIN
cust-09214,m-012,54,10,3398.69,339.87,113.76,1195.83,4,1,332,30.9,0.4,0.4,AT_RISK,46.81,VALIDATION
cust-09215,m-018,114,7,1025.99,146.57,37.52,381.36,6,1,354,40.0,0.143,0.286,INACTIVE,100.0,TRAIN
cust-09216,m-039,79,8,1114.56,139.32,88.81,263.1,4,1,362,40.4,0.25,0.625,INACTIVE,74.22,TRAIN
cust-09217,m-035,37,10,11129.21,1112.92,390.48,1635.59,5,1,362,36.1,0.4,0.1,AT_RISK,8.99,TRAIN
cust-09218,m-016,9,17,2395.41,140.91,75.51,445.18,5,1,361,22.0,0.176,0.353,LOYAL,1.86,TRAIN
cust-09219,m-012,27,8,2651.17,331.4,118.06,1195.83,6,1,347,45.7,0.5,0.25,REGULAR,5.82,TRAIN
cust-09220,m-036,27,9,1663.87,184.87,54.69,371.58,7,1,312,35.6,0.333,0.222,REGULAR,6.47,TRAIN
cust-09221,m-025,2,13,15440.63,1187.74,391.84,2224.07,6,1,318,26.3,0.077,0.308,REGULAR,0.47,TRAIN
cust-09222,m-001,63,13,1918.21,147.55,35.19,569.2,9,1,334,22.6,0.308,0.308,INACTIVE,74.7,TRAIN
cust-09223,m-028,26,5,408.31,81.66,23.81,238.44,4,1,274,62.0,0.2,0.2,REGULAR,7.09,TEST
cust-09224,m-005,11,7,1578.33,225.48,63.04,429.08,6,1,354,57.2,0.571,0.143,REGULAR,2.32,TRAIN
cust-09225,m-004,10,7,7312.13,1044.59,482.75,1789.15,5,1,307,49.5,0.429,0.143,REGULAR,2.44,TRAIN
cust-09226,m-039,14,10,1769.85,176.98,104.08,263.1,3,1,347,37.0,0.3,0.1,REGULAR,3.02,TRAIN
cust-09227,m-016,8,5,1167.96,233.59,171.95,445.18,3,1,337,82.2,0.2,0.4,REGULAR,1.78,TRAIN
cust-09228,m-013,45,13,16980.27,1306.17,271.73,2897.77,6,1,328,23.6,0.462,0.462,AT_RISK,42.36,TRAIN
cust-09229,m-015,260,5,434.34,86.87,42.0,186.66,5,1,323,15.8,0.0,0.6,INACTIVE,100.0,TRAIN
cust-09230,m-025,7,10,9733.67,973.37,391.84,2224.07,5,1,327,35.6,0.4,0.4,REGULAR,1.6,TEST
cust-09231,m-016,41,11,2087.13,189.74,75.51,445.18,4,1,359,31.8,0.455,0.091,AT_RISK,22.34,TRAIN
cust-09232,m-015,24,9,1252.87,139.21,42.0,252.84,8,1,349,40.6,0.667,0.444,REGULAR,5.14,VALIDATION
cust-09233,m-042,132,6,725.69,120.95,31.7,244.64,5,1,352,44.0,0.167,0.333,INACTIVE,100.0,TRAIN
cust-09234,m-038,21,13,2141.56,164.74,42.2,365.65,5,1,355,27.8,0.538,0.308,REGULAR,4.42,TEST
cust-09235,m-016,40,10,2026.13,202.61,113.49,445.18,3,1,256,24.0,0.3,0.3,AT_RISK,35.67,TRAIN
cust-09236,m-046,4,9,2167.33,240.81,22.76,596.62,8,1,288,35.5,0.333,0.222,REGULAR,1.04,TEST
cust-09237,m-027,26,12,5800.24,483.35,67.39,1356.12,6,1,359,30.3,0.25,0.25,REGULAR,5.42,TEST
cust-09238,m-033,65,4,6662.84,1665.71,794.69,2575.37,4,1,347,94.0,0.25,0.5,INACTIVE,14.01,TRAIN
cust-09239,m-033,48,10,10463.58,1046.36,348.67,2575.37,6,1,324,30.7,0.5,0.4,AT_RISK,37.03,TRAIN
cust-09240,m-037,5,6,737.66,122.94,33.5,250.5,4,1,263,51.6,0.5,0.167,REGULAR,1.42,VALIDATION
cust-09241,m-030,80,11,4558.57,414.42,195.32,1128.3,6,1,321,24.1,0.364,0.455,INACTIVE,100.0,TRAIN
cust-09242,m-043,61,11,8870.46,806.41,336.04,1103.72,5,1,363,30.2,0.364,0.273,INACTIVE,58.77,TRAIN
cust-09243,m-019,94,7,1165.95,166.56,117.28,249.75,6,1,315,36.8,0.429,0.0,INACTIVE,100.0,TRAIN
cust-09244,m-010,6,10,1599.61,159.96,27.0,381.54,9,1,358,39.1,0.3,0.7,REGULAR,1.25,TRAIN
cust-09245,m-022,14,14,22816.85,1629.78,410.45,4174.73,7,1,348,25.7,0.429,0.214,REGULAR,3.01,TRAIN
cust-09246,m-002,38,9,9536.61,1059.62,237.28,2348.26,6,1,349,38.9,0.222,0.444,AT_RISK,8.14,TEST
cust-09247,m-002,201,6,6017.57,1002.93,377.97,2972.2,4,1,342,28.2,0.333,0.167,INACTIVE,100.0,TRAIN
cust-09248,m-027,123,10,2648.7,264.87,55.42,1249.71,7,1,343,24.4,0.7,0.4,INACTIVE,100.0,TRAIN
cust-09249,m-017,47,7,1211.9,173.13,29.94,563.22,5,1,234,31.2,0.286,0.429,AT_RISK,38.7,TRAIN
cust-09250,m-033,102,9,10246.06,1138.45,348.67,2575.37,6,1,358,32.0,0.111,0.556,INACTIVE,100.0,VALIDATION
cust-09251,m-031,41,5,504.06,100.81,43.32,164.64,4,1,205,41.0,0.6,0.4,AT_RISK,14.93,VALIDATION
cust-09252,m-013,18,6,6882.74,1147.12,271.73,2532.63,5,1,278,52.0,0.333,0.333,REGULAR,4.84,TRAIN
cust-09253,m-032,19,5,5553.59,1110.72,644.7,1743.56,4,1,352,83.2,0.4,0.4,REGULAR,4.04,TEST
cust-09254,m-001,12,8,669.13,83.64,35.19,142.3,7,1,317,43.6,0.625,0.25,REGULAR,2.83,TRAIN
cust-09255,m-025,27,5,6833.94,1366.79,727.9,2224.07,3,1,245,54.5,0.6,0.4,REGULAR,8.23,TEST
cust-09256,m-035,39,4,4283.49,1070.87,906.97,1315.1,3,1,362,107.7,0.75,0.0,AT_RISK,8.06,TRAIN
cust-09257,m-027,17,8,2496.24,312.03,32.87,872.25,4,1,356,48.4,0.0,0.375,REGULAR,3.57,TRAIN
cust-09258,m-010,50,14,1394.14,99.58,27.0,193.52,9,1,353,23.3,0.071,0.429,AT_RISK,50.64,TRAIN
cust-09259,m-033,36,7,5747.91,821.13,348.67,2364.31,4,1,360,54.0,0.286,0.857,AT_RISK,7.48,VALIDATION
cust-09261,m-011,23,9,1507.38,167.49,31.75,548.43,8,1,313,36.2,0.556,0.111,REGULAR,5.49,TRAIN
cust-09262,m-003,70,4,2236.08,559.02,97.44,1251.36,4,1,256,62.0,0.25,0.5,INACTIVE,32.43,TEST
cust-09263,m-013,121,8,11005.16,1375.64,271.73,2897.77,5,1,330,29.9,0.25,0.375,INACTIVE,100.0,TRAIN
cust-09264,m-047,155,5,634.43,126.89,30.31,383.6,4,1,305,37.5,0.2,0.4,INACTIVE,100.0,TRAIN
cust-09265,m-002,38,5,6350.67,1270.13,426.03,2972.2,4,1,348,77.5,0.4,0.4,AT_RISK,8.17,TEST
cust-09266,m-037,102,8,769.79,96.22,45.38,157.83,7,1,342,34.3,0.375,0.25,INACTIVE,100.0,VALIDATION
cust-09267,m-041,0,9,3068.43,340.94,30.43,1086.46,8,1,332,41.5,0.111,0.333,REGULAR,0.0,TRAIN
cust-09268,m-014,51,16,16647.3,1040.46,265.14,2109.87,8,1,347,19.7,0.312,0.25,AT_RISK,57.94,TRAIN
cust-09269,m-037,35,12,1261.41,105.12,48.34,473.49,7,1,333,27.1,0.25,0.25,AT_RISK,19.71,TRAIN
cust-09270,m-008,27,12,15076.64,1256.39,266.13,2774.3,7,1,324,27.0,0.333,0.25,REGULAR,6.23,TRAIN
cust-09271,m-031,103,6,490.05,81.68,51.92,145.95,6,1,361,51.6,0.833,0.333,INACTIVE,98.44,TRAIN
cust-09272,m-036,26,5,382.09,76.42,30.39,125.88,4,1,299,68.2,0.4,0.2,REGULAR,6.5,VALIDATION
cust-09273,m-001,36,16,1643.81,102.74,36.39,284.6,10,1,347,20.7,0.188,0.375,AT_RISK,30.71,TEST
cust-09275,m-017,11,13,6157.66,473.67,59.88,1126.44,5,1,361,29.2,0.615,0.231,REGULAR,2.28,TRAIN
cust-09276,m-026,7,12,1406.98,117.25,36.07,263.01,9,1,364,32.5,0.5,0.167,REGULAR,1.44,TEST
cust-09277,m-044,17,6,2168.91,361.48,93.6,960.99,4,1,303,57.2,0.0,0.833,REGULAR,4.19,TEST
cust-09278,m-033,117,10,12330.51,1233.05,539.82,2575.37,5,1,301,20.4,0.3,0.4,INACTIVE,100.0,TEST
cust-09279,m-005,18,10,4584.67,458.47,54.06,1264.0,6,1,352,37.1,0.3,0.2,REGULAR,3.82,VALIDATION
cust-09280,m-042,57,6,1041.65,173.61,87.51,356.58,4,1,320,52.6,0.167,0.5,AT_RISK,19.92,TRAIN
cust-09281,m-036,9,10,773.84,77.38,28.43,185.72,8,1,257,27.6,0.5,0.3,REGULAR,2.62,TRAIN
cust-09282,m-013,18,11,18663.34,1696.67,271.73,2897.77,7,1,333,31.5,0.455,0.455,REGULAR,4.04,TEST
cust-09283,m-022,17,9,11587.18,1287.46,695.1,4174.73,7,1,343,40.8,0.111,0.333,REGULAR,3.71,VALIDATION
cust-09284,m-038,10,7,1194.22,170.6,42.2,365.65,4,1,332,53.7,0.143,0.286,REGULAR,2.25,TRAIN
cust-09285,m-042,96,4,212.53,53.13,30.27,118.86,3,1,358,87.3,0.25,0.0,INACTIVE,33.11,VALIDATION
cust-09286,m-014,4,12,11789.84,982.49,265.14,2109.87,6,1,351,31.5,0.25,0.083,REGULAR,0.85,TRAIN
cust-09288,m-009,11,9,1101.61,122.4,30.99,313.89,6,1,343,41.5,0.556,0.222,REGULAR,2.4,TRAIN
cust-09289,m-021,117,4,2735.34,683.84,79.84,1728.06,3,1,323,68.7,0.25,0.25,INACTIVE,99.53,TRAIN
cust-09290,m-031,76,3,199.27,66.42,51.92,88.8,3,1,330,127.0,0.333,0.333,INACTIVE,17.22,TEST
cust-09291,m-008,2,10,12126.33,1212.63,266.13,2774.3,6,1,345,38.1,0.3,0.6,REGULAR,0.43,TRAIN
cust-09292,m-006,29,8,1162.02,145.25,85.78,310.45,3,1,331,43.1,0.125,0.375,REGULAR,6.55,TRAIN
cust-09293,m-027,35,8,1674.87,209.36,27.71,470.4,4,1,275,34.3,0.25,0.25,AT_RISK,10.56,TRAIN
cust-09294,m-031,16,11,1322.48,120.23,30.71,287.19,8,1,342,32.6,0.273,0.182,REGULAR,3.5,TRAIN
cust-09295,m-012,99,6,1449.16,241.53,82.22,527.88,5,1,325,45.2,0.0,0.333,INACTIVE,100.0,TRAIN
cust-09296,m-008,58,13,15302.53,1177.12,266.13,2774.3,7,1,342,23.7,0.231,0.231,AT_RISK,64.13,TRAIN
cust-09297,m-007,20,6,4084.52,680.75,206.76,1314.17,5,1,327,61.4,0.667,0.333,REGULAR,4.57,TRAIN
cust-09298,m-022,42,10,8264.81,826.48,410.45,1444.79,7,1,281,26.6,0.4,0.3,AT_RISK,34.27,TRAIN
cust-09299,m-001,11,13,1843.21,141.79,36.39,569.2,10,1,323,26.0,0.231,0.231,REGULAR,2.55,TEST
cust-09300,m-016,69,10,1676.94,167.69,75.51,445.18,5,1,341,30.2,0.4,0.2,INACTIVE,73.33,TRAIN
cust-09301,m-026,74,9,1125.86,125.1,36.07,271.89,7,1,350,34.5,0.222,0.111,INACTIVE,75.06,TRAIN
cust-09302,m-012,17,11,1582.52,143.87,82.22,236.12,5,1,255,23.8,0.273,0.273,REGULAR,4.98,TRAIN
cust-09303,m-033,12,9,9960.39,1106.71,348.67,2575.37,6,1,334,40.2,0.333,0.556,REGULAR,2.69,TRAIN
cust-09304,m-015,21,5,786.68,157.34,84.0,380.86,5,1,283,65.5,0.2,0.4,REGULAR,5.55,VALIDATION
cust-09305,m-001,86,9,1132.31,125.81,35.57,452.72,6,1,348,32.8,0.333,0.333,INACTIVE,98.28,TEST
cust-09306,m-041,1,9,1965.94,218.44,27.29,613.4,6,1,277,34.5,0.556,0.778,REGULAR,0.27,VALIDATION
cust-09307,m-008,2,15,25624.58,1708.31,266.13,2774.3,7,1,336,23.9,0.067,0.0,LOYAL,0.45,TRAIN
cust-09308,m-006,86,15,2258.04,150.54,85.78,310.45,5,1,318,16.6,0.2,0.6,INACTIVE,100.0,TRAIN
cust-09309,m-025,39,8,7166.41,895.8,685.18,1009.97,5,1,354,45.0,0.25,0.5,AT_RISK,8.24,TRAIN
cust-09310,m-037,90,10,936.81,93.68,31.54,164.7,8,1,347,28.6,0.3,0.3,INACTIVE,100.0,TRAIN
cust-09311,m-038,39,8,1954.85,244.36,42.2,365.65,2,1,324,40.7,0.25,0.375,AT_RISK,9.0,TRAIN
cust-09312,m-024,6,15,4739.17,315.94,23.95,1152.78,10,1,334,23.4,0.4,0.333,LOYAL,1.34,TRAIN
cust-09313,m-043,48,8,4839.74,604.97,269.88,1103.72,7,1,268,31.4,0.125,0.5,AT_RISK,38.28,TRAIN
cust-09315,m-007,64,5,3335.98,667.2,206.76,1357.85,2,1,296,58.0,0.0,0.4,INACTIVE,25.16,TEST
cust-09316,m-020,27,6,732.98,122.16,46.22,181.83,5,1,329,60.4,0.333,0.0,REGULAR,6.14,TRAIN
cust-09317,m-009,8,7,803.95,114.85,51.51,273.42,6,1,226,36.3,0.286,0.286,REGULAR,2.64,TRAIN
cust-09318,m-035,25,4,4199.39,1049.85,662.22,1315.1,3,1,142,39.0,0.5,0.25,REGULAR,13.11,TRAIN
cust-09319,m-017,42,7,1075.8,153.69,61.67,563.22,4,1,317,45.8,0.714,0.571,AT_RISK,9.91,TRAIN
cust-09320,m-032,2,6,7074.24,1179.04,644.7,2083.19,5,1,358,71.2,0.167,0.333,REGULAR,0.42,TRAIN
cust-09321,m-042,34,6,877.47,146.24,43.16,403.12,5,1,340,61.2,0.5,0.167,AT_RISK,7.48,TRAIN
cust-09322,m-043,8,11,10561.51,960.14,269.88,2567.7,7,1,329,32.1,0.182,0.273,REGULAR,1.82,TEST
cust-09323,m-045,67,10,1107.62,110.76,36.65,162.87,8,1,358,32.3,0.4,0.3,INACTIVE,66.05,VALIDATION
cust-09324,m-004,30,5,7371.75,1474.35,732.09,1789.15,3,1,183,38.2,0.2,0.6,REGULAR,12.23,VALIDATION
cust-09325,m-009,42,7,1350.53,192.93,51.51,753.0,4,1,279,39.5,0.286,0.429,AT_RISK,15.0,TRAIN
cust-09326,m-023,5,11,3041.59,276.51,34.83,760.86,7,1,333,32.8,0.545,0.364,REGULAR,1.12,TRAIN
cust-09328,m-025,92,11,9976.13,906.92,391.84,2088.28,7,1,348,25.6,0.455,0.455,INACTIVE,100.0,TRAIN
cust-09329,m-026,47,5,901.73,180.35,44.24,334.44,4,1,349,75.5,0.2,0.4,AT_RISK,10.07,TRAIN
cust-09330,m-006,41,7,996.73,142.39,85.78,207.83,4,1,319,46.3,0.143,0.143,AT_RISK,9.61,TEST
cust-09331,m-045,110,2,257.95,128.98,95.08,162.87,2,1,308,198.0,0.5,0.0,INACTIVE,26.7,TRAIN
cust-09332,m-013,37,13,21146.96,1626.69,271.73,2897.77,6,1,364,27.2,0.385,0.231,AT_RISK,22.3,TRAIN
cust-09333,m-027,25,8,2189.49,273.69,32.87,903.12,8,1,321,42.3,0.375,0.125,REGULAR,5.82,TRAIN
cust-09334,m-027,27,8,3485.51,435.69,56.9,1356.12,5,1,356,47.0,0.0,0.25,REGULAR,5.67,TRAIN
cust-09335,m-041,33,6,2452.12,408.69,216.55,610.34,4,1,352,63.8,0.5,0.5,AT_RISK,7.01,TEST
cust-09336,m-005,68,6,1460.44,243.41,54.06,632.0,5,1,317,49.8,0.5,0.167,INACTIVE,43.34,TRAIN
cust-09337,m-014,65,10,8747.49,874.75,265.14,2109.87,8,1,354,32.1,0.3,0.2,INACTIVE,63.08,TRAIN
cust-09338,m-024,51,7,2475.92,353.7,23.95,1428.06,6,1,310,43.2,0.0,0.286,AT_RISK,24.0,TEST
cust-09339,m-046,16,9,1585.37,176.15,34.98,596.62,6,1,344,41.0,0.333,0.444,REGULAR,3.48,TRAIN
cust-09340,m-037,4,6,1193.46,198.91,31.54,515.4,5,1,353,69.8,0.167,0.5,REGULAR,0.85,TEST
cust-09341,m-023,2,9,2745.84,305.09,26.95,932.55,7,1,335,41.6,0.333,0.222,REGULAR,0.45,TEST
cust-09342,m-020,20,6,692.41,115.4,38.28,232.54,5,1,250,46.0,0.5,0.333,REGULAR,5.98,TRAIN
cust-09343,m-029,48,8,1793.57,224.2,24.87,601.28,7,1,342,42.0,0.25,0.25,AT_RISK,19.5,TRAIN
cust-09344,m-040,44,12,2359.0,196.58,51.55,574.12,7,1,363,29.0,0.417,0.333,AT_RISK,31.57,TRAIN
cust-09345,m-018,7,6,661.46,110.24,46.73,216.44,5,1,292,57.0,0.5,0.167,REGULAR,1.79,TRAIN
cust-09346,m-008,20,11,15030.07,1366.37,567.43,2774.3,7,1,350,33.0,0.0,0.182,REGULAR,4.27,TRAIN
cust-09348,m-006,68,10,1754.45,175.44,85.78,310.45,5,1,349,31.2,0.5,0.2,INACTIVE,69.77,TRAIN
cust-09349,m-030,24,7,965.94,137.99,27.38,376.1,5,1,200,29.3,0.429,0.286,REGULAR,8.96,TRAIN
cust-09350,m-020,8,8,1048.22,131.03,38.28,537.92,6,1,322,44.9,0.375,0.375,REGULAR,1.86,TRAIN
cust-09351,m-018,23,10,1122.09,112.21,52.59,254.24,7,1,284,29.0,0.3,0.4,REGULAR,6.05,VALIDATION
cust-09352,m-006,130,5,674.84,134.97,85.78,207.83,3,1,322,48.0,0.2,0.0,INACTIVE,100.0,TRAIN
cust-09353,m-021,116,5,998.46,199.69,39.92,393.57,5,1,316,50.0,0.6,0.4,INACTIVE,100.0,TRAIN
cust-09354,m-035,95,5,3940.62,788.12,390.48,1315.1,4,1,362,66.8,1.0,0.2,INACTIVE,61.93,TRAIN
cust-09355,m-017,9,7,2451.83,350.26,78.78,1020.03,4,1,243,39.0,0.286,0.571,REGULAR,2.77,TEST
cust-09356,m-025,198,4,5020.49,1255.12,961.12,2088.28,3,1,336,46.0,0.0,0.25,INACTIVE,100.0,VALIDATION
cust-09357,m-037,28,10,959.53,95.95,33.5,194.46,7,1,235,23.0,0.4,0.4,REGULAR,16.4,TRAIN
cust-09358,m-018,1,7,913.14,130.45,36.32,284.86,5,1,242,40.2,0.286,0.571,REGULAR,0.31,TRAIN
cust-09359,m-018,134,10,1140.43,114.04,36.75,254.24,7,1,323,21.0,0.4,0.6,INACTIVE,100.0,VALIDATION
cust-09361,m-025,115,7,5411.04,773.01,391.84,1009.97,4,1,361,41.0,0.429,0.286,INACTIVE,100.0,TRAIN
cust-09362,m-029,66,4,1707.09,426.77,53.41,1070.88,4,1,219,51.0,0.5,0.5,INACTIVE,45.0,TRAIN
cust-09363,m-004,55,11,83141.33,7558.3,687.11,69971.55,6,1,341,28.6,0.364,0.182,AT_RISK,51.66,TRAIN
cust-09365,m-005,56,11,2432.76,221.16,42.51,837.72,8,1,336,28.0,0.364,0.273,AT_RISK,54.46,TEST
cust-09366,m-027,18,10,2411.17,241.12,27.71,451.56,7,1,354,37.3,0.5,0.2,REGULAR,3.8,TEST
cust-09367,m-001,39,13,852.89,65.61,35.19,122.62,8,1,330,24.2,0.308,0.154,AT_RISK,31.04,TEST
cust-09368,m-026,97,3,356.96,118.99,69.9,167.22,3,1,282,92.5,0.0,0.667,INACTIVE,32.46,TRAIN
cust-09369,m-024,29,7,842.24,120.32,23.95,438.3,4,1,348,53.2,0.429,0.429,REGULAR,6.23,TRAIN
cust-09370,m-047,82,6,803.39,133.9,30.31,534.52,6,1,306,44.8,0.333,0.5,INACTIVE,75.83,TRAIN
cust-09371,m-047,100,5,632.33,126.47,36.72,400.89,5,1,201,25.2,0.6,0.8,INACTIVE,100.0,TRAIN
cust-09372,m-030,10,5,766.47,153.29,27.38,302.91,4,1,327,79.2,0.4,0.0,REGULAR,2.29,TRAIN
cust-09374,m-044,59,8,1432.11,179.01,38.7,446.72,5,1,306,35.3,0.375,0.0,AT_RISK,49.96,TRAIN
cust-09375,m-028,103,4,2803.62,700.9,47.62,1467.64,3,1,269,55.3,0.5,0.25,INACTIVE,100.0,VALIDATION
cust-09376,m-035,67,9,6920.29,768.92,390.48,1315.1,4,1,330,32.9,0.222,0.0,INACTIVE,66.33,TRAIN
cust-09377,m-002,12,11,10053.34,913.94,237.28,2972.2,5,1,362,35.0,0.364,0.545,REGULAR,2.48,TRAIN
cust-09378,m-031,49,5,358.58,71.72,41.16,89.43,4,1,239,47.5,0.2,0.6,AT_RISK,17.56,TRAIN
cust-09379,m-001,14,12,1555.86,129.66,35.57,391.86,8,1,337,29.4,0.083,0.333,REGULAR,3.11,TRAIN
cust-09381,m-032,133,10,8870.17,887.02,333.71,1743.56,5,1,311,19.8,0.3,0.4,INACTIVE,100.0,TRAIN
cust-09382,m-014,27,11,8297.84,754.35,265.14,2109.87,6,1,358,33.1,0.273,0.455,REGULAR,5.64,TRAIN
cust-09383,m-027,20,7,2666.96,380.99,32.87,1356.12,4,1,321,50.2,0.143,0.143,REGULAR,4.66,TRAIN
cust-09384,m-029,10,13,4589.33,353.03,53.41,1408.8,7,1,362,29.3,0.615,0.385,REGULAR,2.07,TRAIN
cust-09385,m-022,56,9,12615.08,1401.68,410.45,4174.73,7,1,296,30.0,0.222,0.222,AT_RISK,53.14,TRAIN
cust-09386,m-024,81,9,3222.25,358.03,35.32,1428.06,8,1,319,29.8,0.333,0.222,INACTIVE,95.78,VALIDATION
cust-09387,m-037,18,13,2690.48,206.96,33.5,494.1,7,1,341,26.9,0.308,0.538,REGULAR,3.95,TEST
cust-09388,m-040,1,14,5069.1,362.08,32.37,1148.24,7,1,292,22.4,0.214,0.714,REGULAR,0.26,TRAIN
cust-09389,m-012,29,12,2311.32,192.61,82.22,341.28,5,1,354,29.5,0.5,0.167,REGULAR,6.13,TRAIN
cust-09390,m-036,13,6,1828.22,304.7,62.94,1152.85,5,1,291,55.6,0.5,0.5,REGULAR,3.34,TRAIN
cust-09391,m-005,6,9,3158.2,350.91,54.06,635.84,7,1,248,30.2,0.333,0.444,REGULAR,1.81,TRAIN
cust-09392,m-020,33,6,580.07,96.68,38.28,214.14,5,1,269,47.2,0.333,0.167,AT_RISK,9.17,TEST
cust-09393,m-047,0,8,1138.78,142.35,30.31,400.89,5,1,327,46.7,0.5,0.625,REGULAR,0.0,TRAIN
cust-09395,m-043,28,11,12279.23,1116.29,269.88,2567.7,6,1,322,29.4,0.091,0.091,REGULAR,6.5,VALIDATION
cust-09396,m-043,8,14,12332.52,880.89,269.88,2567.7,7,1,335,25.2,0.357,0.143,REGULAR,1.79,VALIDATION
cust-09397,m-021,2,10,5615.42,561.54,39.92,2304.08,7,1,324,35.8,0.3,0.3,REGULAR,0.46,TRAIN
cust-09398,m-026,67,10,1465.16,146.52,36.07,501.66,9,1,332,29.4,0.4,0.5,INACTIVE,71.49,TRAIN
cust-09399,m-047,167,7,580.35,82.91,49.86,114.84,7,1,332,27.5,0.429,0.143,INACTIVE,100.0,TRAIN
cust-09400,m-009,78,8,934.97,116.87,35.76,376.5,7,1,318,34.3,0.375,0.375,INACTIVE,83.89,TRAIN
cust-09401,m-040,12,11,3336.04,303.28,32.37,681.75,6,1,309,29.7,0.364,0.364,REGULAR,2.9,TEST
cust-09403,m-017,37,4,308.67,77.17,29.94,125.45,3,1,264,75.7,0.25,0.25,AT_RISK,10.47,TEST
cust-09405,m-007,59,8,6547.46,818.43,206.76,1357.85,5,1,346,41.0,0.125,0.375,AT_RISK,39.75,TRAIN
cust-09406,m-005,99,8,2155.82,269.48,106.6,632.0,6,1,340,34.4,0.5,0.375,INACTIVE,100.0,TRAIN
cust-09407,m-043,47,5,3196.26,639.25,336.04,900.25,5,1,326,69.8,0.6,0.6,AT_RISK,10.78,TEST
cust-09408,m-021,71,8,3610.74,451.34,60.69,1728.06,5,1,326,36.4,0.5,0.375,INACTIVE,68.18,TRAIN
cust-09409,m-011,21,5,697.86,139.57,44.77,208.71,4,1,207,46.5,0.4,0.4,REGULAR,7.57,TRAIN
cust-09410,m-004,46,12,19385.06,1615.42,482.75,3021.37,6,1,352,27.8,0.417,0.5,AT_RISK,37.07,TRAIN
cust-09411,m-003,12,10,3467.86,346.79,27.64,1227.87,7,1,289,30.8,0.2,0.6,REGULAR,3.1,TRAIN
cust-09412,m-044,197,6,1353.65,225.61,26.36,538.17,5,1,311,22.8,0.333,0.333,INACTIVE,100.0,TRAIN
cust-09413,m-015,0,9,1449.25,161.03,38.47,761.72,7,1,326,40.8,0.333,0.0,REGULAR,0.0,VALIDATION
cust-09414,m-041,18,7,1115.42,159.35,30.43,543.23,6,1,290,45.3,0.429,0.286,REGULAR,4.64,TRAIN
cust-09415,m-016,2,13,2663.3,204.87,75.51,445.18,5,1,361,29.9,0.385,0.231,REGULAR,0.41,TRAIN
cust-09416,m-039,5,7,891.56,127.37,88.81,263.1,4,1,312,51.2,0.571,0.286,REGULAR,1.2,TRAIN
cust-09417,m-033,127,5,5135.6,1027.12,348.67,2575.37,4,1,350,55.8,0.2,0.4,INACTIVE,100.0,VALIDATION
cust-09418,m-013,30,8,8038.78,1004.85,556.98,2532.63,4,1,345,45.0,0.25,0.125,REGULAR,6.5,TRAIN
cust-09419,m-040,2,7,819.67,117.1,32.37,227.25,4,1,363,60.2,0.286,0.286,REGULAR,0.41,VALIDATION
cust-09420,m-002,148,7,9521.19,1360.17,401.92,2972.2,5,1,357,34.8,0.429,0.286,INACTIVE,100.0,TRAIN
cust-09421,m-030,1,11,4313.52,392.14,48.83,1535.4,6,1,335,33.4,0.545,0.545,REGULAR,0.22,TEST
cust-09422,m-026,83,7,919.89,131.41,43.96,239.68,5,1,349,44.3,0.143,0.429,INACTIVE,75.84,TRAIN
cust-09423,m-012,67,6,1554.17,259.03,82.22,603.36,5,1,328,52.2,0.667,0.5,INACTIVE,37.47,VALIDATION
cust-09424,m-010,75,5,425.23,85.05,62.66,107.88,5,1,316,60.2,0.4,0.2,INACTIVE,39.94,TRAIN
cust-09425,m-012,11,8,2969.44,371.18,82.22,797.22,6,1,330,45.6,0.25,0.25,REGULAR,2.49,VALIDATION
cust-09426,m-038,120,6,1440.76,240.13,42.2,365.65,4,1,320,40.0,0.333,0.167,INACTIVE,100.0,TRAIN
cust-09427,m-012,8,10,4020.14,402.01,82.22,1594.44,5,1,304,32.9,0.7,0.2,REGULAR,1.97,TEST
cust-09428,m-006,9,9,1244.47,138.27,85.78,310.45,4,1,345,42.0,0.111,0.111,REGULAR,1.95,TRAIN
cust-09429,m-007,58,10,14594.61,1459.46,628.05,2427.55,5,1,325,29.7,0.2,0.1,AT_RISK,55.79,TEST
cust-09430,m-001,49,10,1176.78,117.68,37.64,226.36,8,1,341,32.4,0.2,0.3,AT_RISK,35.65,TRAIN
cust-09431,m-004,237,4,5017.9,1254.47,482.75,3021.37,4,1,349,37.3,0.0,0.5,INACTIVE,100.0,VALIDATION
cust-09432,m-016,124,7,2058.32,294.05,171.95,445.18,3,1,326,33.7,0.714,0.286,INACTIVE,100.0,VALIDATION
cust-09433,m-030,25,4,917.11,229.28,82.14,376.1,4,1,270,81.7,0.5,0.5,REGULAR,6.92,TEST
cust-09435,m-023,69,7,1346.28,192.33,34.83,506.94,6,1,350,46.8,0.286,0.429,INACTIVE,48.04,TEST
cust-09437,m-028,18,7,2386.55,340.94,95.7,899.24,6,1,325,51.2,0.429,0.286,REGULAR,4.14,TRAIN
cust-09438,m-009,57,4,504.84,126.21,66.56,266.28,3,1,295,79.3,0.0,0.0,AT_RISK,14.44,TRAIN
cust-09439,m-023,139,5,1957.17,391.43,55.92,506.94,3,1,306,41.8,0.4,0.4,INACTIVE,100.0,TRAIN
cust-09440,m-040,31,9,1779.4,197.71,32.37,803.42,6,1,361,41.2,0.333,0.556,AT_RISK,6.42,TRAIN
cust-09441,m-018,18,12,2279.72,189.98,37.52,569.68,11,1,362,31.3,0.833,0.25,REGULAR,3.72,TRAIN
cust-09442,m-027,63,9,1293.64,143.74,27.71,352.8,5,1,329,33.2,0.222,0.444,INACTIVE,59.02,VALIDATION
cust-09443,m-017,181,5,2548.11,509.62,78.78,1689.66,5,1,360,44.8,0.2,0.4,INACTIVE,100.0,TRAIN
cust-09444,m-005,10,9,2743.53,304.84,25.41,632.0,6,1,336,40.8,0.222,0.333,REGULAR,2.23,VALIDATION
cust-09445,m-032,142,6,3877.97,646.33,333.71,867.24,4,1,336,38.8,0.167,0.5,INACTIVE,100.0,TEST
cust-09446,m-025,9,5,8151.6,1630.32,685.18,2224.07,4,1,128,29.8,0.4,0.0,REGULAR,5.23,TRAIN
cust-09447,m-028,19,9,2776.97,308.55,23.81,733.82,7,1,362,42.9,0.333,0.222,REGULAR,3.93,TRAIN
cust-09448,m-037,5,10,1082.95,108.3,44.95,329.4,7,1,312,34.1,0.3,0.3,REGULAR,1.2,TRAIN
cust-09449,m-046,8,9,2407.15,267.46,59.65,890.86,7,1,329,40.1,0.222,0.333,REGULAR,1.82,VALIDATION
cust-09450,m-031,187,6,689.71,114.95,30.71,269.02,5,1,348,32.2,0.833,0.667,INACTIVE,100.0,TRAIN
cust-09451,m-010,66,9,1456.82,161.87,31.82,381.54,7,1,285,27.4,0.333,0.333,INACTIVE,75.21,TRAIN
cust-09452,m-036,20,11,1011.31,91.94,28.43,164.07,6,1,364,34.4,0.273,0.091,REGULAR,4.11,VALIDATION
cust-09453,m-016,74,3,378.44,126.15,75.51,189.44,3,1,255,90.5,0.333,0.333,INACTIVE,21.68,TRAIN
cust-09454,m-025,15,5,7164.59,1432.92,930.0,2224.07,4,1,350,83.8,0.4,0.6,REGULAR,3.21,TRAIN
cust-09455,m-047,37,9,595.58,66.18,30.31,149.64,6,1,349,39.0,0.222,0.333,AT_RISK,7.93,TRAIN
cust-09457,m-038,36,4,622.11,155.53,42.2,365.65,3,1,156,40.0,0.25,0.0,AT_RISK,17.2,TRAIN
cust-09458,m-031,176,2,98.22,49.11,41.16,57.06,2,1,184,8.0,0.0,0.0,INACTIVE,100.0,TRAIN
cust-09459,m-012,1,10,2026.37,202.64,82.22,480.9,6,1,348,38.6,0.6,0.1,REGULAR,0.21,TRAIN
cust-09460,m-035,36,10,9587.96,958.8,390.48,1635.59,7,1,333,33.0,0.5,0.3,AT_RISK,12.58,TEST
cust-09461,m-037,0,6,716.99,119.5,31.54,257.7,6,1,347,69.4,0.167,0.167,REGULAR,0.0,TRAIN
cust-09462,m-008,5,17,20185.35,1187.37,266.13,2774.3,7,1,354,21.8,0.412,0.294,LOYAL,1.06,TEST
cust-09463,m-030,2,10,1947.15,194.72,27.38,752.2,5,1,359,39.7,0.2,0.3,REGULAR,0.42,TRAIN
cust-09464,m-037,70,5,423.15,84.63,33.5,157.83,4,1,350,70.0,0.2,0.4,INACTIVE,14.96,TEST
cust-09465,m-034,1,8,1060.98,132.62,26.72,280.47,6,1,338,48.1,0.25,0.25,REGULAR,0.22,VALIDATION
cust-09466,m-012,10,9,2152.18,239.13,82.22,527.88,6,1,329,39.9,0.222,0.111,REGULAR,2.27,TEST
cust-09467,m-004,34,7,10882.63,1554.66,732.09,3021.37,4,1,296,43.7,0.286,0.143,AT_RISK,8.59,TEST
cust-09468,m-009,49,7,509.48,72.78,30.99,138.13,7,1,260,35.2,0.143,0.571,AT_RISK,34.78,TRAIN
cust-09469,m-043,219,3,1581.42,527.14,269.88,900.25,3,1,300,40.5,0.0,0.0,INACTIVE,100.0,TRAIN
cust-09470,m-020,7,7,660.52,94.36,38.28,134.58,6,1,338,55.2,0.571,0.286,REGULAR,1.55,TRAIN
cust-09471,m-043,81,11,13349.78,1213.62,269.88,2567.7,5,1,347,26.6,0.455,0.455,INACTIVE,99.06,TRAIN
cust-09472,m-033,6,13,16726.37,1286.64,348.67,2575.37,6,1,364,29.8,0.308,0.462,REGULAR,1.23,TRAIN
cust-09474,m-047,64,7,678.87,96.98,37.88,191.8,5,1,297,38.8,0.286,0.143,INACTIVE,53.91,TRAIN
cust-09475,m-013,65,7,7306.2,1043.74,271.73,2532.63,5,1,351,47.7,0.286,0.571,INACTIVE,39.8,TRAIN
cust-09476,m-031,174,7,624.49,89.21,30.71,145.95,5,1,327,25.5,0.286,0.286,INACTIVE,100.0,TRAIN
cust-09477,m-022,7,11,18033.74,1639.43,695.1,4174.73,6,1,358,35.1,0.455,0.364,REGULAR,1.46,TRAIN
cust-09478,m-026,32,9,1068.3,118.7,28.65,479.36,7,1,314,35.2,0.333,0.444,AT_RISK,7.62,VALIDATION
cust-09479,m-045,176,5,415.78,83.16,47.54,102.8,4,1,305,32.2,0.4,0.6,INACTIVE,100.0,TRAIN
cust-09480,m-008,56,17,28125.46,1654.44,567.43,2774.3,7,1,361,19.1,0.294,0.118,AT_RISK,66.95,TRAIN
cust-09481,m-040,34,14,2683.12,191.65,32.37,574.12,8,1,362,25.2,0.214,0.429,AT_RISK,20.22,TEST
cust-09482,m-019,25,12,1351.1,112.59,32.1,366.2,6,1,347,29.3,0.417,0.083,REGULAR,5.39,TRAIN
cust-09483,m-006,54,9,1373.53,152.61,85.78,310.45,5,1,347,36.6,0.556,0.111,AT_RISK,37.74,TRAIN
cust-09484,m-042,96,8,721.27,90.16,30.27,153.24,6,1,360,37.7,0.5,0.25,INACTIVE,100.0,TEST
cust-09485,m-022,131,10,11455.87,1145.59,410.45,4174.73,7,1,364,25.9,0.4,0.0,INACTIVE,100.0,TRAIN
cust-09486,m-047,99,9,1294.74,143.86,31.12,400.89,5,1,364,33.1,0.222,0.444,INACTIVE,100.0,TRAIN
cust-09487,m-018,67,5,811.54,162.31,93.46,354.88,4,1,332,66.2,0.6,0.2,INACTIVE,16.29,VALIDATION
cust-09488,m-013,21,7,13746.66,1963.81,861.11,2897.77,4,1,357,56.0,0.286,0.571,REGULAR,4.4,TRAIN
cust-09489,m-044,37,5,823.68,164.74,38.7,602.28,3,1,224,46.8,0.0,0.0,AT_RISK,12.33,VALIDATION
cust-09490,m-011,4,14,5301.11,378.65,42.92,3693.5,10,1,353,26.8,0.286,0.214,REGULAR,0.85,TRAIN
cust-09491,m-031,54,7,1174.11,167.73,30.71,291.9,6,1,316,43.7,0.286,0.571,AT_RISK,28.23,TRAIN
cust-09492,m-004,5,6,7456.1,1242.68,687.11,1789.15,4,1,189,36.8,0.5,0.333,REGULAR,1.97,TEST
cust-09493,m-047,31,5,426.26,85.25,73.44,99.72,4,1,302,67.8,0.4,0.2,AT_RISK,7.67,VALIDATION
cust-09494,m-006,1,5,828.5,165.7,85.78,310.45,4,1,329,82.0,0.0,0.4,REGULAR,0.23,TRAIN
cust-09495,m-042,31,7,619.92,88.56,31.7,201.56,6,1,310,46.5,0.143,0.429,AT_RISK,7.48,TEST
cust-09496,m-040,13,8,2855.29,356.91,51.55,1205.13,6,1,363,50.0,0.25,0.625,REGULAR,2.68,TRAIN
cust-09497,m-028,24,8,1587.74,198.47,57.08,733.23,5,1,357,47.6,0.375,0.125,REGULAR,5.03,TEST
cust-09498,m-007,30,6,7248.55,1208.09,206.76,2427.55,5,1,331,60.2,0.167,0.167,REGULAR,6.78,TRAIN
cust-09499,m-009,49,14,2007.5,143.39,30.99,376.5,9,1,354,23.5,0.214,0.357,AT_RISK,48.6,TRAIN
cust-09500,m-020,144,5,714.96,142.99,46.22,403.44,4,1,351,51.8,0.4,0.4,INACTIVE,100.0,TRAIN
cust-09501,m-021,3,5,2882.08,576.42,39.92,2304.08,5,1,313,77.5,0.4,0.4,REGULAR,0.72,TRAIN
cust-09502,m-038,15,7,1286.67,183.81,103.23,365.65,4,1,300,47.5,0.429,0.857,REGULAR,3.74,TRAIN
cust-09503,m-034,34,5,421.83,84.37,35.29,189.45,4,1,321,71.8,0.2,0.2,AT_RISK,7.92,TRAIN
cust-09504,m-028,130,6,898.5,149.75,57.08,224.81,5,1,331,40.2,0.5,0.833,INACTIVE,100.0,TRAIN
cust-09505,m-043,17,7,3536.42,505.2,269.88,1103.72,4,1,355,56.3,0.857,0.429,REGULAR,3.58,VALIDATION
cust-09506,m-043,69,9,9908.73,1100.97,269.88,2567.7,7,1,297,28.5,0.333,0.333,INACTIVE,78.12,TRAIN
cust-09507,m-001,39,13,1767.52,135.96,36.39,490.48,8,1,308,22.4,0.538,0.692,AT_RISK,34.37,TEST
cust-09508,m-024,11,7,2041.52,291.65,35.32,714.03,5,1,350,56.5,0.143,0.286,REGULAR,2.35,TRAIN
cust-09509,m-047,13,5,814.06,162.81,49.86,267.26,3,1,219,51.5,0.2,0.4,REGULAR,4.43,TEST
cust-09510,m-035,108,8,10992.98,1374.12,662.22,2412.27,4,1,352,34.9,0.5,0.375,INACTIVE,100.0,TRAIN
cust-09511,m-029,35,9,2422.53,269.17,53.41,1408.8,8,1,331,37.0,0.111,0.333,AT_RISK,7.91,TRAIN
cust-09512,m-041,6,9,1513.75,168.19,54.85,357.44,8,1,301,36.9,0.0,0.556,REGULAR,1.49,TRAIN
cust-09513,m-043,47,8,6042.75,755.34,269.88,2567.7,5,1,324,39.6,0.5,0.625,AT_RISK,21.95,TEST
cust-09514,m-001,6,18,2246.86,124.83,35.19,367.86,9,1,353,20.4,0.167,0.222,LOYAL,1.27,VALIDATION
cust-09515,m-028,7,8,1430.02,178.75,23.81,366.91,7,1,340,47.6,0.25,0.375,REGULAR,1.54,TRAIN
cust-09516,m-031,60,6,780.72,130.12,41.64,357.72,5,1,361,60.2,0.667,0.167,AT_RISK,12.43,VALIDATION
cust-09517,m-002,16,3,2265.32,755.11,377.97,1485.43,3,1,316,150.0,0.0,0.333,NEW,3.79,TRAIN
cust-09518,m-004,41,3,3190.69,1063.56,687.11,1721.89,3,1,274,116.5,0.333,0.333,NEW,11.18,TRAIN
cust-09519,m-002,111,5,2057.82,411.56,401.92,426.03,2,1,357,61.5,0.0,0.4,INACTIVE,97.5,VALIDATION
cust-09520,m-007,208,4,4236.63,1059.16,206.76,1357.85,3,1,329,40.3,0.25,0.5,INACTIVE,100.0,VALIDATION
cust-09521,m-030,14,13,2681.75,206.29,27.38,511.8,7,1,355,28.4,0.308,0.538,REGULAR,2.95,TRAIN
cust-09522,m-027,12,11,6678.82,607.17,56.9,2034.18,6,1,307,29.5,0.273,0.455,REGULAR,2.92,TRAIN
cust-09523,m-036,65,10,1479.61,147.96,41.96,450.72,7,1,334,29.9,0.2,0.3,INACTIVE,67.2,TRAIN
cust-09524,m-022,46,8,9713.4,1214.18,410.45,4174.73,5,1,273,32.4,0.25,0.25,AT_RISK,32.99,TRAIN
cust-09525,m-019,40,10,1459.36,145.94,56.78,366.2,7,1,361,35.7,0.3,0.4,AT_RISK,14.74,TEST
cust-09526,m-044,33,12,5633.74,469.48,38.7,2381.2,7,1,359,29.6,0.25,0.25,AT_RISK,11.97,TEST
cust-09527,m-009,98,9,977.48,108.61,35.76,188.25,7,1,303,25.6,0.111,0.556,INACTIVE,100.0,TRAIN
cust-09528,m-041,14,4,2193.27,548.32,129.78,915.51,4,1,214,66.7,0.25,0.5,REGULAR,4.88,TRAIN
cust-09529,m-027,24,9,1420.9,157.88,27.71,356.88,7,1,314,36.2,0.222,0.222,REGULAR,5.71,TEST
cust-09530,m-011,4,13,2029.22,156.09,42.92,595.16,9,1,349,28.8,0.231,0.077,REGULAR,0.86,TRAIN
cust-09531,m-028,20,15,4347.63,289.84,23.81,733.23,7,1,318,21.3,0.333,0.2,REGULAR,4.7,TRAIN
cust-09532,m-039,20,12,1549.68,129.14,88.81,263.1,5,1,356,30.5,0.167,0.5,REGULAR,4.2,TEST
cust-09533,m-028,31,12,3865.2,322.1,31.9,1467.64,9,1,363,30.2,0.25,0.667,AT_RISK,7.59,TEST
cust-09534,m-021,35,6,1500.92,250.15,22.25,787.14,6,1,335,60.0,0.167,0.5,AT_RISK,7.81,TRAIN
cust-09535,m-042,24,10,1012.32,101.23,30.27,213.26,8,1,361,37.4,0.3,0.4,REGULAR,4.97,TRAIN
cust-09536,m-030,147,4,1691.58,422.9,48.83,1165.68,4,1,335,62.7,0.25,0.25,INACTIVE,100.0,TEST
cust-09537,m-033,0,11,13546.41,1231.49,539.82,2575.37,7,1,362,36.2,0.182,0.091,REGULAR,0.0,TRAIN
cust-09538,m-035,19,6,5336.19,889.37,390.48,1315.1,5,1,333,62.8,0.333,0.667,REGULAR,4.27,TRAIN
cust-09539,m-006,16,8,1329.94,166.24,85.78,310.45,4,1,358,48.9,0.25,0.25,REGULAR,3.34,VALIDATION
cust-09540,m-041,213,6,1847.17,307.86,129.78,583.8,5,1,346,26.6,0.5,0.0,INACTIVE,100.0,TRAIN
cust-09541,m-011,39,14,1633.99,116.71,31.75,446.37,10,1,364,25.0,0.429,0.357,AT_RISK,29.01,VALIDATION
cust-09542,m-043,30,5,2318.11,463.62,269.88,889.61,4,1,279,62.2,0.4,0.0,REGULAR,8.04,VALIDATION
cust-09543,m-004,207,5,5864.39,1172.88,687.11,3021.37,3,1,361,38.5,0.8,0.4,INACTIVE,100.0,TRAIN
cust-09544,m-039,40,16,1987.88,124.24,88.81,263.1,5,1,362,21.5,0.375,0.438,AT_RISK,36.01,TRAIN
cust-09545,m-013,22,12,19616.66,1634.72,271.73,2897.77,6,1,325,27.5,0.25,0.333,REGULAR,5.06,VALIDATION
cust-09547,m-030,4,14,6735.99,481.14,27.38,2047.2,8,1,364,27.7,0.143,0.286,REGULAR,0.82,VALIDATION
cust-09548,m-008,33,8,9526.72,1190.84,567.43,2774.3,5,1,331,42.6,0.375,0.5,AT_RISK,7.45,VALIDATION
cust-09549,m-041,33,7,2077.23,296.75,54.85,583.8,4,1,343,51.7,0.143,0.143,AT_RISK,7.19,TRAIN
cust-09550,m-024,153,8,2117.07,264.63,23.95,768.52,6,1,322,24.1,0.125,0.125,INACTIVE,100.0,TRAIN
cust-09551,m-045,59,15,1701.19,113.41,39.71,308.4,6,1,312,18.1,0.533,0.267,AT_RISK,75.49,TEST
cust-09552,m-025,48,6,7518.01,1253.0,685.18,2088.28,4,1,347,59.8,0.167,0.5,AT_RISK,10.34,TRAIN
cust-09553,m-016,43,12,1868.93,155.74,75.51,445.18,5,1,351,28.0,0.25,0.417,AT_RISK,31.66,TRAIN
cust-09554,m-005,72,14,3142.02,224.43,25.41,635.84,10,1,361,22.2,0.357,0.357,INACTIVE,89.62,TRAIN
cust-09555,m-008,13,15,17529.68,1168.65,266.13,2774.3,8,1,331,22.7,0.333,0.4,LOYAL,2.94,TEST
cust-09556,m-011,52,10,1270.42,127.04,38.53,349.98,6,1,322,30.0,0.2,0.5,AT_RISK,45.07,TRAIN
cust-09557,m-043,64,9,14454.64,1606.07,411.29,2567.7,4,1,351,35.9,0.111,0.333,INACTIVE,55.79,TRAIN
cust-09558,m-038,25,12,1489.87,124.16,42.2,365.65,5,1,335,28.2,0.25,0.167,REGULAR,5.58,TRAIN
cust-09559,m-025,46,6,8596.65,1432.78,391.84,2088.28,4,1,302,51.2,0.167,0.167,AT_RISK,11.39,TRAIN
cust-09560,m-031,148,2,193.13,96.56,82.32,110.81,2,1,340,192.0,0.5,0.5,INACTIVE,32.55,VALIDATION
cust-09561,m-021,5,11,2877.53,261.59,22.25,1082.64,8,1,343,33.8,0.364,0.455,REGULAR,1.09,TRAIN
cust-09562,m-005,63,6,1009.93,168.32,25.41,429.08,5,1,247,36.8,0.5,0.5,INACTIVE,58.35,TRAIN
cust-09563,m-027,83,5,682.58,136.52,56.9,225.78,4,1,354,67.8,0.2,0.4,INACTIVE,40.34,VALIDATION
cust-09564,m-033,32,7,6985.8,997.97,539.82,2364.31,4,1,331,49.8,0.429,0.429,AT_RISK,7.23,VALIDATION
cust-09565,m-004,79,2,2453.98,1226.99,732.09,1721.89,2,1,270,191.0,0.5,0.5,INACTIVE,21.86,TRAIN
cust-09566,m-042,45,8,982.45,122.81,74.47,244.64,5,1,325,40.0,0.375,0.5,AT_RISK,17.85,VALIDATION
cust-09567,m-026,33,6,313.01,52.17,28.65,87.67,4,1,351,63.6,0.167,0.333,AT_RISK,7.03,TRAIN
cust-09568,m-028,57,9,1805.74,200.64,57.08,366.91,7,1,287,28.8,0.222,0.444,AT_RISK,57.14,TRAIN
cust-09569,m-017,58,5,1592.46,318.49,29.94,1126.44,4,1,160,25.5,0.6,0.4,AT_RISK,75.77,TRAIN
cust-09570,m-036,45,9,1622.08,180.23,28.43,450.72,8,1,310,33.1,0.111,0.222,AT_RISK,28.7,TRAIN
cust-09571,m-023,16,7,1939.6,277.09,26.95,932.55,7,1,334,53.0,0.571,0.0,REGULAR,3.58,TRAIN
cust-09573,m-010,80,7,609.14,87.02,31.82,175.9,4,1,357,46.2,0.143,0.0,INACTIVE,67.46,VALIDATION
cust-09574,m-010,12,7,865.97,123.71,44.29,387.04,6,1,326,52.3,0.714,0.286,REGULAR,2.75,TRAIN
cust-09575,m-038,62,12,2276.76,189.73,42.2,365.65,5,1,357,26.8,0.5,0.417,INACTIVE,65.79,TRAIN
cust-09577,m-011,2,9,1041.53,115.73,38.53,446.37,6,1,331,41.1,0.222,0.333,REGULAR,0.45,VALIDATION
cust-09578,m-014,26,10,9391.31,939.13,505.99,1579.66,5,1,328,33.6,0.3,0.4,REGULAR,5.93,TRAIN
cust-09579,m-009,31,8,937.94,117.24,30.99,209.26,7,1,348,45.3,0.25,0.0,AT_RISK,6.66,TRAIN
cust-09580,m-032,4,5,6458.18,1291.64,333.71,2083.19,4,1,330,81.5,0.2,0.2,REGULAR,0.91,TRAIN
cust-09582,m-012,2,10,3429.65,342.96,82.22,1195.83,6,1,333,36.8,0.4,0.3,REGULAR,0.45,TRAIN
cust-09583,m-018,45,9,714.58,79.4,36.32,142.42,6,1,282,29.6,0.556,0.111,AT_RISK,35.03,VALIDATION
cust-09584,m-029,52,3,1578.8,526.27,24.87,1408.8,3,1,112,30.0,0.333,0.0,INACTIVE,67.51,VALIDATION
cust-09585,m-040,72,7,1405.32,200.76,32.37,454.5,3,1,348,46.0,0.571,0.714,INACTIVE,54.47,TRAIN
cust-09586,m-015,17,4,774.56,193.64,60.07,380.86,4,1,307,96.7,0.0,0.25,REGULAR,4.14,TRAIN
cust-09587,m-006,58,10,1680.3,168.03,85.78,310.45,4,1,341,31.4,0.2,0.4,AT_RISK,52.62,TRAIN
cust-09588,m-047,163,5,381.65,76.33,37.88,133.63,3,1,335,43.0,0.0,0.4,INACTIVE,100.0,TRAIN
cust-09589,m-046,95,7,1583.99,226.28,59.65,536.88,5,1,359,44.0,0.143,0.143,INACTIVE,96.29,VALIDATION
cust-09590,m-032,13,9,8248.35,916.48,333.71,1743.56,6,1,277,33.0,0.222,0.222,REGULAR,3.51,TRAIN
cust-09591,m-012,31,10,3107.31,310.73,82.22,703.84,6,1,358,36.3,0.4,0.3,AT_RISK,6.48,TRAIN
cust-09592,m-036,5,6,538.73,89.79,52.79,154.58,4,1,363,71.6,0.333,0.0,REGULAR,1.03,VALIDATION
cust-09593,m-032,37,5,6036.3,1207.26,644.7,1743.56,4,1,270,58.2,0.4,0.2,AT_RISK,10.24,TRAIN
cust-09594,m-045,83,5,597.22,119.44,47.54,205.6,5,1,282,49.8,0.4,0.2,INACTIVE,71.8,VALIDATION
cust-09595,m-011,13,7,560.27,80.04,44.77,182.81,6,1,298,47.5,0.429,0.0,REGULAR,3.26,TRAIN
cust-09596,m-029,21,3,1455.55,485.18,53.41,934.76,2,1,191,85.0,0.333,0.0,NEW,8.2,TRAIN
cust-09597,m-022,92,9,10362.34,1151.37,410.45,4174.73,6,1,356,33.0,0.333,0.444,INACTIVE,100.0,TRAIN
cust-09598,m-035,23,9,12984.76,1442.75,390.48,2412.27,6,1,222,24.9,0.444,0.333,REGULAR,7.74,TRAIN
cust-09599,m-030,14,9,3283.82,364.87,27.38,1535.4,6,1,326,39.0,0.111,0.222,REGULAR,3.21,VALIDATION
cust-09600,m-018,5,9,1092.97,121.44,37.52,250.96,6,1,358,44.1,0.444,0.556,REGULAR,1.04,TRAIN
cust-09601,m-043,42,8,9129.59,1141.2,336.04,2567.7,5,1,312,38.6,0.5,0.375,AT_RISK,15.16,TRAIN
cust-09602,m-012,40,10,4097.77,409.78,113.76,1594.44,5,1,353,34.8,0.3,0.4,AT_RISK,16.27,TRAIN
cust-09603,m-043,31,7,8957.93,1279.7,269.88,2567.7,6,1,316,47.5,0.0,0.429,AT_RISK,7.33,TEST
cust-09604,m-024,39,5,3754.08,750.82,23.95,2209.48,4,1,298,64.8,0.6,0.6,AT_RISK,9.78,TRAIN
cust-09605,m-031,52,11,1174.6,106.78,43.32,177.6,8,1,356,30.4,0.455,0.091,AT_RISK,43.32,TEST
cust-09606,m-021,12,10,2202.09,220.21,55.33,787.14,6,1,332,35.6,0.5,0.6,REGULAR,2.7,TRAIN
cust-09607,m-046,33,6,1383.18,230.53,59.65,463.94,5,1,358,65.0,0.333,0.333,AT_RISK,6.89,TRAIN
cust-09608,m-020,12,4,325.39,81.35,38.28,134.48,4,1,362,116.7,0.5,0.5,REGULAR,2.48,TRAIN
cust-09609,m-040,81,7,2986.26,426.61,32.37,1722.36,6,1,364,47.2,0.429,0.143,INACTIVE,67.34,TRAIN
cust-09610,m-038,6,8,1418.92,177.36,42.2,365.65,4,1,313,43.9,0.125,0.125,REGULAR,1.43,TRAIN
cust-09611,m-044,64,10,3857.77,385.78,26.36,1204.56,5,1,333,29.9,0.4,0.5,INACTIVE,65.52,TRAIN
cust-09612,m-004,13,9,15383.47,1709.27,781.69,3021.37,5,1,363,43.8,0.444,0.222,REGULAR,2.68,VALIDATION
cust-09613,m-033,32,11,9729.83,884.53,348.67,2575.37,5,1,353,32.1,0.182,0.273,AT_RISK,6.78,TRAIN
cust-09614,m-038,50,4,491.88,122.97,103.23,129.55,2,1,220,56.7,0.0,0.0,AT_RISK,16.97,VALIDATION
cust-09616,m-037,43,9,709.32,78.81,31.54,250.5,6,1,358,39.4,0.556,0.444,AT_RISK,14.38,TEST
cust-09617,m-038,73,7,1087.98,155.43,42.2,365.65,5,1,328,42.5,0.143,0.143,INACTIVE,62.39,TRAIN
cust-09618,m-044,92,5,1448.29,289.66,166.9,358.78,4,1,248,39.0,0.2,0.2,INACTIVE,100.0,TRAIN
cust-09619,m-030,82,5,574.32,114.86,43.79,291.42,3,1,346,66.0,0.6,0.2,INACTIVE,41.72,TEST
cust-09620,m-040,7,9,3165.88,351.76,51.55,1148.24,6,1,361,44.2,0.222,0.111,REGULAR,1.45,TRAIN
cust-09621,m-012,25,11,2946.85,267.9,82.22,797.22,6,1,324,29.9,0.273,0.091,REGULAR,5.77,VALIDATION
cust-09622,m-042,44,6,791.98,132.0,61.16,183.48,5,1,335,58.2,0.333,0.167,AT_RISK,9.82,TRAIN
cust-09623,m-007,115,7,8955.35,1279.34,628.05,2427.55,6,1,340,37.5,0.286,0.286,INACTIVE,100.0,TEST
cust-09624,m-025,162,3,2667.87,889.29,727.9,1009.97,3,1,250,44.0,0.333,0.667,INACTIVE,100.0,TRAIN
cust-09625,m-011,46,7,1230.23,175.75,48.92,446.37,5,1,300,42.3,0.429,0.143,AT_RISK,17.01,TEST
cust-09627,m-002,48,7,5349.53,764.22,237.28,2348.26,5,1,296,41.3,0.571,0.429,AT_RISK,22.17,TRAIN
cust-09628,m-018,58,3,369.43,123.14,52.59,254.24,3,1,340,141.0,0.333,0.0,INACTIVE,12.76,TRAIN
cust-09629,m-004,9,4,3828.2,957.05,687.11,1721.89,3,1,190,60.3,0.5,0.25,REGULAR,3.53,TRAIN
cust-09630,m-009,0,5,376.61,75.32,52.72,104.63,5,1,316,79.0,0.0,0.4,REGULAR,0.0,TRAIN
cust-09631,m-039,85,9,1139.95,126.66,91.89,263.1,4,1,359,34.2,0.444,0.111,INACTIVE,93.91,TEST
cust-09633,m-043,11,10,7148.15,714.82,269.88,2567.7,6,1,350,37.7,0.2,0.4,REGULAR,2.35,TRAIN
cust-09634,m-012,44,6,1939.87,323.31,113.76,1195.83,5,1,357,62.6,0.0,0.5,AT_RISK,9.22,VALIDATION
cust-09636,m-042,19,13,2166.94,166.69,31.7,475.44,9,1,363,28.7,0.462,0.308,REGULAR,3.91,TEST
cust-09638,m-015,32,8,726.21,90.78,42.0,248.16,6,1,355,46.1,0.5,0.625,AT_RISK,6.74,TEST
cust-09639,m-031,223,3,264.2,88.07,57.06,124.82,3,1,313,45.0,0.667,0.333,INACTIVE,100.0,TRAIN
cust-09640,m-021,0,12,3301.1,275.09,39.92,1152.04,8,1,363,33.0,0.25,0.5,REGULAR,0.0,TRAIN
cust-09641,m-043,52,8,6391.73,798.97,336.04,2567.7,5,1,311,37.0,0.625,0.5,AT_RISK,35.0,VALIDATION
cust-09642,m-025,9,12,13562.97,1130.25,391.84,2224.07,6,1,363,32.2,0.25,0.417,REGULAR,1.85,TRAIN
cust-09643,m-045,52,5,426.72,85.34,47.54,102.8,5,1,243,47.8,0.4,0.4,AT_RISK,22.28,TRAIN
cust-09644,m-046,36,7,4162.64,594.66,45.52,2892.52,7,1,319,47.2,0.429,0.429,AT_RISK,8.44,TEST
cust-09645,m-008,53,13,18937.07,1456.7,567.43,2774.3,6,1,347,24.5,0.385,0.462,AT_RISK,54.17,TRAIN
cust-09646,m-020,26,13,2074.87,159.61,33.64,727.32,8,1,306,23.3,0.692,0.385,REGULAR,10.4,TRAIN
cust-09647,m-017,31,10,3938.43,393.84,59.88,1126.44,6,1,327,32.9,0.4,0.3,AT_RISK,7.09,TRAIN
cust-09648,m-008,119,9,12955.8,1439.53,816.98,2774.3,5,1,302,22.9,0.333,0.444,INACTIVE,100.0,TRAIN
cust-09649,m-018,5,8,1657.1,207.14,37.52,427.26,6,1,292,41.0,0.375,0.625,REGULAR,1.28,TEST
cust-09650,m-047,30,5,445.58,89.12,30.31,133.63,5,1,329,74.8,0.0,0.2,REGULAR,6.82,TRAIN
cust-09651,m-042,11,5,951.6,190.32,39.21,336.66,4,1,333,80.5,0.6,0.4,REGULAR,2.47,TEST
cust-09652,m-039,70,13,1479.47,113.81,88.81,263.1,5,1,344,22.8,0.0,0.231,INACTIVE,86.02,VALIDATION
cust-09653,m-003,77,6,3528.92,588.15,128.62,1321.96,4,1,361,56.8,0.833,0.333,INACTIVE,46.25,TRAIN
cust-09654,m-039,14,8,2316.43,289.55,88.81,1300.37,3,1,347,47.6,0.375,0.5,REGULAR,3.02,TEST
cust-09655,m-003,41,8,2559.26,319.91,93.99,660.98,7,1,331,41.4,0.25,0.5,AT_RISK,9.26,TRAIN
cust-09656,m-026,160,7,1092.83,156.12,36.07,334.44,7,1,360,33.3,0.286,0.429,INACTIVE,100.0,TRAIN
cust-09657,m-013,38,7,6403.74,914.82,271.73,1163.64,4,1,286,41.3,0.0,0.571,AT_RISK,9.93,VALIDATION
cust-09658,m-019,26,7,617.92,88.27,32.1,170.34,6,1,354,54.7,0.429,0.286,REGULAR,5.49,TRAIN
cust-09659,m-022,0,9,9040.38,1004.49,410.45,1444.79,5,1,340,42.5,0.556,0.333,REGULAR,0.0,TRAIN
cust-09660,m-002,1,5,2648.82,529.76,377.97,1040.98,4,1,329,82.0,0.2,0.2,REGULAR,0.23,TRAIN
cust-09661,m-037,39,8,702.11,87.76,31.54,315.66,7,1,320,40.1,0.875,0.75,AT_RISK,9.11,TRAIN
cust-09662,m-021,12,13,4055.25,311.94,39.92,811.98,10,1,345,27.8,0.462,0.462,REGULAR,2.6,TRAIN
cust-09663,m-014,71,6,5161.93,860.32,482.82,1446.92,4,1,332,52.2,0.0,0.167,INACTIVE,44.19,VALIDATION
cust-09664,m-035,33,18,18824.07,1045.78,390.48,2412.27,8,1,361,19.3,0.444,0.333,AT_RISK,27.39,TRAIN
cust-09665,m-028,8,9,3176.31,352.92,23.81,1020.24,7,1,294,35.8,0.333,0.333,REGULAR,2.03,TRAIN
cust-09666,m-017,0,9,1415.52,157.28,29.94,340.01,6,1,363,45.4,0.222,0.111,REGULAR,0.0,TRAIN
cust-09667,m-033,168,6,4250.83,708.47,348.67,928.47,6,1,352,36.8,0.333,0.167,INACTIVE,100.0,TRAIN
cust-09668,m-004,12,7,7660.31,1094.33,482.75,3021.37,5,1,362,58.3,0.571,0.429,REGULAR,2.48,TRAIN
cust-09669,m-032,58,11,9342.78,849.34,333.71,2083.19,7,1,338,28.0,0.455,0.273,AT_RISK,57.83,VALIDATION
cust-09670,m-046,40,18,6683.12,371.28,45.52,927.88,9,1,354,18.5,0.389,0.5,AT_RISK,40.7,TRAIN
cust-09671,m-042,16,13,1238.95,95.3,30.27,237.72,10,1,358,28.5,0.231,0.308,REGULAR,3.34,TRAIN
cust-09672,m-007,34,8,6032.71,754.09,206.76,2427.55,6,1,261,32.4,0.25,0.625,AT_RISK,12.13,TRAIN
cust-09673,m-020,11,10,1053.96,105.4,33.64,201.87,9,1,334,35.9,0.4,0.3,REGULAR,2.46,TRAIN
cust-09674,m-017,55,7,1086.84,155.26,29.94,563.22,4,1,327,45.3,0.286,0.286,AT_RISK,27.13,TRAIN
cust-09675,m-021,10,8,1601.63,200.2,22.25,576.02,7,1,251,34.4,0.125,0.25,REGULAR,2.98,TRAIN
cust-09676,m-035,20,9,12776.95,1419.66,390.48,2412.27,6,1,350,41.2,0.444,0.111,REGULAR,4.27,TRAIN
cust-09677,m-005,3,9,4137.3,459.7,25.41,1264.0,6,1,342,42.4,0.111,0.778,REGULAR,0.66,TRAIN
cust-09678,m-046,2,11,3932.24,357.48,22.76,723.13,8,1,359,35.7,0.455,0.455,REGULAR,0.42,TRAIN
cust-09679,m-042,170,7,991.89,141.7,78.42,403.12,6,1,332,27.0,0.571,0.571,INACTIVE,100.0,TRAIN
cust-09681,m-036,8,9,803.51,89.28,30.39,185.79,7,1,336,41.0,0.111,0.444,REGULAR,1.78,TRAIN
cust-09682,m-026,58,10,921.0,92.1,28.65,246.06,7,1,329,30.1,0.2,0.1,AT_RISK,55.03,VALIDATION
cust-09683,m-042,17,18,2844.42,158.02,31.7,475.44,11,1,356,19.9,0.278,0.111,REGULAR,3.57,TRAIN
cust-09684,m-038,47,10,1450.31,145.03,42.2,365.65,5,1,341,32.7,0.7,0.2,AT_RISK,31.76,TRAIN
cust-09685,m-007,31,6,6911.38,1151.9,628.05,2427.55,5,1,358,65.4,0.0,0.333,AT_RISK,6.48,TRAIN
cust-09686,m-015,19,5,397.51,79.5,50.76,109.29,5,1,364,86.2,0.4,0.6,REGULAR,3.9,TRAIN
cust-09688,m-030,24,16,3670.19,229.39,27.38,874.26,8,1,321,19.8,0.438,0.5,REGULAR,11.89,TRAIN
cust-09689,m-015,49,2,145.04,72.52,51.71,93.33,2,1,312,263.0,0.5,0.5,NEW,11.74,TRAIN
cust-09690,m-029,37,8,2188.25,273.53,44.48,601.28,8,1,315,39.7,0.25,0.375,AT_RISK,8.78,TRAIN
cust-09691,m-009,160,12,857.04,71.42,30.99,158.16,8,1,362,18.4,0.167,0.5,INACTIVE,100.0,TRAIN
cust-09692,m-029,9,9,3253.64,361.52,24.87,939.2,7,1,272,32.9,0.111,0.444,REGULAR,2.47,TEST
cust-09693,m-042,33,8,593.38,74.17,43.16,126.8,6,1,343,44.3,0.5,0.375,AT_RISK,7.19,TRAIN
cust-09694,m-044,27,8,1445.36,180.67,38.7,320.33,5,1,225,28.3,0.0,0.125,REGULAR,8.96,VALIDATION
cust-09697,m-021,74,8,710.09,88.76,22.25,270.66,5,1,354,40.0,0.25,0.125,INACTIVE,66.63,VALIDATION
cust-09698,m-044,40,9,2671.42,296.82,26.36,1094.36,7,1,332,36.5,0.222,0.667,AT_RISK,14.26,TEST
cust-09699,m-019,91,5,1114.76,222.95,39.95,732.4,5,1,311,55.0,0.0,0.4,INACTIVE,75.88,TRAIN
cust-09700,m-017,48,9,1745.34,193.93,29.94,340.01,6,1,310,32.8,0.222,0.333,AT_RISK,34.38,TRAIN
cust-09701,m-042,31,6,458.82,76.47,39.21,183.48,4,1,313,56.4,0.5,0.333,AT_RISK,7.4,TRAIN
cust-09702,m-007,35,10,11024.65,1102.46,486.95,2427.55,7,1,279,27.1,0.2,0.2,AT_RISK,21.22,TRAIN
cust-09703,m-007,37,10,10318.44,1031.84,206.76,2427.55,6,1,327,32.2,0.2,0.2,AT_RISK,15.66,TRAIN
cust-09704,m-032,15,7,8815.64,1259.38,831.37,1743.56,3,1,359,57.3,0.143,0.143,REGULAR,3.12,TRAIN
cust-09705,m-007,195,5,3435.49,687.1,206.76,1139.08,4,1,331,34.0,0.6,0.4,INACTIVE,100.0,TEST
cust-09706,m-005,18,4,758.35,189.59,63.04,429.08,3,1,235,72.3,1.0,0.25,REGULAR,5.72,TRAIN
cust-09707,m-045,18,7,725.49,103.64,43.04,201.04,6,1,263,40.8,0.571,0.286,REGULAR,5.11,TRAIN
cust-09709,m-007,68,11,12771.41,1161.04,486.95,2427.55,5,1,361,29.3,0.364,0.364,INACTIVE,72.14,TEST
cust-09710,m-024,28,6,570.13,95.02,35.32,173.41,4,1,310,56.4,0.333,0.333,REGULAR,6.75,TRAIN
cust-09711,m-025,54,9,10770.98,1196.78,391.84,2224.07,5,1,327,34.1,0.444,0.333,AT_RISK,42.2,TRAIN
cust-09712,m-009,30,5,669.12,133.82,66.57,188.25,4,1,284,63.5,0.4,0.6,REGULAR,7.89,TRAIN
cust-09713,m-026,18,12,1836.12,153.01,43.96,501.66,7,1,333,28.6,0.417,0.5,REGULAR,4.04,TRAIN
cust-09714,m-045,9,6,1020.1,170.02,43.04,271.96,6,1,279,54.0,0.333,0.833,REGULAR,2.41,TRAIN
cust-09715,m-041,5,15,2839.67,189.31,30.43,610.34,8,1,359,25.3,0.2,0.267,LOYAL,1.04,VALIDATION
cust-09716,m-011,5,5,468.04,93.61,38.53,212.56,5,1,270,66.2,0.4,0.2,REGULAR,1.38,TRAIN
cust-09717,m-047,4,7,596.2,85.17,31.12,383.6,4,1,344,56.7,0.571,0.714,REGULAR,0.87,TRAIN
cust-09718,m-004,8,4,4480.56,1120.14,687.11,1789.15,4,1,160,50.7,0.0,0.25,REGULAR,3.73,TEST
cust-09719,m-016,115,7,835.38,119.34,75.51,189.44,3,1,259,24.0,0.143,0.286,INACTIVE,100.0,TRAIN
cust-09720,m-044,64,5,2818.61,563.72,26.36,1281.32,3,1,245,45.2,0.0,0.4,INACTIVE,47.71,TRAIN
cust-09721,m-003,37,10,2302.13,230.21,27.64,938.52,7,1,348,34.6,0.4,0.3,AT_RISK,11.55,TRAIN
cust-09722,m-046,11,11,4504.48,409.5,34.98,1336.29,8,1,266,25.5,0.182,0.273,REGULAR,3.09,TRAIN
cust-09723,m-014,90,9,10737.8,1193.09,482.82,2109.87,7,1,329,29.9,0.444,0.111,INACTIVE,100.0,VALIDATION
cust-09725,m-011,55,11,1530.23,139.11,53.14,375.33,6,1,338,28.3,0.273,0.364,AT_RISK,52.22,VALIDATION
cust-09726,m-035,162,3,2455.53,818.51,390.48,1154.45,3,1,255,46.5,0.0,0.0,INACTIVE,100.0,TRAIN
cust-09727,m-030,19,19,5442.67,286.46,27.38,1128.3,8,1,345,18.1,0.474,0.263,REGULAR,5.47,VALIDATION
cust-09728,m-039,103,12,1853.51,154.46,88.81,263.1,5,1,330,20.6,0.25,0.167,INACTIVE,100.0,TRAIN
cust-09730,m-030,24,9,3035.74,337.3,178.95,511.8,5,1,317,36.6,0.333,0.556,REGULAR,5.66,TRAIN
cust-09731,m-047,28,11,925.17,84.11,30.31,149.64,6,1,246,21.8,0.182,0.545,REGULAR,17.8,TRAIN
cust-09732,m-011,65,5,760.26,152.05,106.28,233.32,5,1,292,56.8,0.4,0.2,INACTIVE,28.94,TRAIN
cust-09733,m-037,9,9,1195.88,132.88,33.5,256.72,7,1,317,38.5,0.111,0.333,REGULAR,2.12,TRAIN
cust-09734,m-023,36,13,3452.13,265.55,55.92,585.24,10,1,352,26.3,0.154,0.308,AT_RISK,22.2,TRAIN
cust-09735,m-006,25,10,1512.19,151.22,85.78,310.45,5,1,335,34.4,0.5,0.1,REGULAR,5.58,VALIDATION
cust-09737,m-005,40,5,946.88,189.38,85.02,342.62,5,1,259,54.8,0.6,0.4,AT_RISK,11.54,VALIDATION
cust-09738,m-035,8,9,10902.32,1211.37,390.48,2412.27,6,1,308,37.5,0.111,0.778,REGULAR,1.94,VALIDATION
cust-09740,m-024,69,6,1287.34,214.56,54.88,438.3,5,1,254,37.0,0.167,0.167,INACTIVE,68.29,TRAIN
cust-09741,m-012,23,8,1701.95,212.74,82.22,402.24,6,1,299,39.4,0.5,0.0,REGULAR,5.75,VALIDATION
cust-09742,m-040,84,7,1275.7,182.24,32.37,401.71,6,1,354,45.0,0.429,0.143,INACTIVE,76.25,TRAIN
cust-09743,m-047,2,7,446.37,63.77,36.72,133.63,5,1,293,48.5,0.143,0.429,REGULAR,0.51,TRAIN
cust-09744,m-046,25,12,4939.25,411.6,68.28,1446.26,10,1,337,28.4,0.417,0.333,REGULAR,5.55,VALIDATION
cust-09746,m-044,72,8,2263.93,282.99,52.72,670.08,6,1,357,40.7,0.25,0.25,INACTIVE,62.03,TRAIN
cust-09747,m-016,72,5,681.37,136.27,75.51,189.44,3,1,339,66.8,0.2,0.0,INACTIVE,23.68,TRAIN
cust-09748,m-001,6,11,923.72,83.97,35.19,179.02,8,1,363,35.7,0.273,0.182,REGULAR,1.24,TEST
cust-09749,m-044,52,9,1804.19,200.47,52.72,320.33,7,1,270,27.2,0.444,0.444,AT_RISK,51.59,TEST
cust-09750,m-026,10,6,875.37,145.9,40.34,279.6,6,1,341,66.2,0.5,0.667,REGULAR,2.19,TEST
cust-09751,m-044,22,8,4069.2,508.65,38.7,1785.9,7,1,331,44.1,0.625,0.375,REGULAR,4.97,TRAIN
cust-09752,m-020,84,9,1112.81,123.65,45.56,186.44,6,1,285,25.1,0.444,0.444,INACTIVE,100.0,TRAIN
cust-09753,m-039,34,8,913.87,114.23,88.81,135.07,4,1,353,45.6,0.125,0.5,AT_RISK,7.2,TRAIN
cust-09754,m-025,5,10,10615.81,1061.58,391.84,2224.07,7,1,337,36.9,0.4,0.5,REGULAR,1.11,TRAIN
cust-09755,m-022,211,3,2328.09,776.03,712.53,903.03,2,1,348,68.5,0.667,0.0,INACTIVE,100.0,TRAIN
cust-09756,m-044,162,2,1142.48,571.24,547.18,595.3,2,1,230,68.0,0.0,0.0,INACTIVE,100.0,VALIDATION
cust-09757,m-006,87,9,1709.56,189.95,85.78,310.45,3,1,363,34.5,0.222,0.333,INACTIVE,96.68,TRAIN
cust-09758,m-037,5,10,1257.47,125.75,48.84,334.0,8,1,353,38.7,0.3,0.2,REGULAR,1.06,TRAIN
cust-09759,m-010,16,11,1566.69,142.43,27.0,215.76,8,1,324,30.8,0.182,0.273,REGULAR,3.69,TRAIN
cust-09760,m-032,171,3,2379.18,793.06,644.7,867.24,2,1,330,79.5,0.0,0.0,INACTIVE,100.0,TRAIN
cust-09761,m-026,28,7,633.5,90.5,28.65,239.68,5,1,299,45.2,0.571,0.286,REGULAR,7.0,TRAIN
cust-09762,m-025,25,6,6785.05,1130.84,391.84,2224.07,5,1,330,61.0,0.333,0.167,REGULAR,5.66,TRAIN
cust-09763,m-001,6,17,2537.98,149.29,61.38,426.9,10,1,356,21.9,0.235,0.353,LOYAL,1.26,TEST
cust-09764,m-019,65,6,280.89,46.82,32.1,84.24,5,1,278,42.6,0.167,0.333,INACTIVE,51.07,TRAIN
cust-09765,m-038,98,6,881.21,146.87,42.2,365.65,4,1,340,48.4,0.333,0.333,INACTIVE,95.95,TRAIN
cust-09766,m-022,25,6,11053.14,1842.19,410.45,4174.73,4,1,352,65.4,0.5,0.167,REGULAR,5.31,VALIDATION
cust-09767,m-044,189,4,1265.98,316.5,175.11,547.18,4,1,269,26.7,0.0,0.25,INACTIVE,100.0,VALIDATION
cust-09768,m-015,12,10,1368.99,136.9,51.71,327.87,7,1,314,33.6,0.5,0.7,REGULAR,2.86,TRAIN
cust-09769,m-020,57,8,672.48,84.06,38.28,134.58,7,1,356,42.7,0.25,0.25,AT_RISK,33.42,TRAIN
cust-09770,m-012,26,14,2184.1,156.01,82.22,320.6,5,1,348,24.8,0.5,0.286,REGULAR,7.39,TRAIN
cust-09771,m-002,23,7,6738.37,962.62,237.28,2348.26,5,1,328,50.8,0.143,0.286,REGULAR,5.24,TRAIN
cust-09773,m-010,123,12,938.81,78.23,27.0,187.98,8,1,348,20.5,0.417,0.25,INACTIVE,100.0,TRAIN
cust-09774,m-014,4,4,3960.97,990.24,265.14,2109.87,4,1,305,100.3,0.5,0.5,REGULAR,0.98,TRAIN
cust-09775,m-019,32,15,2013.31,134.22,33.58,347.44,8,1,342,22.1,0.467,0.2,AT_RISK,21.85,TRAIN
cust-09776,m-036,75,5,1013.45,202.69,54.69,600.96,4,1,363,72.0,0.8,0.2,INACTIVE,19.95,TRAIN
cust-09777,m-002,18,9,12794.14,1421.57,377.97,2972.2,4,1,341,40.4,0.444,0.444,REGULAR,3.95,TRAIN
cust-09778,m-019,10,10,760.56,76.06,32.1,183.1,9,1,315,33.9,0.4,0.4,REGULAR,2.37,TRAIN
cust-09779,m-014,39,9,11605.17,1289.46,265.14,2109.87,5,1,200,20.1,0.444,0.222,AT_RISK,42.9,TRAIN
cust-09780,m-029,36,6,1071.23,178.54,53.41,701.07,4,1,313,55.4,0.5,0.167,AT_RISK,8.6,TRAIN
cust-09781,m-009,9,7,1323.04,189.01,30.99,564.75,6,1,364,59.2,0.0,0.143,REGULAR,1.85,TRAIN
cust-09782,m-040,132,10,2827.03,282.7,32.37,1722.36,6,1,336,22.7,0.3,0.3,INACTIVE,100.0,VALIDATION
cust-09783,m-029,53,10,2158.66,215.87,62.52,631.83,7,1,357,33.8,0.5,0.2,AT_RISK,39.9,TRAIN
cust-09784,m-033,7,7,12439.3,1777.04,539.82,2575.37,4,1,278,45.2,0.286,0.429,REGULAR,1.88,TRAIN
cust-09785,m-023,48,6,2047.21,341.2,34.83,1141.29,4,1,307,51.8,0.333,0.5,AT_RISK,11.69,TRAIN
cust-09786,m-019,37,7,1241.7,177.39,32.1,625.36,6,1,299,43.7,0.571,0.143,AT_RISK,9.25,TRAIN
cust-09787,m-017,123,5,1991.79,398.36,29.94,1126.44,4,1,328,51.2,0.4,0.6,INACTIVE,100.0,TEST
cust-09789,m-009,1,15,1798.28,119.89,30.99,376.5,10,1,338,24.1,0.333,0.4,LOYAL,0.22,TRAIN
cust-09790,m-041,9,9,2396.91,266.32,30.43,610.34,6,1,346,42.1,0.444,0.111,REGULAR,1.95,TRAIN
cust-09791,m-045,11,6,948.44,158.07,67.99,325.74,5,1,332,64.2,0.333,0.833,REGULAR,2.48,TRAIN
cust-09792,m-045,13,7,827.63,118.23,39.71,282.99,6,1,229,36.0,0.429,0.714,REGULAR,4.24,TRAIN
cust-09793,m-021,20,10,2570.4,257.04,44.5,787.14,8,1,354,37.1,0.7,0.4,REGULAR,4.23,TRAIN
cust-09794,m-025,87,10,9205.74,920.57,391.84,2088.28,6,1,344,28.6,0.3,0.4,INACTIVE,100.0,TRAIN
cust-09796,m-027,17,3,1011.46,337.15,65.74,678.06,3,1,267,125.0,0.0,0.333,NEW,4.76,TEST
cust-09797,m-026,117,3,364.15,121.38,36.07,246.06,2,1,319,101.0,0.667,0.333,INACTIVE,51.42,TRAIN
cust-09798,m-024,72,9,3336.77,370.75,23.95,2142.09,6,1,364,36.5,0.222,0.222,INACTIVE,68.04,TRAIN
cust-09799,m-008,15,16,15087.61,942.98,266.13,1942.06,7,1,355,22.7,0.375,0.438,REGULAR,3.16,TRAIN
cust-09800,m-021,5,14,5208.77,372.06,39.92,1152.04,8,1,332,25.2,0.286,0.214,REGULAR,1.13,TRAIN
cust-09801,m-006,57,7,1279.99,182.86,85.78,310.45,3,1,353,49.3,0.286,0.429,AT_RISK,23.63,TRAIN
cust-09802,m-036,55,6,866.0,144.33,89.36,218.76,5,1,338,56.6,0.0,0.333,AT_RISK,12.17,TRAIN
cust-09804,m-009,20,5,664.17,132.83,66.57,188.25,3,1,340,80.0,0.2,0.2,REGULAR,4.4,VALIDATION
cust-09805,m-045,1,6,981.16,163.53,39.71,350.43,5,1,194,38.6,0.333,0.5,REGULAR,0.38,TEST
cust-09806,m-038,43,6,1022.16,170.36,42.2,365.65,3,1,298,51.0,0.5,0.5,AT_RISK,10.79,TRAIN
cust-09807,m-005,36,9,4396.89,488.54,25.41,2528.0,6,1,350,39.2,0.222,0.444,AT_RISK,7.69,TRAIN
cust-09809,m-030,6,16,5763.65,360.23,43.79,1023.6,6,1,326,21.3,0.312,0.25,LOYAL,1.38,VALIDATION
cust-09810,m-013,7,13,13101.33,1007.79,271.73,2532.63,6,1,294,23.9,0.154,0.077,REGULAR,1.78,TRAIN
cust-09811,m-044,70,12,3868.55,322.38,38.7,960.99,8,1,358,26.2,0.167,0.667,INACTIVE,80.32,TRAIN
cust-09812,m-007,44,11,14809.43,1346.31,486.95,2427.55,7,1,355,31.1,0.273,0.182,AT_RISK,28.62,TRAIN
cust-09813,m-039,59,5,508.66,101.73,88.81,135.07,4,1,316,64.2,0.0,0.0,AT_RISK,13.96,TRAIN
cust-09814,m-030,16,9,3302.76,366.97,97.66,1128.3,4,1,349,41.6,0.0,0.444,REGULAR,3.43,TRAIN
cust-09815,m-034,110,4,436.22,109.06,41.79,192.36,4,1,362,84.0,0.5,0.5,INACTIVE,61.73,VALIDATION
cust-09816,m-020,0,15,2226.32,148.42,38.28,545.49,10,1,340,24.3,0.2,0.267,LOYAL,0.0,TEST
cust-09817,m-036,21,9,849.94,94.44,30.39,185.72,8,1,334,39.1,0.222,0.444,REGULAR,4.7,VALIDATION
cust-09818,m-047,76,6,477.14,79.52,30.31,159.74,5,1,361,57.0,0.333,0.333,INACTIVE,44.25,TRAIN
cust-09819,m-036,45,11,1091.63,99.24,30.39,185.79,8,1,358,31.3,0.182,0.182,AT_RISK,29.95,TRAIN
cust-09820,m-027,2,2,1783.88,891.94,117.6,1666.28,2,1,61,59.0,0.5,0.5,NEW,2.42,TRAIN
cust-09821,m-007,54,8,7938.68,992.34,206.76,2427.55,5,1,313,37.0,0.5,0.375,AT_RISK,38.4,TRAIN
cust-09822,m-019,23,9,1029.54,114.39,30.62,366.2,8,1,289,33.2,0.444,0.222,REGULAR,5.95,TRAIN
cust-09823,m-039,41,2,239.15,119.57,104.08,135.07,2,1,143,102.0,0.0,0.0,NEW,21.35,TRAIN
cust-09825,m-002,219,6,9274.81,1545.8,377.97,2972.2,5,1,353,26.8,0.333,0.333,INACTIVE,100.0,TRAIN
cust-09826,m-001,26,8,1151.27,143.91,35.19,522.48,8,1,353,46.7,0.25,0.375,REGULAR,5.51,TEST
cust-09827,m-021,25,8,2495.7,311.96,39.92,1152.04,7,1,361,48.0,0.375,0.375,REGULAR,5.18,TRAIN
cust-09828,m-012,19,10,3714.62,371.46,113.76,1594.44,5,1,242,24.8,0.3,0.2,REGULAR,5.86,TRAIN
cust-09829,m-040,6,6,860.58,143.43,32.37,227.25,4,1,291,57.0,0.5,0.167,REGULAR,1.54,TRAIN
cust-09830,m-046,12,8,1030.45,128.81,22.76,345.2,5,1,333,45.9,0.375,0.375,REGULAR,2.69,TRAIN
cust-09831,m-017,76,7,701.08,100.15,29.94,340.01,3,1,353,46.2,0.0,0.429,INACTIVE,60.8,TRAIN
cust-09832,m-036,33,10,1586.44,158.64,56.86,557.37,7,1,339,34.0,0.3,0.4,AT_RISK,7.28,VALIDATION
cust-09833,m-042,105,5,717.22,143.44,43.16,306.48,4,1,309,51.0,0.4,0.2,INACTIVE,100.0,TRAIN
cust-09834,m-044,5,13,4582.01,352.46,38.7,1190.6,7,1,354,29.1,0.538,0.231,REGULAR,1.06,TRAIN
cust-09835,m-008,14,14,15973.33,1140.95,266.13,1942.06,7,1,352,26.0,0.143,0.286,REGULAR,2.97,TRAIN
cust-09836,m-046,93,8,3640.85,455.11,68.28,890.86,6,1,291,28.3,0.375,0.375,INACTIVE,100.0,TRAIN
cust-09837,m-042,33,13,1129.32,86.87,30.27,201.56,9,1,333,25.0,0.538,0.538,AT_RISK,19.41,TRAIN
cust-09839,m-009,10,8,732.46,91.56,30.99,182.28,6,1,256,35.1,0.5,0.5,REGULAR,2.92,TEST
cust-09840,m-044,12,5,1411.45,282.29,58.37,595.3,5,1,353,85.2,0.4,0.4,REGULAR,2.54,TEST
cust-09841,m-043,70,11,14501.8,1318.35,336.04,2567.7,5,1,287,21.7,0.091,0.182,INACTIVE,90.68,TRAIN
cust-09842,m-032,9,6,5486.46,914.41,333.71,2083.19,5,1,268,51.8,0.333,0.333,REGULAR,2.51,TRAIN
cust-09843,m-014,30,7,6129.4,875.63,265.14,2109.87,6,1,279,41.5,0.286,0.143,REGULAR,8.04,TEST
cust-09844,m-026,2,11,1214.25,110.39,44.24,231.66,8,1,356,35.4,0.182,0.455,REGULAR,0.42,TEST
cust-09845,m-030,41,9,3976.87,441.87,43.79,1023.6,6,1,331,36.2,0.333,0.333,AT_RISK,16.46,TRAIN
cust-09846,m-023,78,8,3339.5,417.44,34.83,994.92,5,1,306,32.6,0.375,0.625,INACTIVE,87.16,VALIDATION
cust-09847,m-015,31,5,632.01,126.4,50.76,279.99,4,1,357,81.5,0.0,0.4,AT_RISK,6.49,TEST
cust-09849,m-044,21,10,3207.24,320.72,26.36,820.77,6,1,333,34.7,0.2,0.3,REGULAR,4.72,TRAIN
cust-09852,m-018,8,6,979.44,163.24,36.32,569.68,6,1,271,52.6,0.333,0.667,REGULAR,2.21,TRAIN
cust-09853,m-017,32,7,1679.23,239.89,29.94,563.22,6,1,323,48.5,0.286,0.429,AT_RISK,7.41,TEST
cust-09854,m-029,41,8,4272.71,534.09,62.52,1427.84,7,1,359,45.4,0.25,0.625,AT_RISK,8.54,TRAIN
cust-09855,m-045,60,8,1053.25,131.66,47.54,315.68,7,1,281,31.6,0.375,0.0,AT_RISK,58.56,TRAIN
cust-09856,m-045,11,8,1081.34,135.17,39.71,308.4,7,1,329,45.4,0.25,0.125,REGULAR,2.5,TRAIN
cust-09857,m-008,21,13,17960.97,1381.61,266.13,2774.3,7,1,358,28.1,0.385,0.462,REGULAR,4.39,TRAIN
cust-09858,m-039,33,10,1393.36,139.34,88.81,263.1,5,1,327,32.7,0.4,0.1,AT_RISK,8.0,TRAIN
cust-09859,m-026,178,8,961.29,120.16,28.65,271.89,8,1,339,23.0,0.375,0.625,INACTIVE,100.0,VALIDATION
cust-09860,m-002,90,7,5684.67,812.1,237.28,2348.26,5,1,335,40.8,0.0,0.286,INACTIVE,93.89,VALIDATION
cust-09861,m-044,73,7,1020.1,145.73,58.37,301.14,5,1,355,47.0,0.143,0.286,INACTIVE,54.38,TRAIN
cust-09862,m-035,43,11,13133.35,1193.94,390.48,2412.27,7,1,349,30.6,0.455,0.273,AT_RISK,27.81,TRAIN
cust-09863,m-040,12,11,4141.36,376.49,32.37,2296.48,7,1,323,31.1,0.455,0.273,REGULAR,2.78,VALIDATION
cust-09865,m-015,152,3,322.1,107.37,38.47,180.21,3,1,281,64.5,0.333,0.333,INACTIVE,100.0,TRAIN
cust-09866,m-036,22,13,1443.5,111.04,30.39,240.92,9,1,348,27.2,0.462,0.385,REGULAR,4.73,TRAIN
cust-09867,m-032,11,6,6831.8,1138.63,644.7,1743.56,4,1,337,65.2,0.333,0.333,REGULAR,2.44,VALIDATION
cust-09868,m-045,18,9,918.46,102.05,67.99,188.66,7,1,344,40.8,0.444,0.222,REGULAR,3.91,TRAIN
cust-09869,m-040,14,8,1702.67,212.83,32.37,574.12,6,1,331,45.3,0.5,0.375,REGULAR,3.16,TRAIN
cust-09870,m-026,39,13,1781.8,137.06,40.34,501.66,10,1,336,24.8,0.462,0.308,AT_RISK,29.98,TRAIN
cust-09871,m-018,18,7,799.83,114.26,36.75,186.92,5,1,317,49.8,0.429,0.143,REGULAR,4.25,TRAIN
cust-09872,m-035,76,5,4998.09,999.62,390.48,1635.59,5,1,362,71.5,0.8,0.2,INACTIVE,22.45,VALIDATION
cust-09873,m-026,10,7,889.06,127.01,28.65,239.68,7,1,268,43.0,0.286,0.143,REGULAR,2.79,TRAIN
cust-09875,m-035,20,6,6646.39,1107.73,390.48,2412.27,5,1,293,54.6,0.5,0.667,REGULAR,5.1,TEST
cust-09876,m-011,143,8,642.94,80.37,38.53,182.81,6,1,335,27.4,0.375,0.375,INACTIVE,100.0,TRAIN
cust-09878,m-022,1,7,13243.03,1891.86,712.53,4174.73,5,1,357,59.3,0.0,0.143,REGULAR,0.21,TRAIN
cust-09879,m-042,27,4,303.44,75.86,39.21,100.78,4,1,113,28.7,0.5,0.0,REGULAR,17.76,TRAIN
cust-09880,m-023,20,11,2187.2,198.84,34.83,380.43,7,1,329,30.9,0.364,0.455,REGULAR,4.55,TEST
cust-09881,m-045,129,8,1311.37,163.92,67.99,378.6,8,1,351,31.7,0.25,0.375,INACTIVE,100.0,TRAIN
cust-09882,m-035,51,6,5584.57,930.76,390.48,1315.1,5,1,341,58.0,0.167,0.167,AT_RISK,11.18,VALIDATION
cust-09883,m-009,44,14,2233.28,159.52,35.76,486.52,8,1,351,23.6,0.357,0.5,AT_RISK,39.97,TRAIN
cust-09884,m-045,74,2,135.63,67.82,49.55,86.08,2,1,310,236.0,0.5,0.5,INACTIVE,17.85,VALIDATION
cust-09885,m-047,19,7,794.24,113.46,49.86,267.26,6,1,356,56.2,0.714,0.429,REGULAR,3.99,TRAIN
cust-09886,m-035,8,7,7765.49,1109.36,390.48,2412.27,4,1,281,45.5,0.143,0.286,REGULAR,2.13,TRAIN
cust-09887,m-032,83,9,7083.03,787.0,333.71,1743.56,5,1,337,31.8,0.333,0.444,INACTIVE,95.22,TRAIN
cust-09888,m-009,72,9,846.93,94.1,30.99,182.28,9,1,333,32.6,0.556,0.444,INACTIVE,75.27,TRAIN
cust-09890,m-006,12,15,1868.59,124.57,85.78,310.45,5,1,360,24.9,0.467,0.267,LOYAL,2.49,TRAIN
cust-09891,m-016,37,11,3079.22,279.93,75.51,445.18,5,1,354,31.7,0.545,0.636,AT_RISK,15.77,TRAIN
cust-09892,m-041,131,5,1340.26,268.05,54.85,610.34,4,1,278,36.8,0.4,0.2,INACTIVE,100.0,TRAIN
cust-09893,m-012,46,5,1557.49,311.5,113.76,527.88,3,1,325,69.8,0.6,0.4,AT_RISK,10.58,TRAIN
cust-09894,m-015,73,11,1915.66,174.15,50.76,571.29,9,1,302,22.9,0.455,0.364,INACTIVE,93.22,TRAIN
cust-09895,m-019,137,3,455.56,151.85,58.64,312.68,3,1,330,96.5,0.667,0.333,INACTIVE,91.79,TRAIN
cust-09896,m-011,16,5,439.12,87.82,38.53,159.42,4,1,201,46.2,0.2,0.2,REGULAR,5.94,TRAIN
cust-09897,m-029,30,8,2622.96,327.87,53.41,939.2,7,1,257,32.4,0.75,0.0,REGULAR,8.72,TRAIN
cust-09898,m-002,138,3,1844.98,614.99,377.97,1040.98,3,1,320,91.0,0.667,0.667,INACTIVE,100.0,TRAIN
cust-09900,m-014,48,3,1583.8,527.93,265.14,812.67,3,1,264,108.0,0.667,0.333,INACTIVE,13.58,TRAIN
cust-09901,m-025,6,9,9126.7,1014.08,727.9,2224.07,4,1,320,39.2,0.222,0.222,REGULAR,1.4,TEST
cust-09902,m-035,7,6,7413.99,1235.66,390.48,2412.27,5,1,130,24.6,0.333,0.333,REGULAR,4.01,TRAIN
cust-09903,m-005,60,10,3315.97,331.6,54.06,942.87,5,1,339,31.0,0.4,0.3,AT_RISK,56.74,TRAIN
cust-09904,m-014,73,7,8567.21,1223.89,265.14,2109.87,6,1,322,41.5,0.571,0.429,INACTIVE,64.2,TRAIN
cust-09905,m-031,94,11,1426.28,129.66,41.16,538.04,7,1,359,26.5,0.182,0.455,INACTIVE,100.0,TRAIN
cust-09906,m-021,6,15,6068.05,404.54,39.92,1574.28,9,1,343,24.1,0.4,0.4,LOYAL,1.31,TRAIN
cust-09908,m-012,34,11,4298.7,390.79,82.22,1195.83,6,1,340,30.6,0.455,0.364,AT_RISK,12.58,TRAIN
cust-09909,m-009,33,7,476.03,68.0,35.76,105.44,5,1,316,47.2,0.429,0.143,AT_RISK,7.81,TRAIN
cust-09910,m-005,0,5,3219.82,643.96,158.96,1896.0,5,1,315,78.8,0.4,0.6,REGULAR,0.0,TEST
cust-09911,m-040,19,15,4729.44,315.3,32.37,909.0,8,1,345,23.3,0.467,0.267,REGULAR,4.12,TRAIN
cust-09912,m-014,1,9,6707.81,745.31,265.14,1579.66,5,1,337,42.0,0.333,0.333,REGULAR,0.22,TRAIN
cust-09913,m-018,23,7,647.31,92.47,37.52,216.44,4,1,310,47.8,0.143,0.143,REGULAR,5.55,TRAIN
cust-09914,m-014,79,5,4645.26,929.05,482.82,2109.87,4,1,355,69.0,0.2,0.2,INACTIVE,31.64,TRAIN
cust-09915,m-020,20,7,1254.09,179.16,115.52,279.66,6,1,236,36.0,0.429,0.286,REGULAR,6.33,TRAIN
cust-09916,m-040,8,8,3629.29,453.66,32.37,1722.36,6,1,306,42.6,0.375,0.25,REGULAR,1.95,TRAIN
cust-09917,m-001,12,11,1899.46,172.68,37.64,522.48,7,1,329,31.7,0.636,0.182,REGULAR,2.73,TRAIN
cust-09918,m-033,201,4,4879.53,1219.88,539.82,2575.37,4,1,361,53.3,1.0,0.0,INACTIVE,100.0,TRAIN
cust-09919,m-035,84,9,5857.48,650.83,390.48,1154.45,3,1,348,33.0,0.222,0.222,INACTIVE,94.55,TRAIN
cust-09920,m-007,19,12,11863.42,988.62,206.76,2427.55,6,1,341,29.3,0.333,0.333,REGULAR,4.17,TRAIN
cust-09921,m-039,34,7,744.73,106.39,88.81,135.07,3,1,352,53.0,0.0,0.286,AT_RISK,7.22,TRAIN
cust-09922,m-043,75,6,3297.66,549.61,269.88,1103.72,4,1,353,55.6,0.167,0.667,INACTIVE,44.99,TRAIN
cust-09923,m-046,18,10,2386.51,238.65,22.76,870.44,8,1,343,36.1,0.6,0.3,REGULAR,3.92,TRAIN
cust-09924,m-018,57,6,655.38,109.23,37.52,147.0,5,1,322,53.0,0.167,0.333,AT_RISK,19.24,TRAIN
cust-09925,m-001,48,15,1661.52,110.77,35.19,522.48,10,1,356,22.0,0.133,0.133,AT_RISK,49.08,TRAIN
cust-09926,m-009,76,7,841.35,120.19,30.99,364.89,7,1,339,43.8,0.286,0.429,INACTIVE,65.06,TRAIN
cust-09927,m-016,89,7,1205.06,172.15,75.51,445.18,4,1,323,39.0,0.429,0.429,INACTIVE,95.6,TRAIN
cust-09928,m-001,0,11,1364.53,124.05,35.19,339.54,9,1,336,33.6,0.182,0.455,REGULAR,0.0,TRAIN
cust-09929,m-026,12,9,1025.27,113.92,36.07,271.89,7,1,350,42.2,0.444,0.111,REGULAR,2.56,TRAIN
cust-09930,m-039,33,7,1065.85,152.26,88.81,263.1,4,1,324,48.5,0.714,0.429,AT_RISK,7.62,VALIDATION
cust-09931,m-040,15,4,805.02,201.26,51.55,574.12,4,1,277,87.3,0.25,0.5,REGULAR,4.05,VALIDATION
cust-09932,m-026,6,9,1083.14,120.35,28.65,479.36,6,1,281,34.4,0.222,0.333,REGULAR,1.6,TRAIN
cust-09933,m-044,349,3,1112.3,370.77,93.6,717.56,3,1,364,7.5,0.0,0.333,INACTIVE,100.0,TRAIN
cust-09934,m-002,11,9,14561.57,1617.95,401.92,2972.2,4,1,312,37.6,0.667,0.444,REGULAR,2.64,TRAIN
cust-09935,m-005,8,11,2526.7,229.7,25.41,635.84,9,1,321,31.3,0.364,0.364,REGULAR,1.86,VALIDATION
cust-09936,m-021,14,12,3899.22,324.94,39.92,1728.06,9,1,339,29.5,0.25,0.417,REGULAR,3.09,TEST
cust-09937,m-023,5,6,2245.16,374.19,34.83,760.86,5,1,140,27.0,0.333,0.333,REGULAR,2.66,TRAIN
cust-09938,m-026,36,5,472.24,94.45,69.9,115.83,5,1,290,63.5,0.4,0.2,AT_RISK,9.28,TRAIN
cust-09939,m-035,27,5,4460.74,892.15,662.22,1315.1,3,1,175,37.0,0.2,0.2,REGULAR,11.51,TRAIN
cust-09940,m-022,41,14,12638.74,902.77,410.45,1444.79,6,1,354,24.1,0.429,0.214,AT_RISK,34.01,TRAIN
cust-09941,m-006,118,6,889.68,148.28,85.78,310.45,5,1,292,34.8,0.167,0.5,INACTIVE,100.0,TRAIN
cust-09942,m-017,86,5,1645.79,329.16,78.78,563.22,3,1,248,40.5,0.6,0.4,INACTIVE,94.15,TRAIN
cust-09943,m-038,20,8,1699.86,212.48,42.2,365.65,4,1,337,45.3,0.25,0.5,REGULAR,4.44,VALIDATION
cust-09944,m-034,123,8,989.32,123.66,35.29,314.12,5,1,302,25.6,0.375,0.125,INACTIVE,100.0,VALIDATION
cust-09945,m-033,41,7,6327.71,903.96,348.67,2364.31,5,1,268,37.8,0.286,0.143,AT_RISK,16.23,TRAIN
cust-09946,m-033,25,9,5876.64,652.96,348.67,928.47,6,1,284,32.4,0.556,0.444,REGULAR,6.58,TRAIN
cust-09947,m-026,5,12,1484.3,123.69,40.34,362.52,8,1,349,31.3,0.167,0.333,REGULAR,1.07,VALIDATION
cust-09948,m-029,68,8,2996.94,374.62,44.48,1408.8,6,1,359,41.6,0.25,0.375,INACTIVE,53.77,TEST
cust-09949,m-031,71,6,1287.65,214.61,110.81,437.85,4,1,302,46.2,0.333,0.167,INACTIVE,54.77,TEST
cust-09950,m-019,22,10,1408.03,140.8,39.95,266.73,8,1,356,37.1,0.5,0.3,REGULAR,4.62,TEST
cust-09952,m-013,75,4,3064.55,766.14,271.73,1041.72,4,1,290,71.7,0.25,0.0,INACTIVE,24.28,VALIDATION
cust-09953,m-015,138,8,995.63,124.45,38.47,380.86,6,1,358,31.4,0.25,0.5,INACTIVE,100.0,TEST
cust-09954,m-047,57,6,672.33,112.06,69.1,159.74,5,1,306,49.8,0.333,0.167,AT_RISK,24.73,TRAIN
cust-09955,m-006,20,11,1594.29,144.94,85.78,310.45,4,1,361,34.1,0.091,0.182,REGULAR,4.14,TRAIN
cust-09957,m-009,70,9,1346.29,149.59,61.55,266.28,6,1,305,29.4,0.556,0.444,INACTIVE,78.06,TRAIN
cust-09958,m-017,26,13,3917.74,301.36,59.73,1126.44,7,1,332,25.5,0.231,0.385,REGULAR,6.61,VALIDATION
cust-09959,m-027,8,7,476.01,68.0,27.71,113.8,4,1,194,31.0,0.286,0.286,REGULAR,3.08,TRAIN
cust-09961,m-035,116,6,7598.0,1266.33,662.22,2412.27,5,1,348,46.4,0.667,0.0,INACTIVE,100.0,VALIDATION
cust-09962,m-006,28,7,1322.18,188.88,85.78,310.45,5,1,350,53.7,0.143,0.571,REGULAR,5.98,TRAIN
cust-09963,m-021,26,5,1595.83,319.17,39.92,576.02,4,1,345,79.8,0.4,0.4,REGULAR,5.64,TRAIN
cust-09964,m-001,52,11,1566.92,142.45,36.39,426.9,9,1,346,29.4,0.273,0.091,AT_RISK,45.14,TRAIN
cust-09965,m-040,26,8,658.9,82.36,32.37,150.1,3,1,197,24.4,0.5,0.125,REGULAR,12.25,TRAIN
cust-09966,m-002,32,3,711.84,237.28,237.28,237.28,1,1,364,166.0,0.333,0.0,NEW,6.58,TRAIN
cust-09967,m-011,104,7,1003.49,143.36,54.54,365.62,6,1,341,39.5,0.429,0.143,INACTIVE,100.0,TRAIN
cust-09968,m-033,121,8,6416.57,802.07,348.67,2364.31,5,1,333,30.3,0.625,0.25,INACTIVE,100.0,TRAIN
cust-09969,m-038,20,5,1075.11,215.02,42.2,365.65,4,1,324,76.0,0.2,0.4,REGULAR,4.62,TRAIN
cust-09970,m-023,12,10,3824.03,382.4,34.83,1170.48,7,1,354,38.0,0.7,0.2,REGULAR,2.54,VALIDATION
cust-09971,m-004,56,8,16453.8,2056.72,687.11,3021.37,4,1,362,43.7,0.25,0.375,AT_RISK,30.02,TRAIN
cust-09972,m-024,123,7,3932.52,561.79,205.58,907.28,5,1,294,28.5,0.286,0.286,INACTIVE,100.0,TRAIN
cust-09973,m-038,54,6,1157.12,192.85,103.23,365.65,3,1,361,61.4,0.667,0.0,AT_RISK,11.19,TRAIN
cust-09974,m-019,42,8,665.61,83.2,33.58,204.28,7,1,306,37.7,0.375,0.375,AT_RISK,16.71,TRAIN
cust-09975,m-008,31,14,20470.66,1462.19,266.13,2774.3,8,1,353,24.8,0.429,0.286,AT_RISK,15.87,TRAIN
cust-09976,m-029,126,9,2101.53,233.5,49.74,469.6,6,1,356,28.8,0.333,0.333,INACTIVE,100.0,TRAIN
cust-09977,m-019,34,7,530.88,75.84,32.1,153.21,6,1,362,54.7,0.429,0.286,AT_RISK,7.02,TRAIN
cust-09978,m-021,160,9,2820.62,313.4,22.25,749.43,7,1,341,22.6,0.111,0.222,INACTIVE,100.0,TRAIN
cust-09979,m-015,83,8,1086.68,135.84,38.47,279.99,7,1,341,36.9,0.125,0.625,INACTIVE,87.35,VALIDATION
cust-09980,m-025,40,7,6648.01,949.72,391.84,2224.07,6,1,307,44.5,0.857,0.429,AT_RISK,9.74,VALIDATION
cust-09981,m-002,70,7,3732.63,533.23,237.28,1485.43,5,1,338,44.7,0.0,0.286,INACTIVE,53.44,TEST
cust-09982,m-025,11,6,6402.45,1067.08,685.18,2088.28,6,1,252,48.2,0.167,0.333,REGULAR,3.26,TEST
cust-09983,m-044,12,9,4998.88,555.43,93.6,2381.2,6,1,361,43.6,0.333,0.333,REGULAR,2.49,VALIDATION
cust-09984,m-013,27,6,8432.34,1405.39,271.73,2532.63,5,1,298,54.2,0.167,0.5,REGULAR,6.77,VALIDATION
cust-09985,m-034,12,10,822.09,82.21,35.29,157.06,5,1,321,34.3,0.4,0.4,REGULAR,2.8,TRAIN
cust-09986,m-023,64,12,3283.5,273.62,26.95,743.92,6,1,357,26.6,0.417,0.25,INACTIVE,69.51,TEST
cust-09987,m-039,36,9,1274.01,141.56,88.81,263.1,5,1,348,39.0,0.333,0.556,AT_RISK,7.74,TEST
cust-09988,m-038,72,9,1323.46,147.05,42.2,365.65,4,1,338,33.2,0.333,0.444,INACTIVE,74.13,VALIDATION
cust-09989,m-016,113,10,2029.12,202.91,75.51,445.18,5,1,361,27.6,0.3,0.3,INACTIVE,100.0,TRAIN
cust-09990,m-037,11,13,1415.65,108.9,44.95,250.5,9,1,340,27.4,0.385,0.308,REGULAR,2.42,TRAIN
cust-09991,m-044,239,2,281.73,140.86,58.37,223.36,2,1,307,68.0,0.0,0.0,INACTIVE,100.0,TRAIN
cust-09993,m-035,13,9,11358.48,1262.05,390.48,2412.27,5,1,301,36.0,0.333,0.111,REGULAR,3.23,TRAIN
cust-09994,m-041,106,6,4247.99,708.0,305.17,875.7,4,1,246,28.0,0.333,0.5,INACTIVE,100.0,TRAIN
cust-09995,m-007,137,9,9298.48,1033.16,206.76,2427.55,5,1,350,26.6,0.556,0.111,INACTIVE,100.0,VALIDATION
cust-09996,m-031,21,8,817.68,102.21,41.16,269.02,7,1,335,44.9,0.125,0.125,REGULAR,4.69,TRAIN
cust-09997,m-036,47,10,1013.21,101.32,28.43,268.08,7,1,325,30.9,0.3,0.3,AT_RISK,34.96,TRAIN
cust-09998,m-028,0,9,3625.65,402.85,63.8,733.82,8,1,349,43.6,0.222,0.444,REGULAR,0.0,TEST
cust-09999,m-004,34,5,5436.17,1087.23,482.75,1721.89,4,1,286,63.0,0.2,0.4,AT_RISK,8.89,TRAIN
cust-10000,m-006,6,9,1203.58,133.73,85.78,310.45,5,1,349,42.9,0.333,0.222,REGULAR,1.29,TRAIN
