customer_id,merchant_id,recency_days,frequency,monetary_value,avg_ticket_size,tenure_days,rfm_segment,churn_risk_score
cust-00001,m-001,52,9,1011.79,112.42,350,AT_RISK,17.81
cust-00002,m-001,39,12,1494.62,124.55,300,AT_RISK,15.26
cust-00003,m-001,44,12,1160.82,96.74,362,AT_RISK,14.43
cust-00004,m-001,65,7,646.01,92.29,353,INACTIVE,22.11
cust-00005,m-001,46,12,1288.14,107.35,332,AT_RISK,16.12
cust-00006,m-001,32,16,1491.09,93.19,332,AT_RISK,11.37
cust-00007,m-001,45,11,993.33,90.3,345,AT_RISK,15.51
cust-00008,m-001,74,13,1781.98,137.08,341,INACTIVE,23.78
cust-00009,m-001,35,9,756.75,84.08,358,AT_RISK,12.75
cust-00010,m-001,123,8,781.15,97.64,293,INACTIVE,45.17
cust-00011,m-001,33,17,1699.32,99.96,356,AT_RISK,10.91
cust-00012,m-001,33,10,945.05,94.5,334,AT_RISK,12.58
cust-00013,m-001,63,11,1215.0,110.45,288,INACTIVE,24.3
cust-00014,m-001,59,9,938.21,104.25,343,AT_RISK,20.15
cust-00015,m-001,60,14,1620.72,115.77,352,AT_RISK,19.0
cust-00016,m-001,162,13,1473.38,113.34,331,INACTIVE,50.94
cust-00017,m-001,33,11,1055.56,95.96,317,AT_RISK,12.88
cust-00018,m-001,51,9,697.4,77.49,296,AT_RISK,20.17
cust-00019,m-001,119,8,965.96,120.74,349,INACTIVE,37.33
cust-00020,m-001,86,12,819.21,68.27,359,INACTIVE,26.2
cust-00021,m-001,113,8,966.15,120.77,360,INACTIVE,34.64
cust-00022,m-001,31,14,2204.74,157.48,323,AT_RISK,11.57
cust-00023,m-001,72,14,1820.67,130.05,350,INACTIVE,22.51
cust-00024,m-001,41,15,1690.25,112.68,363,AT_RISK,13.14
cust-00025,m-001,78,8,961.74,120.22,319,INACTIVE,27.71
cust-00026,m-001,41,9,612.31,68.03,333,AT_RISK,15.28
cust-00027,m-001,35,16,1419.0,88.69,362,AT_RISK,11.41
cust-00028,m-001,32,10,1146.16,114.62,331,AT_RISK,12.37
cust-00029,m-001,31,17,1977.78,116.34,361,AT_RISK,10.23
cust-00030,m-001,74,10,1034.89,103.49,217,INACTIVE,36.67
cust-00031,m-001,45,15,1475.05,98.34,339,AT_RISK,15.11
cust-00032,m-001,35,6,1047.89,174.65,354,AT_RISK,14.14
cust-00033,m-001,63,6,881.09,146.85,270,INACTIVE,27.53
cust-00034,m-001,50,13,1351.03,103.93,361,AT_RISK,15.96
cust-00035,m-001,43,14,1960.78,140.06,288,AT_RISK,16.88
cust-00036,m-001,44,9,961.25,106.81,228,AT_RISK,22.21
cust-00037,m-001,40,15,1953.0,130.2,258,AT_RISK,17.32
cust-00038,m-001,51,13,1320.75,101.6,336,AT_RISK,17.28
cust-00039,m-001,49,12,1356.77,113.06,363,AT_RISK,15.77
cust-00040,m-001,40,10,1289.69,128.97,286,AT_RISK,16.66
cust-00041,m-001,40,15,1275.28,85.02,289,AT_RISK,15.67
cust-00042,m-001,54,7,748.67,106.95,354,AT_RISK,18.96
cust-00043,m-001,75,8,769.75,96.22,348,INACTIVE,24.82
cust-00044,m-001,48,11,850.02,77.27,315,AT_RISK,17.69
cust-00045,m-001,147,14,1442.48,103.03,363,INACTIVE,42.38
cust-00046,m-001,33,14,2029.24,144.95,307,AT_RISK,12.71
cust-00047,m-001,84,6,1474.06,245.68,337,INACTIVE,29.14
cust-00048,m-001,81,8,739.4,92.42,337,INACTIVE,27.3
cust-00049,m-001,52,12,1226.63,102.22,358,AT_RISK,16.79
cust-00050,m-001,53,12,1252.4,104.37,361,AT_RISK,16.95
cust-00051,m-001,44,10,1541.8,154.18,296,AT_RISK,17.54
cust-00052,m-001,36,11,1256.95,114.27,355,AT_RISK,12.61
cust-00053,m-001,92,11,1115.53,101.41,358,INACTIVE,28.13
cust-00054,m-001,99,5,1233.79,246.76,359,INACTIVE,32.5
cust-00055,m-001,43,11,1714.89,155.9,345,AT_RISK,14.93
cust-00056,m-001,42,8,993.16,124.14,270,AT_RISK,18.83
cust-00057,m-001,74,11,1463.4,133.04,331,INACTIVE,24.79
cust-00058,m-001,50,10,1169.44,116.94,338,AT_RISK,17.48
cust-00059,m-001,36,13,1160.95,89.3,362,AT_RISK,12.06
cust-00060,m-001,33,19,1504.96,79.21,360,AT_RISK,10.64
cust-00061,m-001,31,9,1316.39,146.27,347,AT_RISK,11.91
cust-00062,m-001,48,12,2047.96,170.66,361,AT_RISK,15.57
cust-00063,m-001,35,7,720.38,102.91,312,AT_RISK,14.93
cust-00064,m-001,165,3,396.96,132.32,294,INACTIVE,63.43
cust-00065,m-001,54,9,866.21,96.25,277,AT_RISK,22.42
cust-00066,m-001,31,9,908.05,100.89,360,AT_RISK,11.59
cust-00067,m-001,48,13,1730.88,133.14,364,AT_RISK,15.29
cust-00068,m-001,32,12,1118.46,93.2,338,AT_RISK,11.75
cust-00069,m-001,118,11,1167.66,106.15,289,INACTIVE,43.19
cust-00070,m-001,61,7,819.71,117.1,359,INACTIVE,20.69
cust-00071,m-001,118,15,2109.7,140.65,331,INACTIVE,37.42
cust-00072,m-001,31,15,2112.75,140.85,348,AT_RISK,10.76
cust-00073,m-001,65,9,1063.78,118.2,294,INACTIVE,25.03
cust-00074,m-001,42,12,1352.48,112.71,298,AT_RISK,16.35
cust-00075,m-001,43,11,1483.62,134.87,326,AT_RISK,15.65
cust-00076,m-001,88,11,1270.32,115.48,363,INACTIVE,26.68
cust-00077,m-001,61,21,1826.69,86.99,329,INACTIVE,19.85
cust-00078,m-001,118,11,1575.16,143.2,361,INACTIVE,35.1
cust-00079,m-001,111,16,1809.8,113.11,353,INACTIVE,33.12
cust-00080,m-001,127,8,1124.97,140.62,340,INACTIVE,40.58
cust-00081,m-001,37,10,1181.24,118.12,363,AT_RISK,12.89
cust-00082,m-001,53,10,1493.17,149.32,340,AT_RISK,18.27
cust-00083,m-001,92,13,1350.28,103.87,356,INACTIVE,27.91
cust-00084,m-001,85,12,890.44,74.2,354,INACTIVE,26.25
cust-00085,m-001,39,11,1486.56,135.14,361,AT_RISK,13.27
cust-00086,m-001,67,6,791.39,131.9,297,INACTIVE,26.77
cust-00087,m-001,49,12,1213.37,101.11,341,AT_RISK,16.64
cust-00088,m-001,50,12,978.83,81.57,331,AT_RISK,17.37
cust-00089,m-001,32,9,896.65,99.63,348,AT_RISK,12.17
cust-00090,m-001,33,13,1482.47,114.04,360,AT_RISK,11.28
cust-00091,m-001,62,12,1309.68,109.14,354,INACTIVE,19.77
cust-00092,m-001,35,9,1703.84,189.32,331,AT_RISK,13.54
cust-00093,m-001,33,11,1175.6,106.87,243,AT_RISK,16.02
cust-00094,m-001,132,6,623.65,103.94,297,INACTIVE,48.58
cust-00095,m-001,77,8,1306.23,163.28,332,INACTIVE,26.46
cust-00096,m-001,54,5,539.54,107.91,302,AT_RISK,22.82
cust-00097,m-001,51,11,1203.96,109.45,328,AT_RISK,18.0
cust-00098,m-001,32,16,2283.02,142.69,331,AT_RISK,11.4
cust-00099,m-001,154,2,136.25,68.12,272,INACTIVE,66.41
cust-00100,m-001,33,13,1545.03,118.85,319,AT_RISK,12.46
cust-00101,m-001,31,7,484.35,69.19,297,AT_RISK,14.15
cust-00102,m-001,59,13,976.69,75.13,284,AT_RISK,22.84
cust-00103,m-001,43,6,899.72,149.95,341,AT_RISK,16.86
cust-00104,m-001,71,16,1643.9,102.74,360,INACTIVE,21.43
cust-00105,m-001,57,13,815.31,62.72,359,AT_RISK,17.98
cust-00106,m-001,110,8,624.02,78.0,357,INACTIVE,34.06
cust-00107,m-001,70,8,834.2,104.28,354,INACTIVE,23.05
cust-00108,m-001,62,10,823.24,82.32,346,INACTIVE,20.59
cust-00109,m-001,66,10,1190.05,119.0,330,INACTIVE,22.67
cust-00110,m-001,51,16,1653.97,103.37,328,AT_RISK,17.27
cust-00111,m-001,55,16,1636.97,102.31,351,AT_RISK,17.39
cust-00112,m-001,77,9,835.5,92.83,352,INACTIVE,24.81
cust-00113,m-001,50,11,952.01,86.55,344,AT_RISK,16.99
cust-00114,m-001,56,9,1136.96,126.33,334,AT_RISK,19.72
cust-00115,m-001,88,8,701.49,87.69,332,INACTIVE,29.76
cust-00116,m-001,37,12,1324.21,110.35,353,AT_RISK,12.76
cust-00117,m-001,52,12,1327.09,110.59,364,AT_RISK,16.55
cust-00118,m-001,31,10,1818.35,181.83,343,AT_RISK,11.74
cust-00119,m-001,40,10,986.62,98.66,352,AT_RISK,14.06
cust-00120,m-001,88,7,1258.4,179.77,305,INACTIVE,32.51
cust-00121,m-001,68,12,1842.46,153.54,350,INACTIVE,21.68
cust-00122,m-001,35,17,1973.64,116.1,355,AT_RISK,11.5
cust-00123,m-001,38,13,1185.87,91.22,356,AT_RISK,12.79
cust-00124,m-001,47,8,838.86,104.86,234,AT_RISK,23.33
cust-00125,m-001,47,9,884.75,98.31,357,AT_RISK,16.13
cust-00126,m-001,38,10,1245.57,124.56,312,AT_RISK,14.87
cust-00127,m-001,40,8,1516.86,189.61,361,AT_RISK,14.38
cust-00128,m-001,37,12,2153.71,179.48,327,AT_RISK,13.59
cust-00129,m-001,32,15,2014.81,134.32,315,AT_RISK,12.0
cust-00130,m-001,84,7,855.52,122.22,361,INACTIVE,26.95
cust-00131,m-001,33,11,957.88,87.08,348,AT_RISK,11.96
cust-00132,m-001,56,13,2163.09,166.39,320,AT_RISK,19.59
cust-00133,m-001,48,11,1347.16,122.47,329,AT_RISK,17.05
cust-00134,m-001,38,13,1054.31,81.1,333,AT_RISK,13.52
cust-00135,m-001,66,13,1425.5,109.65,344,INACTIVE,21.27
cust-00136,m-001,33,11,876.4,79.67,337,AT_RISK,12.26
cust-00137,m-001,33,14,1270.18,90.73,360,AT_RISK,11.14
cust-00138,m-001,82,9,969.12,107.68,275,INACTIVE,32.71
cust-00139,m-001,61,7,504.89,72.13,364,INACTIVE,20.46
cust-00140,m-001,72,14,1934.35,138.17,336,INACTIVE,23.36
cust-00141,m-001,44,11,1515.51,137.77,364,AT_RISK,14.55
cust-00142,m-001,48,17,1034.22,60.84,363,AT_RISK,14.85
cust-00143,m-001,40,12,794.74,66.23,297,AT_RISK,15.73
cust-00144,m-001,68,16,1929.06,120.57,354,INACTIVE,20.92
cust-00145,m-001,71,9,1271.61,141.29,322,INACTIVE,24.98
cust-00146,m-001,52,11,1536.47,139.68,346,AT_RISK,17.49
cust-00147,m-001,50,11,1518.73,138.07,347,AT_RISK,16.87
cust-00148,m-001,65,9,732.88,81.43,333,INACTIVE,22.46
cust-00149,m-001,42,19,1407.16,74.06,349,AT_RISK,13.5
cust-00150,m-001,103,7,603.41,86.2,342,INACTIVE,33.78
cust-00151,m-001,80,7,787.14,112.45,284,INACTIVE,31.82
cust-00152,m-001,35,15,2245.9,149.73,347,AT_RISK,11.93
cust-00153,m-001,59,15,1375.85,91.72,341,AT_RISK,19.13
cust-00154,m-001,50,9,747.31,83.03,351,AT_RISK,17.2
cust-00155,m-001,80,17,2572.58,151.33,362,INACTIVE,23.71
cust-00156,m-001,33,10,991.2,99.12,340,AT_RISK,12.4
cust-00157,m-001,58,15,2325.17,155.01,320,AT_RISK,19.94
cust-00158,m-001,42,12,1178.1,98.18,331,AT_RISK,14.96
cust-00159,m-001,50,7,696.81,99.54,340,AT_RISK,18.41
cust-00160,m-001,78,14,1791.6,127.97,361,INACTIVE,23.55
cust-00161,m-001,144,5,629.84,125.97,347,INACTIVE,46.38
cust-00162,m-001,38,8,808.64,101.08,289,AT_RISK,16.44
cust-00163,m-001,36,23,2438.78,106.03,361,AT_RISK,11.19
cust-00164,m-001,55,9,1204.84,133.87,313,AT_RISK,20.52
cust-00165,m-001,50,11,1883.44,171.22,350,AT_RISK,16.75
cust-00166,m-001,85,10,1536.19,153.62,360,INACTIVE,26.27
cust-00167,m-001,97,11,820.6,74.6,350,INACTIVE,30.14
cust-00168,m-001,50,12,1306.48,108.87,361,AT_RISK,16.12
cust-00169,m-001,76,11,784.78,71.34,348,INACTIVE,24.28
cust-00170,m-001,39,20,2056.88,102.84,352,AT_RISK,12.48
cust-00171,m-001,44,16,2222.07,138.88,361,AT_RISK,13.92
cust-00172,m-001,45,7,1292.98,184.71,362,AT_RISK,16.15
cust-00173,m-001,68,12,1101.05,91.75,295,INACTIVE,25.28
cust-00174,m-001,73,11,829.57,75.42,346,INACTIVE,23.54
cust-00175,m-001,80,9,1064.63,118.29,305,INACTIVE,29.14
cust-00176,m-001,51,9,593.89,65.99,294,AT_RISK,20.29
cust-00177,m-001,40,16,1894.01,118.38,341,AT_RISK,13.46
cust-00178,m-001,35,8,709.38,88.67,354,AT_RISK,13.19
cust-00179,m-001,122,8,939.04,117.38,356,INACTIVE,37.51
cust-00180,m-001,110,8,1061.64,132.71,339,INACTIVE,35.69
cust-00181,m-001,146,14,1093.81,78.13,314,INACTIVE,48.35
cust-00182,m-001,65,10,862.82,86.28,305,INACTIVE,23.97
cust-00183,m-001,45,8,845.67,105.71,340,AT_RISK,16.53
cust-00184,m-001,123,7,717.78,102.54,361,INACTIVE,37.73
cust-00185,m-001,122,7,629.31,89.9,364,INACTIVE,37.17
cust-00186,m-001,56,10,1061.16,106.12,336,AT_RISK,19.34
cust-00187,m-001,74,14,1240.74,88.62,359,INACTIVE,22.56
cust-00188,m-001,57,14,1296.58,92.61,352,AT_RISK,18.15
cust-00189,m-001,120,10,1215.41,121.54,336,INACTIVE,38.34
cust-00190,m-001,55,7,1135.07,162.15,361,AT_RISK,18.94
cust-00191,m-001,73,9,788.29,87.59,349,INACTIVE,23.86
cust-00192,m-001,60,11,1130.48,102.77,345,AT_RISK,19.84
cust-00193,m-001,43,16,1556.21,97.26,346,AT_RISK,14.16
cust-00194,m-001,44,13,1306.91,100.53,311,AT_RISK,16.25
cust-00195,m-001,45,17,1426.65,83.92,357,AT_RISK,14.24
cust-00196,m-001,51,8,1000.63,125.08,331,AT_RISK,18.69
cust-00197,m-001,47,11,1172.56,106.6,344,AT_RISK,16.12
cust-00198,m-001,46,17,1987.54,116.91,356,AT_RISK,14.55
cust-00199,m-001,33,14,1603.13,114.51,355,AT_RISK,11.27
cust-00200,m-001,70,9,876.01,97.33,339,INACTIVE,23.59
cust-00201,m-001,37,7,563.96,80.57,362,AT_RISK,13.94
cust-00202,m-001,39,12,1366.73,113.89,352,AT_RISK,13.36
cust-00203,m-001,60,13,1505.61,115.82,364,AT_RISK,18.58
cust-00204,m-001,84,10,781.56,78.16,300,INACTIVE,30.63
cust-00205,m-001,40,17,2039.2,119.95,356,AT_RISK,12.87
cust-00206,m-001,46,12,1457.25,121.44,359,AT_RISK,15.09
cust-00207,m-001,36,7,955.43,136.49,312,AT_RISK,15.25
cust-00208,m-001,48,7,681.99,97.43,364,AT_RISK,16.9
cust-00209,m-001,42,14,1406.81,100.49,348,AT_RISK,14.03
cust-00210,m-001,75,10,1446.8,144.68,339,INACTIVE,24.79
cust-00211,m-001,33,15,2076.07,138.4,364,AT_RISK,10.92
cust-00212,m-001,171,6,810.52,135.09,326,INACTIVE,56.58
cust-00213,m-001,43,11,918.42,83.49,362,AT_RISK,14.35
cust-00214,m-001,36,8,921.13,115.14,342,AT_RISK,13.83
cust-00215,m-001,31,14,1667.58,119.11,363,AT_RISK,10.52
cust-00216,m-001,71,14,1846.69,131.91,357,INACTIVE,21.83
cust-00217,m-001,37,14,1208.15,86.3,360,AT_RISK,12.25
cust-00218,m-001,114,8,1222.13,152.77,359,INACTIVE,35.0
cust-00219,m-001,39,6,833.21,138.87,331,AT_RISK,16.03
cust-00220,m-001,80,9,1218.92,135.44,334,INACTIVE,26.88
cust-00221,m-001,65,11,1081.6,98.33,337,INACTIVE,21.73
cust-00222,m-001,40,10,1185.67,118.57,300,AT_RISK,16.02
cust-00223,m-001,59,11,1338.19,121.65,359,AT_RISK,18.89
cust-00224,m-001,42,7,493.75,70.54,334,AT_RISK,16.29
cust-00225,m-001,31,10,965.82,96.58,319,AT_RISK,12.41
cust-00226,m-001,32,11,1481.18,134.65,359,AT_RISK,11.39
cust-00227,m-001,70,6,646.09,107.68,346,INACTIVE,24.46
cust-00228,m-001,126,7,943.71,134.82,279,INACTIVE,48.75
cust-00229,m-001,60,9,986.27,109.59,357,AT_RISK,19.76
cust-00230,m-001,31,13,1502.92,115.61,361,AT_RISK,10.71
cust-00231,m-001,62,7,751.95,107.42,303,INACTIVE,24.14
cust-00232,m-001,58,15,2491.17,166.08,358,AT_RISK,18.03
cust-00233,m-001,37,10,1297.01,129.7,335,AT_RISK,13.74
cust-00234,m-001,41,11,988.22,89.84,330,AT_RISK,14.89
cust-00235,m-001,135,9,676.23,75.14,332,INACTIVE,43.54
cust-00236,m-001,99,11,1159.01,105.36,291,INACTIVE,36.4
cust-00237,m-001,36,10,1314.89,131.49,307,AT_RISK,14.42
cust-00238,m-001,61,6,1759.19,293.2,331,INACTIVE,22.66
cust-00239,m-001,33,8,711.33,88.92,355,AT_RISK,12.6
cust-00240,m-001,34,12,1535.33,127.94,337,AT_RISK,12.37
cust-00241,m-001,49,13,1164.16,89.55,363,AT_RISK,15.6
cust-00242,m-001,33,10,1344.61,134.46,311,AT_RISK,13.3
cust-00243,m-001,54,7,809.71,115.67,324,AT_RISK,20.37
cust-00244,m-001,68,11,975.48,88.68,364,INACTIVE,21.13
cust-00245,m-001,44,7,1077.78,153.97,281,AT_RISK,19.35
cust-00246,m-001,51,6,547.26,91.21,248,AT_RISK,24.77
cust-00247,m-001,31,12,1005.67,83.81,277,AT_RISK,13.46
cust-00248,m-001,50,22,3114.79,141.58,362,AT_RISK,15.08
cust-00249,m-001,58,8,575.73,71.97,303,AT_RISK,22.41
cust-00250,m-001,33,15,1716.9,114.46,360,AT_RISK,11.02
cust-00251,m-001,35,13,1373.0,105.62,333,AT_RISK,12.62
cust-00252,m-001,34,12,1728.06,144.0,336,AT_RISK,12.4
cust-00253,m-001,102,9,1151.37,127.93,364,INACTIVE,30.95
cust-00254,m-001,34,11,1077.86,97.99,363,AT_RISK,11.84
cust-00255,m-001,35,15,1978.37,131.89,285,AT_RISK,14.11
cust-00256,m-001,88,9,796.59,88.51,314,INACTIVE,30.94
cust-00257,m-001,92,8,861.82,107.73,200,INACTIVE,49.1
cust-00258,m-001,48,13,1127.66,86.74,342,AT_RISK,16.14
cust-00259,m-001,74,8,1005.87,125.73,332,INACTIVE,25.56
cust-00260,m-001,40,12,1083.14,90.26,355,AT_RISK,13.54
cust-00261,m-001,32,14,1706.43,121.89,363,AT_RISK,10.79
cust-00262,m-001,47,10,1273.5,127.35,314,AT_RISK,17.65
cust-00263,m-001,76,9,1292.01,143.56,363,INACTIVE,23.88
cust-00264,m-001,63,8,588.21,73.53,360,INACTIVE,20.78
cust-00265,m-001,103,10,1743.32,174.33,361,INACTIVE,31.18
cust-00266,m-001,43,17,1873.61,110.21,360,AT_RISK,13.58
cust-00267,m-001,95,8,717.44,89.68,348,INACTIVE,30.55
cust-00268,m-001,54,15,1589.5,105.97,350,AT_RISK,17.26
cust-00269,m-001,33,16,2475.83,154.74,347,AT_RISK,11.25
cust-00270,m-001,38,15,1084.05,72.27,310,AT_RISK,14.09
cust-00271,m-001,33,19,2260.11,118.95,290,AT_RISK,12.84
cust-00272,m-001,46,9,1203.93,133.77,358,AT_RISK,15.81
cust-00273,m-001,33,13,1084.79,83.45,335,AT_RISK,11.96
cust-00274,m-001,46,19,4202.01,221.16,263,AT_RISK,18.92
cust-00275,m-001,81,10,1122.86,112.29,325,INACTIVE,27.57
cust-00276,m-001,53,11,766.84,69.71,332,AT_RISK,18.42
cust-00277,m-001,37,8,770.98,96.37,293,AT_RISK,15.92
cust-00278,m-001,42,11,1195.43,108.68,348,AT_RISK,14.53
cust-00279,m-001,63,12,1452.52,121.04,341,INACTIVE,20.73
cust-00280,m-001,92,5,403.29,80.66,268,INACTIVE,39.2
cust-00281,m-001,68,14,1685.82,120.42,361,INACTIVE,20.78
cust-00282,m-001,49,9,997.18,110.8,348,AT_RISK,17.04
cust-00283,m-001,96,5,553.39,110.68,342,INACTIVE,32.99
cust-00284,m-001,33,15,833.9,55.59,352,AT_RISK,11.22
cust-00285,m-001,46,8,834.59,104.32,235,AT_RISK,22.82
cust-00286,m-001,38,15,1691.38,112.76,351,AT_RISK,12.67
cust-00287,m-001,65,15,1261.68,84.11,360,INACTIVE,19.88
cust-00288,m-001,67,22,2815.83,127.99,364,INACTIVE,19.66
cust-00289,m-001,39,11,1672.51,152.05,322,AT_RISK,14.57
cust-00290,m-001,44,19,1976.94,104.05,341,AT_RISK,14.37
cust-00291,m-001,109,8,1120.19,140.02,348,INACTIVE,34.57
cust-00292,m-001,156,5,872.52,174.5,347,INACTIVE,49.83
cust-00293,m-001,41,13,1372.29,105.56,320,AT_RISK,14.92
cust-00294,m-001,53,5,590.58,118.12,347,AT_RISK,20.23
cust-00295,m-001,134,6,510.84,85.14,355,INACTIVE,41.93
cust-00296,m-001,31,14,1635.27,116.8,352,AT_RISK,10.78
cust-00297,m-001,33,10,955.84,95.58,251,AT_RISK,15.82
cust-00298,m-001,87,11,1572.1,142.92,320,INACTIVE,29.6
cust-00299,m-001,68,10,773.96,77.4,325,INACTIVE,23.59
cust-00300,m-001,63,17,2236.64,131.57,344,INACTIVE,19.93
cust-00301,m-001,32,9,999.45,111.05,330,AT_RISK,12.67
cust-00302,m-001,49,15,1670.74,111.38,350,AT_RISK,15.84
cust-00303,m-001,66,12,1536.71,128.06,336,INACTIVE,21.89
cust-00304,m-001,49,9,971.11,107.9,331,AT_RISK,17.76
cust-00305,m-001,45,8,749.87,93.73,362,AT_RISK,15.73
cust-00306,m-001,84,9,1302.25,144.69,313,INACTIVE,29.75
cust-00307,m-001,46,14,1551.22,110.8,358,AT_RISK,14.81
cust-00308,m-001,86,6,514.46,85.74,206,INACTIVE,45.83
cust-00309,m-001,37,11,1410.16,128.2,348,AT_RISK,13.1
cust-00310,m-001,41,10,1070.17,107.02,243,AT_RISK,19.53
cust-00311,m-001,56,11,913.96,83.09,364,AT_RISK,17.84
cust-00312,m-001,70,10,1348.78,134.88,330,INACTIVE,23.88
cust-00313,m-001,17,12,2177.16,181.43,356,RETURNING,7.07
cust-00314,m-001,90,11,880.34,80.03,361,INACTIVE,27.36
cust-00315,m-001,1,14,1736.1,124.01,332,RETURNING,2.3
cust-00316,m-001,12,13,1687.96,129.84,280,RETURNING,6.41
cust-00317,m-001,16,12,1389.55,115.8,305,RETURNING,7.54
cust-00318,m-001,43,7,1211.08,173.01,356,AT_RISK,15.79
cust-00319,m-001,10,10,1685.21,168.52,362,RETURNING,5.48
cust-00320,m-001,1,22,1802.18,81.92,363,LOYAL,1.58
cust-00321,m-001,23,13,1998.33,153.72,324,RETURNING,9.22
cust-00322,m-001,9,9,685.21,76.13,326,RETURNING,5.75
cust-00323,m-001,62,7,453.95,64.85,346,INACTIVE,21.62
cust-00324,m-001,0,11,1533.34,139.39,339,RETURNING,2.5
cust-00325,m-001,43,8,783.74,97.97,325,AT_RISK,16.52
cust-00326,m-001,54,6,553.58,92.26,361,AT_RISK,19.2
cust-00327,m-001,35,12,1436.23,119.69,354,AT_RISK,12.17
cust-00328,m-001,20,14,2718.24,194.16,336,RETURNING,7.93
cust-00329,m-001,127,5,515.48,103.1,225,INACTIVE,61.19
cust-00330,m-001,1,17,1921.58,113.03,348,LOYAL,1.95
cust-00331,m-001,61,11,1202.75,109.34,330,INACTIVE,20.93
cust-00332,m-001,1,12,1782.47,148.54,359,RETURNING,2.59
cust-00333,m-001,61,14,2097.91,149.85,341,INACTIVE,19.84
cust-00334,m-001,4,8,593.49,74.19,317,RETURNING,4.59
cust-00335,m-001,20,15,2144.37,142.96,347,RETURNING,7.62
cust-00336,m-001,16,11,2018.08,183.46,351,RETURNING,7.05
cust-00337,m-001,47,9,986.22,109.58,358,AT_RISK,16.09
cust-00338,m-001,58,12,1156.27,96.36,348,AT_RISK,18.93
cust-00339,m-001,38,8,1021.91,127.74,351,AT_RISK,14.13
cust-00340,m-001,33,10,1129.98,113.0,329,AT_RISK,12.73
cust-00341,m-001,5,14,1677.38,119.81,310,RETURNING,3.61
cust-00342,m-001,6,12,1288.69,107.39,316,RETURNING,4.2
cust-00343,m-001,37,9,1082.32,120.26,351,AT_RISK,13.51
cust-00344,m-001,78,8,972.99,121.62,342,INACTIVE,26.07
cust-00345,m-001,94,7,982.83,140.4,332,INACTIVE,31.98
cust-00346,m-001,9,17,2415.25,142.07,304,LOYAL,4.62
cust-00347,m-001,49,7,843.52,120.5,324,AT_RISK,18.83
cust-00348,m-001,38,13,1421.9,109.38,361,AT_RISK,12.64
cust-00349,m-001,0,21,1797.17,85.58,362,LOYAL,1.36
cust-00350,m-001,51,9,667.45,74.16,230,AT_RISK,25.08
cust-00351,m-001,41,10,1011.43,101.14,359,AT_RISK,14.12
cust-00352,m-001,20,9,772.14,85.79,292,RETURNING,9.83
cust-00353,m-001,33,12,1522.84,126.9,316,AT_RISK,12.72
cust-00354,m-001,41,11,1303.21,118.47,238,AT_RISK,19.65
cust-00355,m-001,1,9,751.74,83.53,268,RETURNING,3.37
cust-00356,m-001,1,13,1349.92,103.84,331,RETURNING,2.44
cust-00357,m-001,67,19,2580.62,135.82,345,INACTIVE,20.86
cust-00358,m-001,50,7,831.44,118.78,345,AT_RISK,18.2
cust-00359,m-001,57,11,1527.6,138.87,341,AT_RISK,19.17
cust-00360,m-001,88,11,1159.99,105.45,347,INACTIVE,27.79
cust-00361,m-001,54,6,1193.84,198.97,340,AT_RISK,20.12
cust-00362,m-001,7,17,2511.47,147.73,342,LOYAL,3.71
cust-00363,m-001,0,12,1528.23,127.35,340,RETURNING,2.31
cust-00364,m-001,21,9,1121.41,124.6,348,RETURNING,9.02
cust-00365,m-001,9,14,1177.51,84.11,355,RETURNING,4.53
cust-00366,m-001,12,13,1408.43,108.34,360,RETURNING,5.47
cust-00367,m-001,16,7,840.65,120.09,349,RETURNING,8.32
cust-00368,m-001,24,14,1154.07,82.43,360,RETURNING,8.65
cust-00369,m-001,11,8,498.2,62.28,356,RETURNING,6.41
cust-00370,m-001,20,18,1707.04,94.84,354,RETURNING,7.21
cust-00371,m-001,5,16,1700.3,106.27,344,LOYAL,3.21
cust-00372,m-001,85,10,1234.71,123.47,317,INACTIVE,29.46
cust-00373,m-001,42,11,1673.63,152.15,364,AT_RISK,14.01
cust-00374,m-001,69,14,1477.84,105.56,330,INACTIVE,22.85
cust-00375,m-001,32,13,1814.06,139.54,350,AT_RISK,11.26
cust-00376,m-001,153,6,814.41,135.73,333,INACTIVE,50.09
cust-00377,m-001,4,15,1473.96,98.26,326,LOYAL,3.1
cust-00378,m-001,23,20,1991.58,99.58,341,RETURNING,8.15
cust-00379,m-001,9,13,987.12,75.93,361,RETURNING,4.63
cust-00380,m-001,2,11,1305.22,118.66,363,RETURNING,3.05
cust-00381,m-001,62,14,1618.16,115.58,356,INACTIVE,19.37
cust-00382,m-001,33,13,1758.09,135.24,320,AT_RISK,12.42
cust-00383,m-001,1,11,1634.3,148.57,296,RETURNING,2.84
cust-00384,m-001,42,13,1396.23,107.4,337,AT_RISK,14.57
cust-00385,m-001,29,10,1642.43,164.24,353,RETURNING,10.92
cust-00386,m-001,34,14,1456.34,104.02,333,AT_RISK,12.18
cust-00387,m-001,9,20,2142.7,107.14,356,LOYAL,3.95
cust-00388,m-001,4,13,1052.88,80.99,354,RETURNING,3.27
cust-00389,m-001,4,13,2461.65,189.36,352,RETURNING,3.28
cust-00390,m-001,56,9,805.74,89.53,292,AT_RISK,22.11
cust-00391,m-001,21,18,2557.02,142.06,362,RETURNING,7.36
cust-00392,m-001,38,7,1493.13,213.3,337,AT_RISK,14.99
cust-00393,m-001,31,7,757.96,108.28,349,AT_RISK,12.61
cust-00394,m-001,8,11,911.89,82.9,343,RETURNING,4.83
cust-00395,m-001,5,14,1497.15,106.94,352,RETURNING,3.42
cust-00396,m-001,25,13,1783.76,137.21,344,RETURNING,9.39
cust-00397,m-001,8,11,1702.1,154.74,363,RETURNING,4.7
cust-00398,m-001,19,15,1915.17,127.68,362,RETURNING,7.11
cust-00399,m-001,44,6,477.48,79.58,238,AT_RISK,22.7
cust-00400,m-001,39,16,1387.98,86.75,360,AT_RISK,12.57
cust-00401,m-001,16,11,1164.45,105.86,360,RETURNING,6.93
cust-00402,m-001,41,15,2071.18,138.08,353,AT_RISK,13.46
cust-00403,m-001,1,13,1961.71,150.9,356,RETURNING,2.42
cust-00404,m-001,7,14,1251.03,89.36,348,RETURNING,4.01
cust-00405,m-001,36,11,1370.57,124.6,354,AT_RISK,12.64
cust-00406,m-001,24,16,1434.77,89.67,354,RETURNING,8.53
cust-00407,m-001,7,10,1238.03,123.8,290,RETURNING,5.13
cust-00408,m-001,1,10,1458.1,145.81,340,RETURNING,3.02
cust-00409,m-001,4,13,1253.69,96.44,292,RETURNING,3.51
cust-00410,m-001,25,8,588.25,73.53,194,RETURNING,16.15
cust-00411,m-001,3,15,1765.46,117.7,336,LOYAL,2.77
cust-00412,m-001,12,12,1056.98,88.08,354,RETURNING,5.69
cust-00413,m-001,7,17,1787.66,105.16,334,LOYAL,3.76
cust-00414,m-001,0,14,1510.18,107.87,349,RETURNING,2.0
cust-00415,m-001,80,11,1366.58,124.23,347,INACTIVE,25.49
cust-00416,m-001,0,16,1551.05,96.94,344,LOYAL,1.76
cust-00417,m-001,90,1,83.22,83.22,90,INACTIVE,100.0
cust-00418,m-001,19,14,1949.0,139.21,315,RETURNING,8.01
cust-00419,m-001,8,13,1627.79,125.21,332,RETURNING,4.55
cust-00420,m-001,21,16,2397.74,149.86,357,RETURNING,7.63
cust-00421,m-001,172,3,184.97,61.66,241,INACTIVE,78.57
cust-00422,m-001,85,7,657.12,93.87,323,INACTIVE,29.98
cust-00423,m-001,9,11,1100.67,100.06,346,RETURNING,5.09
cust-00424,m-001,0,15,2134.41,142.29,256,LOYAL,1.88
cust-00425,m-001,15,9,1342.55,149.17,307,RETURNING,7.87
cust-00426,m-001,6,12,1568.89,130.74,361,RETURNING,3.97
cust-00427,m-001,7,12,1445.4,120.45,358,RETURNING,4.26
cust-00428,m-001,52,9,1359.03,151.0,289,AT_RISK,20.93
cust-00429,m-001,12,14,1783.82,127.42,327,RETURNING,5.66
cust-00430,m-001,19,8,1664.02,208.0,347,RETURNING,8.79
cust-00431,m-001,2,14,2257.81,161.27,344,RETURNING,2.58
cust-00432,m-001,15,16,1405.9,87.87,345,RETURNING,6.1
cust-00433,m-001,19,16,1593.53,99.6,347,RETURNING,7.22
cust-00434,m-001,2,15,1781.6,118.77,238,LOYAL,2.71
cust-00435,m-001,17,13,1470.62,113.12,357,RETURNING,6.89
cust-00436,m-001,19,10,618.21,61.82,309,RETURNING,8.86
cust-00437,m-001,29,14,1492.07,106.58,362,RETURNING,9.99
cust-00438,m-001,29,14,1878.42,134.17,361,RETURNING,10.01
cust-00439,m-001,18,8,868.2,108.52,259,RETURNING,10.26
cust-00440,m-001,22,10,1614.88,161.49,354,RETURNING,8.92
cust-00441,m-001,0,13,1754.71,134.98,361,RETURNING,2.14
cust-00442,m-001,16,14,1395.31,99.66,351,RETURNING,6.55
cust-00443,m-001,22,13,1599.39,123.03,331,RETURNING,8.77
cust-00444,m-001,83,12,974.68,81.22,351,INACTIVE,25.89
cust-00445,m-001,9,18,1624.82,90.27,346,LOYAL,4.17
cust-00446,m-001,0,14,1628.97,116.36,297,RETURNING,2.0
cust-00447,m-001,12,20,3189.49,159.47,344,LOYAL,4.91
cust-00448,m-001,36,16,2235.82,139.74,361,AT_RISK,11.71
cust-00449,m-001,4,8,558.53,69.82,359,RETURNING,4.44
cust-00450,m-001,77,14,1630.16,116.44,353,INACTIVE,23.75
cust-00451,m-001,9,11,1256.8,114.25,236,RETURNING,6.3
cust-00452,m-001,16,9,582.17,64.69,354,RETURNING,7.51
cust-00453,m-001,15,17,1650.14,97.07,351,RETURNING,5.93
cust-00454,m-001,56,14,2060.91,147.21,345,AT_RISK,18.18
cust-00455,m-001,27,17,1795.53,105.62,361,RETURNING,9.13
cust-00456,m-001,0,10,1022.73,102.27,363,RETURNING,2.73
cust-00457,m-001,4,21,2420.5,115.26,357,LOYAL,2.48
cust-00458,m-001,34,10,1001.79,100.18,349,AT_RISK,12.44
cust-00459,m-001,9,10,1300.33,130.03,364,RETURNING,5.19
cust-00460,m-001,17,13,1286.39,98.95,346,RETURNING,7.04
cust-00461,m-001,13,14,1672.65,119.48,335,RETURNING,5.87
cust-00462,m-001,71,12,989.25,82.44,356,INACTIVE,22.2
cust-00463,m-001,22,19,2278.68,119.93,341,RETURNING,7.93
cust-00464,m-001,48,11,1351.24,122.84,341,AT_RISK,16.54
cust-00465,m-001,6,20,2964.78,148.24,343,LOYAL,3.17
cust-00466,m-001,26,8,554.59,69.32,327,RETURNING,11.26
cust-00467,m-001,0,9,710.85,78.98,353,RETURNING,3.0
cust-00468,m-001,46,15,2629.46,175.3,361,AT_RISK,14.58
cust-00469,m-001,7,14,1213.33,86.67,358,RETURNING,3.95
cust-00470,m-001,52,14,2145.59,153.26,356,AT_RISK,16.57
cust-00471,m-001,14,10,997.05,99.71,273,RETURNING,7.84
cust-00472,m-001,49,16,2224.13,139.01,337,AT_RISK,16.26
cust-00473,m-001,14,16,1631.61,101.98,352,LOYAL,5.73
cust-00474,m-001,17,14,1993.06,142.36,361,RETURNING,6.7
cust-00475,m-001,6,16,1563.43,97.71,354,LOYAL,3.45
cust-00476,m-001,14,10,1387.48,138.75,357,RETURNING,6.64
cust-00477,m-001,15,17,1513.54,89.03,312,RETURNING,6.46
cust-00478,m-001,41,16,1942.76,121.42,333,AT_RISK,14.04
cust-00479,m-001,33,9,593.79,65.98,196,AT_RISK,19.75
cust-00480,m-001,29,12,1749.97,145.83,359,RETURNING,10.36
cust-00481,m-001,19,17,1763.33,103.73,351,RETURNING,7.06
cust-00482,m-001,14,8,587.51,73.44,358,RETURNING,7.23
cust-00483,m-001,18,9,834.7,92.74,342,RETURNING,8.25
cust-00484,m-001,74,12,2077.74,173.14,348,INACTIVE,23.51
cust-00485,m-001,46,13,990.33,76.18,351,AT_RISK,15.21
cust-00486,m-001,1,23,3041.7,132.25,351,LOYAL,1.53
cust-00487,m-001,2,16,1484.06,92.75,308,LOYAL,2.41
cust-00488,m-001,117,7,1256.81,179.54,341,INACTIVE,37.96
cust-00489,m-001,60,8,835.48,104.44,363,AT_RISK,19.82
cust-00490,m-001,11,9,1147.62,127.51,331,RETURNING,6.31
cust-00491,m-001,32,14,1841.93,131.57,355,AT_RISK,10.99
cust-00492,m-001,6,14,1321.57,94.4,333,RETURNING,3.8
cust-00493,m-001,19,17,1472.36,86.61,346,RETURNING,7.14
cust-00494,m-001,17,9,1684.44,187.16,284,RETURNING,8.96
cust-00495,m-001,7,14,1677.21,119.8,352,RETURNING,3.98
cust-00496,m-001,77,13,1038.05,79.85,342,INACTIVE,24.59
cust-00497,m-001,5,15,1286.31,85.75,357,LOYAL,3.27
cust-00498,m-001,16,10,1448.2,144.82,354,RETURNING,7.23
cust-00499,m-001,129,6,619.34,103.22,276,INACTIVE,50.86
cust-00500,m-001,1,8,807.76,100.97,363,RETURNING,3.61
cust-00501,m-001,7,8,537.17,67.15,289,RETURNING,5.75
cust-00502,m-001,20,10,1318.93,131.89,353,RETURNING,8.38
cust-00503,m-001,3,5,675.06,135.01,324,RETURNING,5.92
cust-00504,m-001,42,15,1497.07,99.8,359,AT_RISK,13.54
cust-00505,m-001,16,11,1867.47,169.77,363,RETURNING,6.9
cust-00506,m-001,94,10,625.34,62.53,349,INACTIVE,29.58
cust-00507,m-001,32,9,707.1,78.57,332,AT_RISK,12.61
cust-00508,m-001,6,17,1656.24,97.43,359,LOYAL,3.33
cust-00509,m-001,32,13,1314.97,101.15,347,AT_RISK,11.34
cust-00510,m-001,33,16,1657.02,103.56,327,AT_RISK,11.83
cust-00511,m-001,214,8,1012.33,126.54,355,INACTIVE,63.45
cust-00512,m-001,24,14,1653.65,118.12,340,RETURNING,9.04
cust-00513,m-001,42,9,1018.36,113.15,300,AT_RISK,16.95
cust-00514,m-001,31,11,1178.5,107.14,332,AT_RISK,11.81
cust-00515,m-001,74,12,707.33,58.94,357,INACTIVE,22.98
cust-00516,m-001,20,12,1060.46,88.37,354,RETURNING,7.94
cust-00517,m-001,20,15,2367.61,157.84,360,RETURNING,7.42
cust-00518,m-001,15,11,2122.06,192.91,341,RETURNING,6.89
cust-00519,m-001,13,17,2192.44,128.97,333,LOYAL,5.56
cust-00520,m-001,2,19,2114.12,111.27,355,LOYAL,2.06
cust-00521,m-001,4,15,1978.1,131.87,364,LOYAL,2.97
cust-00522,m-001,19,15,1676.88,111.79,361,RETURNING,7.12
cust-00523,m-001,11,12,1037.45,86.45,354,RETURNING,5.41
cust-00524,m-001,25,10,1095.27,109.53,345,RETURNING,9.95
cust-00525,m-001,1,15,1822.31,121.49,324,LOYAL,2.18
cust-00526,m-001,121,11,1641.04,149.19,355,INACTIVE,36.49
cust-00527,m-001,0,14,2093.76,149.55,363,RETURNING,2.0
cust-00528,m-001,25,15,1569.27,104.62,361,RETURNING,8.78
cust-00529,m-001,45,15,1947.96,129.86,348,AT_RISK,14.77
cust-00530,m-001,18,18,2535.79,140.88,361,RETURNING,6.55
cust-00531,m-001,57,14,2045.45,146.1,356,AT_RISK,17.97
cust-00532,m-001,4,15,1415.46,94.36,258,LOYAL,3.42
cust-00533,m-001,10,13,1269.86,97.68,356,RETURNING,4.94
cust-00534,m-001,1,12,1136.59,94.72,345,RETURNING,2.6
cust-00535,m-001,8,8,562.76,70.34,336,RETURNING,5.71
cust-00536,m-001,2,8,1214.8,151.85,305,RETURNING,3.99
cust-00537,m-001,41,16,1428.21,89.26,362,AT_RISK,13.06
cust-00538,m-001,20,7,834.6,119.23,355,RETURNING,9.37
cust-00539,m-001,88,10,1487.65,148.77,352,INACTIVE,27.66
cust-00540,m-001,19,11,1118.66,101.7,362,RETURNING,7.73
cust-00541,m-001,23,17,2043.72,120.22,362,RETURNING,8.0
cust-00542,m-001,20,10,828.7,82.87,362,RETURNING,8.24
cust-00543,m-001,20,10,1262.34,126.23,345,RETURNING,8.51
cust-00544,m-001,2,10,1090.07,109.01,299,RETURNING,3.39
cust-00545,m-001,19,20,2049.5,102.48,362,RETURNING,6.66
cust-00546,m-001,14,12,1389.19,115.77,316,RETURNING,6.72
cust-00547,m-001,49,10,1100.9,110.09,362,AT_RISK,16.23
cust-00548,m-001,12,13,1263.21,97.17,346,RETURNING,5.6
cust-00549,m-001,31,16,2147.6,134.22,349,AT_RISK,10.62
cust-00550,m-001,2,12,1075.56,89.63,350,RETURNING,2.88
cust-00551,m-001,1,11,1425.16,129.56,285,RETURNING,2.85
cust-00552,m-001,5,10,766.5,76.65,279,RETURNING,4.51
cust-00553,m-001,1,13,1636.79,125.91,351,RETURNING,2.43
cust-00554,m-001,5,15,2001.69,133.45,351,LOYAL,3.3
cust-00555,m-001,48,10,1593.83,159.38,326,AT_RISK,17.41
cust-00556,m-001,3,11,1573.32,143.03,341,RETURNING,3.38
cust-00557,m-001,17,15,2231.07,148.74,350,RETURNING,6.72
cust-00558,m-001,1,15,1034.5,68.97,344,LOYAL,2.16
cust-00559,m-001,5,16,2166.75,135.42,327,LOYAL,3.29
cust-00560,m-001,6,9,1358.7,150.97,364,RETURNING,4.64
cust-00561,m-001,24,15,1736.91,115.79,319,RETURNING,9.38
cust-00562,m-001,14,10,1495.69,149.57,362,RETURNING,6.58
cust-00563,m-001,24,14,1742.93,124.5,330,RETURNING,9.25
cust-00564,m-001,71,13,1432.94,110.23,347,INACTIVE,22.55
cust-00565,m-001,21,10,832.32,83.23,307,RETURNING,9.55
cust-00566,m-001,33,13,1094.86,84.22,354,AT_RISK,11.44
cust-00567,m-001,65,6,881.19,146.86,358,INACTIVE,22.39
cust-00568,m-001,7,15,1477.25,98.48,310,LOYAL,4.13
cust-00569,m-001,76,7,1037.74,148.25,251,INACTIVE,33.91
cust-00570,m-001,4,13,1078.73,82.98,350,RETURNING,3.28
cust-00571,m-001,0,14,1573.11,112.36,341,RETURNING,2.0
cust-00572,m-001,12,17,1850.7,108.86,358,LOYAL,5.01
cust-00573,m-001,36,15,2235.7,149.05,364,AT_RISK,11.74
cust-00574,m-001,61,10,1088.19,108.82,358,INACTIVE,19.72
cust-00575,m-001,7,12,993.82,82.82,334,RETURNING,4.4
cust-00576,m-001,9,13,990.92,76.22,321,RETURNING,4.94
cust-00577,m-001,11,15,1990.61,132.71,361,LOYAL,4.91
cust-00578,m-001,27,14,1380.13,98.58,360,RETURNING,9.48
cust-00579,m-001,35,13,2083.0,160.23,335,AT_RISK,12.56
cust-00580,m-001,67,6,1072.52,178.75,363,INACTIVE,22.69
cust-00581,m-001,12,12,1064.76,88.73,315,RETURNING,6.11
cust-00582,m-001,33,12,1423.93,118.66,351,AT_RISK,11.68
cust-00583,m-001,15,15,2389.49,159.3,306,RETURNING,6.76
cust-00584,m-001,12,8,1056.57,132.07,312,RETURNING,7.17
cust-00585,m-001,33,6,604.35,100.72,301,AT_RISK,15.21
cust-00586,m-001,82,12,1730.76,144.23,336,INACTIVE,26.64
cust-00587,m-001,6,18,1808.73,100.48,346,LOYAL,3.31
cust-00588,m-001,32,9,761.26,84.58,353,AT_RISK,12.04
cust-00589,m-001,14,10,805.81,80.58,321,RETURNING,7.08
cust-00590,m-001,5,13,1708.32,131.41,356,RETURNING,3.54
cust-00591,m-001,17,8,836.87,104.61,361,RETURNING,8.03
cust-00592,m-001,7,10,845.8,84.58,359,RETURNING,4.67
cust-00593,m-001,1,14,1435.42,102.53,331,RETURNING,2.3
cust-00594,m-001,38,16,1081.11,67.57,354,AT_RISK,12.47
cust-00595,m-001,1,18,1698.58,94.37,321,LOYAL,1.89
cust-00596,m-001,0,11,1513.66,137.61,362,RETURNING,2.5
cust-00597,m-001,15,10,1382.02,138.2,325,RETURNING,7.33
cust-00598,m-001,11,11,1322.18,120.2,317,RETURNING,5.96
cust-00599,m-001,11,12,1252.98,104.42,308,RETURNING,5.87
cust-00600,m-001,33,8,1319.2,164.9,312,AT_RISK,13.88
cust-00601,m-001,16,13,1416.71,108.98,360,RETURNING,6.57
cust-00602,m-001,3,10,960.58,96.06,272,RETURNING,3.83
cust-00603,m-001,40,10,851.2,85.12,332,AT_RISK,14.74
cust-00604,m-001,31,14,1751.9,125.14,364,AT_RISK,10.49
cust-00605,m-001,25,10,1687.62,168.76,336,RETURNING,10.15
cust-00606,m-001,7,15,1336.2,89.08,346,LOYAL,3.89
cust-00607,m-001,4,7,1142.67,163.24,341,RETURNING,4.92
cust-00608,m-001,50,7,579.64,82.81,293,AT_RISK,20.76
cust-00609,m-001,0,15,1716.87,114.46,354,LOYAL,1.88
cust-00610,m-001,14,8,1013.92,126.74,344,RETURNING,7.39
cust-00611,m-001,0,20,2185.16,109.26,349,LOYAL,1.43
cust-00612,m-001,28,7,1258.1,179.73,364,RETURNING,11.42
cust-00613,m-001,12,10,1083.01,108.3,347,RETURNING,6.18
cust-00614,m-001,3,15,1585.48,105.7,347,LOYAL,2.74
cust-00615,m-001,16,17,2050.71,120.63,347,RETURNING,6.26
cust-00616,m-001,2,11,1008.55,91.69,234,RETURNING,3.35
cust-00617,m-001,21,10,1235.67,123.57,330,RETURNING,9.07
cust-00618,m-001,18,14,1689.28,120.66,362,RETURNING,6.96
cust-00619,m-001,5,12,1232.34,102.7,343,RETURNING,3.76
cust-00620,m-001,3,11,1789.76,162.71,362,RETURNING,3.33
cust-00621,m-001,8,16,2564.86,160.3,351,LOYAL,4.04
cust-00622,m-001,54,10,1048.83,104.88,302,AT_RISK,20.55
cust-00623,m-001,15,14,1399.6,99.97,350,RETURNING,6.27
cust-00624,m-001,4,19,2477.48,130.39,343,LOYAL,2.66
cust-00625,m-001,90,10,1009.56,100.96,348,INACTIVE,28.52
cust-00626,m-001,47,12,1072.64,89.39,332,AT_RISK,16.42
cust-00627,m-001,13,23,3460.48,150.46,354,LOYAL,4.91
cust-00628,m-001,29,7,642.53,91.79,352,RETURNING,11.97
cust-00629,m-001,12,12,1103.71,91.98,354,RETURNING,5.69
cust-00630,m-001,25,19,2134.25,112.33,327,RETURNING,9.12
cust-00631,m-001,14,12,1644.92,137.08,347,RETURNING,6.33
cust-00632,m-001,53,7,893.47,127.64,320,AT_RISK,20.26
cust-00633,m-001,14,14,1630.52,116.47,332,RETURNING,6.2
cust-00634,m-001,42,12,1336.77,111.4,360,AT_RISK,13.94
cust-00635,m-001,66,12,1112.9,92.74,333,INACTIVE,22.07
cust-00636,m-001,41,12,1504.47,125.37,345,AT_RISK,14.16
cust-00637,m-001,0,12,1017.62,84.8,319,RETURNING,2.31
cust-00638,m-001,17,10,1194.64,119.46,333,RETURNING,7.82
cust-00639,m-001,92,13,1305.33,100.41,363,INACTIVE,27.42
cust-00640,m-001,16,10,826.69,82.67,255,RETURNING,8.98
cust-00641,m-001,29,11,1673.07,152.1,349,RETURNING,10.79
cust-00642,m-001,11,13,1792.06,137.85,296,RETURNING,5.85
cust-00643,m-001,41,10,1425.67,142.57,347,AT_RISK,14.51
cust-00644,m-001,3,17,2102.68,123.69,347,LOYAL,2.53
cust-00645,m-001,134,7,1433.37,204.77,346,INACTIVE,42.37
cust-00646,m-001,21,15,2281.22,152.08,344,RETURNING,7.96
cust-00647,m-001,5,14,1830.7,130.76,351,RETURNING,3.42
cust-00648,m-001,2,11,1344.68,122.24,207,RETURNING,3.46
cust-00649,m-001,3,17,1899.24,111.72,339,LOYAL,2.55
cust-00650,m-001,1,12,1492.02,124.34,300,RETURNING,2.64
cust-00651,m-001,3,16,1437.93,89.87,355,LOYAL,2.61
cust-00652,m-001,16,11,1054.92,95.9,351,RETURNING,7.05
cust-00653,m-001,17,16,1871.91,116.99,361,RETURNING,6.46
cust-00654,m-001,59,14,2266.19,161.87,347,AT_RISK,18.95
cust-00655,m-001,5,19,2084.09,109.69,347,LOYAL,2.94
cust-00656,m-001,11,11,2129.69,193.61,345,RETURNING,5.68
cust-00657,m-001,5,11,978.9,88.99,356,RETURNING,3.9
cust-00658,m-001,14,10,1670.25,167.02,363,RETURNING,6.57
cust-00659,m-001,23,15,1601.62,106.77,354,RETURNING,8.35
cust-00660,m-001,20,13,1233.11,94.85,334,RETURNING,8.11
cust-00661,m-001,18,18,2237.5,124.31,340,RETURNING,6.86
cust-00662,m-001,40,15,2622.21,174.81,358,AT_RISK,13.02
cust-00663,m-001,13,12,1686.71,140.56,338,RETURNING,6.14
cust-00664,m-001,1,11,7689.41,699.04,347,RETURNING,2.79
cust-00665,m-001,71,17,2000.99,117.71,361,INACTIVE,21.28
cust-00666,m-001,10,17,2206.05,129.77,321,LOYAL,4.77
cust-00667,m-001,17,15,1422.31,94.82,330,RETURNING,7.01
cust-00668,m-001,105,11,821.42,74.67,357,INACTIVE,31.83
cust-00669,m-001,18,11,1890.6,171.87,355,RETURNING,7.56
cust-00670,m-001,54,7,633.67,90.52,313,AT_RISK,20.95
cust-00671,m-001,97,8,715.91,89.49,355,INACTIVE,30.58
cust-00672,m-001,1,15,1598.64,106.58,322,LOYAL,2.18
cust-00673,m-001,11,12,1772.94,147.74,362,RETURNING,5.34
cust-00674,m-001,33,10,1004.02,100.4,330,AT_RISK,12.7
cust-00675,m-001,36,9,1188.46,132.05,286,AT_RISK,15.54
cust-00676,m-001,1,13,1693.7,130.28,357,RETURNING,2.42
cust-00677,m-001,5,18,2537.27,140.96,324,LOYAL,3.12
cust-00678,m-001,69,9,965.73,107.3,353,INACTIVE,22.49
cust-00679,m-001,9,13,1733.82,133.37,334,RETURNING,4.83
cust-00680,m-001,39,8,732.19,91.52,330,AT_RISK,15.12
cust-00681,m-001,14,10,1053.08,105.31,356,RETURNING,6.65
cust-00682,m-001,43,9,1219.11,135.46,339,AT_RISK,15.65
cust-00683,m-001,9,9,656.3,72.92,339,RETURNING,5.65
cust-00684,m-001,36,4,352.64,88.16,194,AT_RISK,24.46
cust-00685,m-001,6,10,1338.53,133.85,278,RETURNING,4.88
cust-00686,m-001,37,15,1709.9,113.99,361,AT_RISK,12.1
cust-00687,m-001,11,16,1991.27,124.45,332,LOYAL,5.07
cust-00688,m-001,4,10,1364.17,136.42,360,RETURNING,3.84
cust-00689,m-001,2,11,1590.39,144.58,338,RETURNING,3.09
cust-00690,m-001,37,13,1205.56,92.74,333,AT_RISK,13.22
cust-00691,m-001,136,8,736.41,92.05,352,INACTIVE,41.86
cust-00692,m-001,37,15,1860.42,124.03,356,AT_RISK,12.24
cust-00693,m-001,68,13,1114.13,85.7,349,INACTIVE,21.57
cust-00694,m-001,1,15,2110.23,140.68,332,LOYAL,2.18
cust-00695,m-001,1,13,1418.11,109.09,356,RETURNING,2.42
cust-00696,m-001,14,13,1584.62,121.89,334,RETURNING,6.32
cust-00697,m-001,86,8,1109.1,138.64,358,INACTIVE,27.29
cust-00698,m-001,21,12,943.36,78.61,291,RETURNING,9.5
cust-00699,m-001,7,12,1635.89,136.32,264,RETURNING,4.95
cust-00700,m-001,79,17,2469.07,145.24,364,INACTIVE,23.31
cust-00701,m-001,10,8,1200.38,150.05,187,RETURNING,8.65
cust-00702,m-001,0,13,1362.25,104.79,354,RETURNING,2.14
cust-00703,m-001,7,17,2161.03,127.12,357,LOYAL,3.62
cust-00704,m-001,4,19,1939.11,102.06,355,LOYAL,2.62
cust-00705,m-001,11,16,1825.57,114.1,343,LOYAL,4.96
cust-00706,m-001,18,14,1564.47,111.75,359,RETURNING,7.0
cust-00707,m-001,9,12,1638.96,136.58,362,RETURNING,4.79
cust-00708,m-001,5,16,1719.72,107.48,314,LOYAL,3.35
cust-00709,m-001,32,9,806.63,89.63,351,AT_RISK,12.09
cust-00710,m-001,43,11,1192.47,108.41,349,AT_RISK,14.79
cust-00711,m-001,11,13,1410.69,108.51,316,RETURNING,5.61
cust-00712,m-001,50,10,1523.3,152.33,292,AT_RISK,19.79
cust-00713,m-001,32,14,1386.53,99.04,347,AT_RISK,11.2
cust-00714,m-001,40,14,3415.8,243.99,317,AT_RISK,14.58
cust-00715,m-001,4,15,1847.41,123.16,358,LOYAL,2.99
cust-00716,m-001,12,13,2365.53,181.96,361,RETURNING,5.46
cust-00717,m-001,37,12,1014.97,84.58,334,AT_RISK,13.35
cust-00718,m-001,50,8,1013.02,126.63,325,AT_RISK,18.67
cust-00719,m-001,2,13,1429.55,109.97,310,RETURNING,2.79
cust-00720,m-001,0,8,1104.39,138.05,351,RETURNING,3.33
cust-00721,m-001,77,11,1348.65,122.6,356,INACTIVE,24.07
cust-00722,m-001,62,7,818.39,116.91,356,INACTIVE,21.12
cust-00723,m-001,10,16,3707.4,231.71,331,LOYAL,4.78
cust-00724,m-001,32,13,1216.66,93.59,359,AT_RISK,11.03
cust-00725,m-001,8,15,1374.0,91.6,335,LOYAL,4.26
cust-00726,m-001,136,5,451.46,90.29,354,INACTIVE,43.31
cust-00727,m-001,14,11,1232.16,112.01,312,RETURNING,6.97
cust-00728,m-001,51,14,1401.5,100.11,328,AT_RISK,17.5
cust-00729,m-001,34,16,1963.12,122.7,356,AT_RISK,11.29
cust-00730,m-001,14,17,1961.51,115.38,334,LOYAL,5.85
cust-00731,m-001,11,20,2044.12,102.21,312,LOYAL,4.94
cust-00732,m-001,31,14,1588.89,113.49,350,AT_RISK,10.83
cust-00733,m-001,41,13,1680.4,129.26,364,AT_RISK,13.38
cust-00734,m-001,0,18,1598.01,88.78,364,LOYAL,1.58
cust-00735,m-001,5,9,896.74,99.64,339,RETURNING,4.47
cust-00736,m-001,55,14,1568.52,112.04,345,AT_RISK,17.9
cust-00737,m-001,12,11,1220.93,110.99,328,RETURNING,6.15
cust-00738,m-001,15,12,921.91,76.83,356,RETURNING,6.51
cust-00739,m-001,95,7,958.07,136.87,362,INACTIVE,29.92
cust-00740,m-001,33,15,2667.87,177.86,340,AT_RISK,11.55
cust-00741,m-001,39,7,480.37,68.62,343,AT_RISK,15.09
cust-00742,m-001,10,16,1914.36,119.65,354,LOYAL,4.58
cust-00743,m-001,12,10,1081.11,108.11,362,RETURNING,6.03
cust-00744,m-001,15,10,873.57,87.36,362,RETURNING,6.86
cust-00745,m-001,20,16,2521.41,157.59,313,RETURNING,8.13
cust-00746,m-001,116,9,1325.08,147.23,351,INACTIVE,35.95
cust-00747,m-001,31,12,1007.96,84.0,353,AT_RISK,11.06
cust-00748,m-001,1,18,2228.64,123.81,337,LOYAL,1.87
cust-00749,m-001,11,12,1240.13,103.34,356,RETURNING,5.39
cust-00750,m-001,40,10,928.83,92.88,330,AT_RISK,14.81
cust-00751,m-001,19,12,1177.69,98.14,352,RETURNING,7.69
cust-00752,m-001,9,14,1363.52,97.39,360,RETURNING,4.49
cust-00753,m-001,13,14,1642.72,117.34,364,RETURNING,5.56
cust-00754,m-001,3,10,829.61,82.96,349,RETURNING,3.58
cust-00755,m-001,102,15,1937.27,129.15,352,INACTIVE,30.77
cust-00756,m-001,25,10,1332.24,133.22,361,RETURNING,9.63
cust-00757,m-001,7,10,1046.9,104.69,328,RETURNING,4.85
cust-00758,m-001,21,8,772.17,96.52,275,RETURNING,10.94
cust-00759,m-001,16,9,1049.69,116.63,347,RETURNING,7.6
cust-00760,m-001,154,4,784.57,196.14,363,INACTIVE,48.31
cust-00761,m-001,3,15,1748.33,116.56,296,LOYAL,2.89
cust-00762,m-001,12,13,2089.51,160.73,343,RETURNING,5.63
cust-00763,m-001,41,9,1541.77,171.31,303,AT_RISK,16.49
cust-00764,m-001,21,14,1919.39,137.1,342,RETURNING,8.12
cust-00765,m-001,61,15,2207.1,147.14,322,INACTIVE,20.76
cust-00766,m-001,39,12,1718.2,143.18,358,AT_RISK,13.17
cust-00767,m-001,12,9,1314.06,146.01,357,RETURNING,6.35
cust-00768,m-001,0,12,1587.8,132.32,340,RETURNING,2.31
cust-00769,m-001,52,12,1695.79,141.32,354,AT_RISK,16.96
cust-00770,m-001,0,10,1108.47,110.85,312,RETURNING,2.73
cust-00771,m-001,12,8,1024.26,128.03,357,RETURNING,6.69
cust-00772,m-001,73,6,450.55,75.09,361,INACTIVE,24.45
cust-00773,m-001,33,14,1417.98,101.28,288,AT_RISK,13.42
cust-00774,m-001,3,17,1806.91,106.29,329,LOYAL,2.58
cust-00775,m-001,39,3,160.76,53.59,339,NEW,18.97
cust-00776,m-001,4,10,1353.6,135.36,312,RETURNING,4.01
cust-00777,m-001,12,13,887.69,68.28,350,RETURNING,5.56
cust-00778,m-001,3,16,1880.55,117.53,302,LOYAL,2.75
cust-00779,m-001,6,16,2358.74,147.42,299,LOYAL,3.76
cust-00780,m-001,18,11,1264.65,114.97,333,RETURNING,7.89
cust-00781,m-001,5,14,1990.96,142.21,328,RETURNING,3.52
cust-00782,m-001,22,19,1767.69,93.04,354,RETURNING,7.7
cust-00783,m-001,39,11,2628.7,238.97,325,AT_RISK,14.46
cust-00784,m-001,86,15,1664.48,110.97,357,INACTIVE,25.9
cust-00785,m-001,23,5,729.5,145.9,246,RETURNING,14.31
cust-00786,m-001,16,13,1163.21,89.48,354,RETURNING,6.65
cust-00787,m-001,12,12,1036.55,86.38,350,RETURNING,5.73
cust-00788,m-001,15,17,2039.07,119.95,261,RETURNING,7.39
cust-00789,m-001,6,14,1186.61,84.76,362,RETURNING,3.65
cust-00790,m-001,10,13,1420.84,109.3,346,RETURNING,5.02
cust-00791,m-001,8,10,996.32,99.63,342,RETURNING,5.06
cust-00792,m-001,54,5,314.3,62.86,353,AT_RISK,20.25
cust-00793,m-001,10,7,612.25,87.46,345,RETURNING,6.64
cust-00794,m-001,17,15,1597.49,106.5,342,RETURNING,6.83
cust-00795,m-001,7,11,1178.21,107.11,238,RETURNING,5.43
cust-00796,m-001,9,12,1403.46,116.96,363,RETURNING,4.78
cust-00797,m-001,4,7,1299.7,185.67,237,RETURNING,5.43
cust-00798,m-001,2,15,1545.8,103.05,328,LOYAL,2.48
cust-00799,m-001,21,17,2216.4,130.38,337,RETURNING,7.88
cust-00800,m-001,2,14,1280.02,91.43,335,RETURNING,2.6
cust-00801,m-001,4,15,1550.3,103.35,339,LOYAL,3.05
cust-00802,m-001,82,11,1114.85,101.35,260,INACTIVE,33.92
cust-00803,m-001,16,12,1227.19,102.27,349,RETURNING,6.88
cust-00804,m-001,10,12,1234.02,102.84,339,RETURNING,5.25
cust-00805,m-001,40,13,1602.4,123.26,361,AT_RISK,13.19
cust-00806,m-001,59,9,1490.38,165.6,359,AT_RISK,19.39
cust-00807,m-001,28,12,999.44,83.29,346,RETURNING,10.38
cust-00808,m-001,40,7,540.53,77.22,353,AT_RISK,15.05
cust-00809,m-001,39,12,1084.2,90.35,349,AT_RISK,13.45
cust-00810,m-001,32,14,1709.14,122.08,289,AT_RISK,13.03
cust-00811,m-001,1,18,2331.22,129.51,358,LOYAL,1.86
cust-00812,m-001,6,13,2005.07,154.24,357,RETURNING,3.82
cust-00813,m-001,16,8,1421.21,177.65,222,RETURNING,10.51
cust-00814,m-001,45,13,1911.64,147.05,317,AT_RISK,16.29
cust-00815,m-001,107,11,1618.2,147.11,305,INACTIVE,37.47
cust-00816,m-001,0,16,1556.97,97.31,355,LOYAL,1.76
cust-00817,m-001,32,11,1224.8,111.35,322,AT_RISK,12.41
cust-00818,m-001,10,19,1555.6,81.87,342,LOYAL,4.42
cust-00819,m-001,23,21,3721.86,177.23,351,RETURNING,7.9
cust-00820,m-001,32,9,945.73,105.08,357,AT_RISK,11.94
cust-00821,m-001,27,12,1175.58,97.96,331,RETURNING,10.44
cust-00822,m-001,124,13,1163.49,89.5,358,INACTIVE,36.68
cust-00823,m-001,36,15,1537.98,102.53,322,AT_RISK,13.02
cust-00824,m-001,27,14,1363.77,97.41,357,RETURNING,9.54
cust-00825,m-001,53,14,1269.72,90.69,306,AT_RISK,19.26
cust-00826,m-001,33,9,750.79,83.42,359,AT_RISK,12.17
cust-00827,m-001,72,13,1859.92,143.07,320,INACTIVE,24.57
cust-00828,m-001,27,8,826.36,103.3,285,RETURNING,12.77
cust-00829,m-001,0,14,1844.28,131.73,350,RETURNING,2.0
cust-00830,m-001,4,13,1231.59,94.74,347,RETURNING,3.29
cust-00831,m-001,63,12,951.52,79.29,354,INACTIVE,20.05
cust-00832,m-001,18,15,1406.2,93.75,341,RETURNING,7.14
cust-00833,m-001,4,17,1466.18,86.25,353,LOYAL,2.8
cust-00834,m-001,25,17,2352.92,138.41,345,RETURNING,8.89
cust-00835,m-001,5,13,1860.41,143.11,353,RETURNING,3.56
cust-00836,m-001,22,10,1625.04,162.5,336,RETURNING,9.26
cust-00837,m-001,47,12,1769.58,147.46,354,AT_RISK,15.55
cust-00838,m-001,9,8,804.2,100.52,265,RETURNING,6.72
cust-00839,m-001,46,16,1817.74,113.61,354,AT_RISK,14.72
cust-00840,m-001,28,10,1884.35,188.44,329,RETURNING,11.21
cust-00841,m-001,4,16,2111.04,131.94,248,LOYAL,3.37
cust-00842,m-001,2,15,1964.71,130.98,346,LOYAL,2.45
cust-00843,m-001,0,13,1350.57,103.89,360,RETURNING,2.14
cust-00844,m-001,8,12,1759.99,146.67,313,RETURNING,4.86
cust-00845,m-001,55,17,2987.39,175.73,336,AT_RISK,17.99
cust-00846,m-001,67,12,1369.07,114.09,349,INACTIVE,21.45
cust-00847,m-001,75,8,1035.99,129.5,356,INACTIVE,24.34
cust-00848,m-001,22,13,1730.38,133.11,317,RETURNING,9.06
cust-00849,m-001,2,13,1007.03,77.46,273,RETURNING,2.87
cust-00850,m-001,10,15,2325.37,155.02,362,LOYAL,4.63
cust-00851,m-001,24,7,723.97,103.42,303,RETURNING,11.64
cust-00852,m-001,151,7,771.05,110.15,331,INACTIVE,49.23
cust-00853,m-001,8,16,1534.02,95.88,364,LOYAL,3.96
cust-00854,m-001,2,12,1479.15,123.26,330,RETURNING,2.91
cust-00855,m-001,9,20,1935.07,96.75,344,LOYAL,4.04
cust-00856,m-001,125,9,632.63,70.29,346,INACTIVE,39.02
cust-00857,m-001,27,12,1354.88,112.91,331,RETURNING,10.44
cust-00858,m-001,11,6,769.5,128.25,258,RETURNING,8.53
cust-00859,m-001,45,4,247.91,61.98,317,AT_RISK,20.15
cust-00860,m-001,39,14,2135.29,152.52,364,AT_RISK,12.68
cust-00861,m-001,38,14,1317.72,94.12,263,AT_RISK,16.39
cust-00862,m-001,32,14,1707.41,121.96,350,AT_RISK,11.12
cust-00863,m-001,10,15,2422.36,161.49,335,LOYAL,4.85
cust-00864,m-001,87,8,612.14,76.52,350,INACTIVE,28.12
cust-00865,m-001,5,16,1472.97,92.06,353,LOYAL,3.18
cust-00866,m-001,3,15,1848.25,123.22,354,LOYAL,2.72
cust-00867,m-001,17,13,1976.04,152.0,364,RETURNING,6.8
cust-00868,m-001,16,11,1099.6,99.96,343,RETURNING,7.15
cust-00869,m-001,14,10,1095.25,109.52,313,RETURNING,7.19
cust-00870,m-001,55,17,2141.34,125.96,364,AT_RISK,16.74
cust-00871,m-001,24,12,1858.38,154.86,323,RETURNING,9.72
cust-00872,m-001,15,15,2306.21,153.75,364,RETURNING,5.98
cust-00873,m-001,32,10,1650.72,165.07,355,AT_RISK,11.72
cust-00874,m-001,1,10,882.66,88.27,345,RETURNING,3.02
cust-00875,m-001,33,17,1996.14,117.42,342,AT_RISK,11.29
cust-00876,m-001,111,13,1371.25,105.48,362,INACTIVE,32.72
cust-00877,m-001,32,16,1402.04,87.63,331,AT_RISK,11.4
cust-00878,m-001,37,9,713.47,79.27,353,AT_RISK,13.45
cust-00879,m-001,20,13,1334.25,102.63,347,RETURNING,7.89
cust-00880,m-001,8,8,903.52,112.94,299,RETURNING,6.0
cust-00881,m-001,20,18,2276.35,126.46,347,RETURNING,7.33
cust-00882,m-001,50,14,1350.25,96.45,333,AT_RISK,16.97
cust-00883,m-001,8,19,2617.04,137.74,364,LOYAL,3.69
cust-00884,m-001,19,8,886.15,110.77,364,RETURNING,8.54
cust-00885,m-001,72,10,850.94,85.09,347,INACTIVE,23.42
cust-00886,m-001,52,7,1109.65,158.52,316,AT_RISK,20.15
cust-00887,m-001,32,16,2108.56,131.78,356,AT_RISK,10.73
cust-00888,m-001,20,14,1782.6,127.33,362,RETURNING,7.51
cust-00889,m-001,21,16,1410.81,88.18,352,RETURNING,7.71
cust-00890,m-001,51,13,1889.98,145.38,323,AT_RISK,17.88
cust-00891,m-001,26,9,970.98,107.89,327,RETURNING,10.93
cust-00892,m-001,2,13,1043.62,80.28,295,RETURNING,2.82
cust-00893,m-001,17,11,1128.53,102.59,349,RETURNING,7.36
cust-00894,m-001,73,10,766.04,76.6,356,INACTIVE,23.18
cust-00895,m-001,0,16,1604.38,100.27,344,LOYAL,1.76
cust-00896,m-001,28,15,1889.22,125.95,330,RETURNING,10.33
cust-00897,m-001,3,20,2458.61,122.93,314,LOYAL,2.38
cust-00898,m-001,46,13,1534.67,118.05,352,AT_RISK,15.17
cust-00899,m-001,26,18,1993.83,110.77,307,RETURNING,10.02
cust-00900,m-001,5,11,1469.38,133.58,332,RETURNING,4.0
cust-00901,m-001,0,16,1599.87,99.99,354,LOYAL,1.76
cust-00902,m-001,4,10,1499.73,149.97,317,RETURNING,3.99
cust-00903,m-001,38,11,1484.04,134.91,342,AT_RISK,13.58
cust-00904,m-001,2,17,2418.98,142.29,340,LOYAL,2.25
cust-00905,m-001,57,8,1223.93,152.99,341,AT_RISK,20.0
cust-00906,m-001,60,8,937.64,117.2,251,AT_RISK,27.14
cust-00907,m-001,1,16,2490.66,155.67,339,LOYAL,2.06
cust-00908,m-001,4,13,1434.48,110.34,350,RETURNING,3.28
cust-00909,m-001,6,11,1104.68,100.43,344,RETURNING,4.24
cust-00910,m-001,48,16,2191.82,136.99,360,AT_RISK,15.06
cust-00911,m-001,35,11,1321.62,120.15,335,AT_RISK,12.92
cust-00912,m-001,17,8,839.44,104.93,298,RETURNING,9.02
cust-00913,m-001,14,5,836.87,167.37,359,RETURNING,8.89
cust-00914,m-001,60,5,381.17,76.23,347,AT_RISK,22.24
cust-00915,m-001,25,10,787.03,78.7,314,RETURNING,10.66
cust-00916,m-001,3,19,2336.64,122.98,361,LOYAL,2.33
cust-00917,m-001,12,16,1683.32,105.21,344,LOYAL,5.24
cust-00918,m-001,5,10,1030.06,103.01,359,RETURNING,4.12
cust-00919,m-001,4,12,993.54,82.8,340,RETURNING,3.48
cust-00920,m-001,60,10,1561.62,156.16,331,AT_RISK,20.8
cust-00921,m-001,49,6,623.25,103.88,295,AT_RISK,20.84
cust-00922,m-001,9,13,1371.07,105.47,328,RETURNING,4.88
cust-00923,m-001,9,11,1242.47,112.95,256,RETURNING,6.0
cust-00924,m-001,0,15,2081.82,138.79,345,LOYAL,1.88
cust-00925,m-001,9,10,1253.1,125.31,332,RETURNING,5.43
cust-00926,m-001,8,9,719.63,79.96,349,RETURNING,5.29
cust-00927,m-001,93,13,2025.87,155.84,334,INACTIVE,29.9
cust-00928,m-001,30,9,898.04,99.78,362,RETURNING,11.26
cust-00929,m-001,20,11,1265.79,115.07,347,RETURNING,8.25
cust-00930,m-001,11,10,1272.92,127.29,321,RETURNING,6.14
cust-00931,m-001,15,11,1059.35,96.3,334,RETURNING,6.98
cust-00932,m-001,1,13,1705.01,131.15,363,RETURNING,2.42
cust-00933,m-001,14,13,1683.04,129.46,361,RETURNING,6.01
cust-00934,m-001,74,9,1494.08,166.01,340,INACTIVE,24.7
cust-00935,m-001,0,12,1413.34,117.78,291,RETURNING,2.31
cust-00936,m-001,53,9,841.57,93.51,270,AT_RISK,22.56
cust-00937,m-001,42,16,2153.36,134.58,338,AT_RISK,14.15
cust-00938,m-001,120,10,1259.28,125.93,323,INACTIVE,39.76
cust-00939,m-001,58,9,863.46,95.94,331,AT_RISK,20.47
cust-00940,m-001,5,7,613.86,87.69,341,RETURNING,5.21
cust-00941,m-001,7,15,1892.71,126.18,361,LOYAL,3.81
cust-00942,m-001,30,11,1045.17,95.02,335,RETURNING,11.43
cust-00943,m-001,19,11,1701.51,154.68,263,RETURNING,9.7
cust-00944,m-001,70,8,1176.28,147.04,328,INACTIVE,24.61
cust-00945,m-001,41,11,1445.77,131.43,346,AT_RISK,14.32
cust-00946,m-001,20,14,1609.74,114.98,284,RETURNING,9.02
cust-00947,m-001,70,13,1508.58,116.04,364,INACTIVE,21.32
cust-00948,m-001,16,8,1020.68,127.58,331,RETURNING,8.15
cust-00949,m-001,13,12,1028.29,85.69,362,RETURNING,5.89
cust-00950,m-001,20,11,1251.22,113.75,243,RETURNING,10.7
cust-00951,m-001,12,12,1540.26,128.35,356,RETURNING,5.67
cust-00952,m-001,7,13,2344.97,180.38,359,RETURNING,4.09
cust-00953,m-001,16,12,1918.16,159.85,354,RETURNING,6.81
cust-00954,m-001,39,11,1092.04,99.28,357,AT_RISK,13.39
cust-00955,m-001,11,8,737.46,92.18,348,RETURNING,6.49
cust-00956,m-001,5,14,1164.4,83.17,355,RETURNING,3.4
cust-00957,m-001,34,10,904.8,90.48,337,AT_RISK,12.79
cust-00958,m-001,39,14,1235.52,88.25,340,AT_RISK,13.44
cust-00959,m-001,39,13,1537.12,118.24,360,AT_RISK,12.95
cust-00960,m-001,12,11,1428.2,129.84,334,RETURNING,6.08
cust-00961,m-001,54,10,1060.55,106.06,347,AT_RISK,18.24
cust-00962,m-001,105,9,788.32,87.59,316,INACTIVE,36.12
cust-00963,m-001,5,7,824.51,117.79,331,RETURNING,5.26
cust-00964,m-001,7,13,1249.74,96.13,363,RETURNING,4.07
cust-00965,m-001,40,16,1803.92,112.74,360,AT_RISK,12.85
cust-00966,m-001,13,17,2385.01,140.29,345,LOYAL,5.42
cust-00967,m-001,8,14,1500.76,107.2,300,RETURNING,4.66
cust-00968,m-001,45,11,904.65,82.24,333,AT_RISK,15.97
cust-00969,m-001,33,14,1950.58,139.33,333,AT_RISK,11.88
cust-00970,m-001,11,13,1443.74,111.06,360,RETURNING,5.19
cust-00971,m-001,26,16,2048.25,128.02,352,RETURNING,9.13
cust-00972,m-001,1,20,2455.51,122.78,348,LOYAL,1.72
cust-00973,m-001,3,13,1840.44,141.57,334,RETURNING,3.04
cust-00974,m-001,6,7,668.52,95.5,258,RETURNING,6.07
cust-00975,m-001,30,12,2328.44,194.04,349,RETURNING,10.88
cust-00976,m-001,36,13,1146.99,88.23,312,AT_RISK,13.64
cust-00977,m-001,11,9,862.93,95.88,352,RETURNING,6.12
cust-00978,m-001,14,15,1833.42,122.23,331,LOYAL,6.09
cust-00979,m-001,95,8,561.9,70.24,254,INACTIVE,40.59
cust-00980,m-001,5,15,1716.02,114.4,344,LOYAL,3.32
cust-00981,m-001,75,12,2223.35,185.28,344,INACTIVE,24.05
cust-00982,m-001,37,16,1619.23,101.2,303,AT_RISK,13.94
cust-00983,m-001,9,14,1951.25,139.38,359,RETURNING,4.5
cust-00984,m-001,34,8,1083.89,135.49,361,AT_RISK,12.73
cust-00985,m-001,14,15,1467.94,97.86,357,LOYAL,5.79
cust-00986,m-001,4,13,2090.08,160.78,359,RETURNING,3.25
cust-00987,m-001,20,13,2028.64,156.05,350,RETURNING,7.84
cust-00988,m-001,87,11,1265.28,115.03,287,INACTIVE,32.71
cust-00989,m-001,11,12,1149.42,95.79,355,RETURNING,5.4
cust-00990,m-001,45,13,1417.61,109.05,355,AT_RISK,14.78
cust-00991,m-001,6,15,2051.32,136.75,312,LOYAL,3.79
cust-00992,m-001,37,15,1861.38,124.09,322,AT_RISK,13.33
cust-00993,m-001,16,11,1513.85,137.62,360,RETURNING,6.93
cust-00994,m-001,3,16,1632.54,102.03,359,LOYAL,2.6
cust-00995,m-001,106,13,1442.03,110.93,358,INACTIVE,31.67
cust-00996,m-001,34,13,1582.02,121.69,333,AT_RISK,12.32
cust-00997,m-001,14,12,1246.72,103.89,350,RETURNING,6.3
cust-00998,m-001,107,11,1181.27,107.39,328,INACTIVE,35.02
cust-00999,m-001,55,8,1257.06,157.13,306,AT_RISK,21.25
cust-01000,m-001,0,17,2093.49,123.15,330,LOYAL,1.67
cust-01001,m-001,11,13,1164.06,89.54,331,RETURNING,5.46
cust-01002,m-001,136,9,1160.9,128.99,361,INACTIVE,40.57
cust-01003,m-001,45,14,1173.59,83.83,354,AT_RISK,14.68
cust-01004,m-001,1,13,1055.25,81.17,234,RETURNING,2.57
cust-01005,m-001,87,7,1297.27,185.32,317,INACTIVE,31.11
cust-01006,m-001,5,13,966.37,74.34,339,RETURNING,3.61
cust-01007,m-001,2,13,1583.78,121.83,309,RETURNING,2.79
cust-01008,m-001,43,10,1508.33,150.83,360,AT_RISK,14.64
cust-01009,m-001,3,25,4152.03,166.08,355,LOYAL,2.0
cust-01010,m-001,2,8,823.92,102.99,350,RETURNING,3.9
cust-01011,m-001,69,10,1129.32,112.93,343,INACTIVE,22.79
cust-01012,m-001,45,9,1308.31,145.37,340,AT_RISK,16.2
cust-01013,m-001,0,17,2376.04,139.77,336,LOYAL,1.67
cust-01014,m-001,9,14,1666.84,119.06,360,RETURNING,4.49
cust-01015,m-001,55,6,510.47,85.08,339,AT_RISK,20.46
cust-01016,m-001,8,10,909.34,90.93,349,RETURNING,5.01
cust-01017,m-001,33,13,1048.81,80.68,347,AT_RISK,11.63
cust-01018,m-001,14,15,1679.13,111.94,348,LOYAL,5.89
cust-01019,m-001,38,7,698.78,99.83,350,AT_RISK,14.58
cust-01020,m-001,52,11,701.88,63.81,363,AT_RISK,16.79
cust-01021,m-001,19,9,1264.37,140.49,346,RETURNING,8.48
cust-01022,m-001,15,17,2167.52,127.5,309,RETURNING,6.51
cust-01023,m-001,4,13,1878.46,144.5,303,RETURNING,3.46
cust-01024,m-001,26,16,1619.96,101.25,302,RETURNING,10.35
cust-01025,m-001,12,13,1114.4,85.72,320,RETURNING,5.88
cust-01026,m-001,67,13,1873.37,144.11,339,INACTIVE,21.85
cust-01027,m-001,8,15,1625.73,108.38,356,LOYAL,4.12
cust-01028,m-001,12,10,1295.45,129.55,323,RETURNING,6.43
cust-01029,m-001,11,13,2067.3,159.02,362,RETURNING,5.17
cust-01030,m-001,1,17,1859.89,109.41,312,LOYAL,1.99
cust-01031,m-001,19,10,1470.89,147.09,349,RETURNING,8.16
cust-01032,m-001,18,13,1479.4,113.8,350,RETURNING,7.27
cust-01033,m-001,16,12,1660.61,138.38,325,RETURNING,7.22
cust-01034,m-001,11,11,1368.89,124.44,351,RETURNING,5.62
cust-01035,m-001,46,11,951.01,86.46,283,AT_RISK,18.7
cust-01036,m-001,8,11,1586.14,144.19,330,RETURNING,4.92
cust-01037,m-001,124,4,221.58,55.4,361,INACTIVE,40.25
cust-01038,m-001,38,12,828.37,69.03,330,AT_RISK,13.79
cust-01039,m-001,3,17,2218.32,130.49,340,LOYAL,2.55
cust-01040,m-001,5,15,1511.13,100.74,364,LOYAL,3.24
cust-01041,m-001,0,25,3353.3,134.13,360,LOYAL,1.15
cust-01042,m-001,19,16,1987.17,124.2,363,RETURNING,6.98
cust-01043,m-001,5,14,1612.12,115.15,353,RETURNING,3.41
cust-01044,m-001,69,4,451.36,112.84,207,INACTIVE,39.17
cust-01045,m-001,14,14,1707.19,121.94,324,RETURNING,6.31
cust-01046,m-001,21,12,1149.45,95.79,341,RETURNING,8.45
cust-01047,m-001,15,16,1444.76,90.3,359,RETURNING,5.93
cust-01048,m-001,8,14,1668.22,119.16,358,RETURNING,4.23
cust-01049,m-001,37,14,1513.79,108.13,341,AT_RISK,12.82
cust-01050,m-001,30,9,5193.15,577.02,347,RETURNING,11.62
cust-01051,m-001,3,14,2009.86,143.56,348,RETURNING,2.86
cust-01052,m-001,12,12,1655.41,137.95,317,RETURNING,6.08
cust-01053,m-001,53,15,2059.47,137.3,361,AT_RISK,16.52
cust-01054,m-001,21,4,406.59,101.65,281,RETURNING,13.45
cust-01055,m-001,10,16,1970.35,123.15,341,LOYAL,4.69
cust-01056,m-001,11,8,879.72,109.96,326,RETURNING,6.7
cust-01057,m-001,78,12,794.8,66.23,342,INACTIVE,25.05
cust-01058,m-001,28,7,300.05,42.86,294,RETURNING,13.24
cust-01059,m-001,2,10,1621.88,162.19,356,RETURNING,3.29
cust-01060,m-001,88,13,1613.72,124.13,363,INACTIVE,26.32
cust-01061,m-001,5,15,1556.98,103.8,356,LOYAL,3.28
cust-01062,m-001,61,12,1123.73,93.64,357,INACTIVE,19.35
cust-01063,m-001,1,12,1195.28,99.61,321,RETURNING,2.62
cust-01064,m-001,15,12,2059.9,171.66,364,RETURNING,6.42
cust-01065,m-001,46,10,1108.9,110.89,312,AT_RISK,17.42
cust-01066,m-001,4,15,1874.18,124.95,362,LOYAL,2.98
cust-01067,m-001,11,13,1107.93,85.23,363,RETURNING,5.16
cust-01068,m-001,3,16,2176.33,136.02,335,LOYAL,2.66
cust-01069,m-001,4,11,1355.93,123.27,352,RETURNING,3.63
cust-01070,m-001,20,7,1054.97,150.71,258,RETURNING,11.47
cust-01071,m-001,28,10,1351.23,135.12,350,RETURNING,10.7
cust-01072,m-001,41,13,1281.81,98.6,330,AT_RISK,14.53
cust-01073,m-001,33,10,1125.79,112.58,304,AT_RISK,13.55
cust-01074,m-001,1,7,826.81,118.12,302,RETURNING,4.08
cust-01075,m-001,89,4,630.95,157.74,248,INACTIVE,41.74
cust-01076,m-001,2,21,2949.35,140.45,343,LOYAL,1.95
cust-01077,m-001,60,9,1493.91,165.99,302,AT_RISK,22.8
cust-01078,m-001,66,11,1734.41,157.67,351,INACTIVE,21.25
cust-01079,m-001,6,13,1949.18,149.94,348,RETURNING,3.86
cust-01080,m-001,4,16,1150.52,71.91,336,LOYAL,2.95
cust-01081,m-001,2,8,766.36,95.8,339,RETURNING,3.92
cust-01082,m-001,7,13,1980.43,152.34,306,RETURNING,4.42
cust-01083,m-001,16,15,2233.34,148.89,336,RETURNING,6.62
cust-01084,m-001,4,12,1592.84,132.74,357,RETURNING,3.43
cust-01085,m-001,43,13,1282.45,98.65,346,AT_RISK,14.53
cust-01086,m-001,4,21,2081.71,99.13,353,LOYAL,2.49
cust-01087,m-001,21,16,1978.67,123.67,333,RETURNING,8.05
cust-01088,m-001,3,11,1570.54,142.78,320,RETURNING,3.43
cust-01089,m-001,49,11,1047.99,95.27,323,AT_RISK,17.62
cust-01090,m-001,17,11,833.33,75.76,320,RETURNING,7.8
cust-01091,m-001,33,8,1489.67,186.21,351,AT_RISK,12.71
cust-01092,m-001,26,12,1938.49,161.54,284,RETURNING,11.43
cust-01093,m-001,6,12,1567.47,130.62,332,RETURNING,4.11
cust-01094,m-001,18,12,1323.27,110.27,336,RETURNING,7.65
cust-01095,m-001,71,5,637.08,127.42,236,INACTIVE,34.96
cust-01096,m-001,1,10,1388.48,138.85,358,RETURNING,3.01
cust-01097,m-001,7,14,1667.09,119.08,312,RETURNING,4.24
cust-01098,m-001,12,13,1111.27,85.48,358,RETURNING,5.49
cust-01099,m-001,25,14,1741.54,124.4,334,RETURNING,9.46
cust-01100,m-001,37,15,2093.92,139.59,348,AT_RISK,12.48
cust-01101,m-001,73,14,1885.13,134.65,348,INACTIVE,22.92
cust-01102,m-001,18,15,2121.62,141.44,341,RETURNING,7.14
cust-01103,m-001,41,11,1205.64,109.6,343,AT_RISK,14.42
cust-01104,m-001,83,20,2290.61,114.53,356,INACTIVE,24.68
cust-01105,m-001,47,10,1287.11,128.71,358,AT_RISK,15.82
cust-01106,m-001,33,12,1390.89,115.91,284,AT_RISK,13.89
cust-01107,m-001,46,11,1139.31,103.57,363,AT_RISK,15.14
cust-01108,m-001,20,8,987.94,123.49,359,RETURNING,8.89
cust-01109,m-001,1,20,2583.52,129.18,352,LOYAL,1.71
cust-01110,m-001,42,12,925.66,77.14,325,AT_RISK,15.19
cust-01111,m-001,4,11,1365.85,124.17,355,RETURNING,3.62
cust-01112,m-001,36,16,1324.69,82.79,344,AT_RISK,12.2
cust-01113,m-001,35,16,1725.19,107.82,362,AT_RISK,11.41
cust-01114,m-001,15,6,546.56,91.09,333,RETURNING,8.78
cust-01115,m-001,64,11,1279.95,116.36,361,INACTIVE,20.18
cust-01116,m-001,5,14,1091.97,78.0,356,RETURNING,3.4
cust-01117,m-001,26,10,933.25,93.32,334,RETURNING,10.49
cust-01118,m-001,35,8,1167.34,145.92,364,AT_RISK,12.92
cust-01119,m-001,16,9,1101.66,122.41,331,RETURNING,7.82
cust-01120,m-001,109,10,1416.97,141.7,328,INACTIVE,35.86
cust-01121,m-001,93,12,1536.4,128.03,267,INACTIVE,37.01
cust-01122,m-001,5,6,1117.68,186.28,361,RETURNING,5.67
cust-01123,m-001,19,12,2120.62,176.72,361,RETURNING,7.56
cust-01124,m-001,2,16,2072.7,129.54,329,LOYAL,2.37
cust-01125,m-001,96,6,379.49,63.25,320,INACTIVE,34.19
cust-01126,m-001,20,14,1902.45,135.89,332,RETURNING,8.01
cust-01127,m-001,14,7,813.27,116.18,338,RETURNING,7.88
cust-01128,m-001,43,12,1401.56,116.8,363,AT_RISK,14.12
cust-01129,m-001,11,20,2170.38,108.52,363,LOYAL,4.45
cust-01130,m-001,32,7,625.83,89.4,333,AT_RISK,13.33
cust-01131,m-001,43,12,1060.31,88.36,331,AT_RISK,15.26
cust-01132,m-001,57,11,1014.69,92.24,323,AT_RISK,20.09
cust-01133,m-001,47,13,2096.06,161.24,355,AT_RISK,15.35
cust-01134,m-001,50,17,1743.98,102.59,351,AT_RISK,15.87
cust-01135,m-001,64,9,1068.44,118.72,355,INACTIVE,20.98
cust-01136,m-001,12,17,2502.14,147.18,363,LOYAL,4.96
cust-01137,m-001,2,6,587.5,97.92,362,RETURNING,4.84
cust-01138,m-001,11,16,2287.56,142.97,326,LOYAL,5.13
cust-01139,m-001,33,11,1402.45,127.5,355,AT_RISK,11.77
cust-01140,m-001,2,14,1847.96,132.0,356,RETURNING,2.56
cust-01141,m-001,1,14,1470.17,105.01,331,RETURNING,2.3
cust-01142,m-001,30,13,1685.36,129.64,360,RETURNING,10.45
cust-01143,m-001,5,9,1232.14,136.9,301,RETURNING,4.66
cust-01144,m-001,44,13,2176.17,167.4,359,AT_RISK,14.37
cust-01145,m-001,18,15,1944.15,129.61,347,RETURNING,7.05
cust-01146,m-001,22,9,1143.15,127.02,346,RETURNING,9.34
cust-01147,m-001,74,8,1110.3,138.79,243,INACTIVE,33.66
cust-01148,m-001,166,13,1481.18,113.94,332,INACTIVE,51.99
cust-01149,m-001,4,16,2342.01,146.38,361,LOYAL,2.87
cust-01150,m-001,38,13,1688.14,129.86,349,AT_RISK,13.0
cust-01151,m-001,18,19,1649.63,86.82,363,RETURNING,6.45
cust-01152,m-001,11,13,1530.09,117.7,336,RETURNING,5.41
cust-01153,m-001,58,15,1965.11,131.01,345,AT_RISK,18.64
cust-01154,m-001,4,12,996.17,83.01,361,RETURNING,3.41
cust-01155,m-001,84,9,1139.25,126.58,308,INACTIVE,30.18
cust-01156,m-001,66,12,1051.46,87.62,330,INACTIVE,22.25
cust-01157,m-001,5,10,1091.96,109.2,341,RETURNING,4.19
cust-01158,m-001,2,10,973.62,97.36,360,RETURNING,3.28
cust-01159,m-001,6,8,1313.03,164.13,322,RETURNING,5.19
cust-01160,m-001,34,11,4581.05,416.46,336,AT_RISK,12.59
cust-01161,m-001,22,12,1203.26,100.27,340,RETURNING,8.76
cust-01162,m-001,0,19,2633.62,138.61,355,LOYAL,1.5
cust-01163,m-001,2,13,1063.81,81.83,307,RETURNING,2.79
cust-01164,m-001,0,11,2339.26,212.66,363,RETURNING,2.5
cust-01165,m-001,3,18,1594.14,88.56,357,LOYAL,2.42
cust-01166,m-001,9,13,1670.33,128.49,342,RETURNING,4.77
cust-01167,m-001,29,17,2020.45,118.85,361,RETURNING,9.68
cust-01168,m-001,113,9,884.28,98.25,245,INACTIVE,48.93
cust-01169,m-001,54,11,1304.88,118.63,363,AT_RISK,17.34
cust-01170,m-001,1,7,771.05,110.15,302,RETURNING,4.08
cust-01171,m-001,6,17,1172.86,68.99,332,LOYAL,3.47
cust-01172,m-001,71,8,906.57,113.32,330,INACTIVE,24.78
cust-01173,m-001,18,13,1676.48,128.96,353,RETURNING,7.23
cust-01174,m-001,2,7,498.09,71.16,260,RETURNING,4.52
cust-01175,m-001,0,17,2009.64,118.21,352,LOYAL,1.67
cust-01176,m-001,7,18,1572.32,87.35,348,LOYAL,3.58
cust-01177,m-001,4,12,1109.45,92.45,356,RETURNING,3.43
cust-01178,m-001,32,14,2901.66,207.26,363,AT_RISK,10.79
cust-01179,m-001,9,8,715.88,89.48,290,RETURNING,6.43
cust-01180,m-001,19,11,2184.95,198.63,320,RETURNING,8.42
cust-01181,m-001,26,11,1133.93,103.08,331,RETURNING,10.33
cust-01182,m-001,27,16,2020.02,126.25,348,RETURNING,9.5
cust-01183,m-001,29,8,895.08,111.88,329,RETURNING,12.12
cust-01184,m-001,16,17,1770.89,104.17,348,RETURNING,6.25
cust-01185,m-001,94,11,1305.27,118.66,319,INACTIVE,31.88
cust-01186,m-001,4,13,1034.15,79.55,343,RETURNING,3.31
cust-01187,m-001,4,16,1897.81,118.61,323,LOYAL,3.0
cust-01188,m-001,105,14,1693.83,120.99,359,INACTIVE,31.17
cust-01189,m-001,11,14,1833.29,130.95,329,RETURNING,5.33
cust-01190,m-001,17,11,1214.37,110.4,364,RETURNING,7.16
cust-01191,m-001,60,13,1342.92,103.3,314,AT_RISK,21.19
cust-01192,m-001,20,13,1120.27,86.17,331,RETURNING,8.17
cust-01193,m-001,8,17,2119.67,124.69,355,LOYAL,3.91
cust-01194,m-001,8,13,2016.51,155.12,360,RETURNING,4.36
cust-01195,m-001,70,13,1415.73,108.9,355,INACTIVE,21.81
cust-01196,m-001,43,7,589.4,84.2,334,AT_RISK,16.59
cust-01197,m-001,39,10,1843.44,184.34,335,AT_RISK,14.33
cust-01198,m-001,68,15,2134.24,142.28,349,INACTIVE,21.3
cust-01199,m-001,95,11,966.76,87.89,353,INACTIVE,29.34
cust-01200,m-001,3,9,1178.03,130.89,363,RETURNING,3.82
cust-01201,m-001,37,11,1338.15,121.65,354,AT_RISK,12.92
cust-01202,m-001,3,15,1268.21,84.55,336,LOYAL,2.77
cust-01203,m-001,8,16,1915.74,119.73,351,LOYAL,4.04
cust-01204,m-001,16,7,411.73,58.82,319,RETURNING,8.75
cust-01205,m-001,75,9,1146.68,127.41,357,INACTIVE,23.95
cust-01206,m-001,8,10,1039.85,103.98,343,RETURNING,5.05
cust-01207,m-001,16,14,1514.56,108.18,305,RETURNING,7.23
cust-01208,m-001,34,9,1139.3,126.59,295,AT_RISK,14.49
cust-01209,m-001,18,14,1437.7,102.69,350,RETURNING,7.13
cust-01210,m-001,61,8,688.18,86.02,362,INACTIVE,20.14
cust-01211,m-001,16,13,1856.85,142.83,219,RETURNING,9.42
cust-01212,m-001,19,6,781.87,130.31,319,RETURNING,10.22
cust-01213,m-001,7,9,1169.92,129.99,249,RETURNING,5.8
cust-01214,m-001,0,7,1149.93,164.28,346,RETURNING,3.75
cust-01215,m-001,31,14,1653.49,118.11,349,AT_RISK,10.86
cust-01216,m-001,40,12,1683.61,140.3,345,AT_RISK,13.87
cust-01217,m-001,1,8,1267.87,158.48,334,RETURNING,3.63
cust-01218,m-001,6,17,2591.99,152.47,320,LOYAL,3.54
cust-01219,m-001,4,6,497.94,82.99,347,RETURNING,5.44
cust-01220,m-001,35,14,1630.42,116.46,341,AT_RISK,12.23
cust-01221,m-001,7,18,2335.14,129.73,364,LOYAL,3.5
cust-01222,m-001,40,9,1010.04,112.23,340,AT_RISK,14.73
cust-01223,m-001,1,18,2168.01,120.44,358,LOYAL,1.86
cust-01224,m-001,27,14,1239.96,88.57,344,RETURNING,9.83
cust-01225,m-001,2,12,1156.7,96.39,352,RETURNING,2.87
cust-01226,m-001,76,10,1614.78,161.48,290,INACTIVE,28.84
cust-01227,m-001,50,16,2172.25,135.77,362,AT_RISK,15.54
cust-01228,m-001,5,14,1137.3,81.24,332,RETURNING,3.5
cust-01229,m-001,15,12,1611.35,134.28,350,RETURNING,6.58
cust-01230,m-001,42,12,1453.8,121.15,334,AT_RISK,14.85
cust-01231,m-001,33,10,2006.62,200.66,330,AT_RISK,12.7
cust-01232,m-001,7,14,1188.84,84.92,343,RETURNING,4.03
cust-01233,m-001,1,21,2542.31,121.06,342,LOYAL,1.66
cust-01234,m-001,13,13,1312.66,100.97,358,RETURNING,5.76
cust-01235,m-001,5,13,1800.38,138.49,319,RETURNING,3.71
cust-01236,m-001,53,17,1855.4,109.14,350,AT_RISK,16.77
cust-01237,m-001,4,13,1595.24,122.71,357,RETURNING,3.26
cust-01238,m-001,38,8,1173.01,146.63,356,AT_RISK,13.98
cust-01239,m-001,1,15,1326.24,88.42,347,LOYAL,2.16
cust-01240,m-001,29,18,1744.18,96.9,355,RETURNING,9.73
cust-01241,m-001,4,13,1062.16,81.7,319,RETURNING,3.39
cust-01242,m-001,1,19,1731.65,91.14,360,LOYAL,1.78
cust-01243,m-001,1,19,2060.69,108.46,339,LOYAL,1.79
cust-01244,m-001,6,13,1105.16,85.01,360,RETURNING,3.8
cust-01245,m-001,2,11,1229.2,111.75,286,RETURNING,3.2
cust-01246,m-001,5,13,1603.4,123.34,300,RETURNING,3.8
cust-01247,m-001,15,10,741.77,74.18,316,RETURNING,7.46
cust-01248,m-001,40,10,1281.19,128.12,297,AT_RISK,16.15
cust-01249,m-001,162,8,647.14,80.89,311,INACTIVE,55.26
cust-01250,m-001,13,14,1714.36,122.45,331,RETURNING,5.92
cust-01251,m-001,47,3,486.99,162.33,347,INACTIVE,21.01
cust-01252,m-001,20,14,2026.11,144.72,346,RETURNING,7.76
cust-01253,m-001,7,9,1076.75,119.64,177,RETURNING,6.93
cust-01254,m-001,50,10,1691.35,169.14,314,AT_RISK,18.6
cust-01255,m-001,8,16,1618.54,101.16,349,LOYAL,4.05
cust-01256,m-001,5,17,1506.94,88.64,331,LOYAL,3.17
cust-01257,m-001,61,15,1662.72,110.85,339,INACTIVE,19.82
cust-01258,m-001,22,12,1059.67,88.31,267,RETURNING,10.52
cust-01259,m-001,100,8,685.46,85.68,337,INACTIVE,32.92
cust-01260,m-001,33,21,2116.23,100.77,363,AT_RISK,10.43
cust-01261,m-001,64,8,959.29,119.91,345,INACTIVE,21.83
cust-01262,m-001,52,15,1563.02,104.2,344,AT_RISK,16.95
cust-01263,m-001,11,17,2634.8,154.99,358,LOYAL,4.73
cust-01264,m-001,67,15,2311.67,154.11,347,INACTIVE,21.13
cust-01265,m-001,67,8,1235.81,154.48,348,INACTIVE,22.53
cust-01266,m-001,37,10,990.28,99.03,285,AT_RISK,15.66
cust-01267,m-001,38,10,781.38,78.14,299,AT_RISK,15.39
cust-01268,m-001,61,12,1157.73,96.48,324,INACTIVE,21.08
cust-01269,m-001,0,18,1949.69,108.32,364,LOYAL,1.58
cust-01270,m-001,46,14,1571.46,112.25,350,AT_RISK,15.11
cust-01271,m-001,26,13,1196.85,92.07,335,RETURNING,9.88
cust-01272,m-001,75,9,991.39,110.15,292,INACTIVE,28.6
cust-01273,m-001,18,8,857.66,107.21,348,RETURNING,8.49
cust-01274,m-001,12,12,1468.35,122.36,343,RETURNING,5.8
cust-01275,m-001,20,16,1281.13,80.07,361,RETURNING,7.29
cust-01276,m-001,14,13,1375.29,105.79,326,RETURNING,6.42
cust-01277,m-001,56,13,1378.01,106.0,357,AT_RISK,17.79
cust-01278,m-001,2,20,1424.7,71.24,337,LOYAL,2.02
cust-01279,m-001,25,18,2388.34,132.69,345,RETURNING,8.8
cust-01280,m-001,142,7,858.74,122.68,363,INACTIVE,42.76
cust-01281,m-001,54,14,1321.22,94.37,354,AT_RISK,17.21
cust-01282,m-001,55,6,497.51,82.92,364,AT_RISK,19.35
cust-01283,m-001,47,6,997.69,166.28,359,AT_RISK,17.34
cust-01284,m-001,60,13,1647.79,126.75,321,AT_RISK,20.78
cust-01285,m-001,5,13,979.26,75.33,302,RETURNING,3.79
cust-01286,m-001,34,19,2249.84,118.41,339,AT_RISK,11.5
cust-01287,m-001,28,13,1033.62,79.51,324,RETURNING,10.76
cust-01288,m-001,0,18,1720.82,95.6,300,LOYAL,1.58
cust-01289,m-001,13,13,1336.34,102.8,348,RETURNING,5.87
cust-01290,m-001,23,9,819.65,91.07,353,RETURNING,9.5
cust-01291,m-001,10,8,908.59,113.57,355,RETURNING,6.14
cust-01292,m-001,6,14,1225.7,87.55,359,RETURNING,3.67
cust-01293,m-001,1,10,1032.8,103.28,348,RETURNING,3.01
cust-01294,m-001,19,11,1463.26,133.02,349,RETURNING,7.93
cust-01295,m-001,33,15,1674.59,111.64,331,AT_RISK,11.81
cust-01296,m-001,21,17,1863.1,109.59,353,RETURNING,7.6
cust-01297,m-001,51,11,2034.33,184.94,362,AT_RISK,16.55
cust-01298,m-001,41,5,713.04,142.61,267,AT_RISK,20.3
cust-01299,m-001,77,8,1083.29,135.41,360,INACTIVE,24.66
cust-01300,m-001,2,20,1721.89,86.09,350,LOYAL,2.0
cust-01301,m-001,90,7,1190.35,170.05,276,INACTIVE,36.24
cust-01302,m-001,28,10,808.52,80.85,332,RETURNING,11.14
cust-01303,m-001,1,9,1321.95,146.88,356,RETURNING,3.28
cust-01304,m-001,6,16,2513.08,157.07,343,LOYAL,3.51
cust-01305,m-001,33,10,1223.47,122.35,339,AT_RISK,12.43
cust-01306,m-001,108,8,657.72,82.22,364,INACTIVE,32.92
cust-01307,m-001,43,13,1150.56,88.5,337,AT_RISK,14.86
cust-01308,m-001,52,10,979.43,97.94,325,AT_RISK,18.68
cust-01309,m-001,19,10,1447.23,144.72,315,RETURNING,8.74
cust-01310,m-001,61,7,549.57,78.51,326,INACTIVE,22.4
cust-01311,m-001,30,13,1555.27,119.64,359,RETURNING,10.48
cust-01312,m-001,4,18,3094.2,171.9,348,LOYAL,2.73
cust-01313,m-001,9,8,1120.79,140.1,309,RETURNING,6.24
cust-01314,m-001,41,8,597.03,74.63,293,AT_RISK,17.28
cust-01315,m-001,6,10,930.08,93.01,344,RETURNING,4.47
cust-01316,m-001,19,10,1121.53,112.15,364,RETURNING,7.93
cust-01317,m-001,4,19,2284.03,120.21,363,LOYAL,2.6
cust-01318,m-001,11,16,2159.48,134.97,302,LOYAL,5.4
cust-01319,m-001,33,10,1279.28,127.93,328,AT_RISK,12.76
cust-01320,m-001,23,14,1924.09,137.44,340,RETURNING,8.74
cust-01321,m-001,145,6,607.89,101.32,335,INACTIVE,47.44
cust-01322,m-001,9,11,1372.41,124.76,355,RETURNING,5.03
cust-01323,m-001,95,14,1821.76,130.13,337,INACTIVE,30.11
cust-01324,m-001,85,10,1116.89,111.69,333,INACTIVE,28.18
cust-01325,m-001,7,16,1560.13,97.51,349,LOYAL,3.76
cust-01326,m-001,28,16,1345.17,84.07,297,RETURNING,11.16
cust-01327,m-001,34,12,1011.57,84.3,353,AT_RISK,11.91
cust-01328,m-001,18,13,1356.78,104.37,351,RETURNING,7.26
cust-01329,m-001,80,11,1196.11,108.74,330,INACTIVE,26.67
cust-01330,m-001,40,11,1542.42,140.22,333,AT_RISK,14.48
cust-01331,m-001,9,10,1130.4,113.04,346,RETURNING,5.32
cust-01332,m-001,11,14,1249.62,89.26,357,RETURNING,5.07
cust-01333,m-001,8,13,1704.07,131.08,360,RETURNING,4.36
cust-01334,m-001,23,8,816.44,102.06,322,RETURNING,10.45
cust-01335,m-001,22,12,1781.46,148.46,351,RETURNING,8.56
cust-01336,m-001,39,7,689.38,98.48,257,AT_RISK,18.87
cust-01337,m-001,7,15,1078.43,71.9,335,LOYAL,3.96
cust-01338,m-001,63,11,927.39,84.31,360,INACTIVE,19.95
cust-01339,m-001,2,13,1424.71,109.59,291,RETURNING,2.83
cust-01340,m-001,14,17,1880.98,110.65,351,LOYAL,5.64
cust-01341,m-001,32,15,2609.3,173.95,358,AT_RISK,10.79
cust-01342,m-001,23,11,1092.52,99.32,302,RETURNING,10.09
cust-01343,m-001,12,15,2356.95,157.13,340,LOYAL,5.39
cust-01344,m-001,63,11,1045.88,95.08,337,INACTIVE,21.14
cust-01345,m-001,23,9,981.51,109.06,343,RETURNING,9.69
cust-01346,m-001,11,17,2059.07,121.12,348,LOYAL,4.82
cust-01347,m-001,13,6,523.5,87.25,230,RETURNING,9.91
cust-01348,m-001,61,12,1542.01,128.5,332,INACTIVE,20.63
cust-01349,m-001,7,18,2796.87,155.38,363,LOYAL,3.5
cust-01350,m-001,63,8,2332.45,291.56,322,INACTIVE,22.84
cust-01351,m-001,20,12,1177.25,98.1,325,RETURNING,8.44
cust-01352,m-001,12,10,1040.75,104.08,222,RETURNING,8.11
cust-01353,m-001,5,12,1216.79,101.4,327,RETURNING,3.83
cust-01354,m-001,42,9,1135.85,126.21,353,AT_RISK,14.86
cust-01355,m-001,54,11,1761.95,160.18,346,AT_RISK,18.06
cust-01356,m-001,5,13,1525.05,117.31,244,RETURNING,4.18
cust-01357,m-001,0,15,1505.13,100.34,363,LOYAL,1.88
cust-01358,m-001,39,9,849.23,94.36,342,AT_RISK,14.37
cust-01359,m-001,14,12,1252.38,104.36,355,RETURNING,6.24
cust-01360,m-001,34,20,2855.02,142.75,364,AT_RISK,10.74
cust-01361,m-001,72,12,953.85,79.49,302,INACTIVE,26.07
cust-01362,m-001,72,15,1163.57,77.57,342,INACTIVE,22.87
cust-01363,m-001,1,14,2430.1,173.58,349,RETURNING,2.29
cust-01364,m-001,78,15,1618.49,107.9,363,INACTIVE,23.3
cust-01365,m-001,32,15,1725.06,115.0,360,AT_RISK,10.74
cust-01366,m-001,6,9,734.98,81.66,294,RETURNING,5.03
cust-01367,m-001,23,14,1274.46,91.03,356,RETURNING,8.44
cust-01368,m-001,60,8,558.2,69.78,330,AT_RISK,21.46
cust-01369,m-001,12,12,1610.15,134.18,312,RETURNING,6.14
cust-01370,m-001,74,10,870.63,87.06,353,INACTIVE,23.63
cust-01371,m-001,18,19,2629.91,138.42,342,RETURNING,6.75
cust-01372,m-001,4,13,1236.9,95.15,363,RETURNING,3.24
cust-01373,m-001,25,15,2259.45,150.63,364,RETURNING,8.72
cust-01374,m-001,24,14,1574.7,112.48,362,RETURNING,8.61
cust-01375,m-001,18,10,1073.04,107.3,297,RETURNING,8.77
cust-01376,m-001,4,10,1221.73,122.17,350,RETURNING,3.87
cust-01377,m-001,94,4,830.97,207.74,354,INACTIVE,32.48
cust-01378,m-001,12,14,1558.37,111.31,357,RETURNING,5.35
cust-01379,m-001,1,16,2171.72,135.73,352,LOYAL,2.05
cust-01380,m-001,16,22,2609.68,118.62,358,RETURNING,5.76
cust-01381,m-001,7,20,2887.95,144.4,360,LOYAL,3.37
cust-01382,m-001,104,11,783.41,71.22,314,INACTIVE,35.52
cust-01383,m-001,16,13,1290.91,99.3,364,RETURNING,6.53
cust-01384,m-001,42,11,1143.8,103.98,332,AT_RISK,15.11
cust-01385,m-001,78,11,1041.58,94.69,300,INACTIVE,28.41
cust-01386,m-001,16,17,2186.9,128.64,359,RETURNING,6.11
cust-01387,m-001,4,13,2038.2,156.78,335,RETURNING,3.33
cust-01388,m-001,20,14,2055.61,146.83,340,RETURNING,7.87
cust-01389,m-001,17,14,1138.72,81.34,340,RETURNING,6.99
cust-01390,m-001,42,13,1453.84,111.83,359,AT_RISK,13.81
cust-01391,m-001,17,14,1548.19,110.58,341,RETURNING,6.97
cust-01392,m-001,140,11,875.87,79.62,318,INACTIVE,46.39
cust-01393,m-001,35,8,1093.06,136.63,321,AT_RISK,14.2
cust-01394,m-001,45,14,1609.28,114.95,344,AT_RISK,15.04
cust-01395,m-001,1,11,1819.14,165.38,312,RETURNING,2.82
cust-01396,m-001,15,12,1634.96,136.25,331,RETURNING,6.83
cust-01397,m-001,60,11,631.8,57.44,343,AT_RISK,19.94
cust-01398,m-001,50,8,996.69,124.59,363,AT_RISK,17.07
cust-01399,m-001,74,12,1167.52,97.29,334,INACTIVE,24.4
cust-01400,m-001,22,13,837.24,64.4,292,RETURNING,9.65
cust-01401,m-001,25,18,1567.97,87.11,333,RETURNING,9.06
cust-01402,m-001,35,11,1027.0,93.36,350,AT_RISK,12.47
cust-01403,m-001,2,15,2243.02,149.53,355,LOYAL,2.44
cust-01404,m-001,33,12,826.5,68.88,353,AT_RISK,11.63
cust-01405,m-001,18,13,1218.46,93.73,362,RETURNING,7.1
cust-01406,m-001,144,12,1268.05,105.67,344,INACTIVE,44.05
cust-01407,m-001,60,8,745.88,93.24,311,AT_RISK,22.56
cust-01408,m-001,27,13,1767.09,135.93,363,RETURNING,9.56
cust-01409,m-001,7,11,1170.9,106.45,327,RETURNING,4.63
cust-01410,m-001,5,18,2579.1,143.28,349,LOYAL,3.01
cust-01411,m-001,1,8,797.14,99.64,228,RETURNING,3.77
cust-01412,m-001,57,10,1443.82,144.38,310,AT_RISK,21.06
cust-01413,m-001,11,17,1054.19,62.01,362,LOYAL,4.7
cust-01414,m-001,47,13,1539.01,118.39,342,AT_RISK,15.85
cust-01415,m-001,6,13,1304.27,100.33,338,RETURNING,3.91
cust-01416,m-001,11,12,1090.9,90.91,327,RETURNING,5.66
cust-01417,m-001,2,15,1471.61,98.11,349,LOYAL,2.45
cust-01418,m-001,87,9,874.02,97.11,359,INACTIVE,27.17
cust-01419,m-001,28,16,1370.45,85.65,341,RETURNING,9.95
cust-01420,m-001,10,16,1974.41,123.4,360,LOYAL,4.53
cust-01421,m-001,16,12,1458.11,121.51,280,RETURNING,8.0
cust-01422,m-001,3,15,1732.38,115.49,361,LOYAL,2.7
cust-01423,m-001,96,6,830.03,138.34,333,INACTIVE,33.03
cust-01424,m-001,41,11,1189.18,108.11,364,AT_RISK,13.73
cust-01425,m-001,12,11,1264.06,114.91,361,RETURNING,5.81
cust-01426,m-001,38,11,808.5,73.5,353,AT_RISK,13.23
cust-01427,m-001,40,11,1519.86,138.17,307,AT_RISK,15.49
cust-01428,m-001,27,11,846.52,76.96,324,RETURNING,10.81
cust-01429,m-001,24,11,1603.3,145.75,332,RETURNING,9.71
cust-01430,m-001,0,11,919.6,83.6,364,RETURNING,2.5
cust-01431,m-001,35,17,2116.12,124.48,353,AT_RISK,11.55
cust-01432,m-001,40,8,669.48,83.68,355,AT_RISK,14.57
cust-01433,m-001,59,13,1399.51,107.65,310,AT_RISK,21.11
cust-01434,m-001,4,17,2261.46,133.03,338,LOYAL,2.85
cust-01435,m-001,59,14,1687.34,120.52,364,AT_RISK,18.16
cust-01436,m-001,29,15,2009.73,133.98,349,RETURNING,10.16
cust-01437,m-001,16,15,1880.45,125.36,357,RETURNING,6.34
cust-01438,m-001,0,11,797.77,72.52,277,RETURNING,2.5
cust-01439,m-001,33,18,2025.43,112.52,361,AT_RISK,10.69
cust-01440,m-001,11,13,1103.09,84.85,361,RETURNING,5.18
cust-01441,m-001,6,19,2385.69,125.56,362,LOYAL,3.15
cust-01442,m-001,0,10,751.79,75.18,314,RETURNING,2.73
cust-01443,m-001,2,11,1403.15,127.56,315,RETURNING,3.13
cust-01444,m-001,30,11,1169.07,106.28,342,RETURNING,11.25
cust-01445,m-001,10,11,1133.7,103.06,328,RETURNING,5.54
cust-01446,m-001,19,7,600.97,85.85,321,RETURNING,9.65
cust-01447,m-001,6,10,1136.94,113.69,327,RETURNING,4.56
cust-01448,m-001,5,9,824.36,91.6,212,RETURNING,5.35
cust-01449,m-001,4,8,578.51,72.31,339,RETURNING,4.51
cust-01450,m-001,21,11,1550.33,140.94,270,RETURNING,10.25
cust-01451,m-001,47,14,1465.13,104.65,257,AT_RISK,20.22
cust-01452,m-001,2,20,2444.85,122.24,356,LOYAL,1.99
cust-01453,m-001,1,14,1597.12,114.08,341,RETURNING,2.29
cust-01454,m-001,32,12,2064.03,172.0,352,AT_RISK,11.37
cust-01455,m-001,1,12,1322.71,110.23,249,RETURNING,2.71
cust-01456,m-001,13,13,1213.55,93.35,356,RETURNING,5.78
cust-01457,m-001,33,13,1495.68,115.05,315,AT_RISK,12.59
cust-01458,m-001,4,9,1272.94,141.44,219,RETURNING,4.82
cust-01459,m-001,4,13,1200.63,92.36,282,RETURNING,3.56
cust-01460,m-001,3,8,898.63,112.33,322,RETURNING,4.26
cust-01461,m-001,36,11,1932.3,175.66,341,AT_RISK,13.03
cust-01462,m-001,33,9,1906.9,211.88,300,AT_RISK,13.96
cust-01463,m-001,8,13,1924.76,148.06,361,RETURNING,4.35
cust-01464,m-001,102,9,1195.51,132.83,327,INACTIVE,34.1
cust-01465,m-001,74,14,1818.94,129.92,361,INACTIVE,22.44
cust-01466,m-001,103,13,1632.29,125.56,334,INACTIVE,32.89
cust-01467,m-001,11,8,885.87,110.73,267,RETURNING,7.44
cust-01468,m-001,148,7,928.16,132.59,363,INACTIVE,44.41
cust-01469,m-001,29,18,3251.99,180.67,343,RETURNING,10.01
cust-01470,m-001,112,6,438.83,73.14,294,INACTIVE,42.25
cust-01471,m-001,5,17,1915.16,112.66,364,LOYAL,3.04
cust-01472,m-001,59,10,1017.87,101.79,332,AT_RISK,20.44
cust-01473,m-001,90,17,2912.34,171.31,349,INACTIVE,27.38
cust-01474,m-001,1,13,1541.86,118.6,362,RETURNING,2.42
cust-01475,m-001,120,6,1059.06,176.51,360,INACTIVE,37.53
cust-01476,m-001,18,12,1287.92,107.33,357,RETURNING,7.34
cust-01477,m-001,51,15,1408.02,93.87,362,AT_RISK,15.92
cust-01478,m-001,26,12,1260.8,105.07,352,RETURNING,9.67
cust-01479,m-001,2,19,1990.59,104.77,363,LOYAL,2.05
cust-01480,m-001,8,14,1750.46,125.03,340,RETURNING,4.35
cust-01481,m-001,0,14,1518.69,108.48,321,RETURNING,2.0
cust-01482,m-001,9,16,1462.19,91.39,285,LOYAL,4.91
cust-01483,m-001,48,7,764.9,109.27,304,AT_RISK,19.49
cust-01484,m-001,46,9,723.13,80.35,347,AT_RISK,16.22
cust-01485,m-001,2,13,1620.2,124.63,352,RETURNING,2.71
cust-01486,m-001,26,14,2225.22,158.94,354,RETURNING,9.32
cust-01487,m-001,60,14,1919.95,137.14,286,AT_RISK,22.91
cust-01488,m-001,36,9,1379.68,153.3,359,AT_RISK,13.0
cust-01489,m-001,12,15,1187.83,79.19,362,LOYAL,5.18
cust-01490,m-001,1,17,2039.27,119.96,325,LOYAL,1.97
cust-01491,m-001,2,17,1868.42,109.91,326,LOYAL,2.28
cust-01492,m-001,12,18,2228.84,123.82,352,LOYAL,4.98
cust-01493,m-001,8,13,965.13,74.24,344,RETURNING,4.46
cust-01494,m-001,0,18,1592.5,88.47,343,LOYAL,1.58
cust-01495,m-001,86,6,722.35,120.39,355,INACTIVE,28.44
cust-01496,m-001,6,19,2247.87,118.31,360,LOYAL,3.16
cust-01497,m-001,2,12,1428.95,119.08,319,RETURNING,2.93
cust-01498,m-001,18,10,965.01,96.5,335,RETURNING,8.08
cust-01499,m-001,25,15,1186.17,79.08,308,RETURNING,9.97
cust-01500,m-001,3,17,1803.67,106.1,337,LOYAL,2.55
cust-01501,m-002,106,4,3586.11,896.53,341,INACTIVE,36.99
cust-01502,m-002,88,5,8332.03,1666.41,228,INACTIVE,43.43
cust-01503,m-002,214,5,7780.39,1556.08,356,INACTIVE,64.94
cust-01504,m-002,30,7,6105.17,872.17,316,RETURNING,13.21
cust-01505,m-002,11,6,6704.53,1117.42,330,RETURNING,7.61
cust-01506,m-002,139,6,9313.88,1552.31,310,INACTIVE,48.98
cust-01507,m-002,28,7,11917.57,1702.51,333,RETURNING,12.13
cust-01508,m-002,59,12,12620.48,1051.71,348,AT_RISK,19.21
cust-01509,m-002,99,10,11636.72,1163.67,354,INACTIVE,30.61
cust-01510,m-002,15,11,5316.52,483.32,356,RETURNING,6.7
cust-01511,m-002,34,6,3525.16,587.53,298,AT_RISK,15.66
cust-01512,m-002,183,3,3800.15,1266.72,287,INACTIVE,71.04
cust-01513,m-002,89,7,14267.44,2038.21,362,INACTIVE,28.27
cust-01514,m-002,12,10,14404.85,1440.48,362,RETURNING,6.03
cust-01515,m-002,125,4,6607.71,1651.93,354,INACTIVE,41.21
cust-01516,m-002,9,6,10606.04,1767.67,352,RETURNING,6.84
cust-01517,m-002,13,7,4542.03,648.86,290,RETURNING,8.22
cust-01518,m-002,108,6,3354.66,559.11,254,INACTIVE,46.64
cust-01519,m-002,39,10,10006.78,1000.68,351,AT_RISK,13.81
cust-01520,m-002,28,7,9142.04,1306.01,295,RETURNING,13.21
cust-01521,m-002,41,4,4769.12,1192.28,344,AT_RISK,17.88
cust-01522,m-002,67,7,5282.42,754.63,328,INACTIVE,24.11
cust-01523,m-002,93,4,4226.18,1056.54,254,INACTIVE,42.47
cust-01524,m-002,42,3,1089.34,363.11,216,NEW,26.85
cust-01525,m-002,90,11,10805.61,982.33,359,INACTIVE,27.5
cust-01526,m-002,24,9,12014.39,1334.93,338,RETURNING,10.08
cust-01527,m-002,127,7,6278.64,896.95,348,INACTIVE,40.14
cust-01528,m-002,131,6,10098.41,1683.07,270,INACTIVE,52.63
cust-01529,m-002,82,4,3872.79,968.2,353,INACTIVE,29.16
cust-01530,m-002,181,3,2459.93,819.98,262,INACTIVE,76.32
cust-01531,m-002,48,6,30166.12,5027.69,232,AT_RISK,24.89
cust-01532,m-002,9,6,9987.96,1664.66,348,RETURNING,6.86
cust-01533,m-002,74,12,16095.79,1341.32,361,INACTIVE,22.75
cust-01534,m-002,27,6,5005.91,834.32,330,RETURNING,12.44
cust-01535,m-002,28,6,8871.39,1478.56,361,RETURNING,12.02
cust-01536,m-002,88,8,5825.19,728.15,360,INACTIVE,27.71
cust-01537,m-002,46,4,4817.18,1204.3,308,AT_RISK,20.89
cust-01538,m-002,7,7,8945.2,1277.89,352,RETURNING,5.73
cust-01539,m-002,1,10,10964.72,1096.47,355,RETURNING,3.01
cust-01540,m-002,12,14,23457.4,1675.53,353,RETURNING,5.39
cust-01541,m-002,123,3,1205.76,401.92,188,INACTIVE,72.58
cust-01542,m-002,4,6,5417.58,902.93,340,RETURNING,5.46
cust-01543,m-002,159,8,5447.69,680.96,347,INACTIVE,49.02
cust-01544,m-002,81,6,7411.82,1235.3,323,INACTIVE,29.29
cust-01545,m-002,62,7,7551.06,1078.72,328,INACTIVE,22.59
cust-01546,m-002,158,4,3634.17,908.54,328,INACTIVE,54.02
cust-01547,m-002,63,5,3141.33,628.27,355,INACTIVE,22.7
cust-01548,m-002,122,3,1656.23,552.08,199,INACTIVE,68.5
cust-01549,m-002,31,7,5021.66,717.38,323,AT_RISK,13.32
cust-01550,m-002,110,10,19706.92,1970.69,362,INACTIVE,33.03
cust-01551,m-002,53,4,8085.76,2021.44,320,AT_RISK,22.51
cust-01552,m-002,9,8,13932.1,1741.51,330,RETURNING,6.05
cust-01553,m-002,6,9,8369.86,929.98,362,RETURNING,4.65
cust-01554,m-002,73,1,426.03,426.03,73,INACTIVE,100.0
cust-01555,m-002,0,6,5867.89,977.98,334,RETURNING,4.29
cust-01556,m-002,52,6,6113.69,1018.95,362,AT_RISK,18.61
cust-01557,m-002,68,9,8330.79,925.64,340,INACTIVE,22.94
cust-01558,m-002,75,8,10102.76,1262.84,355,INACTIVE,24.4
cust-01559,m-002,13,11,15084.91,1371.36,355,RETURNING,6.15
cust-01560,m-002,194,6,9474.63,1579.11,354,INACTIVE,58.93
cust-01561,m-002,17,12,15011.11,1250.93,361,RETURNING,7.0
cust-01562,m-002,63,6,6056.48,1009.41,320,INACTIVE,23.91
cust-01563,m-002,54,7,6302.75,900.39,346,AT_RISK,19.31
cust-01564,m-002,41,8,11197.18,1399.65,324,AT_RISK,15.95
cust-01565,m-002,10,9,13510.42,1501.16,334,RETURNING,5.99
cust-01566,m-002,102,3,4859.55,1619.85,292,INACTIVE,42.31
cust-01567,m-002,35,4,5876.58,1469.14,341,AT_RISK,16.23
cust-01568,m-002,4,12,14247.54,1187.3,364,RETURNING,3.4
cust-01569,m-002,26,7,5447.22,778.17,312,RETURNING,12.06
cust-01570,m-002,20,6,9552.77,1592.13,289,RETURNING,11.18
cust-01571,m-002,0,5,8283.97,1656.79,360,RETURNING,5.0
cust-01572,m-002,40,5,6582.26,1316.45,221,AT_RISK,23.02
cust-01573,m-002,26,11,12629.51,1148.14,330,RETURNING,10.35
cust-01574,m-002,15,12,9826.43,818.87,356,RETURNING,6.51
cust-01575,m-002,18,6,5527.38,921.23,340,RETURNING,9.56
cust-01576,m-002,102,5,2532.24,506.45,270,INACTIVE,42.64
cust-01577,m-002,0,8,9502.77,1187.85,348,RETURNING,3.33
cust-01578,m-002,45,2,2726.23,1363.12,305,NEW,24.71
cust-01579,m-002,42,12,10652.0,887.67,348,AT_RISK,14.34
cust-01580,m-002,65,10,15058.76,1505.88,344,INACTIVE,21.57
cust-01581,m-002,125,8,10350.64,1293.83,330,INACTIVE,41.1
cust-01582,m-002,16,7,9271.35,1324.48,309,RETURNING,8.91
cust-01583,m-002,139,4,2667.4,666.85,334,INACTIVE,47.49
cust-01584,m-002,71,9,7793.71,865.97,363,INACTIVE,22.51
cust-01585,m-002,98,7,7566.02,1080.86,329,INACTIVE,33.45
cust-01586,m-002,35,7,8897.25,1271.04,355,AT_RISK,13.58
cust-01587,m-002,17,5,4710.17,942.03,354,RETURNING,9.79
cust-01588,m-002,87,5,6137.81,1227.56,335,INACTIVE,30.89
cust-01589,m-002,49,8,13355.95,1669.49,213,AT_RISK,26.23
cust-01590,m-002,92,4,3437.6,859.4,233,INACTIVE,45.32
cust-01591,m-002,65,10,8994.43,899.44,344,INACTIVE,21.57
cust-01592,m-002,68,1,377.97,377.97,68,INACTIVE,100.0
cust-01593,m-002,88,7,11861.8,1694.54,302,INACTIVE,32.79
cust-01594,m-002,257,2,663.31,331.66,266,INACTIVE,100.0
cust-01595,m-002,76,6,5064.19,844.03,332,INACTIVE,27.11
cust-01596,m-002,8,10,17180.81,1718.08,343,RETURNING,5.05
cust-01597,m-002,9,4,3306.3,826.58,108,RETURNING,14.26
cust-01598,m-002,284,4,1583.89,395.97,344,INACTIVE,88.32
cust-01599,m-002,10,8,6110.7,763.84,266,RETURNING,7.08
cust-01600,m-002,130,4,1419.25,354.81,306,INACTIVE,48.35
cust-01601,m-002,4,12,11829.82,985.82,351,RETURNING,3.44
cust-01602,m-002,50,9,10372.08,1152.45,351,AT_RISK,17.2
cust-01603,m-002,42,10,6507.39,650.74,347,AT_RISK,14.8
cust-01604,m-002,44,5,2720.99,544.2,295,AT_RISK,19.86
cust-01605,m-002,11,5,1893.18,378.64,308,RETURNING,8.56
cust-01606,m-002,146,2,4457.63,2228.82,357,INACTIVE,50.78
cust-01607,m-002,31,3,3176.21,1058.74,349,NEW,16.36
cust-01608,m-002,22,6,7763.93,1293.99,291,RETURNING,11.82
cust-01609,m-002,7,7,7882.15,1126.02,357,RETURNING,5.71
cust-01610,m-002,69,6,5710.27,951.71,314,INACTIVE,26.19
cust-01611,m-002,39,8,8862.7,1107.84,322,AT_RISK,15.41
cust-01612,m-002,21,8,16762.13,2095.27,256,RETURNING,11.5
cust-01613,m-002,82,4,6763.36,1690.84,158,INACTIVE,57.57
cust-01614,m-002,0,9,9867.7,1096.41,325,RETURNING,3.0
cust-01615,m-002,8,7,5054.6,722.09,361,RETURNING,5.96
cust-01616,m-002,110,7,8434.71,1204.96,312,INACTIVE,38.89
cust-01617,m-002,97,5,8955.97,1791.19,325,INACTIVE,34.75
cust-01618,m-002,9,7,9324.78,1332.11,289,RETURNING,6.85
cust-01619,m-002,28,6,4841.43,806.91,347,RETURNING,12.33
cust-01620,m-002,33,3,4250.46,1416.82,138,NEW,31.24
cust-01621,m-002,214,4,2526.55,631.64,331,INACTIVE,70.46
cust-01622,m-002,73,6,7450.78,1241.8,332,INACTIVE,26.21
cust-01623,m-002,85,5,9152.54,1830.51,345,INACTIVE,29.57
cust-01624,m-002,41,7,5825.36,832.19,320,AT_RISK,16.52
cust-01625,m-002,46,7,7916.01,1130.86,331,AT_RISK,17.61
cust-01626,m-002,23,3,2822.82,940.94,334,NEW,14.37
cust-01627,m-002,180,1,2348.26,2348.26,180,INACTIVE,100.0
cust-01628,m-002,45,6,8002.82,1333.8,347,AT_RISK,17.22
cust-01629,m-002,32,6,6739.71,1123.29,347,AT_RISK,13.48
cust-01630,m-002,43,6,9522.53,1587.09,359,AT_RISK,16.23
cust-01631,m-002,48,5,6821.15,1364.23,240,AT_RISK,24.92
cust-01632,m-002,172,2,1442.9,721.45,254,INACTIVE,77.45
cust-01633,m-002,208,3,2987.46,995.82,273,INACTIVE,83.41
cust-01634,m-002,18,10,14749.65,1474.96,323,RETURNING,8.28
cust-01635,m-002,29,5,6526.38,1305.28,337,RETURNING,13.58
cust-01636,m-002,49,7,8225.14,1175.02,350,AT_RISK,17.71
cust-01637,m-002,2,5,2976.69,595.34,335,RETURNING,5.6
cust-01638,m-002,164,6,7188.05,1198.01,338,INACTIVE,52.66
cust-01639,m-002,0,8,15063.67,1882.96,326,RETURNING,3.33
cust-01640,m-002,96,8,4632.92,579.12,309,INACTIVE,34.3
cust-01641,m-002,57,4,6984.04,1746.01,337,AT_RISK,22.86
cust-01642,m-002,259,1,2972.2,2972.2,259,INACTIVE,100.0
cust-01643,m-002,16,9,9847.8,1094.2,319,RETURNING,8.0
cust-01644,m-002,1,8,7788.18,973.52,331,RETURNING,3.63
cust-01645,m-002,67,6,5852.77,975.46,253,INACTIVE,30.66
cust-01646,m-002,4,10,6240.62,624.06,310,RETURNING,4.01
cust-01647,m-002,20,6,3330.55,555.09,333,RETURNING,10.27
cust-01648,m-002,9,11,10394.1,944.92,363,RETURNING,4.97
cust-01649,m-002,20,7,9371.67,1338.81,327,RETURNING,9.85
cust-01650,m-002,32,10,13351.31,1335.13,334,AT_RISK,12.28
cust-01651,m-002,8,7,10354.86,1479.27,268,RETURNING,6.72
cust-01652,m-002,4,9,13728.98,1525.44,364,RETURNING,4.1
cust-01653,m-002,62,12,15205.72,1267.14,349,INACTIVE,20.02
cust-01654,m-002,1,7,11115.44,1587.92,332,RETURNING,4.05
cust-01655,m-002,71,3,4011.84,1337.28,190,INACTIVE,44.67
cust-01656,m-002,25,10,8666.27,866.63,286,RETURNING,11.44
cust-01657,m-002,31,5,7041.83,1408.37,363,AT_RISK,13.52
cust-01658,m-002,67,7,10654.57,1522.08,311,INACTIVE,25.22
cust-01659,m-002,12,5,3602.71,720.54,180,RETURNING,11.63
cust-01660,m-002,10,9,9421.33,1046.81,344,RETURNING,5.9
cust-01661,m-002,0,4,5237.52,1309.38,175,RETURNING,6.0
cust-01662,m-002,3,8,9593.83,1199.23,335,RETURNING,4.23
cust-01663,m-002,10,12,10868.62,905.72,351,RETURNING,5.15
cust-01664,m-002,49,7,9204.55,1314.94,358,AT_RISK,17.4
cust-01665,m-002,127,5,6302.45,1260.49,332,INACTIVE,43.14
cust-01666,m-002,144,2,2750.18,1375.09,211,INACTIVE,77.92
cust-01667,m-002,52,5,8332.03,1666.41,360,AT_RISK,19.4
cust-01668,m-002,124,5,10195.13,2039.03,344,INACTIVE,40.94
cust-01669,m-002,34,11,6429.84,584.53,355,AT_RISK,12.05
cust-01670,m-002,16,10,15506.46,1550.65,352,RETURNING,7.26
cust-01671,m-002,6,7,7595.83,1085.12,332,RETURNING,5.55
cust-01672,m-002,40,9,6971.92,774.66,358,AT_RISK,14.14
cust-01673,m-002,2,5,7165.28,1433.06,216,RETURNING,5.92
cust-01674,m-002,9,14,16835.28,1202.52,355,RETURNING,4.53
cust-01675,m-002,52,9,6453.65,717.07,334,AT_RISK,18.52
cust-01676,m-002,111,5,4913.77,982.75,248,INACTIVE,49.58
cust-01677,m-002,112,6,11680.56,1946.76,331,INACTIVE,38.02
cust-01678,m-002,34,9,12268.13,1363.13,341,AT_RISK,12.94
cust-01679,m-002,35,7,7765.57,1109.37,346,AT_RISK,13.84
cust-01680,m-002,13,9,18710.22,2078.91,335,RETURNING,6.87
cust-01681,m-002,33,8,7073.58,884.2,346,AT_RISK,12.84
cust-01682,m-002,57,7,9908.75,1415.54,353,AT_RISK,19.85
cust-01683,m-002,11,15,16422.71,1094.85,308,LOYAL,5.43
cust-01684,m-002,112,8,6375.39,796.92,335,INACTIVE,36.67
cust-01685,m-002,37,7,15190.7,2170.1,347,AT_RISK,14.38
cust-01686,m-002,18,8,8854.61,1106.83,307,RETURNING,9.18
cust-01687,m-002,2,10,13986.59,1398.66,349,RETURNING,3.3
cust-01688,m-002,7,9,9668.04,1074.23,359,RETURNING,4.94
cust-01689,m-002,192,3,2100.68,700.23,282,INACTIVE,75.34
cust-01690,m-002,35,7,9652.78,1378.97,306,AT_RISK,15.15
cust-01691,m-002,71,7,5849.47,835.64,333,INACTIVE,25.01
cust-01692,m-002,185,3,3767.21,1255.74,343,INACTIVE,61.28
cust-01693,m-002,9,7,9323.34,1331.91,354,RETURNING,6.29
cust-01694,m-002,10,10,9929.27,992.93,352,RETURNING,5.56
cust-01695,m-002,117,7,6317.87,902.55,356,INACTIVE,36.52
cust-01696,m-002,72,2,1418.95,709.48,298,INACTIVE,34.08
cust-01697,m-002,58,2,2585.54,1292.77,331,INACTIVE,27.47
cust-01698,m-002,82,3,5698.43,1899.48,302,INACTIVE,34.56
cust-01699,m-002,14,9,10088.38,1120.93,349,RETURNING,7.0
cust-01700,m-002,38,4,4841.13,1210.28,159,AT_RISK,29.75
cust-01701,m-002,18,6,9758.33,1626.39,241,RETURNING,11.72
cust-01702,m-002,82,5,5882.11,1176.42,356,INACTIVE,27.97
cust-01703,m-002,16,8,8114.49,1014.31,354,RETURNING,7.84
cust-01704,m-002,23,9,11154.65,1239.41,354,RETURNING,9.48
cust-01705,m-002,176,5,6196.94,1239.39,344,INACTIVE,56.01
cust-01706,m-002,106,7,9324.62,1332.09,347,INACTIVE,34.21
cust-01707,m-002,109,5,2958.44,591.69,336,INACTIVE,37.34
cust-01708,m-002,6,7,6497.36,928.19,328,RETURNING,5.57
cust-01709,m-002,21,5,3839.52,767.9,330,RETURNING,11.34
cust-01710,m-002,40,9,12712.85,1412.54,277,AT_RISK,17.39
cust-01711,m-002,87,6,7222.8,1203.8,280,INACTIVE,35.25
cust-01712,m-002,49,4,5335.72,1333.93,198,AT_RISK,30.62
cust-01713,m-002,19,4,9333.64,2333.41,337,RETURNING,11.62
cust-01714,m-002,81,8,8886.81,1110.85,354,INACTIVE,26.15
cust-01715,m-002,63,6,2295.26,382.54,333,INACTIVE,23.15
cust-01716,m-002,50,9,8820.33,980.04,325,AT_RISK,18.34
cust-01717,m-002,55,8,13902.94,1737.87,329,AT_RISK,20.0
cust-01718,m-002,27,10,12156.56,1215.66,355,RETURNING,10.31
cust-01719,m-002,122,9,9395.92,1043.99,340,INACTIVE,38.78
cust-01720,m-002,18,9,7542.21,838.02,302,RETURNING,8.94
cust-01721,m-002,140,4,5959.66,1489.92,341,INACTIVE,46.94
cust-01722,m-002,86,9,15127.32,1680.81,329,INACTIVE,29.06
cust-01723,m-002,6,6,5021.19,836.87,327,RETURNING,6.11
cust-01724,m-002,30,10,13738.71,1373.87,360,RETURNING,11.04
cust-01725,m-002,55,2,4013.18,2006.59,232,INACTIVE,33.61
cust-01726,m-002,56,9,5766.37,640.71,325,AT_RISK,20.18
cust-01727,m-002,32,6,12504.32,2084.05,363,AT_RISK,13.08
cust-01728,m-002,24,11,8666.23,787.84,302,RETURNING,10.42
cust-01729,m-002,167,8,14391.67,1798.96,323,INACTIVE,54.88
cust-01730,m-002,9,9,14149.48,1572.16,364,RETURNING,5.47
cust-01731,m-002,18,4,3389.38,847.34,285,RETURNING,12.29
cust-01732,m-002,75,2,2774.29,1387.14,130,INACTIVE,67.25
cust-01733,m-002,27,6,7847.01,1307.84,362,RETURNING,11.72
cust-01734,m-002,175,11,19264.38,1751.31,350,INACTIVE,52.36
cust-01735,m-002,27,7,9715.8,1387.97,327,RETURNING,11.98
cust-01736,m-002,61,7,13330.36,1904.34,338,INACTIVE,21.74
cust-01737,m-002,27,4,5456.08,1364.02,147,RETURNING,24.24
cust-01738,m-002,26,10,8351.6,835.16,348,RETURNING,10.18
cust-01739,m-002,128,1,2348.26,2348.26,128,INACTIVE,100.0
cust-01740,m-002,63,6,4487.88,747.98,325,INACTIVE,23.61
cust-01741,m-002,9,6,4225.31,704.22,306,RETURNING,7.22
cust-01742,m-002,119,6,117122.89,19520.48,316,INACTIVE,41.83
cust-01743,m-002,6,1,1485.43,1485.43,6,NEW,100.0
cust-01744,m-002,20,5,8185.77,1637.15,361,RETURNING,10.52
cust-01745,m-002,70,6,8545.2,1424.2,332,INACTIVE,25.31
cust-01746,m-002,24,6,6065.63,1010.94,361,RETURNING,10.92
cust-01747,m-002,49,4,5500.52,1375.13,254,AT_RISK,25.22
cust-01748,m-002,85,9,9832.84,1092.54,333,INACTIVE,28.45
cust-01749,m-002,79,7,8569.27,1224.18,348,INACTIVE,26.39
cust-01750,m-002,4,14,11600.45,828.6,299,RETURNING,3.33
cust-01751,m-002,10,5,4176.78,835.36,255,RETURNING,8.91
cust-01752,m-002,220,2,1278.26,639.13,259,INACTIVE,94.62
cust-01753,m-002,78,3,1868.93,622.98,361,INACTIVE,29.05
cust-01754,m-002,5,5,5522.86,1104.57,269,RETURNING,6.85
cust-01755,m-002,114,4,4661.64,1165.41,342,INACTIVE,39.24
cust-01756,m-002,94,8,11173.23,1396.65,309,INACTIVE,33.66
cust-01757,m-002,5,8,7164.24,895.53,320,RETURNING,4.89
cust-01758,m-002,168,8,10717.71,1339.71,347,INACTIVE,51.61
cust-01759,m-002,13,6,5595.5,932.58,322,RETURNING,8.31
cust-01760,m-002,7,9,11188.02,1243.11,343,RETURNING,5.03
cust-01761,m-002,129,4,4130.06,1032.51,321,INACTIVE,46.06
cust-01762,m-002,152,6,3804.97,634.16,360,INACTIVE,46.39
cust-01763,m-002,35,9,7784.88,864.99,308,AT_RISK,14.33
cust-01764,m-002,98,4,2697.21,674.3,333,INACTIVE,35.34
cust-01765,m-002,42,8,7179.09,897.39,330,AT_RISK,16.02
cust-01766,m-002,123,2,4013.18,2006.59,357,INACTIVE,44.36
cust-01767,m-002,220,7,4547.4,649.63,358,INACTIVE,65.03
cust-01768,m-002,52,1,1040.98,1040.98,52,INACTIVE,100.0
cust-01769,m-002,42,7,4536.33,648.05,251,AT_RISK,20.42
cust-01770,m-002,54,6,3002.84,500.47,343,AT_RISK,19.98
cust-01771,m-002,25,7,11738.08,1676.87,332,RETURNING,11.26
cust-01772,m-002,23,7,10186.44,1455.21,187,RETURNING,15.98
cust-01773,m-002,32,7,11254.83,1607.83,292,AT_RISK,14.67
cust-01774,m-002,120,6,5571.39,928.56,356,INACTIVE,37.9
cust-01775,m-002,117,6,9184.26,1530.71,340,INACTIVE,38.6
cust-01776,m-002,91,7,8608.34,1229.76,316,INACTIVE,32.46
cust-01777,m-002,44,8,7973.8,996.73,361,AT_RISK,15.49
cust-01778,m-002,5,5,5015.5,1003.1,237,RETURNING,7.1
cust-01779,m-002,6,4,5480.19,1370.05,168,RETURNING,9.55
cust-01780,m-002,6,6,9948.89,1658.15,340,RETURNING,6.05
cust-01781,m-002,143,7,15456.19,2208.03,361,INACTIVE,43.25
cust-01782,m-002,8,9,11668.14,1296.46,364,RETURNING,5.19
cust-01783,m-002,13,10,7440.55,744.06,357,RETURNING,6.36
cust-01784,m-002,43,8,8017.97,1002.25,337,AT_RISK,16.06
cust-01785,m-002,32,4,5237.52,1309.38,271,AT_RISK,17.76
cust-01786,m-002,8,9,15221.12,1691.24,320,RETURNING,5.49
cust-01787,m-002,61,4,4667.5,1166.88,242,INACTIVE,31.1
cust-01788,m-002,44,5,4265.72,853.14,185,AT_RISK,28.66
cust-01789,m-002,136,10,7916.65,791.67,356,INACTIVE,40.82
cust-01790,m-002,24,10,16945.28,1694.53,337,RETURNING,9.83
cust-01791,m-002,18,8,10752.89,1344.11,356,RETURNING,8.38
cust-01792,m-002,93,4,4226.18,1056.54,329,INACTIVE,34.18
cust-01793,m-002,169,3,1959.99,653.33,324,INACTIVE,59.5
cust-01794,m-002,13,9,7987.31,887.48,362,RETURNING,6.58
cust-01795,m-002,162,9,13226.72,1469.64,352,INACTIVE,48.89
cust-01796,m-002,47,3,4011.84,1337.28,79,INACTIVE,66.25
cust-01797,m-002,20,7,8747.46,1249.64,295,RETURNING,10.51
cust-01798,m-002,12,4,11264.86,2816.22,268,RETURNING,10.46
cust-01799,m-002,95,13,12572.09,967.08,339,INACTIVE,30.08
cust-01800,m-002,245,4,3965.42,991.36,345,INACTIVE,76.81
cust-01801,m-002,117,5,2033.87,406.77,361,INACTIVE,37.32
cust-01802,m-002,98,5,3117.22,623.44,277,INACTIVE,40.25
cust-01803,m-002,4,5,7445.09,1489.02,275,RETURNING,6.45
cust-01804,m-002,139,6,5456.38,909.4,348,INACTIVE,44.11
cust-01805,m-002,88,7,12485.9,1783.7,348,INACTIVE,28.96
cust-01806,m-002,81,9,7209.29,801.03,334,INACTIVE,27.18
cust-01807,m-002,110,4,5697.09,1424.27,331,INACTIVE,39.13
cust-01808,m-002,25,6,5126.94,854.49,338,RETURNING,11.66
cust-01809,m-002,111,6,8689.67,1448.28,316,INACTIVE,39.3
cust-01810,m-002,64,7,8214.07,1173.44,351,INACTIVE,21.93
cust-01811,m-002,9,7,10145.13,1449.3,357,RETURNING,6.26
cust-01812,m-002,122,6,6826.84,1137.81,357,INACTIVE,38.36
cust-01813,m-002,40,5,1563.9,312.78,342,AT_RISK,16.66
cust-01814,m-002,1,12,12253.54,1021.13,326,RETURNING,2.61
cust-01815,m-002,132,8,12105.25,1513.16,353,INACTIVE,40.62
cust-01816,m-002,31,7,12542.95,1791.85,357,AT_RISK,12.41
cust-01817,m-002,65,10,14088.05,1408.8,334,INACTIVE,22.13
cust-01818,m-002,14,8,7214.27,901.78,271,RETURNING,8.48
cust-01819,m-002,207,3,2241.37,747.12,312,INACTIVE,73.63
cust-01820,m-002,2,11,11547.57,1049.78,362,RETURNING,3.05
cust-01821,m-002,0,8,7179.09,897.39,323,RETURNING,3.33
cust-01822,m-002,57,8,6938.51,867.31,315,AT_RISK,21.37
cust-01823,m-002,53,2,639.2,319.6,65,INACTIVE,90.3
cust-01824,m-002,35,8,5692.32,711.54,265,AT_RISK,16.49
cust-01825,m-002,167,4,3578.13,894.53,332,INACTIVE,56.15
cust-01826,m-002,166,3,2100.68,700.23,323,INACTIVE,58.73
cust-01827,m-002,75,4,4193.24,1048.31,293,INACTIVE,31.51
cust-01828,m-002,116,8,9355.21,1169.4,363,INACTIVE,35.2
cust-01829,m-002,49,6,7763.93,1293.99,334,AT_RISK,18.91
cust-01830,m-002,72,5,8424.66,1684.93,325,INACTIVE,27.09
cust-01831,m-002,2,4,6344.98,1586.24,320,RETURNING,6.62
cust-01832,m-002,33,4,4145.18,1036.3,231,AT_RISK,20.22
cust-01833,m-002,30,11,13964.92,1269.54,327,RETURNING,11.65
cust-01834,m-002,22,10,18004.41,1800.44,299,RETURNING,10.06
cust-01835,m-002,95,9,13017.78,1446.42,342,INACTIVE,30.7
cust-01836,m-002,21,9,11771.88,1307.99,364,RETURNING,8.75
cust-01837,m-002,27,6,8495.33,1415.89,332,RETURNING,12.39
cust-01838,m-002,40,6,6336.29,1056.05,318,AT_RISK,16.82
cust-01839,m-002,12,8,10408.6,1301.08,355,RETURNING,6.7
cust-01840,m-002,99,9,10554.82,1172.76,340,INACTIVE,32.03
cust-01841,m-002,70,4,4178.12,1044.53,333,INACTIVE,26.96
cust-01842,m-002,89,5,6965.62,1393.12,330,INACTIVE,31.89
cust-01843,m-002,92,6,6578.96,1096.49,359,INACTIVE,29.84
cust-01844,m-002,165,5,6326.56,1265.31,337,INACTIVE,53.82
cust-01845,m-002,47,8,3099.1,387.39,313,AT_RISK,18.3
cust-01846,m-002,35,7,7688.06,1098.29,313,AT_RISK,14.9
cust-01847,m-002,33,3,2987.46,995.82,326,NEW,17.59
cust-01848,m-002,6,6,6308.14,1051.36,327,RETURNING,6.11
cust-01849,m-002,79,6,4086.19,681.03,346,INACTIVE,27.05
cust-01850,m-002,43,7,8927.22,1275.32,258,AT_RISK,20.35
cust-01851,m-002,227,7,8567.97,1224.0,360,INACTIVE,66.63
cust-01852,m-002,19,4,5213.57,1303.39,328,RETURNING,11.78
cust-01853,m-002,31,9,8573.46,952.61,342,AT_RISK,12.04
cust-01854,m-002,182,5,9532.12,1906.42,359,INACTIVE,55.56
cust-01855,m-002,46,7,9004.73,1286.39,343,AT_RISK,17.12
cust-01856,m-002,67,8,15714.07,1964.26,335,INACTIVE,23.27
cust-01857,m-002,21,5,2624.87,524.97,354,RETURNING,10.92
cust-01858,m-002,32,5,5219.1,1043.82,359,AT_RISK,13.89
cust-01859,m-002,117,4,3993.42,998.36,345,INACTIVE,39.82
cust-01860,m-002,49,8,7088.03,886.0,349,AT_RISK,17.33
cust-01861,m-002,37,8,12663.89,1582.99,325,AT_RISK,14.68
cust-01862,m-002,76,8,8323.3,1040.41,324,INACTIVE,26.72
cust-01863,m-002,61,10,11407.21,1140.72,362,INACTIVE,19.53
cust-01864,m-002,26,5,2600.92,520.18,256,RETURNING,15.12
cust-01865,m-002,165,6,5088.14,848.02,362,INACTIVE,49.74
cust-01866,m-002,60,8,13567.91,1695.99,364,AT_RISK,19.77
cust-01867,m-002,215,2,4013.18,2006.59,332,INACTIVE,74.56
cust-01868,m-002,105,5,6795.12,1359.02,323,INACTIVE,37.41
cust-01869,m-002,212,3,4694.91,1564.97,358,INACTIVE,66.55
cust-01870,m-002,19,3,6322.37,2107.46,236,NEW,15.52
cust-01871,m-002,62,7,6801.12,971.59,361,INACTIVE,20.88
cust-01872,m-002,44,8,8986.15,1123.27,330,AT_RISK,16.63
cust-01873,m-002,84,4,4676.49,1169.12,165,INACTIVE,56.6
cust-01874,m-002,33,9,16451.02,1827.89,352,AT_RISK,12.35
cust-01875,m-002,23,7,12295.07,1756.44,309,RETURNING,11.17
cust-01876,m-002,41,7,9971.5,1424.5,356,AT_RISK,15.23
cust-01877,m-002,193,5,5010.29,1002.06,361,INACTIVE,58.31
cust-01878,m-002,192,2,1467.01,733.5,318,INACTIVE,70.19
cust-01879,m-002,0,8,10152.9,1269.11,362,RETURNING,3.33
cust-01880,m-002,117,7,4502.83,643.26,309,INACTIVE,41.49
cust-01881,m-002,62,7,7705.14,1100.73,318,INACTIVE,23.19
cust-01882,m-002,28,10,8230.81,823.08,356,RETURNING,10.57
cust-01883,m-002,32,7,6976.99,996.71,343,AT_RISK,13.05
cust-01884,m-002,22,9,8584.53,953.84,312,RETURNING,10.03
cust-01885,m-002,39,5,10254.26,2050.85,242,AT_RISK,21.05
cust-01886,m-002,108,6,2862.15,477.02,340,INACTIVE,35.96
cust-01887,m-002,58,5,11690.89,2338.18,355,AT_RISK,21.29
cust-01888,m-002,15,3,2289.43,763.14,215,NEW,14.44
cust-01889,m-002,19,11,14690.35,1335.49,339,RETURNING,8.09
cust-01890,m-002,215,4,4693.57,1173.39,334,INACTIVE,70.18
cust-01891,m-002,32,9,7277.41,808.6,324,AT_RISK,12.85
cust-01892,m-002,23,7,8873.3,1267.61,325,RETURNING,10.81
cust-01893,m-002,30,7,9199.34,1314.19,344,RETURNING,12.45
cust-01894,m-002,42,9,7784.88,864.99,363,AT_RISK,14.54
cust-01895,m-002,62,12,15059.17,1254.93,362,INACTIVE,19.39
cust-01896,m-002,98,6,8626.76,1437.79,172,INACTIVE,60.93
cust-01897,m-002,53,4,4832.14,1208.04,287,AT_RISK,24.4
cust-01898,m-002,13,6,2862.15,477.02,277,RETURNING,8.96
cust-01899,m-002,93,3,3011.57,1003.86,326,INACTIVE,35.94
cust-01900,m-002,26,11,12242.35,1112.94,327,RETURNING,10.43
cust-01901,m-002,12,10,10772.04,1077.2,326,RETURNING,6.4
cust-01902,m-002,48,8,12908.68,1613.58,331,AT_RISK,17.79
cust-01903,m-002,109,9,14891.52,1654.61,333,INACTIVE,35.63
cust-01904,m-002,103,2,3833.69,1916.85,103,INACTIVE,100.0
cust-01905,m-002,17,9,9716.1,1079.57,347,RETURNING,7.89
cust-01906,m-002,69,6,4169.43,694.91,335,INACTIVE,24.82
cust-01907,m-002,53,7,9900.5,1414.36,342,AT_RISK,19.2
cust-01908,m-002,2,13,33951.54,2611.66,363,RETURNING,2.69
cust-01909,m-002,32,6,10680.29,1780.05,266,AT_RISK,16.27
cust-01910,m-002,4,4,1089.81,272.45,259,RETURNING,7.54
cust-01911,m-002,45,10,15080.9,1508.09,313,AT_RISK,17.06
cust-01912,m-002,75,9,10210.42,1134.49,357,INACTIVE,23.95
cust-01913,m-002,23,6,8898.75,1483.12,327,RETURNING,11.3
cust-01914,m-002,30,8,7116.18,889.52,331,RETURNING,12.37
cust-01915,m-002,25,7,8708.39,1244.06,329,RETURNING,11.33
cust-01916,m-002,59,6,6212.02,1035.34,337,AT_RISK,21.74
cust-01917,m-002,65,5,5243.05,1048.61,258,INACTIVE,30.1
cust-01918,m-002,22,14,16215.24,1158.23,350,RETURNING,8.27
cust-01919,m-002,164,3,3824.26,1274.75,356,INACTIVE,53.44
cust-01920,m-002,16,7,9232.12,1318.87,256,RETURNING,9.98
cust-01921,m-002,125,4,2837.9,709.48,273,INACTIVE,51.62
cust-01922,m-002,20,11,14868.67,1351.7,339,RETURNING,8.38
cust-01923,m-002,48,8,10114.1,1264.26,331,AT_RISK,17.79
cust-01924,m-002,80,4,6598.72,1649.68,295,INACTIVE,33.03
cust-01925,m-002,46,7,7986.52,1140.93,344,AT_RISK,17.08
cust-01926,m-002,43,10,12995.71,1299.57,355,AT_RISK,14.81
cust-01927,m-002,33,7,9816.12,1402.3,349,AT_RISK,13.18
cust-01928,m-002,81,8,8167.6,1020.95,347,INACTIVE,26.61
cust-01929,m-002,70,8,9865.95,1233.24,350,INACTIVE,23.28
cust-01930,m-002,105,3,4235.61,1411.87,292,INACTIVE,43.34
cust-01931,m-002,79,5,4734.28,946.86,353,INACTIVE,27.32
cust-01932,m-002,81,7,6614.1,944.87,279,INACTIVE,32.68
cust-01933,m-002,90,7,7000.94,1000.13,342,INACTIVE,29.99
cust-01934,m-002,177,2,1278.26,639.13,348,INACTIVE,60.72
cust-01935,m-002,4,11,11544.32,1049.48,357,RETURNING,3.62
cust-01936,m-002,17,9,8485.03,942.78,328,RETURNING,8.17
cust-01937,m-002,116,7,9037.83,1291.12,254,INACTIVE,49.24
cust-01938,m-002,11,11,12433.34,1130.3,249,RETURNING,6.9
cust-01939,m-002,11,6,5282.75,880.46,332,RETURNING,7.59
cust-01940,m-002,115,5,6352.75,1270.55,347,INACTIVE,38.05
cust-01941,m-002,9,6,5621.18,936.86,251,RETURNING,7.86
cust-01942,m-002,110,6,4438.01,739.67,362,INACTIVE,34.59
cust-01943,m-002,89,4,5935.71,1483.93,323,INACTIVE,33.47
cust-01944,m-002,72,5,8248.79,1649.76,277,INACTIVE,30.9
cust-01945,m-002,13,10,14995.85,1499.58,359,RETURNING,6.34
cust-01946,m-002,32,7,13545.3,1935.04,344,AT_RISK,13.03
cust-01947,m-002,57,8,5355.06,669.38,329,AT_RISK,20.61
cust-01948,m-002,13,8,3501.35,437.67,340,RETURNING,7.15
cust-01949,m-002,269,3,6805.89,2268.63,342,INACTIVE,85.93
cust-01950,m-002,47,5,5186.16,1037.23,354,AT_RISK,18.24
cust-01951,m-002,14,8,7553.46,944.18,285,RETURNING,8.23
cust-01952,m-002,96,5,6278.5,1255.7,319,INACTIVE,35.0
cust-01953,m-002,4,9,7212.77,801.42,352,RETURNING,4.13
cust-01954,m-002,53,6,8659.7,1443.28,318,AT_RISK,20.9
cust-01955,m-002,14,6,7647.35,1274.56,280,RETURNING,9.27
cust-01956,m-002,78,5,6821.15,1364.23,232,INACTIVE,38.48
cust-01957,m-002,12,11,12849.64,1168.15,274,RETURNING,6.86
cust-01958,m-002,35,6,7886.24,1314.37,283,AT_RISK,16.61
cust-01959,m-002,132,5,9571.19,1914.24,332,INACTIVE,44.64
cust-01960,m-002,116,5,7445.09,1489.02,349,INACTIVE,38.14
cust-01961,m-002,154,4,5476.41,1369.1,353,INACTIVE,49.5
cust-01962,m-002,32,7,5786.29,826.61,331,AT_RISK,13.39
cust-01963,m-002,26,3,2763.69,921.23,303,NEW,16.05
cust-01964,m-002,35,10,26445.64,2644.56,358,AT_RISK,12.48
cust-01965,m-002,88,5,5078.41,1015.68,357,INACTIVE,29.58
cust-01966,m-002,4,8,9362.24,1170.28,361,RETURNING,4.44
cust-01967,m-002,5,10,14754.84,1475.48,326,RETURNING,4.26
cust-01968,m-002,3,4,3965.42,991.36,151,RETURNING,7.97
cust-01969,m-002,67,8,11471.78,1433.97,351,INACTIVE,22.37
cust-01970,m-002,1,9,9005.03,1000.56,356,RETURNING,3.28
cust-01971,m-002,69,5,7213.5,1442.7,319,INACTIVE,26.56
cust-01972,m-002,10,9,5765.97,640.66,353,RETURNING,5.82
cust-01973,m-002,240,7,8041.45,1148.78,355,INACTIVE,71.17
cust-01974,m-002,4,10,14577.59,1457.76,348,RETURNING,3.87
cust-01975,m-002,95,5,2154.74,430.95,323,INACTIVE,34.32
cust-01976,m-002,44,10,8031.15,803.12,354,AT_RISK,15.12
cust-01977,m-002,74,9,9377.67,1041.96,362,INACTIVE,23.39
cust-01978,m-002,3,2,1418.95,709.48,315,NEW,10.95
cust-01979,m-002,64,9,8181.27,909.03,353,INACTIVE,21.08
cust-01980,m-002,47,5,6152.93,1230.59,315,AT_RISK,19.87
cust-01981,m-002,20,8,10152.9,1269.11,354,RETURNING,8.97
cust-01982,m-002,13,7,14900.64,2128.66,327,RETURNING,7.71
cust-01983,m-002,63,6,12059.87,2009.98,342,INACTIVE,22.65
cust-01984,m-002,268,4,3389.54,847.39,323,INACTIVE,88.72
cust-01985,m-002,5,12,12859.21,1071.6,357,RETURNING,3.7
cust-01986,m-002,18,10,12040.25,1204.03,359,RETURNING,7.73
cust-01987,m-002,68,5,3519.63,703.93,359,INACTIVE,23.89
cust-01988,m-002,9,4,5291.44,1322.86,356,RETURNING,8.52
cust-01989,m-002,38,7,10350.81,1478.69,357,AT_RISK,14.36
cust-01990,m-002,93,3,3800.15,1266.72,354,INACTIVE,33.7
cust-01991,m-002,36,8,12928.74,1616.09,339,AT_RISK,13.92
cust-01992,m-002,188,3,4211.66,1403.89,292,INACTIVE,71.66
cust-01993,m-002,43,10,14625.22,1462.52,329,AT_RISK,15.76
cust-01994,m-002,5,7,3732.63,533.23,356,RETURNING,5.15
cust-01995,m-002,60,5,8272.9,1654.58,209,AT_RISK,33.57
cust-01996,m-002,139,9,7736.42,859.6,356,INACTIVE,41.94
cust-01997,m-002,47,4,5252.64,1313.16,319,AT_RISK,20.69
cust-01998,m-002,5,8,8253.61,1031.7,330,RETURNING,4.84
cust-01999,m-002,167,7,3051.37,435.91,360,INACTIVE,50.01
cust-02000,m-002,99,4,4793.07,1198.27,304,INACTIVE,38.46
cust-02001,m-002,76,4,6984.04,1746.01,349,INACTIVE,27.71
cust-02002,m-002,13,6,5660.09,943.35,249,RETURNING,9.49
cust-02003,m-002,15,6,5432.43,905.41,336,RETURNING,8.74
cust-02004,m-002,127,3,3824.26,1274.75,281,INACTIVE,52.54
cust-02005,m-002,20,8,11621.73,1452.72,360,RETURNING,8.87
cust-02006,m-002,102,6,7426.67,1237.78,330,INACTIVE,35.1
cust-02007,m-002,24,7,6976.99,996.71,333,RETURNING,10.94
cust-02008,m-002,10,6,5364.31,894.05,340,RETURNING,7.22
cust-02009,m-002,246,4,5252.64,1313.16,290,INACTIVE,90.54
cust-02010,m-002,133,5,2508.29,501.66,354,INACTIVE,42.46
cust-02011,m-002,12,5,5045.47,1009.09,319,RETURNING,8.75
cust-02012,m-002,12,11,11119.93,1010.9,361,RETURNING,5.81
cust-02013,m-002,14,5,4036.09,807.22,341,RETURNING,9.09
cust-02014,m-002,25,8,8057.04,1007.13,345,RETURNING,10.56
cust-02015,m-002,158,6,6776.7,1129.45,342,INACTIVE,50.35
cust-02016,m-002,22,10,13491.84,1349.18,350,RETURNING,9.0
cust-02017,m-002,28,11,14429.43,1311.77,349,RETURNING,10.5
cust-02018,m-002,0,5,8093.14,1618.63,345,RETURNING,5.0
cust-02019,m-002,19,9,11623.05,1291.45,347,RETURNING,8.46
cust-02020,m-002,26,10,9188.75,918.88,347,RETURNING,10.2
cust-02021,m-002,33,5,8332.03,1666.41,255,AT_RISK,17.89
cust-02022,m-002,96,8,16099.12,2012.39,356,INACTIVE,30.22
cust-02023,m-002,82,11,13575.55,1234.14,355,INACTIVE,25.53
cust-02024,m-002,35,11,9010.39,819.13,299,AT_RISK,14.17
cust-02025,m-002,19,8,7827.41,978.43,361,RETURNING,8.58
cust-02026,m-002,167,7,14252.32,2036.05,304,INACTIVE,58.5
cust-02027,m-002,135,5,9768.66,1953.73,292,INACTIVE,51.08
cust-02028,m-002,64,6,6080.59,1013.43,350,INACTIVE,22.52
cust-02029,m-002,8,8,10269.48,1283.68,337,RETURNING,5.7
cust-02030,m-002,191,4,4226.18,1056.54,325,INACTIVE,64.59
cust-02031,m-002,95,6,5456.38,909.4,330,INACTIVE,32.99
cust-02032,m-002,39,9,13304.7,1478.3,316,AT_RISK,15.3
cust-02033,m-002,56,10,17228.87,1722.89,295,AT_RISK,21.65
cust-02034,m-002,99,4,1917.46,479.36,358,INACTIVE,33.58
cust-02035,m-002,18,4,6739.41,1684.85,353,RETURNING,11.08
cust-02036,m-002,162,8,6080.73,760.09,352,INACTIVE,49.23
cust-02037,m-002,3,8,6399.34,799.92,239,RETURNING,4.58
cust-02038,m-002,31,3,1017.17,339.06,261,NEW,19.33
cust-02039,m-002,175,4,4052.55,1013.14,308,INACTIVE,62.63
cust-02040,m-002,13,16,20249.55,1265.6,364,LOYAL,5.33
cust-02041,m-002,15,7,9669.86,1381.41,343,RETURNING,8.11
cust-02042,m-002,194,3,5746.49,1915.5,293,INACTIVE,73.49
cust-02043,m-002,31,6,9119.27,1519.88,319,AT_RISK,13.97
cust-02044,m-002,107,5,10180.01,2036.0,287,INACTIVE,42.15
cust-02045,m-002,109,7,7769.46,1109.92,324,INACTIVE,37.29
cust-02046,m-002,68,4,3872.79,968.2,256,INACTIVE,32.46
cust-02047,m-002,209,3,1017.17,339.06,329,INACTIVE,70.83
cust-02048,m-002,20,10,14150.96,1415.1,316,RETURNING,9.04
cust-02049,m-002,80,7,5432.1,776.01,255,INACTIVE,35.0
cust-02050,m-002,7,9,10988.36,1220.93,336,RETURNING,5.08
cust-02051,m-002,4,9,7557.06,839.67,333,RETURNING,4.2
cust-02052,m-002,2,12,13951.71,1162.64,334,RETURNING,2.9
cust-02053,m-002,9,8,5844.08,730.51,343,RETURNING,5.95
cust-02054,m-002,152,4,7043.17,1760.79,330,INACTIVE,51.92
cust-02055,m-002,25,6,9484.38,1580.73,273,RETURNING,13.41
cust-02056,m-002,40,5,6771.01,1354.2,311,AT_RISK,17.82
cust-02057,m-002,20,6,7358.55,1226.42,242,RETURNING,12.52
cust-02058,m-002,56,2,3389.24,1694.62,310,INACTIVE,28.01
cust-02059,m-002,33,8,6251.23,781.4,352,AT_RISK,12.68
cust-02060,m-002,58,5,4595.0,919.0,294,AT_RISK,24.66
cust-02061,m-002,86,7,7071.94,1010.28,270,INACTIVE,35.48
cust-02062,m-002,69,9,9410.77,1045.64,328,INACTIVE,23.97
cust-02063,m-002,208,3,1181.97,393.99,245,INACTIVE,92.05
cust-02064,m-002,15,8,16961.68,2120.21,315,RETURNING,8.08
cust-02065,m-002,52,8,8427.24,1053.4,339,AT_RISK,18.63
cust-02066,m-002,221,3,1157.86,385.95,281,INACTIVE,85.87
cust-02067,m-002,67,5,7469.2,1493.84,249,INACTIVE,31.8
cust-02068,m-002,28,10,15494.22,1549.42,356,RETURNING,10.57
cust-02069,m-002,53,7,7165.74,1023.68,331,AT_RISK,19.71
cust-02070,m-002,3,7,6192.03,884.58,277,RETURNING,4.83
cust-02071,m-002,8,6,6089.42,1014.9,362,RETURNING,6.49
cust-02072,m-002,110,3,3208.14,1069.38,361,INACTIVE,37.89
cust-02073,m-002,24,10,9116.74,911.67,328,RETURNING,10.02
cust-02074,m-002,94,4,2721.16,680.29,356,INACTIVE,32.33
cust-02075,m-002,80,9,9871.91,1096.88,363,INACTIVE,24.98
cust-02076,m-002,94,8,6496.02,812.0,357,INACTIVE,29.59
cust-02077,m-002,90,5,10204.12,2040.82,246,INACTIVE,41.44
cust-02078,m-002,10,3,3396.89,1132.3,181,NEW,12.99
cust-02079,m-002,60,4,7363.35,1840.84,194,AT_RISK,36.77
cust-02080,m-002,45,9,10225.38,1136.15,339,AT_RISK,16.24
cust-02081,m-002,91,5,5078.41,1015.68,266,INACTIVE,39.08
cust-02082,m-002,165,6,5660.25,943.38,362,INACTIVE,49.74
cust-02083,m-002,88,7,6093.94,870.56,354,INACTIVE,28.54
cust-02084,m-002,30,10,16177.29,1617.73,351,RETURNING,11.25
cust-02085,m-002,65,7,5234.36,747.77,315,INACTIVE,24.32
cust-02086,m-002,0,9,12901.33,1433.48,296,RETURNING,3.0
cust-02087,m-002,42,4,4061.54,1015.38,194,AT_RISK,27.54
cust-02088,m-002,27,11,13031.09,1184.64,330,RETURNING,10.66
cust-02089,m-002,11,7,7049.0,1007.0,298,RETURNING,7.43
cust-02090,m-002,14,6,7032.4,1172.07,353,RETURNING,8.24
cust-02091,m-002,32,4,10640.92,2660.23,293,AT_RISK,16.88
cust-02092,m-002,67,3,5557.74,1852.58,323,INACTIVE,28.18
cust-02093,m-002,19,6,5939.9,989.98,340,RETURNING,9.86
cust-02094,m-002,38,5,9531.85,1906.37,290,AT_RISK,18.06
cust-02095,m-002,37,8,11893.29,1486.66,331,AT_RISK,14.48
cust-02096,m-002,99,7,12780.67,1825.81,331,INACTIVE,33.57
cust-02097,m-002,14,6,6554.85,1092.48,288,RETURNING,9.13
cust-02098,m-002,41,9,13969.99,1552.22,320,AT_RISK,15.77
cust-02099,m-002,43,7,7591.94,1084.56,308,AT_RISK,17.67
cust-02100,m-002,30,5,4463.46,892.69,358,RETURNING,13.36
cust-02101,m-002,57,7,11673.21,1667.6,301,AT_RISK,22.62
cust-02102,m-002,67,9,12277.23,1364.14,339,INACTIVE,22.71
cust-02103,m-002,30,10,13240.34,1324.03,360,RETURNING,11.04
cust-02104,m-002,52,6,7876.98,1312.83,353,AT_RISK,18.97
cust-02105,m-002,13,9,7106.75,789.64,329,RETURNING,6.94
cust-02106,m-002,57,3,3776.2,1258.73,331,INACTIVE,24.67
cust-02107,m-002,93,7,10712.18,1530.31,364,INACTIVE,29.23
cust-02108,m-002,57,7,6317.87,902.55,355,AT_RISK,19.76
cust-02109,m-002,242,4,5935.71,1483.93,332,INACTIVE,78.67
cust-02110,m-002,1,9,8157.32,906.37,297,RETURNING,3.34
cust-02111,m-002,49,8,9662.51,1207.81,309,AT_RISK,19.14
cust-02112,m-002,19,11,14953.48,1359.41,342,RETURNING,8.04
cust-02113,m-002,146,6,7212.16,1202.03,357,INACTIVE,45.07
cust-02114,m-002,67,6,6875.03,1145.84,231,INACTIVE,33.17
cust-02115,m-002,74,5,8955.97,1791.19,324,INACTIVE,27.77
cust-02116,m-002,0,8,8821.67,1102.71,321,RETURNING,3.33
cust-02117,m-002,88,8,12090.25,1511.28,326,INACTIVE,30.24
cust-02118,m-002,62,10,16521.69,1652.17,351,INACTIVE,20.34
cust-02119,m-002,206,5,2057.98,411.6,327,INACTIVE,67.8
cust-02120,m-002,59,6,6767.71,1127.95,346,AT_RISK,21.29
cust-02121,m-002,33,7,8166.01,1166.57,313,AT_RISK,14.26
cust-02122,m-002,40,7,5431.09,775.87,362,AT_RISK,14.77
cust-02123,m-002,4,7,9061.78,1294.54,353,RETURNING,4.88
cust-02124,m-002,19,7,7828.59,1118.37,361,RETURNING,9.0
cust-02125,m-002,12,8,14439.46,1804.93,329,RETURNING,6.97
cust-02126,m-002,47,6,9972.84,1662.14,336,AT_RISK,18.23
cust-02127,m-002,12,4,9153.88,2288.47,332,RETURNING,9.6
cust-02128,m-002,73,9,12706.72,1411.86,304,INACTIVE,26.93
cust-02129,m-002,124,7,9956.81,1422.4,318,INACTIVE,42.62
cust-02130,m-002,28,6,12504.32,2084.05,335,RETURNING,12.62
cust-02131,m-002,186,6,10441.4,1740.23,325,INACTIVE,61.34
cust-02132,m-002,203,1,1040.98,1040.98,203,INACTIVE,100.0
cust-02133,m-002,121,7,10210.12,1458.59,345,INACTIVE,38.72
cust-02134,m-002,16,5,4391.29,878.26,343,RETURNING,9.65
cust-02135,m-002,8,6,10373.28,1728.88,343,RETURNING,6.61
cust-02136,m-002,31,8,11777.11,1472.14,357,AT_RISK,11.99
cust-02137,m-002,144,6,11435.93,1905.99,327,INACTIVE,48.19
cust-02138,m-002,19,7,10360.07,1480.01,307,RETURNING,9.92
cust-02139,m-002,207,4,6124.46,1531.12,346,INACTIVE,65.65
cust-02140,m-002,24,7,4864.2,694.89,331,RETURNING,10.98
cust-02141,m-002,26,7,8419.59,1202.8,345,RETURNING,11.26
cust-02142,m-002,26,8,5242.01,655.25,320,RETURNING,11.43
cust-02143,m-002,37,6,6301.27,1050.21,350,AT_RISK,14.83
cust-02144,m-002,11,7,8428.58,1204.08,351,RETURNING,6.88
cust-02145,m-002,331,1,237.28,237.28,331,INACTIVE,100.0
cust-02146,m-002,33,7,7550.9,1078.7,358,AT_RISK,12.94
cust-02147,m-002,20,4,7231.92,1807.98,273,RETURNING,13.3
cust-02148,m-002,69,8,8286.55,1035.82,323,INACTIVE,24.63
cust-02149,m-002,90,10,16671.88,1667.19,346,INACTIVE,28.66
cust-02150,m-002,22,9,10853.01,1205.89,360,RETURNING,9.09
cust-02151,m-002,245,2,3389.24,1694.62,331,INACTIVE,83.8
cust-02152,m-002,143,5,5260.29,1052.06,286,INACTIVE,54.83
cust-02153,m-002,24,9,7984.54,887.17,356,RETURNING,9.72
cust-02154,m-002,23,8,8080.99,1010.12,330,RETURNING,10.28
cust-02155,m-002,98,6,10997.22,1832.87,356,INACTIVE,31.74
cust-02156,m-002,66,9,5781.09,642.34,214,INACTIVE,33.7
cust-02157,m-002,14,6,5456.38,909.4,338,RETURNING,8.42
cust-02158,m-002,145,8,11884.3,1485.54,347,INACTIVE,45.0
cust-02159,m-002,20,5,4487.57,897.51,274,RETURNING,12.27
cust-02160,m-002,43,7,9900.66,1414.38,312,AT_RISK,17.49
cust-02161,m-002,116,6,3189.86,531.64,364,INACTIVE,36.07
cust-02162,m-002,243,7,6878.9,982.7,358,INACTIVE,71.44
cust-02163,m-002,156,6,7987.86,1331.31,314,INACTIVE,53.81
cust-02164,m-002,23,4,2715.3,678.82,159,RETURNING,20.38
cust-02165,m-002,219,4,4808.19,1202.05,318,INACTIVE,74.65
cust-02166,m-002,155,5,6361.74,1272.35,247,INACTIVE,67.5
cust-02167,m-002,26,9,13564.34,1507.15,350,RETURNING,10.41
cust-02168,m-002,5,7,6356.67,908.1,354,RETURNING,5.16
cust-02169,m-002,28,6,11441.67,1906.94,349,RETURNING,12.29
cust-02170,m-002,35,6,8510.18,1418.36,266,AT_RISK,17.39
cust-02171,m-002,163,3,3767.21,1255.74,332,INACTIVE,56.45
cust-02172,m-002,115,7,5490.22,784.32,364,INACTIVE,35.26
cust-02173,m-002,132,7,12960.43,1851.49,310,INACTIVE,46.19
cust-02174,m-002,9,7,6153.23,879.03,353,RETURNING,6.29
cust-02175,m-002,17,7,7769.46,1109.92,302,RETURNING,9.36
cust-02176,m-002,94,5,9735.56,1947.11,350,INACTIVE,31.78
cust-02177,m-002,53,5,7141.33,1428.27,320,AT_RISK,21.51
cust-02178,m-002,4,10,8175.73,817.57,325,RETURNING,3.95
cust-02179,m-002,80,9,13889.73,1543.3,334,INACTIVE,26.88
cust-02180,m-002,37,8,6351.28,793.91,345,AT_RISK,14.03
cust-02181,m-002,22,7,12156.46,1736.64,356,RETURNING,9.91
cust-02182,m-002,39,7,7132.64,1018.95,314,AT_RISK,16.13
cust-02183,m-002,55,12,15067.15,1255.6,305,AT_RISK,20.28
cust-02184,m-002,57,9,7940.42,882.27,235,AT_RISK,27.15
cust-02185,m-002,266,1,237.28,237.28,266,INACTIVE,100.0
cust-02186,m-002,33,9,13393.84,1488.2,347,AT_RISK,12.48
cust-02187,m-002,84,6,5950.97,991.83,358,INACTIVE,27.68
cust-02188,m-002,2,8,9086.63,1135.83,327,RETURNING,3.94
cust-02189,m-002,30,12,14587.15,1215.6,358,RETURNING,10.66
cust-02190,m-002,31,12,13301.74,1108.48,347,AT_RISK,11.22
cust-02191,m-002,80,6,7023.41,1170.57,324,INACTIVE,28.9
cust-02192,m-002,50,9,13545.6,1505.07,301,AT_RISK,19.56
cust-02193,m-002,43,5,7000.64,1400.13,292,AT_RISK,19.68
cust-02194,m-002,46,12,20775.61,1731.3,354,AT_RISK,15.27
cust-02195,m-002,2,7,9111.92,1301.7,339,RETURNING,4.34
cust-02196,m-002,26,4,5261.47,1315.37,349,RETURNING,13.43
cust-02197,m-002,73,4,7363.35,1840.84,305,INACTIVE,29.86
cust-02198,m-002,138,2,3374.12,1687.06,318,INACTIVE,53.26
cust-02199,m-002,92,5,6075.06,1215.01,277,INACTIVE,38.09
cust-02200,m-002,149,3,4415.1,1471.7,361,INACTIVE,48.66
cust-02201,m-002,29,9,15021.3,1669.03,348,RETURNING,11.31
cust-02202,m-002,3,4,2058.15,514.54,250,RETURNING,7.2
cust-02203,m-002,61,11,10823.86,983.99,351,INACTIVE,19.83
cust-02204,m-002,29,10,9616.52,961.65,339,RETURNING,11.26
cust-02205,m-002,51,7,6153.07,879.01,290,AT_RISK,21.28
cust-02206,m-002,51,9,23472.34,2608.04,360,AT_RISK,17.13
cust-02207,m-002,166,3,5557.74,1852.58,282,INACTIVE,66.16
cust-02208,m-002,6,9,16943.53,1882.61,352,RETURNING,4.7
cust-02209,m-002,9,10,13434.68,1343.47,290,RETURNING,5.82
cust-02210,m-002,77,9,6094.24,677.14,299,INACTIVE,28.67
cust-02211,m-002,102,10,9614.68,961.47,350,INACTIVE,31.79
cust-02212,m-002,61,12,11018.94,918.24,291,INACTIVE,23.2
cust-02213,m-002,32,5,1845.12,369.02,201,AT_RISK,20.84
cust-02214,m-002,10,4,3824.73,956.18,303,RETURNING,9.29
cust-02215,m-002,167,6,8462.12,1410.35,332,INACTIVE,54.44
cust-02216,m-002,37,10,16285.89,1628.59,346,AT_RISK,13.39
cust-02217,m-002,20,2,1467.01,733.5,198,NEW,20.05
cust-02218,m-002,14,7,7169.63,1024.23,351,RETURNING,7.73
cust-02219,m-002,109,5,7015.76,1403.15,356,INACTIVE,35.53
cust-02220,m-002,43,6,6089.42,1014.9,360,AT_RISK,16.2
cust-02221,m-002,63,6,4972.97,828.83,299,INACTIVE,25.29
cust-02222,m-002,38,9,11260.19,1251.13,354,AT_RISK,13.7
cust-02223,m-002,0,8,8591.88,1073.98,245,RETURNING,3.33
cust-02224,m-002,5,8,13806.53,1725.82,293,RETURNING,5.03
cust-02225,m-002,153,8,8006.74,1000.84,327,INACTIVE,49.98
cust-02226,m-002,8,6,3282.49,547.08,354,RETURNING,6.54
cust-02227,m-002,179,4,4028.44,1007.11,355,INACTIVE,56.28
cust-02228,m-002,44,7,8177.08,1168.15,334,AT_RISK,16.88
cust-02229,m-002,23,13,17998.16,1384.47,332,RETURNING,9.05
cust-02230,m-002,37,9,13471.19,1496.8,337,AT_RISK,13.95
cust-02231,m-002,49,3,1656.23,552.08,315,INACTIVE,23.01
cust-02232,m-002,30,7,7769.46,1109.92,340,RETURNING,12.55
cust-02233,m-002,5,4,6724.29,1681.07,329,RETURNING,7.52
cust-02234,m-002,86,4,5983.77,1495.94,348,INACTIVE,30.64
cust-02235,m-002,74,7,9085.89,1297.98,318,INACTIVE,26.95
cust-02236,m-002,79,12,10522.01,876.83,335,INACTIVE,25.82
cust-02237,m-002,111,12,9589.06,799.09,347,INACTIVE,34.2
cust-02238,m-002,63,8,11836.24,1479.53,329,INACTIVE,22.42
cust-02239,m-002,78,6,4467.98,744.66,357,INACTIVE,26.07
cust-02240,m-002,11,10,8216.77,821.68,301,RETURNING,6.37
cust-02241,m-002,189,5,6417.62,1283.52,348,INACTIVE,59.15
cust-02242,m-002,36,4,3248.85,812.21,275,AT_RISK,19.04
cust-02243,m-002,91,7,7338.2,1048.31,326,INACTIVE,31.58
cust-02244,m-002,40,5,4395.34,879.07,179,AT_RISK,27.22
cust-02245,m-002,52,5,3767.35,753.47,295,AT_RISK,22.57
cust-02246,m-002,61,8,9314.18,1164.27,363,INACTIVE,20.09
cust-02247,m-002,19,10,13230.95,1323.1,350,RETURNING,8.14
cust-02248,m-002,71,4,4193.24,1048.31,346,INACTIVE,26.46
cust-02249,m-002,82,5,3756.28,751.26,331,INACTIVE,29.7
cust-02250,m-002,137,4,5276.59,1319.15,347,INACTIVE,45.37
cust-02251,m-002,71,6,5330.81,888.47,327,INACTIVE,25.93
cust-02252,m-002,40,8,7866.21,983.28,345,AT_RISK,14.89
cust-02253,m-002,32,5,4439.35,887.87,291,AT_RISK,15.96
cust-02254,m-002,80,7,11917.57,1702.51,352,INACTIVE,26.41
cust-02255,m-002,27,4,3306.3,826.58,343,RETURNING,13.85
cust-02256,m-002,46,6,10876.59,1812.76,342,AT_RISK,17.7
cust-02257,m-002,144,7,9547.11,1363.87,348,INACTIVE,45.01
cust-02258,m-002,76,9,12223.2,1358.13,360,INACTIVE,24.05
cust-02259,m-002,0,10,12020.19,1202.02,346,RETURNING,2.73
cust-02260,m-002,59,9,5881.54,653.5,341,AT_RISK,20.25
cust-02261,m-002,72,3,1704.29,568.1,273,INACTIVE,33.78
cust-02262,m-002,18,6,6476.98,1079.5,360,RETURNING,9.27
cust-02263,m-002,62,7,6710.22,958.6,349,INACTIVE,21.46
cust-02264,m-002,205,7,2508.43,358.35,329,INACTIVE,65.87
cust-02265,m-002,63,6,10252.65,1708.78,342,INACTIVE,22.65
cust-02266,m-002,33,10,13732.74,1373.27,342,AT_RISK,12.35
cust-02267,m-002,29,7,5034.7,719.24,358,RETURNING,11.83
cust-02268,m-002,29,4,4169.13,1042.28,130,RETURNING,28.14
cust-02269,m-002,36,6,6187.78,1031.3,318,AT_RISK,15.57
cust-02270,m-002,29,7,4067.93,581.13,361,RETURNING,11.76
cust-02271,m-002,71,11,11618.14,1056.19,340,INACTIVE,23.32
cust-02272,m-002,145,7,9939.73,1419.96,344,INACTIVE,45.78
cust-02273,m-002,0,9,13189.97,1465.55,295,RETURNING,3.0
cust-02274,m-002,36,8,8481.16,1060.14,325,AT_RISK,14.38
cust-02275,m-002,84,2,1911.46,955.73,107,INACTIVE,87.78
cust-02276,m-002,122,3,1704.29,568.1,238,INACTIVE,58.55
cust-02277,m-002,154,5,2295.43,459.09,271,INACTIVE,61.62
cust-02278,m-002,123,6,6563.84,1093.97,349,INACTIVE,39.43
cust-02279,m-002,159,5,6656.51,1331.3,340,INACTIVE,51.63
cust-02280,m-002,55,5,6845.26,1369.05,341,AT_RISK,21.08
cust-02281,m-002,43,5,5958.32,1191.66,211,AT_RISK,25.28
cust-02282,m-002,171,6,6260.08,1043.35,344,INACTIVE,53.85
cust-02283,m-002,93,3,2337.49,779.16,306,INACTIVE,37.79
cust-02284,m-002,20,9,16115.99,1790.67,355,RETURNING,8.62
cust-02285,m-002,68,3,5943.06,1981.02,295,INACTIVE,30.47
cust-02286,m-002,50,9,8829.0,981.0,330,AT_RISK,18.11
cust-02287,m-002,45,4,7470.81,1867.7,245,AT_RISK,24.29
cust-02288,m-002,23,9,10966.06,1218.45,355,RETURNING,9.46
cust-02289,m-002,16,7,5529.02,789.86,331,RETURNING,8.57
cust-02290,m-002,50,6,5315.69,885.95,345,AT_RISK,18.74
cust-02291,m-002,34,9,12810.78,1423.42,333,AT_RISK,13.18
cust-02292,m-002,131,7,26033.91,3719.13,359,INACTIVE,40.14
cust-02293,m-002,139,7,6893.75,984.82,348,INACTIVE,43.58
cust-02294,m-002,251,4,5876.58,1469.14,286,INACTIVE,93.46
cust-02295,m-002,14,12,8974.27,747.86,364,RETURNING,6.14
cust-02296,m-002,27,7,9601.3,1371.61,315,RETURNING,12.29
cust-02297,m-002,5,6,2673.4,445.57,345,RETURNING,5.73
cust-02298,m-002,41,9,12549.51,1394.39,362,AT_RISK,14.29
cust-02299,m-002,36,9,10946.0,1216.22,278,AT_RISK,15.9
cust-02300,m-002,2,7,5882.41,840.34,345,RETURNING,4.33
cust-02301,m-002,8,9,7795.95,866.22,349,RETURNING,5.29
cust-02302,m-002,105,8,11012.48,1376.56,346,INACTIVE,33.59
cust-02303,m-002,37,7,7401.38,1057.34,174,AT_RISK,24.89
cust-02304,m-002,28,10,13123.76,1312.38,328,RETURNING,11.24
cust-02305,m-002,20,8,15410.04,1926.26,345,RETURNING,9.11
cust-02306,m-002,35,7,5455.04,779.29,309,AT_RISK,15.04
cust-02307,m-002,17,6,4784.38,797.4,346,RETURNING,9.18
cust-02308,m-002,14,5,8093.41,1618.68,331,RETURNING,9.22
cust-02309,m-002,3,13,10994.5,845.73,274,RETURNING,3.23
cust-02310,m-002,47,7,7301.06,1043.01,339,AT_RISK,17.57
cust-02311,m-002,21,6,6710.39,1118.4,331,RETURNING,10.61
cust-02312,m-002,59,9,7712.71,856.97,253,AT_RISK,26.23
cust-02313,m-002,109,8,6884.43,860.55,350,INACTIVE,34.39
cust-02314,m-002,96,9,14856.77,1650.75,314,INACTIVE,33.48
cust-02315,m-002,82,4,4308.25,1077.06,216,INACTIVE,43.79
cust-02316,m-002,12,4,5096.83,1274.21,235,RETURNING,11.08
cust-02317,m-002,116,6,5760.14,960.02,265,INACTIVE,47.89
cust-02318,m-002,26,5,4898.92,979.78,363,RETURNING,12.14
cust-02319,m-002,51,6,6227.14,1037.86,343,AT_RISK,19.11
cust-02320,m-002,181,4,2058.15,514.54,303,INACTIVE,65.54
cust-02321,m-002,89,6,9817.46,1636.24,322,INACTIVE,31.84
cust-02322,m-002,32,3,2319.24,773.08,282,NEW,18.81
cust-02323,m-002,105,9,9978.94,1108.77,363,INACTIVE,31.85
cust-02324,m-002,39,10,5886.91,588.69,285,AT_RISK,16.36
cust-02325,m-002,25,5,4686.22,937.24,322,RETURNING,12.74
cust-02326,m-002,185,4,6763.36,1690.84,351,INACTIVE,58.56
cust-02327,m-002,18,6,6787.61,1131.27,181,RETURNING,14.18
cust-02328,m-002,27,11,11866.02,1078.73,355,RETURNING,10.08
cust-02329,m-002,21,7,8936.21,1276.6,347,RETURNING,9.78
cust-02330,m-002,46,6,5217.76,869.63,359,AT_RISK,17.06
cust-02331,m-002,15,7,6293.92,899.13,349,RETURNING,8.04
cust-02332,m-002,132,4,7446.7,1861.68,353,INACTIVE,43.29
cust-02333,m-002,39,10,16341.93,1634.19,331,AT_RISK,14.47
cust-02334,m-002,25,10,13782.61,1378.26,323,RETURNING,10.44
cust-02335,m-002,18,15,19422.32,1294.82,331,RETURNING,7.3
cust-02336,m-002,107,7,7639.84,1091.41,349,INACTIVE,34.32
cust-02337,m-002,140,13,15681.73,1206.29,361,INACTIVE,40.82
cust-02338,m-002,29,5,3567.69,713.54,353,RETURNING,13.19
cust-02339,m-002,27,12,8903.51,741.96,357,RETURNING,9.85
cust-02340,m-002,33,11,10353.65,941.24,361,AT_RISK,11.62
cust-02341,m-002,20,4,4793.07,1198.27,345,RETURNING,11.78
cust-02342,m-002,23,8,10350.48,1293.81,299,RETURNING,11.0
cust-02343,m-002,20,11,13216.71,1201.52,349,RETURNING,8.21
cust-02344,m-002,47,6,6501.09,1083.52,337,AT_RISK,18.19
cust-02345,m-002,172,2,5944.4,2972.2,181,INACTIVE,100.0
cust-02346,m-002,165,3,1868.93,622.98,200,INACTIVE,89.59
cust-02347,m-002,12,7,14876.53,2125.22,328,RETURNING,7.4
cust-02348,m-002,0,7,5693.66,813.38,355,RETURNING,3.75
cust-02349,m-002,24,6,8674.82,1445.8,332,RETURNING,11.49
cust-02350,m-002,77,3,4933.8,1644.6,260,INACTIVE,37.0
cust-02351,m-002,189,6,3354.66,559.11,354,INACTIVE,57.53
cust-02352,m-002,76,8,11056.92,1382.12,289,INACTIVE,29.54
cust-02353,m-002,39,7,7276.95,1039.56,344,AT_RISK,15.05
cust-02354,m-002,175,6,9322.87,1553.81,336,INACTIVE,56.21
cust-02355,m-002,50,6,7871.12,1311.85,321,AT_RISK,19.81
cust-02356,m-002,158,8,10126.71,1265.84,350,INACTIVE,48.35
cust-02357,m-002,61,12,24677.12,2056.43,327,INACTIVE,20.91
cust-02358,m-002,11,7,8437.68,1205.38,363,RETURNING,6.77
cust-02359,m-002,64,6,10417.29,1736.22,329,INACTIVE,23.68
cust-02360,m-002,79,12,16318.39,1359.87,341,INACTIVE,25.41
cust-02361,m-002,45,3,1680.18,560.06,330,NEW,21.1
cust-02362,m-002,48,6,6984.34,1164.06,334,AT_RISK,18.61
cust-02363,m-002,42,4,4004.49,1001.12,309,AT_RISK,19.55
cust-02364,m-002,53,5,4406.41,881.28,364,AT_RISK,19.52
cust-02365,m-002,65,6,8650.87,1441.81,309,INACTIVE,25.25
cust-02366,m-002,139,2,474.56,237.28,338,INACTIVE,51.0
cust-02367,m-002,5,11,10190.66,926.42,308,RETURNING,4.12
cust-02368,m-002,96,4,4193.24,1048.31,280,INACTIVE,40.16
cust-02369,m-002,22,6,5727.2,954.53,288,RETURNING,11.9
cust-02370,m-002,187,3,2904.38,968.13,313,INACTIVE,67.05
cust-02371,m-002,323,2,3389.24,1694.62,331,INACTIVE,100.0
cust-02372,m-002,35,4,1511.88,377.97,326,AT_RISK,16.7
cust-02373,m-002,95,5,3732.33,746.47,327,INACTIVE,33.96
cust-02374,m-002,23,5,8708.36,1741.67,324,RETURNING,12.08
cust-02375,m-002,78,7,9356.55,1336.65,338,INACTIVE,26.76
cust-02376,m-002,92,4,2715.46,678.86,204,INACTIVE,50.88
cust-02377,m-002,10,8,10117.88,1264.73,343,RETURNING,6.24
cust-02378,m-002,21,6,12083.82,2013.97,290,RETURNING,11.5
cust-02379,m-002,7,6,9949.16,1658.19,213,RETURNING,7.56
cust-02380,m-002,49,6,8011.65,1335.28,339,AT_RISK,18.7
cust-02381,m-002,61,5,3756.28,751.26,334,INACTIVE,23.21
cust-02382,m-002,68,6,4808.49,801.42,356,INACTIVE,23.33
cust-02383,m-002,17,4,5072.88,1268.22,361,RETURNING,10.7
cust-02384,m-002,25,4,5500.52,1375.13,290,RETURNING,14.59
cust-02385,m-002,6,8,5833.01,729.13,355,RETURNING,5.02
cust-02386,m-002,81,9,7294.49,810.5,349,INACTIVE,26.14
cust-02387,m-002,68,5,8708.09,1741.62,298,INACTIVE,27.74
cust-02388,m-002,74,10,13990.37,1399.04,311,INACTIVE,26.45
cust-02389,m-002,120,7,5508.96,786.99,321,INACTIVE,41.02
cust-02390,m-002,12,10,17616.27,1761.63,352,RETURNING,6.13
cust-02391,m-002,31,3,3372.78,1124.26,260,NEW,19.38
cust-02392,m-002,70,7,5223.29,746.18,332,INACTIVE,24.77
cust-02393,m-002,4,7,14832.25,2118.89,345,RETURNING,4.91
cust-02394,m-002,17,7,3762.44,537.49,314,RETURNING,9.15
cust-02395,m-002,13,11,7751.81,704.71,330,RETURNING,6.43
cust-02396,m-002,82,5,3660.32,732.06,308,INACTIVE,31.54
cust-02397,m-002,19,5,6302.61,1260.52,353,RETURNING,10.37
cust-02398,m-002,95,5,2928.63,585.73,274,INACTIVE,39.55
cust-02399,m-002,98,9,8149.34,905.48,362,INACTIVE,30.0
cust-02400,m-002,207,3,2337.49,779.16,227,INACTIVE,98.29
cust-02401,m-002,23,6,6212.02,1035.34,250,RETURNING,13.45
cust-02402,m-002,12,11,12169.94,1106.36,362,RETURNING,5.81
cust-02403,m-002,95,3,3611.4,1203.8,329,INACTIVE,36.29
cust-02404,m-002,17,7,12721.54,1817.36,341,RETURNING,8.72
cust-02405,m-002,58,6,5939.9,989.98,247,AT_RISK,27.67
cust-02406,m-002,12,6,6032.53,1005.42,324,RETURNING,7.98
cust-02407,m-002,39,6,5564.13,927.36,357,AT_RISK,15.18
cust-02408,m-002,33,7,5810.24,830.03,242,AT_RISK,17.33
cust-02409,m-002,172,4,3578.13,894.53,360,INACTIVE,53.65
cust-02410,m-002,123,5,7609.89,1521.98,351,INACTIVE,39.94
cust-02411,m-002,69,3,4235.61,1411.87,186,INACTIVE,44.4
cust-02412,m-002,33,4,2739.41,684.85,233,AT_RISK,20.1
cust-02413,m-002,39,10,11027.9,1102.79,307,AT_RISK,15.39
cust-02414,m-002,15,9,4590.39,510.04,358,RETURNING,7.18
cust-02415,m-002,7,8,8158.66,1019.83,349,RETURNING,5.33
cust-02416,m-002,87,7,11058.26,1579.75,340,INACTIVE,29.26
cust-02417,m-002,145,5,7410.07,1482.01,354,INACTIVE,45.85
cust-02418,m-002,14,7,11532.52,1647.5,357,RETURNING,7.66
cust-02419,m-002,205,3,1230.03,410.01,341,INACTIVE,67.44
cust-02420,m-002,79,6,11376.53,1896.09,323,INACTIVE,28.67
cust-02421,m-002,204,2,827.95,413.98,273,INACTIVE,84.45
cust-02422,m-002,5,7,8608.34,1229.76,354,RETURNING,5.16
cust-02423,m-002,167,6,5417.42,902.9,351,INACTIVE,51.73
cust-02424,m-002,14,7,7860.52,1122.93,362,RETURNING,7.61
cust-02425,m-002,123,8,12943.97,1618.0,338,INACTIVE,39.62
cust-02426,m-002,110,6,6515.78,1085.96,336,INACTIVE,36.93
cust-02427,m-002,27,5,3708.38,741.68,346,RETURNING,12.78
cust-02428,m-002,43,4,4178.12,1044.53,245,AT_RISK,23.48
cust-02429,m-002,87,12,15296.78,1274.73,364,INACTIVE,26.14
cust-02430,m-002,32,6,9474.47,1579.08,352,AT_RISK,13.35
cust-02431,m-002,28,10,10147.83,1014.78,354,RETURNING,10.61
cust-02432,m-002,34,3,1017.17,339.06,197,NEW,24.67
cust-02433,m-002,20,6,12068.86,2011.48,314,RETURNING,10.63
cust-02434,m-002,39,10,13995.58,1399.56,354,AT_RISK,13.71
cust-02435,m-002,109,4,1443.04,360.76,355,INACTIVE,36.62
cust-02436,m-002,26,8,13173.64,1646.71,352,RETURNING,10.7
cust-02437,m-002,59,5,7024.75,1404.95,339,AT_RISK,22.35
cust-02438,m-002,25,9,9680.92,1075.66,362,RETURNING,9.89
cust-02439,m-002,13,4,3248.85,812.21,307,RETURNING,10.22
cust-02440,m-002,8,9,14184.5,1576.06,339,RETURNING,5.35
cust-02441,m-002,7,7,4419.75,631.39,288,RETURNING,6.17
cust-02442,m-002,38,10,6720.09,672.01,294,AT_RISK,15.61
cust-02443,m-002,43,7,10563.67,1509.1,290,AT_RISK,18.53
cust-02444,m-002,96,3,3176.21,1058.74,148,INACTIVE,71.93
cust-02445,m-002,15,8,10093.77,1261.72,362,RETURNING,7.47
cust-02446,m-002,58,5,5639.44,1127.89,273,AT_RISK,26.17
cust-02447,m-002,127,5,2787.94,557.59,354,INACTIVE,40.77
cust-02448,m-002,91,4,1443.2,360.8,154,INACTIVE,64.71
cust-02449,m-002,31,7,8225.14,1175.02,339,AT_RISK,12.87
cust-02450,m-002,50,6,8447.0,1407.83,320,AT_RISK,19.86
cust-02451,m-002,25,8,11695.55,1461.94,356,RETURNING,10.34
cust-02452,m-002,3,6,11157.97,1859.66,318,RETURNING,5.23
cust-02453,m-002,83,9,9436.45,1048.49,340,INACTIVE,27.34
cust-02454,m-002,14,7,12954.3,1850.61,290,RETURNING,8.56
cust-02455,m-002,84,5,5693.36,1138.67,266,INACTIVE,36.46
cust-02456,m-002,12,11,8647.85,786.17,304,RETURNING,6.43
cust-02457,m-002,57,9,12597.57,1399.73,316,AT_RISK,20.98
cust-02458,m-002,249,6,7319.48,1219.91,334,INACTIVE,78.61
cust-02459,m-002,6,8,8762.54,1095.32,344,RETURNING,5.07
cust-02460,m-002,102,6,9110.28,1518.38,355,INACTIVE,32.94
cust-02461,m-002,53,5,11690.89,2338.18,231,AT_RISK,27.84
cust-02462,m-002,114,3,3176.21,1058.74,359,INACTIVE,39.17
cust-02463,m-002,154,5,6361.74,1272.35,354,INACTIVE,48.38
cust-02464,m-002,73,5,4202.7,840.54,337,INACTIVE,26.6
cust-02465,m-002,171,7,8189.96,1169.99,364,INACTIVE,50.6
cust-02466,m-002,37,3,2289.43,763.14,274,NEW,20.95
cust-02467,m-002,19,10,6544.62,654.46,349,RETURNING,8.16
cust-02468,m-002,7,10,13023.28,1302.33,364,RETURNING,4.65
cust-02469,m-002,33,10,13386.49,1338.65,344,AT_RISK,12.29
cust-02470,m-002,65,10,10001.44,1000.14,340,INACTIVE,21.79
cust-02471,m-002,158,10,14566.52,1456.65,289,INACTIVE,57.21
cust-02472,m-002,109,4,7183.86,1795.96,331,INACTIVE,38.83
cust-02473,m-002,26,12,11607.97,967.33,360,RETURNING,9.51
cust-02474,m-002,33,8,17804.45,2225.56,330,AT_RISK,13.3
cust-02475,m-002,35,6,11041.5,1840.25,361,AT_RISK,13.95
cust-02476,m-002,51,8,9949.46,1243.68,320,AT_RISK,19.22
cust-02477,m-002,7,7,7106.61,1015.23,341,RETURNING,5.8
cust-02478,m-002,203,2,804.0,402.0,327,INACTIVE,71.89
cust-02479,m-002,88,7,6706.44,958.06,345,INACTIVE,29.18
cust-02480,m-002,7,9,3288.32,365.37,357,RETURNING,4.96
cust-02481,m-002,260,4,1655.9,413.98,326,INACTIVE,85.51
cust-02482,m-002,20,5,6152.93,1230.59,337,RETURNING,10.92
cust-02483,m-002,108,6,6539.73,1089.96,339,INACTIVE,36.05
cust-02484,m-002,65,3,1820.87,606.96,329,INACTIVE,27.2
cust-02485,m-002,21,4,2550.66,637.66,346,RETURNING,12.05
cust-02486,m-002,12,9,9542.47,1060.27,359,RETURNING,6.33
cust-02487,m-002,211,7,6686.11,955.16,348,INACTIVE,64.21
cust-02488,m-002,9,7,8428.42,1204.06,354,RETURNING,6.29
cust-02489,m-002,68,6,6095.28,1015.88,240,INACTIVE,32.5
cust-02490,m-002,16,7,11841.63,1691.66,340,RETURNING,8.44
cust-02491,m-002,67,6,6219.71,1036.62,338,INACTIVE,24.05
cust-02492,m-002,91,7,10578.63,1511.23,354,INACTIVE,29.38
cust-02493,m-002,2,7,11047.19,1578.17,289,RETURNING,4.44
cust-02494,m-002,243,1,237.28,237.28,243,INACTIVE,100.0
cust-02495,m-002,24,3,1017.17,339.06,335,NEW,14.64
cust-02496,m-002,20,11,15833.23,1439.38,296,RETURNING,9.23
cust-02497,m-002,129,8,6134.65,766.83,358,INACTIVE,39.27
cust-02498,m-002,63,3,6361.44,2120.48,337,INACTIVE,26.14
cust-02499,m-002,23,10,11914.68,1191.47,312,RETURNING,10.08
cust-02500,m-002,39,7,13798.92,1971.27,351,AT_RISK,14.83
cust-02501,m-003,105,7,2567.72,366.82,360,INACTIVE,32.84
cust-02502,m-003,80,4,2132.74,533.19,302,INACTIVE,32.4
cust-02503,m-003,42,7,1670.79,238.68,342,AT_RISK,15.99
cust-02504,m-003,12,8,2758.44,344.8,342,RETURNING,6.83
cust-02505,m-003,0,7,3443.07,491.87,327,RETURNING,3.75
cust-02506,m-003,28,7,1850.33,264.33,208,RETURNING,17.15
cust-02507,m-003,37,9,4504.13,500.46,363,AT_RISK,13.16
cust-02508,m-003,15,10,2323.03,232.3,322,RETURNING,7.37
cust-02509,m-003,153,6,3139.7,523.28,364,INACTIVE,46.2
cust-02510,m-003,21,7,1696.32,242.33,351,RETURNING,9.72
cust-02511,m-003,33,7,2827.86,403.98,350,AT_RISK,13.15
cust-02512,m-003,57,5,1389.42,277.88,346,AT_RISK,21.43
cust-02513,m-003,3,8,3276.2,409.52,340,RETURNING,4.21
cust-02514,m-003,74,4,1843.27,460.82,318,INACTIVE,29.2
cust-02515,m-003,1,9,2525.77,280.64,352,RETURNING,3.28
cust-02516,m-003,144,2,765.57,382.78,291,INACTIVE,59.32
cust-02517,m-003,194,7,824.86,117.84,349,INACTIVE,59.18
cust-02518,m-003,109,7,1264.88,180.7,324,INACTIVE,37.29
cust-02519,m-003,15,6,1945.69,324.28,348,RETURNING,8.58
cust-02520,m-003,10,10,2144.96,214.5,298,RETURNING,6.07
cust-02521,m-003,3,12,7345.03,612.09,324,RETURNING,3.23
cust-02522,m-003,10,5,1610.71,322.14,337,RETURNING,7.96
cust-02523,m-003,0,12,4023.04,335.25,296,RETURNING,2.31
cust-02524,m-003,34,5,1448.91,289.78,151,AT_RISK,27.37
cust-02525,m-003,117,2,459.11,229.56,184,INACTIVE,73.24
cust-02526,m-003,49,6,633.0,105.5,331,AT_RISK,19.04
cust-02527,m-003,1,10,3837.25,383.72,341,RETURNING,3.02
cust-02528,m-003,137,7,2860.42,408.63,285,INACTIVE,51.65
cust-02529,m-003,25,6,1947.02,324.5,362,RETURNING,11.17
cust-02530,m-003,68,9,5748.92,638.77,334,INACTIVE,23.3
cust-02531,m-003,19,9,3175.55,352.84,359,RETURNING,8.28
cust-02532,m-003,145,5,1986.72,397.34,321,INACTIVE,50.03
cust-02533,m-003,28,10,3113.75,311.38,317,RETURNING,11.53
cust-02534,m-003,22,10,4313.12,431.31,326,RETURNING,9.46
cust-02535,m-003,5,7,2123.81,303.4,359,RETURNING,5.14
cust-02536,m-003,54,8,3498.52,437.32,204,AT_RISK,29.67
cust-02537,m-003,44,4,2177.45,544.36,333,AT_RISK,19.17
cust-02538,m-003,228,6,1093.15,182.19,330,INACTIVE,73.17
cust-02539,m-003,78,7,3770.05,538.58,321,INACTIVE,27.97
cust-02540,m-003,70,8,2718.03,339.75,293,INACTIVE,27.14
cust-02541,m-003,3,9,4698.99,522.11,272,RETURNING,4.1
cust-02542,m-003,51,5,1147.91,229.58,316,AT_RISK,21.09
cust-02543,m-003,7,6,2198.66,366.44,332,RETURNING,6.39
cust-02544,m-003,50,8,2131.8,266.48,316,AT_RISK,19.11
cust-02545,m-003,67,3,1558.36,519.45,224,INACTIVE,37.28
cust-02546,m-003,75,10,3020.33,302.03,351,INACTIVE,24.03
cust-02547,m-003,131,8,1130.81,141.35,351,INACTIVE,40.55
cust-02548,m-003,6,5,1240.43,248.09,327,RETURNING,6.83
cust-02549,m-003,70,5,1340.33,268.07,327,INACTIVE,26.34
cust-02550,m-003,40,9,3354.23,372.69,328,AT_RISK,15.16
cust-02551,m-003,20,9,5759.07,639.9,310,RETURNING,9.43
cust-02552,m-003,97,7,1165.31,166.47,352,INACTIVE,31.23
cust-02553,m-003,12,7,3006.29,429.47,362,RETURNING,7.06
cust-02554,m-003,56,3,185.99,62.0,218,INACTIVE,33.07
cust-02555,m-003,11,7,923.05,131.86,354,RETURNING,6.85
cust-02556,m-003,14,5,1530.81,306.16,198,RETURNING,12.04
cust-02557,m-003,237,4,1799.85,449.96,293,INACTIVE,86.61
cust-02558,m-003,63,7,2976.37,425.2,361,INACTIVE,21.15
cust-02559,m-003,9,9,3112.2,345.8,328,RETURNING,5.74
cust-02560,m-003,71,9,1282.32,142.48,309,INACTIVE,25.9
cust-02561,m-003,82,7,1385.8,197.97,303,INACTIVE,30.72
cust-02562,m-003,64,3,813.66,271.22,343,INACTIVE,26.1
cust-02563,m-003,5,6,2248.43,374.74,208,RETURNING,6.68
cust-02564,m-003,42,5,4473.06,894.61,336,AT_RISK,17.46
cust-02565,m-003,62,6,5403.52,900.59,320,INACTIVE,23.6
cust-02566,m-003,35,13,3832.55,294.81,345,AT_RISK,12.26
cust-02567,m-003,56,7,3070.1,438.59,305,AT_RISK,22.05
cust-02568,m-003,47,6,1734.29,289.05,254,AT_RISK,22.72
cust-02569,m-003,74,7,3506.03,500.86,303,INACTIVE,28.09
cust-02570,m-003,21,5,1659.56,331.91,362,RETURNING,10.79
cust-02571,m-003,4,4,1469.61,367.4,335,RETURNING,7.19
cust-02572,m-003,27,11,2678.6,243.51,342,RETURNING,10.37
cust-02573,m-003,100,4,1704.78,426.2,314,INACTIVE,37.75
cust-02574,m-003,39,7,3551.91,507.42,330,AT_RISK,15.53
cust-02575,m-003,96,8,2352.42,294.05,352,INACTIVE,30.53
cust-02576,m-003,24,6,2569.74,428.29,360,RETURNING,10.93
cust-02577,m-003,38,6,938.08,156.35,349,AT_RISK,15.14
cust-02578,m-003,71,11,3164.5,287.68,304,INACTIVE,25.78
cust-02579,m-003,124,2,875.95,437.98,258,INACTIVE,57.88
cust-02580,m-003,12,4,1280.32,320.08,267,RETURNING,10.48
cust-02581,m-003,22,6,1296.38,216.06,347,RETURNING,10.61
cust-02582,m-003,108,5,1163.66,232.73,210,INACTIVE,56.18
cust-02583,m-003,97,5,2750.28,550.06,342,INACTIVE,33.28
cust-02584,m-003,20,12,3904.98,325.42,349,RETURNING,8.02
cust-02585,m-003,162,4,403.05,100.76,348,INACTIVE,52.42
cust-02586,m-003,19,6,1297.94,216.32,359,RETURNING,9.56
cust-02587,m-003,12,6,1544.69,257.45,358,RETURNING,7.63
cust-02588,m-003,8,9,2094.86,232.76,345,RETURNING,5.31
cust-02589,m-003,18,6,1671.36,278.56,313,RETURNING,10.02
cust-02590,m-003,20,7,2816.64,402.38,345,RETURNING,9.53
cust-02591,m-003,41,6,3413.93,568.99,220,AT_RISK,22.84
cust-02592,m-003,15,10,5027.21,502.72,358,RETURNING,6.91
cust-02593,m-003,86,5,2363.52,472.7,346,INACTIVE,29.78
cust-02594,m-003,10,10,4907.97,490.8,330,RETURNING,5.75
cust-02595,m-003,55,3,947.2,315.73,213,INACTIVE,33.2
cust-02596,m-003,34,5,3479.51,695.9,286,AT_RISK,16.85
cust-02597,m-003,50,4,1322.11,330.53,351,AT_RISK,20.2
cust-02598,m-003,27,5,1339.6,267.92,337,RETURNING,12.99
cust-02599,m-003,71,9,2228.82,247.65,343,INACTIVE,23.64
cust-02600,m-003,7,13,5545.91,426.61,349,RETURNING,4.14
cust-02601,m-003,151,5,2897.27,579.45,326,INACTIVE,51.18
cust-02602,m-003,33,10,2679.04,267.9,356,AT_RISK,11.97
cust-02603,m-003,23,10,3874.03,387.4,343,RETURNING,9.41
cust-02604,m-003,22,10,2987.19,298.72,354,RETURNING,8.92
cust-02605,m-003,171,6,919.07,153.18,360,INACTIVE,51.65
cust-02606,m-003,185,3,320.81,106.94,315,INACTIVE,66.04
cust-02607,m-003,198,2,966.16,483.08,235,INACTIVE,93.9
cust-02608,m-003,34,9,5272.59,585.84,340,AT_RISK,12.97
cust-02609,m-003,33,8,2930.24,366.28,335,AT_RISK,13.15
cust-02610,m-003,39,8,3042.76,380.34,356,AT_RISK,14.26
cust-02611,m-003,2,4,1719.13,429.78,327,RETURNING,6.61
cust-02612,m-003,77,5,1773.41,354.68,235,INACTIVE,37.63
cust-02613,m-003,53,8,2770.84,346.36,336,AT_RISK,19.06
cust-02614,m-003,38,7,1530.78,218.68,353,AT_RISK,14.48
cust-02615,m-003,3,6,1558.59,259.76,300,RETURNING,5.28
cust-02616,m-003,2,7,2272.16,324.59,351,RETURNING,4.32
cust-02617,m-003,55,7,2595.88,370.84,353,AT_RISK,19.29
cust-02618,m-003,26,10,4531.12,453.11,318,RETURNING,10.88
cust-02619,m-003,69,7,1840.63,262.95,257,INACTIVE,30.49
cust-02620,m-003,7,5,1120.81,224.16,353,RETURNING,6.98
cust-02621,m-003,12,10,3697.43,369.74,306,RETURNING,6.64
cust-02622,m-003,10,4,901.53,225.38,332,RETURNING,9.0
cust-02623,m-003,5,11,3450.27,313.66,327,RETURNING,4.02
cust-02624,m-003,82,11,3723.14,338.47,314,INACTIVE,28.53
cust-02625,m-003,56,10,3705.65,370.56,331,AT_RISK,19.59
cust-02626,m-003,9,7,1875.3,267.9,332,RETURNING,6.45
cust-02627,m-003,82,8,1519.41,189.93,357,INACTIVE,26.24
cust-02628,m-003,29,8,2418.96,302.37,356,RETURNING,11.46
cust-02629,m-003,13,7,4221.38,603.05,345,RETURNING,7.51
cust-02630,m-003,44,3,778.63,259.54,214,NEW,27.97
cust-02631,m-003,197,5,2907.34,581.47,305,INACTIVE,69.38
cust-02632,m-003,13,5,2835.43,567.09,331,RETURNING,8.92
cust-02633,m-003,35,6,3639.15,606.52,342,AT_RISK,14.49
cust-02634,m-003,4,9,3615.16,401.68,307,RETURNING,4.3
cust-02635,m-003,20,8,2600.85,325.11,361,RETURNING,8.86
cust-02636,m-003,8,10,4425.68,442.57,232,RETURNING,6.16
cust-02637,m-003,7,6,1827.81,304.64,357,RETURNING,6.24
cust-02638,m-003,55,7,1297.0,185.29,355,AT_RISK,19.2
cust-02639,m-003,25,9,3406.93,378.55,359,RETURNING,9.94
cust-02640,m-003,5,8,2710.12,338.76,318,RETURNING,4.9
cust-02641,m-003,16,7,1474.74,210.68,316,RETURNING,8.8
cust-02642,m-003,4,3,291.75,97.25,223,NEW,9.29
cust-02643,m-003,42,5,1655.94,331.19,354,AT_RISK,16.83
cust-02644,m-003,32,7,3950.33,564.33,338,AT_RISK,13.19
cust-02645,m-003,21,12,3501.18,291.76,347,RETURNING,8.34
cust-02646,m-003,66,13,5579.88,429.22,355,INACTIVE,20.68
cust-02647,m-003,40,7,5142.64,734.66,352,AT_RISK,15.08
cust-02648,m-003,102,9,2153.35,239.26,310,INACTIVE,35.8
cust-02649,m-003,19,11,7172.31,652.03,327,RETURNING,8.29
cust-02650,m-003,41,4,597.06,149.26,347,AT_RISK,17.78
cust-02651,m-003,72,8,1985.3,248.16,329,INACTIVE,25.15
cust-02652,m-003,184,5,1485.7,297.14,316,INACTIVE,63.04
cust-02653,m-003,5,5,2572.64,514.53,364,RETURNING,6.37
cust-02654,m-003,135,10,3637.88,363.79,355,INACTIVE,40.65
cust-02655,m-003,12,3,536.24,178.75,294,NEW,11.57
cust-02656,m-003,61,7,1623.39,231.91,360,INACTIVE,20.65
cust-02657,m-003,29,5,1659.69,331.94,257,RETURNING,16.24
cust-02658,m-003,23,7,3820.92,545.85,355,RETURNING,10.21
cust-02659,m-003,57,8,3960.48,495.06,263,AT_RISK,24.92
cust-02660,m-003,30,9,4024.54,447.17,329,RETURNING,12.09
cust-02661,m-003,48,3,2713.8,904.6,179,INACTIVE,34.17
cust-02662,m-003,158,5,1576.46,315.29,316,INACTIVE,54.84
cust-02663,m-003,1,9,1950.34,216.7,309,RETURNING,3.32
cust-02664,m-003,74,6,2899.8,483.3,331,INACTIVE,26.57
cust-02665,m-003,66,8,1410.66,176.33,307,INACTIVE,24.76
cust-02666,m-003,40,4,814.43,203.61,326,AT_RISK,18.23
cust-02667,m-003,15,8,3700.36,462.54,331,RETURNING,7.85
cust-02668,m-003,50,6,742.88,123.81,356,AT_RISK,18.29
cust-02669,m-003,22,8,3312.03,414.0,332,RETURNING,9.94
cust-02670,m-003,28,5,2110.98,422.2,332,RETURNING,13.41
cust-02671,m-003,12,8,3392.37,424.05,358,RETURNING,6.68
cust-02672,m-003,84,7,3006.26,429.47,348,INACTIVE,27.82
cust-02673,m-003,86,5,791.49,158.3,296,INACTIVE,33.96
cust-02674,m-003,60,7,1250.92,178.7,363,AT_RISK,20.23
cust-02675,m-003,112,7,3899.46,557.07,297,INACTIVE,41.33
cust-02676,m-003,61,6,1143.67,190.61,225,INACTIVE,31.28
cust-02677,m-003,40,7,1958.05,279.72,318,AT_RISK,16.29
cust-02678,m-003,56,8,1377.31,172.16,339,AT_RISK,19.8
cust-02679,m-003,38,7,2240.74,320.11,307,AT_RISK,16.09
cust-02680,m-003,99,9,2503.92,278.21,337,INACTIVE,32.29
cust-02681,m-003,30,9,4101.46,455.72,331,RETURNING,12.04
cust-02682,m-003,6,9,3491.85,387.98,353,RETURNING,4.69
cust-02683,m-003,13,6,2246.85,374.48,349,RETURNING,8.0
cust-02684,m-003,4,9,1453.99,161.55,356,RETURNING,4.12
cust-02685,m-003,4,7,3537.37,505.34,334,RETURNING,4.94
cust-02686,m-003,9,6,2692.75,448.79,241,RETURNING,8.0
cust-02687,m-003,12,7,2471.55,353.08,280,RETURNING,8.02
cust-02688,m-003,16,6,2137.67,356.28,168,RETURNING,13.75
cust-02689,m-003,17,9,2434.61,270.51,289,RETURNING,8.86
cust-02690,m-003,110,1,64.31,64.31,110,INACTIVE,100.0
cust-02691,m-003,18,6,2382.59,397.1,259,RETURNING,11.21
cust-02692,m-003,60,15,4051.8,270.12,330,AT_RISK,20.0
cust-02693,m-003,10,6,1919.23,319.87,286,RETURNING,7.77
cust-02694,m-003,74,4,1143.99,286.0,344,INACTIVE,27.45
cust-02695,m-003,19,5,2280.49,456.1,254,RETURNING,12.45
cust-02696,m-003,128,8,2377.1,297.14,277,INACTIVE,49.38
cust-02697,m-003,37,4,1261.82,315.46,348,AT_RISK,16.6
cust-02698,m-003,12,8,1638.92,204.86,342,RETURNING,6.83
cust-02699,m-003,27,6,2326.19,387.7,306,RETURNING,13.08
cust-02700,m-003,41,5,1552.87,310.57,353,AT_RISK,16.58
cust-02701,m-003,19,7,3504.44,500.63,193,RETURNING,13.54
cust-02702,m-003,29,6,3822.42,637.07,269,RETURNING,15.03
cust-02703,m-003,106,6,2278.21,379.7,319,INACTIVE,37.41
cust-02704,m-003,200,1,312.84,312.84,200,INACTIVE,100.0
cust-02705,m-003,43,7,3364.5,480.64,331,AT_RISK,16.7
cust-02706,m-003,102,5,927.38,185.48,352,INACTIVE,33.9
cust-02707,m-003,74,7,1084.14,154.88,325,INACTIVE,26.45
cust-02708,m-003,3,6,899.41,149.9,345,RETURNING,5.15
cust-02709,m-003,17,10,3292.71,329.27,351,RETURNING,7.56
cust-02710,m-003,22,8,2824.47,353.06,335,RETURNING,9.88
cust-02711,m-003,114,8,679.49,84.94,352,INACTIVE,35.63
cust-02712,m-003,65,9,3065.72,340.64,359,INACTIVE,21.06
cust-02713,m-003,4,7,5154.43,736.35,337,RETURNING,4.93
cust-02714,m-003,16,12,4763.56,396.96,351,RETURNING,6.85
cust-02715,m-003,18,6,1652.82,275.47,364,RETURNING,9.22
cust-02716,m-003,11,10,2023.29,202.33,320,RETURNING,6.15
cust-02717,m-003,115,7,3240.19,462.88,325,INACTIVE,39.03
cust-02718,m-003,25,6,986.19,164.36,333,RETURNING,11.77
cust-02719,m-003,73,3,434.52,144.84,260,INACTIVE,35.47
cust-02720,m-003,95,7,2243.38,320.48,348,INACTIVE,30.97
cust-02721,m-003,46,10,1653.72,165.37,314,AT_RISK,17.33
cust-02722,m-003,11,8,1792.68,224.08,225,RETURNING,8.2
cust-02723,m-003,45,8,1504.81,188.1,342,AT_RISK,16.45
cust-02724,m-003,34,2,1013.46,506.73,341,NEW,19.94
cust-02725,m-003,9,11,2533.21,230.29,362,RETURNING,4.98
cust-02726,m-003,151,6,1433.44,238.91,326,INACTIVE,50.46
cust-02727,m-003,102,4,2391.45,597.86,166,INACTIVE,67.08
cust-02728,m-003,26,9,2781.25,309.03,311,RETURNING,11.33
cust-02729,m-003,33,5,1327.98,265.6,329,AT_RISK,15.0
cust-02730,m-003,34,7,3974.88,567.84,337,AT_RISK,13.81
cust-02731,m-003,13,7,2093.64,299.09,321,RETURNING,7.79
cust-02732,m-003,33,9,1167.63,129.74,329,AT_RISK,13.0
cust-02733,m-003,5,10,3545.95,354.6,362,RETURNING,4.1
cust-02734,m-003,36,7,2030.83,290.12,314,AT_RISK,15.18
cust-02735,m-003,34,12,3295.89,274.66,352,AT_RISK,11.94
cust-02736,m-003,16,9,4510.08,501.12,290,RETURNING,8.5
cust-02737,m-003,20,4,2658.6,664.65,351,RETURNING,11.68
cust-02738,m-003,12,4,3196.89,799.22,301,RETURNING,9.97
cust-02739,m-003,38,8,3363.78,420.47,303,AT_RISK,15.83
cust-02740,m-003,42,8,2827.92,353.49,359,AT_RISK,15.0
cust-02741,m-003,1,13,2650.14,203.86,297,RETURNING,2.48
cust-02742,m-003,41,7,3070.97,438.71,361,AT_RISK,15.08
cust-02743,m-003,10,7,2823.42,403.35,337,RETURNING,6.71
cust-02744,m-003,255,5,2242.32,448.46,344,INACTIVE,78.91
cust-02745,m-003,20,5,878.74,175.75,357,RETURNING,10.59
cust-02746,m-003,52,9,2998.59,333.18,340,AT_RISK,18.25
cust-02747,m-003,20,13,3556.27,273.56,345,RETURNING,7.92
cust-02748,m-003,0,14,5683.97,406.0,302,RETURNING,2.0
cust-02749,m-003,86,4,2371.55,592.89,249,INACTIVE,40.4
cust-02750,m-003,23,7,2017.1,288.16,349,RETURNING,10.32
cust-02751,m-003,136,5,1676.18,335.24,288,INACTIVE,52.06
cust-02752,m-003,86,9,3973.62,441.51,339,INACTIVE,28.29
cust-02753,m-003,38,7,5185.4,740.77,362,AT_RISK,14.22
cust-02754,m-003,37,8,2668.72,333.59,356,AT_RISK,13.7
cust-02755,m-003,53,11,2763.3,251.21,350,AT_RISK,17.6
cust-02756,m-003,79,5,925.72,185.14,251,INACTIVE,36.35
cust-02757,m-003,123,3,1586.74,528.91,310,INACTIVE,47.05
cust-02758,m-003,33,9,4706.63,522.96,315,AT_RISK,13.44
cust-02759,m-003,77,9,3159.71,351.08,334,INACTIVE,25.99
cust-02760,m-003,48,6,1663.86,277.31,357,AT_RISK,17.69
cust-02761,m-003,111,6,1333.0,222.17,362,INACTIVE,34.86
cust-02762,m-003,60,10,5131.58,513.16,361,AT_RISK,19.3
cust-02763,m-003,12,6,1008.36,168.06,292,RETURNING,8.38
cust-02764,m-003,48,6,1911.88,318.65,315,AT_RISK,19.48
cust-02765,m-003,10,9,3931.27,436.81,360,RETURNING,5.77
cust-02766,m-003,89,4,2630.52,657.63,221,INACTIVE,46.09
cust-02767,m-003,3,13,4851.59,373.2,316,RETURNING,3.09
cust-02768,m-003,23,5,2137.83,427.57,351,RETURNING,11.53
cust-02769,m-003,118,6,3618.63,603.1,356,INACTIVE,37.34
cust-02770,m-003,113,5,1750.46,350.09,321,INACTIVE,40.09
cust-02771,m-003,33,12,3529.12,294.09,359,AT_RISK,11.47
cust-02772,m-003,32,5,1831.83,366.37,340,AT_RISK,14.38
cust-02773,m-003,44,5,2557.75,511.55,286,AT_RISK,20.33
cust-02774,m-003,9,12,2466.55,205.55,354,RETURNING,4.84
cust-02775,m-003,133,11,2632.99,239.36,337,INACTIVE,41.85
cust-02776,m-003,13,14,5963.35,425.95,359,RETURNING,5.61
cust-02777,m-003,7,8,3280.07,410.01,323,RETURNING,5.49
cust-02778,m-003,12,6,2393.94,398.99,213,RETURNING,9.89
cust-02779,m-003,20,14,5759.74,411.41,363,RETURNING,7.49
cust-02780,m-003,0,12,2858.71,238.23,350,RETURNING,2.31
cust-02781,m-003,69,9,2714.7,301.63,358,INACTIVE,22.22
cust-02782,m-003,2,6,3565.6,594.27,321,RETURNING,4.91
cust-02783,m-003,6,6,1546.25,257.71,360,RETURNING,5.95
cust-02784,m-003,66,4,1404.37,351.09,312,INACTIVE,27.09
cust-02785,m-003,5,10,5096.75,509.68,307,RETURNING,4.35
cust-02786,m-003,146,4,381.62,95.4,354,INACTIVE,47.13
cust-02787,m-003,39,9,3055.13,339.46,358,AT_RISK,13.86
cust-02788,m-003,5,8,1792.38,224.05,295,RETURNING,5.02
cust-02789,m-003,30,6,1753.69,292.28,320,RETURNING,13.63
cust-02790,m-003,47,13,3843.0,295.62,353,AT_RISK,15.42
cust-02791,m-003,17,4,740.63,185.16,353,RETURNING,10.8
cust-02792,m-003,109,7,1136.22,162.32,348,INACTIVE,34.98
cust-02793,m-003,26,10,1855.89,185.59,360,RETURNING,9.93
cust-02794,m-003,189,7,2424.77,346.4,351,INACTIVE,57.44
cust-02795,m-003,25,10,3808.33,380.83,297,RETURNING,11.12
cust-02796,m-003,40,6,4407.52,734.59,226,AT_RISK,21.91
cust-02797,m-003,53,6,2177.04,362.84,260,AT_RISK,24.59
cust-02798,m-003,16,4,2195.31,548.83,246,RETURNING,12.48
cust-02799,m-003,27,8,1530.33,191.29,275,RETURNING,13.12
cust-02800,m-003,52,5,1867.57,373.51,247,AT_RISK,25.97
cust-02801,m-003,128,8,3496.11,437.01,329,INACTIVE,42.12
cust-02802,m-003,9,10,2777.64,277.76,313,RETURNING,5.59
cust-02803,m-003,65,5,767.44,153.49,340,INACTIVE,24.06
cust-02804,m-003,113,4,1641.43,410.36,313,INACTIVE,41.99
cust-02805,m-003,24,9,3466.73,385.19,332,RETURNING,10.21
cust-02806,m-003,102,7,1553.22,221.89,354,INACTIVE,32.48
cust-02807,m-003,51,6,1851.67,308.61,335,AT_RISK,19.46
cust-02808,m-003,52,3,734.22,244.74,329,INACTIVE,23.26
cust-02809,m-003,12,15,3839.09,255.94,328,LOYAL,5.52
cust-02810,m-003,28,3,1979.56,659.85,330,NEW,15.96
cust-02811,m-003,16,9,4171.18,463.46,362,RETURNING,7.41
cust-02812,m-003,128,5,2322.37,464.47,332,INACTIVE,43.44
cust-02813,m-003,19,13,2928.46,225.27,326,RETURNING,7.95
cust-02814,m-003,9,12,5379.53,448.29,312,RETURNING,5.18
cust-02815,m-003,55,6,2077.23,346.2,340,AT_RISK,20.41
cust-02816,m-003,12,5,2017.01,403.4,304,RETURNING,8.93
cust-02817,m-003,2,2,739.78,369.89,166,NEW,11.2
cust-02818,m-003,58,9,3354.28,372.7,302,AT_RISK,22.14
cust-02819,m-003,5,11,6215.81,565.07,333,RETURNING,4.0
cust-02820,m-003,3,9,2319.05,257.67,228,RETURNING,4.31
cust-02821,m-003,21,8,1818.18,227.27,257,RETURNING,11.47
cust-02822,m-003,48,8,2148.67,268.58,277,AT_RISK,20.6
cust-02823,m-003,3,11,4893.99,444.91,349,RETURNING,3.36
cust-02824,m-003,58,8,4022.85,502.86,349,AT_RISK,19.9
cust-02825,m-003,8,10,2477.75,247.78,357,RETURNING,4.96
cust-02826,m-003,39,5,4070.36,814.07,168,AT_RISK,28.08
cust-02827,m-003,13,4,693.57,173.39,359,RETURNING,9.61
cust-02828,m-003,4,9,4347.65,483.07,304,RETURNING,4.31
cust-02829,m-003,104,2,179.05,89.52,249,INACTIVE,51.6
cust-02830,m-003,28,6,2255.22,375.87,361,RETURNING,12.02
cust-02831,m-003,114,8,3062.54,382.82,331,INACTIVE,37.67
cust-02832,m-003,31,11,4402.81,400.26,331,AT_RISK,11.84
cust-02833,m-003,102,5,870.07,174.01,278,INACTIVE,41.56
cust-02834,m-003,17,4,302.51,75.63,353,RETURNING,10.8
cust-02835,m-003,120,3,1548.26,516.09,332,INACTIVE,43.54
cust-02836,m-003,18,7,2416.28,345.18,328,RETURNING,9.22
cust-02837,m-003,87,3,1821.41,607.14,296,INACTIVE,36.79
cust-02838,m-003,47,11,2148.32,195.3,312,AT_RISK,17.52
cust-02839,m-003,11,5,1541.66,308.33,246,RETURNING,9.45
cust-02840,m-003,11,7,3635.22,519.32,340,RETURNING,6.98
cust-02841,m-003,75,8,3000.58,375.07,227,INACTIVE,36.23
cust-02842,m-003,25,11,2781.49,252.86,330,RETURNING,10.05
cust-02843,m-003,54,6,683.47,113.91,245,AT_RISK,26.24
cust-02844,m-003,39,6,2460.6,410.1,356,AT_RISK,15.21
cust-02845,m-003,22,8,1386.31,173.29,361,RETURNING,9.41
cust-02846,m-003,12,9,3017.85,335.32,347,RETURNING,6.45
cust-02847,m-003,59,7,2377.92,339.7,352,AT_RISK,20.46
cust-02848,m-003,39,5,345.81,69.16,358,AT_RISK,15.86
cust-02849,m-003,46,9,3956.76,439.64,333,AT_RISK,16.77
cust-02850,m-003,49,7,3170.25,452.89,350,AT_RISK,17.71
cust-02851,m-003,112,9,1879.02,208.78,354,INACTIVE,34.55
cust-02852,m-003,110,2,723.12,361.56,192,INACTIVE,66.99
cust-02853,m-003,1,5,1727.43,345.49,253,RETURNING,5.39
cust-02854,m-003,37,10,3198.9,319.89,302,AT_RISK,14.94
cust-02855,m-003,1,6,1722.56,287.09,327,RETURNING,4.59
cust-02856,m-003,18,7,1272.91,181.84,176,RETURNING,13.92
cust-02857,m-003,2,10,3084.09,308.41,354,RETURNING,3.29
cust-02858,m-003,83,8,2884.51,360.56,223,INACTIVE,40.39
cust-02859,m-003,54,2,283.29,141.65,121,INACTIVE,54.26
cust-02860,m-003,74,6,1569.53,261.59,343,INACTIVE,25.8
cust-02861,m-003,57,12,3641.03,303.42,364,AT_RISK,17.92
cust-02862,m-003,99,6,766.12,127.69,232,INACTIVE,46.77
cust-02863,m-003,131,5,1878.97,375.79,257,INACTIVE,55.78
cust-02864,m-003,33,5,1192.01,238.4,343,AT_RISK,14.59
cust-02865,m-003,114,3,1241.12,413.71,328,INACTIVE,42.15
cust-02866,m-003,10,11,23573.36,2143.03,340,RETURNING,5.43
cust-02867,m-003,18,8,1559.34,194.92,362,RETURNING,8.29
cust-02868,m-003,8,12,5620.18,468.35,360,RETURNING,4.52
cust-02869,m-003,25,6,2620.1,436.68,277,RETURNING,13.28
cust-02870,m-003,145,4,2110.17,527.54,354,INACTIVE,46.85
cust-02871,m-003,59,8,2087.3,260.91,361,AT_RISK,19.63
cust-02872,m-003,42,10,3033.81,303.38,308,AT_RISK,16.32
cust-02873,m-003,36,8,2823.38,352.92,277,AT_RISK,16.28
cust-02874,m-003,38,8,3923.58,490.45,362,AT_RISK,13.8
cust-02875,m-003,17,9,3638.92,404.32,291,RETURNING,8.82
cust-02876,m-003,11,7,2523.81,360.54,321,RETURNING,7.17
cust-02877,m-003,29,11,2567.53,233.41,326,RETURNING,11.37
cust-02878,m-003,45,7,2428.24,346.89,332,AT_RISK,17.26
cust-02879,m-003,5,10,2710.34,271.03,337,RETURNING,4.21
cust-02880,m-003,108,7,2824.03,403.43,355,INACTIVE,34.09
cust-02881,m-003,104,6,1453.7,242.28,338,INACTIVE,34.96
cust-02882,m-003,16,7,2908.84,415.55,331,RETURNING,8.57
cust-02883,m-003,35,4,837.05,209.26,246,AT_RISK,20.17
cust-02884,m-003,22,14,4990.96,356.5,364,RETURNING,8.03
cust-02885,m-003,8,12,4053.04,337.75,335,RETURNING,4.69
cust-02886,m-003,20,4,906.77,226.69,117,RETURNING,22.95
cust-02887,m-003,14,5,1833.37,366.67,250,RETURNING,10.58
cust-02888,m-003,46,7,1378.18,196.88,350,AT_RISK,16.86
cust-02889,m-003,41,10,4797.75,479.78,330,AT_RISK,15.11
cust-02890,m-003,114,4,615.56,153.89,352,INACTIVE,38.29
cust-02891,m-003,28,3,1380.77,460.26,321,NEW,16.2
cust-02892,m-003,19,4,900.22,225.06,308,RETURNING,12.15
cust-02893,m-003,0,6,1929.21,321.54,266,RETURNING,4.29
cust-02894,m-003,70,8,3085.88,385.73,341,INACTIVE,23.8
cust-02895,m-003,27,7,1801.0,257.29,344,RETURNING,11.58
cust-02896,m-003,13,14,5496.79,392.63,330,RETURNING,5.93
cust-02897,m-003,43,4,690.58,172.64,353,AT_RISK,18.15
cust-02898,m-003,26,7,4700.39,671.48,343,RETURNING,11.31
cust-02899,m-003,42,9,3422.7,380.3,295,AT_RISK,17.19
cust-02900,m-003,7,9,2153.82,239.31,305,RETURNING,5.29
cust-02901,m-003,1,6,1698.89,283.15,222,RETURNING,4.73
cust-02902,m-003,46,13,5873.37,451.8,349,AT_RISK,15.29
cust-02903,m-003,14,8,8753.39,1094.17,349,RETURNING,7.33
cust-02904,m-003,26,9,3372.72,374.75,336,RETURNING,10.72
cust-02905,m-003,44,5,1641.58,328.32,343,AT_RISK,17.79
cust-02906,m-003,11,7,2949.49,421.36,237,RETURNING,8.37
cust-02907,m-003,225,3,909.95,303.32,315,INACTIVE,78.7
cust-02908,m-003,24,16,6101.64,381.35,349,RETURNING,8.62
cust-02909,m-003,50,2,949.79,474.9,149,INACTIVE,43.33
cust-02910,m-003,16,9,2569.72,285.52,337,RETURNING,7.73
cust-02911,m-003,5,8,2363.11,295.39,357,RETURNING,4.73
cust-02912,m-003,26,5,1736.1,347.22,348,RETURNING,12.45
cust-02913,m-003,24,4,1477.22,369.3,177,RETURNING,19.48
cust-02914,m-003,100,5,1236.34,247.27,288,INACTIVE,39.6
cust-02915,m-003,3,14,3394.27,242.45,337,RETURNING,2.89
cust-02916,m-003,9,6,1435.36,239.23,340,RETURNING,6.93
cust-02917,m-003,67,5,2750.31,550.06,277,INACTIVE,29.1
cust-02918,m-003,9,8,2934.24,366.78,363,RETURNING,5.81
cust-02919,m-003,18,5,2513.11,502.62,282,RETURNING,11.36
cust-02920,m-003,105,8,1042.14,130.27,275,INACTIVE,41.38
cust-02921,m-003,33,8,4099.88,512.48,353,AT_RISK,12.66
cust-02922,m-003,210,3,159.91,53.3,231,INACTIVE,98.02
cust-02923,m-003,33,4,1480.75,370.19,350,AT_RISK,15.4
cust-02924,m-003,8,9,3376.41,375.16,362,RETURNING,5.2
cust-02925,m-003,58,9,2956.66,328.52,355,AT_RISK,19.29
cust-02926,m-003,100,5,1495.97,299.19,326,INACTIVE,35.58
cust-02927,m-003,32,12,3355.82,279.65,295,AT_RISK,13.12
cust-02928,m-003,34,7,1363.41,194.77,249,AT_RISK,17.35
cust-02929,m-003,33,6,1900.83,316.8,301,AT_RISK,15.21
cust-02930,m-003,19,7,3275.31,467.9,351,RETURNING,9.15
cust-02931,m-003,7,5,446.79,89.36,341,RETURNING,7.05
cust-02932,m-003,138,3,1463.93,487.98,352,INACTIVE,46.59
cust-02933,m-003,77,7,4216.81,602.4,337,INACTIVE,26.53
cust-02934,m-003,121,4,765.17,191.29,292,INACTIVE,47.3
cust-02935,m-003,90,4,857.51,214.38,315,INACTIVE,34.48
cust-02936,m-003,14,7,3988.33,569.76,354,RETURNING,7.69
cust-02937,m-003,32,8,1977.13,247.14,320,AT_RISK,13.3
cust-02938,m-003,44,5,1673.72,334.74,332,AT_RISK,18.21
cust-02939,m-003,17,5,822.32,164.46,235,RETURNING,12.2
cust-02940,m-003,137,8,2189.14,273.64,361,INACTIVE,41.18
cust-02941,m-003,4,4,2929.66,732.42,313,RETURNING,7.27
cust-02942,m-003,12,7,2947.09,421.01,317,RETURNING,7.52
cust-02943,m-003,31,8,3029.64,378.7,296,AT_RISK,13.77
cust-02944,m-003,89,5,1135.54,227.11,322,INACTIVE,32.55
cust-02945,m-003,15,8,1018.91,127.36,304,RETURNING,8.25
cust-02946,m-003,21,7,4454.92,636.42,353,RETURNING,9.68
cust-02947,m-003,110,8,1997.45,249.68,339,INACTIVE,35.69
cust-02948,m-003,61,6,1864.28,310.71,310,INACTIVE,23.9
cust-02949,m-003,55,3,425.99,142.0,344,INACTIVE,23.44
cust-02950,m-003,15,6,2105.46,350.91,313,RETURNING,9.06
cust-02951,m-003,38,7,2984.97,426.42,282,AT_RISK,17.18
cust-02952,m-003,21,9,3643.39,404.82,319,RETURNING,9.56
cust-02953,m-003,35,10,1996.76,199.68,306,AT_RISK,14.13
cust-02954,m-003,120,5,1030.97,206.19,328,INACTIVE,41.47
cust-02955,m-003,100,4,2216.46,554.12,359,INACTIVE,33.78
cust-02956,m-003,55,9,2792.43,310.27,360,AT_RISK,18.24
cust-02957,m-003,131,4,1084.1,271.03,342,INACTIVE,44.19
cust-02958,m-003,5,14,3191.99,228.0,340,RETURNING,3.47
cust-02959,m-003,1,10,3534.02,353.4,340,RETURNING,3.02
cust-02960,m-003,45,5,1425.99,285.2,284,AT_RISK,20.79
cust-02961,m-003,102,8,1273.85,159.23,344,INACTIVE,32.9
cust-02962,m-003,7,7,2788.6,398.37,331,RETURNING,5.86
cust-02963,m-003,10,7,2306.4,329.49,336,RETURNING,6.72
cust-02964,m-003,24,4,862.1,215.52,267,RETURNING,14.96
cust-02965,m-003,13,2,1053.26,526.63,207,NEW,16.25
cust-02966,m-003,0,11,2928.85,266.26,298,RETURNING,2.5
cust-02967,m-003,34,4,592.73,148.18,317,AT_RISK,16.69
cust-02968,m-003,4,5,3520.56,704.11,282,RETURNING,6.41
cust-02969,m-003,45,6,3881.25,646.88,253,AT_RISK,22.0
cust-02970,m-003,87,3,1020.48,340.16,172,INACTIVE,57.79
cust-02971,m-003,8,10,3693.02,369.3,308,RETURNING,5.32
cust-02972,m-003,58,6,1611.29,268.55,340,AT_RISK,21.29
cust-02973,m-003,19,8,2965.62,370.7,362,RETURNING,8.57
cust-02974,m-003,3,12,2802.31,233.53,360,RETURNING,3.14
cust-02975,m-003,24,13,5123.34,394.1,354,RETURNING,8.9
cust-02976,m-003,30,10,2325.1,232.51,344,RETURNING,11.42
cust-02977,m-003,4,9,1998.25,222.03,271,RETURNING,4.47
cust-02978,m-003,23,3,650.09,216.7,257,NEW,16.41
cust-02979,m-003,16,4,470.71,117.68,88,RETURNING,23.98
cust-02980,m-003,31,3,1918.74,639.58,317,NEW,17.25
cust-02981,m-003,4,9,4815.91,535.1,362,RETURNING,4.1
cust-02982,m-003,56,10,1975.54,197.55,330,AT_RISK,19.65
cust-02983,m-003,12,4,1903.34,475.84,355,RETURNING,9.37
cust-02984,m-003,9,7,2005.53,286.5,278,RETURNING,6.98
cust-02985,m-003,28,9,3938.55,437.62,348,RETURNING,11.02
cust-02986,m-003,19,9,2657.83,295.31,354,RETURNING,8.35
cust-02987,m-003,2,8,2954.1,369.26,334,RETURNING,3.93
cust-02988,m-003,27,7,1312.48,187.5,248,RETURNING,14.59
cust-02989,m-003,57,7,1821.16,260.17,350,AT_RISK,19.99
cust-02990,m-003,10,5,1206.35,241.27,240,RETURNING,9.15
cust-02991,m-003,21,9,3512.79,390.31,292,RETURNING,10.17
cust-02992,m-003,23,8,1826.68,228.34,274,RETURNING,11.7
cust-02993,m-003,87,6,1553.2,258.87,263,INACTIVE,37.24
cust-02994,m-003,11,7,2014.38,287.77,332,RETURNING,7.05
cust-02995,m-003,25,7,1618.66,231.24,330,RETURNING,11.3
cust-02996,m-003,24,4,491.84,122.96,170,RETURNING,20.04
cust-02997,m-003,13,10,2699.63,269.96,337,RETURNING,6.57
cust-02998,m-003,67,1,409.29,409.29,67,INACTIVE,100.0
cust-02999,m-003,42,9,2732.65,303.63,289,AT_RISK,17.48
cust-03000,m-003,67,3,1315.67,438.56,304,INACTIVE,29.47
cust-03001,m-003,19,3,836.87,278.96,147,NEW,20.34
cust-03002,m-003,63,11,3556.34,323.3,362,INACTIVE,19.86
cust-03003,m-003,108,4,2627.84,656.96,352,INACTIVE,36.59
cust-03004,m-003,103,5,3111.73,622.35,312,INACTIVE,37.91
cust-03005,m-003,134,6,413.83,68.97,326,INACTIVE,45.26
cust-03006,m-003,11,9,5119.61,568.85,261,RETURNING,7.2
cust-03007,m-003,16,7,2971.0,424.43,330,RETURNING,8.58
cust-03008,m-003,66,8,2194.86,274.36,338,INACTIVE,22.8
cust-03009,m-003,65,6,2617.21,436.2,238,INACTIVE,31.48
cust-03010,m-003,17,3,497.39,165.8,171,NEW,17.38
cust-03011,m-003,29,6,4844.87,807.48,308,RETURNING,13.67
cust-03012,m-003,34,6,3581.96,596.99,356,AT_RISK,13.81
cust-03013,m-003,24,8,2531.81,316.48,359,RETURNING,10.0
cust-03014,m-003,55,11,3389.21,308.11,334,AT_RISK,18.92
cust-03015,m-003,17,10,3908.08,390.81,355,RETURNING,7.5
cust-03016,m-003,25,11,5663.81,514.89,331,RETURNING,10.03
cust-03017,m-003,2,7,4869.9,695.7,331,RETURNING,4.35
cust-03018,m-003,2,7,2369.54,338.51,310,RETURNING,4.39
cust-03019,m-003,0,5,1950.86,390.17,200,RETURNING,5.0
cust-03020,m-003,19,8,4816.96,602.12,334,RETURNING,9.0
cust-03021,m-003,61,7,2475.15,353.59,331,INACTIVE,22.12
cust-03022,m-003,161,2,192.93,96.46,301,INACTIVE,63.31
cust-03023,m-003,1,7,1829.57,261.37,295,RETURNING,4.09
cust-03024,m-003,14,9,4304.28,478.25,314,RETURNING,7.44
cust-03025,m-003,11,7,2373.38,339.05,361,RETURNING,6.79
cust-03026,m-003,25,8,3334.92,416.86,350,RETURNING,10.46
cust-03027,m-003,7,7,2247.38,321.05,359,RETURNING,5.69
cust-03028,m-003,298,5,1081.02,216.2,351,INACTIVE,89.66
cust-03029,m-003,34,7,2259.13,322.73,322,AT_RISK,14.28
cust-03030,m-003,11,8,4075.64,509.46,284,RETURNING,7.19
cust-03031,m-003,26,6,1044.74,174.12,352,RETURNING,11.65
cust-03032,m-003,34,6,2440.26,406.71,305,AT_RISK,15.4
cust-03033,m-003,14,6,3088.24,514.71,334,RETURNING,8.46
cust-03034,m-003,70,6,2078.47,346.41,331,INACTIVE,25.37
cust-03035,m-003,95,4,937.95,234.49,297,INACTIVE,37.88
cust-03036,m-003,158,6,2007.56,334.59,335,INACTIVE,51.31
cust-03037,m-003,38,9,1845.17,205.02,256,AT_RISK,17.79
cust-03038,m-003,30,4,1414.71,353.68,305,RETURNING,15.8
cust-03039,m-003,103,4,1775.14,443.78,332,INACTIVE,36.93
cust-03040,m-003,67,7,1353.75,193.39,361,INACTIVE,22.26
cust-03041,m-003,0,8,2110.87,263.86,333,RETURNING,3.33
cust-03042,m-003,137,5,1300.99,260.2,257,INACTIVE,58.1
cust-03043,m-003,10,4,2039.82,509.96,268,RETURNING,9.72
cust-03044,m-003,37,9,2634.14,292.68,324,AT_RISK,14.38
cust-03045,m-003,15,8,37074.99,4634.37,359,RETURNING,7.5
cust-03046,m-003,71,5,883.58,176.72,210,INACTIVE,38.65
cust-03047,m-003,23,11,4154.38,377.67,356,RETURNING,8.94
cust-03048,m-003,27,10,4082.38,408.24,363,RETURNING,10.14
cust-03049,m-003,84,9,2742.32,304.7,281,INACTIVE,32.79
cust-03050,m-003,18,13,3903.18,300.24,354,RETURNING,7.21
cust-03051,m-003,94,7,1884.48,269.21,340,INACTIVE,31.32
cust-03052,m-003,8,3,1825.8,608.6,154,NEW,12.66
cust-03053,m-003,111,7,2051.79,293.11,337,INACTIVE,36.59
cust-03054,m-003,32,4,218.95,54.74,328,AT_RISK,15.73
cust-03055,m-003,26,13,4524.64,348.05,364,RETURNING,9.27
cust-03056,m-003,35,13,2576.03,198.16,341,AT_RISK,12.38
cust-03057,m-003,0,7,3491.16,498.74,300,RETURNING,3.75
cust-03058,m-003,19,7,3492.93,498.99,346,RETURNING,9.23
cust-03059,m-003,79,7,1252.1,178.87,294,INACTIVE,30.53
cust-03060,m-003,33,5,1020.51,204.1,338,AT_RISK,14.73
cust-03061,m-003,14,6,683.27,113.88,339,RETURNING,8.4
cust-03062,m-003,28,5,808.13,161.63,363,RETURNING,12.69
cust-03063,m-003,7,6,1637.98,273.0,119,RETURNING,10.12
cust-03064,m-003,41,3,2186.47,728.82,297,NEW,21.26
cust-03065,m-003,75,7,2372.63,338.95,330,INACTIVE,26.41
cust-03066,m-003,9,6,1229.9,204.98,346,RETURNING,6.88
cust-03067,m-003,21,15,6345.63,423.04,338,RETURNING,8.07
cust-03068,m-003,82,8,1561.24,195.16,355,INACTIVE,26.37
cust-03069,m-003,17,5,1970.82,394.16,353,RETURNING,9.8
cust-03070,m-003,47,7,1743.57,249.08,352,AT_RISK,17.06
cust-03071,m-003,44,5,1223.37,244.67,362,AT_RISK,17.12
cust-03072,m-003,10,7,2330.07,332.87,299,RETURNING,7.08
cust-03073,m-003,47,4,1019.26,254.82,279,AT_RISK,22.79
cust-03074,m-003,28,11,4152.5,377.5,356,RETURNING,10.34
cust-03075,m-003,61,6,1863.54,310.59,330,INACTIVE,22.71
cust-03076,m-003,29,9,3305.78,367.31,351,RETURNING,11.24
cust-03077,m-003,198,6,2046.95,341.16,363,INACTIVE,58.68
cust-03078,m-003,23,12,3769.79,314.15,336,RETURNING,9.13
cust-03079,m-003,32,8,3076.72,384.59,328,AT_RISK,13.06
cust-03080,m-003,2,13,2867.39,220.57,342,RETURNING,2.73
cust-03081,m-003,11,3,1166.35,388.78,354,NEW,10.6
cust-03082,m-003,33,8,3580.1,447.51,331,AT_RISK,13.27
cust-03083,m-003,132,7,1982.77,283.25,360,INACTIVE,40.32
cust-03084,m-003,86,9,4090.21,454.47,357,INACTIVE,27.02
cust-03085,m-003,55,9,2322.67,258.07,337,AT_RISK,19.27
cust-03086,m-003,0,7,1893.0,270.43,324,RETURNING,3.75
cust-03087,m-003,5,4,1010.01,252.5,153,RETURNING,9.25
cust-03088,m-003,2,9,1852.64,205.85,364,RETURNING,3.55
cust-03089,m-003,46,14,7252.05,518.0,360,AT_RISK,14.74
cust-03090,m-003,16,8,2182.09,272.76,358,RETURNING,7.79
cust-03091,m-003,12,7,1604.0,229.14,359,RETURNING,7.08
cust-03092,m-003,60,10,1924.21,192.42,304,AT_RISK,22.4
cust-03093,m-003,41,5,1124.51,224.9,299,AT_RISK,18.67
cust-03094,m-003,23,5,2110.77,422.15,317,RETURNING,12.23
cust-03095,m-003,20,8,4773.05,596.63,343,RETURNING,9.15
cust-03096,m-003,29,7,2300.98,328.71,316,RETURNING,12.9
cust-03097,m-003,16,7,1247.84,178.26,270,RETURNING,9.65
cust-03098,m-003,7,9,1791.43,199.05,282,RETURNING,5.47
cust-03099,m-003,92,8,2236.76,279.6,339,INACTIVE,30.39
cust-03100,m-003,4,7,2057.37,293.91,312,RETURNING,5.03
cust-03101,m-003,123,4,567.33,141.83,254,INACTIVE,54.24
cust-03102,m-003,89,6,1472.42,245.4,315,INACTIVE,32.45
cust-03103,m-003,5,6,1407.26,234.54,330,RETURNING,5.8
cust-03104,m-003,0,15,3898.92,259.93,344,LOYAL,1.88
cust-03105,m-003,215,5,1601.59,320.32,350,INACTIVE,66.25
cust-03106,m-003,25,8,1574.02,196.75,338,RETURNING,10.71
cust-03107,m-003,3,6,2166.39,361.06,276,RETURNING,5.37
cust-03108,m-003,12,15,4599.16,306.61,335,LOYAL,5.45
cust-03109,m-003,60,9,2286.34,254.04,337,AT_RISK,20.75
cust-03110,m-003,112,6,913.49,152.25,350,INACTIVE,36.19
cust-03111,m-003,7,6,1576.75,262.79,181,RETURNING,8.13
cust-03112,m-003,170,2,179.05,89.52,362,INACTIVE,56.83
cust-03113,m-003,28,8,3242.48,405.31,277,RETURNING,13.41
cust-03114,m-003,14,5,1058.15,211.63,342,RETURNING,9.08
cust-03115,m-003,12,9,4237.6,470.84,297,RETURNING,7.03
cust-03116,m-003,64,10,3744.14,374.41,300,INACTIVE,23.99
cust-03117,m-003,11,6,2564.84,427.47,351,RETURNING,7.41
cust-03118,m-003,12,7,2721.92,388.85,363,RETURNING,7.05
cust-03119,m-003,17,9,4489.46,498.83,353,RETURNING,7.8
cust-03120,m-003,53,8,1877.61,234.7,347,AT_RISK,18.56
cust-03121,m-003,11,10,3781.61,378.16,348,RETURNING,5.88
cust-03122,m-003,39,5,4018.11,803.62,346,AT_RISK,16.24
cust-03123,m-003,11,9,2284.41,253.82,346,RETURNING,6.17
cust-03124,m-003,193,5,1420.66,284.13,351,INACTIVE,59.83
cust-03125,m-003,3,5,1666.18,333.24,266,RETURNING,6.12
cust-03126,m-003,28,7,1810.16,258.59,334,RETURNING,12.11
cust-03127,m-003,3,11,4857.68,441.61,360,RETURNING,3.33
cust-03128,m-003,39,4,409.81,102.45,282,AT_RISK,19.78
cust-03129,m-003,49,7,4102.99,586.14,351,AT_RISK,17.67
cust-03130,m-003,32,11,4315.31,392.3,340,AT_RISK,11.88
cust-03131,m-003,35,4,838.01,209.5,289,AT_RISK,18.07
cust-03132,m-003,39,9,2672.76,296.97,331,AT_RISK,14.75
cust-03133,m-003,20,10,4245.47,424.55,295,RETURNING,9.48
cust-03134,m-003,55,8,1939.77,242.47,333,AT_RISK,19.8
cust-03135,m-003,63,13,4789.98,368.46,349,INACTIVE,20.14
cust-03136,m-003,53,5,2665.74,533.15,332,AT_RISK,20.92
cust-03137,m-003,12,10,3029.14,302.91,361,RETURNING,6.04
cust-03138,m-003,4,7,2561.61,365.94,299,RETURNING,5.08
cust-03139,m-003,34,10,5008.28,500.83,354,AT_RISK,12.3
cust-03140,m-003,60,8,2286.07,285.76,342,AT_RISK,20.83
cust-03141,m-003,48,8,6054.08,756.76,348,AT_RISK,17.09
cust-03142,m-003,105,7,1847.21,263.89,335,INACTIVE,35.0
cust-03143,m-003,102,8,2218.11,277.26,346,INACTIVE,32.73
cust-03144,m-003,12,7,2645.49,377.93,345,RETURNING,7.22
cust-03145,m-003,27,10,3957.52,395.75,344,RETURNING,10.55
cust-03146,m-003,10,7,2732.91,390.42,363,RETURNING,6.5
cust-03147,m-003,10,12,2131.27,177.61,333,RETURNING,5.3
cust-03148,m-003,10,10,2491.68,249.17,362,RETURNING,5.48
cust-03149,m-003,44,5,2550.53,510.11,327,AT_RISK,18.41
cust-03150,m-003,48,2,1314.16,657.08,129,INACTIVE,46.92
cust-03151,m-003,27,8,1469.81,183.73,346,RETURNING,11.11
cust-03152,m-003,18,4,782.63,195.66,344,RETURNING,11.22
cust-03153,m-003,46,7,2306.17,329.45,340,AT_RISK,17.24
cust-03154,m-003,69,4,647.85,161.96,229,INACTIVE,36.0
cust-03155,m-003,25,5,2754.02,550.8,247,RETURNING,15.08
cust-03156,m-003,45,6,1883.38,313.9,356,AT_RISK,16.89
cust-03157,m-003,25,5,1867.89,373.58,326,RETURNING,12.65
cust-03158,m-003,27,9,3686.04,409.56,341,RETURNING,10.89
cust-03159,m-003,3,12,1643.23,136.94,354,RETURNING,3.15
cust-03160,m-003,34,5,1766.65,353.33,318,AT_RISK,15.66
cust-03161,m-003,25,7,1180.82,168.69,338,RETURNING,11.12
cust-03162,m-003,117,3,542.65,180.88,341,INACTIVE,41.71
cust-03163,m-003,348,2,858.88,429.44,364,INACTIVE,100.0
cust-03164,m-003,85,8,2643.88,330.48,340,INACTIVE,28.26
cust-03165,m-003,17,5,2964.46,592.89,300,RETURNING,10.65
cust-03166,m-003,26,8,2222.9,277.86,334,RETURNING,11.09
cust-03167,m-003,1,8,2510.64,313.83,279,RETURNING,3.69
cust-03168,m-003,23,5,1767.58,353.52,159,RETURNING,19.38
cust-03169,m-003,1,11,2813.0,255.73,357,RETURNING,2.78
cust-03170,m-003,16,3,405.14,135.05,299,NEW,12.83
cust-03171,m-003,62,8,2361.54,295.19,286,INACTIVE,24.94
cust-03172,m-003,173,5,1794.13,358.83,322,INACTIVE,58.56
cust-03173,m-003,27,12,5839.31,486.61,278,RETURNING,11.99
cust-03174,m-003,14,8,3671.29,458.91,316,RETURNING,7.75
cust-03175,m-003,159,6,4543.2,757.2,349,INACTIVE,49.71
cust-03176,m-003,74,3,970.0,323.33,178,INACTIVE,48.84
cust-03177,m-003,102,3,258.85,86.28,182,INACTIVE,63.24
cust-03178,m-003,24,3,1182.9,394.3,235,NEW,17.67
cust-03179,m-003,1,3,741.29,247.1,343,NEW,7.79
cust-03180,m-003,74,5,1502.56,300.51,347,INACTIVE,26.26
cust-03181,m-003,114,5,1577.64,315.53,291,INACTIVE,44.04
cust-03182,m-003,17,8,2862.54,357.82,337,RETURNING,8.36
cust-03183,m-003,1,11,5517.51,501.59,318,RETURNING,2.81
cust-03184,m-003,20,12,7839.7,653.31,353,RETURNING,7.96
cust-03185,m-003,31,6,1033.09,172.18,326,AT_RISK,13.77
cust-03186,m-003,50,10,6351.84,635.18,329,AT_RISK,17.88
cust-03187,m-003,9,7,1389.5,198.5,296,RETURNING,6.78
cust-03188,m-003,20,13,2440.7,187.75,356,RETURNING,7.75
cust-03189,m-003,21,4,665.62,166.4,245,RETURNING,14.54
cust-03190,m-003,37,6,1037.66,172.94,305,AT_RISK,16.38
cust-03191,m-003,5,8,3332.53,416.57,336,RETURNING,4.82
cust-03192,m-003,83,4,1143.13,285.78,341,INACTIVE,30.27
cust-03193,m-003,39,8,3522.84,440.36,310,AT_RISK,15.87
cust-03194,m-003,4,10,4458.09,445.81,291,RETURNING,4.1
cust-03195,m-003,41,7,3361.24,480.18,320,AT_RISK,16.52
cust-03196,m-003,16,9,2711.11,301.23,351,RETURNING,7.55
cust-03197,m-003,71,7,735.02,105.0,364,INACTIVE,23.2
cust-03198,m-003,53,12,6856.15,571.35,357,AT_RISK,17.11
cust-03199,m-003,51,5,1626.03,325.21,254,AT_RISK,25.0
cust-03200,m-003,74,5,3409.89,681.98,285,INACTIVE,30.87
cust-03201,m-003,56,3,706.73,235.58,306,INACTIVE,25.74
cust-03202,m-003,21,3,774.36,258.12,219,NEW,17.05
cust-03203,m-003,89,10,3748.58,374.86,356,INACTIVE,27.66
cust-03204,m-003,39,5,1154.05,230.81,187,AT_RISK,25.74
cust-03205,m-003,72,6,1840.48,306.75,261,INACTIVE,31.77
cust-03206,m-003,22,7,1843.65,263.38,289,RETURNING,11.34
cust-03207,m-003,188,4,2412.09,603.02,246,INACTIVE,82.11
cust-03208,m-003,7,10,2374.27,237.43,348,RETURNING,4.73
cust-03209,m-003,60,8,4707.42,588.43,289,AT_RISK,24.02
cust-03210,m-003,26,7,1936.83,276.69,321,RETURNING,11.82
cust-03211,m-003,79,11,3773.08,343.01,336,INACTIVE,25.94
cust-03212,m-003,52,6,3116.46,519.41,358,AT_RISK,18.77
cust-03213,m-003,16,9,2042.4,226.93,345,RETURNING,7.62
cust-03214,m-003,20,7,1472.11,210.3,325,RETURNING,9.88
cust-03215,m-003,45,6,2034.74,339.12,346,AT_RISK,17.25
cust-03216,m-003,38,8,4910.76,613.84,288,AT_RISK,16.48
cust-03217,m-003,22,7,2981.41,425.92,279,RETURNING,11.61
cust-03218,m-003,57,4,895.26,223.82,175,AT_RISK,38.39
cust-03219,m-003,102,7,2713.18,387.6,355,INACTIVE,32.4
cust-03220,m-003,13,6,3885.08,647.51,342,RETURNING,8.08
cust-03221,m-003,53,5,1555.08,311.02,302,AT_RISK,22.49
cust-03222,m-003,18,12,4892.85,407.74,354,RETURNING,7.38
cust-03223,m-003,15,8,2674.44,334.3,349,RETURNING,7.62
cust-03224,m-003,122,5,1262.01,252.4,210,INACTIVE,62.82
cust-03225,m-003,15,6,1203.65,200.61,327,RETURNING,8.86
cust-03226,m-003,95,8,3410.63,426.33,338,INACTIVE,31.36
cust-03227,m-003,46,12,3892.66,324.39,359,AT_RISK,15.09
cust-03228,m-003,5,5,1989.46,397.89,349,RETURNING,6.43
cust-03229,m-003,3,10,2365.63,236.56,357,RETURNING,3.57
cust-03230,m-003,11,5,3645.45,729.09,353,RETURNING,8.11
cust-03231,m-003,34,10,5005.85,500.58,293,AT_RISK,14.29
cust-03232,m-003,13,5,1014.67,202.93,313,RETURNING,9.14
cust-03233,m-003,128,4,1749.81,437.45,299,INACTIVE,48.67
cust-03234,m-003,18,10,2193.48,219.35,333,RETURNING,8.12
cust-03235,m-003,8,11,3913.77,355.8,341,RETURNING,4.84
cust-03236,m-003,35,8,2705.91,338.24,361,AT_RISK,13.0
cust-03237,m-003,79,7,4521.12,645.87,293,INACTIVE,30.62
cust-03238,m-003,133,7,2604.0,372.0,330,INACTIVE,43.93
cust-03239,m-003,12,10,5057.37,505.74,338,RETURNING,6.27
cust-03240,m-003,3,7,754.86,107.84,349,RETURNING,4.61
cust-03241,m-003,307,1,192.93,192.93,307,INACTIVE,100.0
cust-03242,m-003,2,8,2409.65,301.21,281,RETURNING,4.04
cust-03243,m-003,52,8,2983.13,372.89,355,AT_RISK,17.94
cust-03244,m-003,31,7,5743.35,820.48,356,AT_RISK,12.43
cust-03245,m-003,29,11,5154.94,468.63,361,RETURNING,10.51
cust-03246,m-003,252,4,2088.85,522.21,337,INACTIVE,80.56
cust-03247,m-003,83,2,912.57,456.28,188,INACTIVE,53.92
cust-03248,m-003,57,10,1908.33,190.83,350,AT_RISK,18.97
cust-03249,m-003,16,10,4307.32,430.73,356,RETURNING,7.21
cust-03250,m-003,33,6,2677.61,446.27,327,AT_RISK,14.35
cust-03251,m-003,82,8,4741.97,592.75,347,INACTIVE,26.9
cust-03252,m-003,17,8,1216.55,152.07,358,RETURNING,8.07
cust-03253,m-003,20,10,4417.15,441.72,330,RETURNING,8.77
cust-03254,m-003,19,10,3169.26,316.93,325,RETURNING,8.56
cust-03255,m-003,0,6,5411.74,901.96,320,RETURNING,4.29
cust-03256,m-003,30,10,2921.45,292.15,348,RETURNING,11.32
cust-03257,m-003,14,12,4331.84,360.99,235,RETURNING,8.24
cust-03258,m-003,6,8,926.02,115.75,354,RETURNING,5.02
cust-03259,m-003,17,9,2538.2,282.02,363,RETURNING,7.67
cust-03260,m-003,60,5,1526.85,305.37,359,AT_RISK,21.67
cust-03261,m-003,12,8,1471.13,183.89,360,RETURNING,6.66
cust-03262,m-003,25,9,3540.01,393.33,358,RETURNING,9.96
cust-03263,m-003,7,13,3467.95,266.77,278,RETURNING,4.65
cust-03264,m-003,61,8,1058.3,132.29,345,INACTIVE,20.96
cust-03265,m-003,133,8,3700.18,462.52,364,INACTIVE,39.77
cust-03266,m-003,49,10,6068.84,606.88,356,AT_RISK,16.45
cust-03267,m-003,12,5,1198.35,239.67,225,RETURNING,10.31
cust-03268,m-003,26,6,1512.11,252.02,363,RETURNING,11.43
cust-03269,m-003,6,5,484.61,96.92,251,RETURNING,7.38
cust-03270,m-003,43,16,5264.47,329.03,351,AT_RISK,13.98
cust-03271,m-003,53,7,2256.0,322.29,362,AT_RISK,18.35
cust-03272,m-003,159,2,167.93,83.96,308,INACTIVE,61.46
cust-03273,m-003,31,12,4114.21,342.85,339,AT_RISK,11.43
cust-03274,m-003,50,8,2874.88,359.36,327,AT_RISK,18.58
cust-03275,m-003,18,8,1577.95,197.24,351,RETURNING,8.45
cust-03276,m-003,68,13,5817.19,447.48,359,INACTIVE,21.03
cust-03277,m-003,11,7,3314.47,473.5,318,RETURNING,7.2
cust-03278,m-003,3,8,3099.62,387.45,343,RETURNING,4.21
cust-03279,m-003,93,5,4599.11,919.82,343,INACTIVE,32.03
cust-03280,m-003,46,7,2070.67,295.81,339,AT_RISK,17.28
cust-03281,m-003,32,9,2361.02,262.34,208,AT_RISK,18.31
cust-03282,m-003,4,8,1709.35,213.67,351,RETURNING,4.47
cust-03283,m-003,100,13,5808.14,446.78,280,INACTIVE,37.73
cust-03284,m-003,73,3,749.77,249.92,332,INACTIVE,29.42
cust-03285,m-003,8,5,2779.63,555.93,212,RETURNING,8.76
cust-03286,m-003,18,8,3504.74,438.09,337,RETURNING,8.66
cust-03287,m-003,144,10,3536.7,353.67,348,INACTIVE,43.99
cust-03288,m-003,19,11,2225.49,202.32,334,RETURNING,8.17
cust-03289,m-003,73,8,2563.37,320.42,298,INACTIVE,27.75
cust-03290,m-003,52,10,2711.55,271.16,357,AT_RISK,17.25
cust-03291,m-003,24,10,3952.65,395.26,305,RETURNING,10.57
cust-03292,m-003,7,11,3108.68,282.61,312,RETURNING,4.74
cust-03293,m-003,46,7,1174.07,167.72,315,AT_RISK,18.31
cust-03294,m-003,9,6,1678.18,279.7,360,RETURNING,6.78
cust-03295,m-003,5,8,1869.86,233.73,234,RETURNING,5.46
cust-03296,m-003,71,6,1074.15,179.02,348,INACTIVE,24.63
cust-03297,m-003,31,8,2996.36,374.54,363,AT_RISK,11.85
cust-03298,m-003,20,8,3119.48,389.94,348,RETURNING,9.06
cust-03299,m-003,62,4,1058.04,264.51,357,INACTIVE,23.32
cust-03300,m-003,66,7,1291.62,184.52,355,INACTIVE,22.29
cust-03301,m-003,31,6,1713.44,285.57,296,AT_RISK,14.72
cust-03302,m-003,17,7,2219.26,317.04,232,RETURNING,11.05
cust-03303,m-003,0,6,2284.02,380.67,356,RETURNING,4.29
cust-03304,m-003,87,5,1323.5,264.7,362,INACTIVE,28.97
cust-03305,m-003,11,5,1084.68,216.94,333,RETURNING,8.29
cust-03306,m-003,67,7,1744.26,249.18,310,INACTIVE,25.29
cust-03307,m-003,37,6,2955.3,492.55,363,AT_RISK,14.45
cust-03308,m-003,32,3,1637.16,545.72,249,NEW,20.3
cust-03309,m-003,107,7,1644.1,234.87,329,INACTIVE,36.17
cust-03310,m-003,46,11,4325.06,393.19,353,AT_RISK,15.49
cust-03311,m-003,1,7,2276.78,325.25,360,RETURNING,4.03
cust-03312,m-003,74,10,4057.26,405.73,359,INACTIVE,23.28
cust-03313,m-003,20,7,2092.45,298.92,272,RETURNING,11.08
cust-03314,m-003,36,10,4299.93,429.99,346,AT_RISK,13.1
cust-03315,m-003,65,5,2239.51,447.9,312,INACTIVE,25.77
cust-03316,m-003,63,6,2210.73,368.46,274,INACTIVE,27.19
cust-03317,m-003,120,5,2870.62,574.12,340,INACTIVE,40.19
cust-03318,m-003,35,9,2475.03,275.0,337,AT_RISK,13.36
cust-03319,m-003,1,2,506.73,253.36,270,NEW,10.37
cust-03320,m-003,50,8,2935.5,366.94,313,AT_RISK,19.26
cust-03321,m-003,4,8,2807.61,350.95,287,RETURNING,4.72
cust-03322,m-003,17,7,2085.63,297.95,281,RETURNING,9.78
cust-03323,m-003,20,6,3762.66,627.11,291,RETURNING,11.14
cust-03325,m-003,3,8,3792.82,474.1,314,RETURNING,4.29
cust-03326,m-003,25,6,1415.7,235.95,277,RETURNING,13.28
cust-03327,m-003,173,2,430.88,215.44,246,INACTIVE,80.04
cust-03328,m-003,108,6,646.31,107.72,303,INACTIVE,39.81
cust-03329,m-003,62,6,1933.33,322.22,355,INACTIVE,21.7
cust-03330,m-003,32,1,27.64,27.64,32,NEW,100.0
cust-03331,m-003,17,9,3347.87,371.99,342,RETURNING,7.96
cust-03332,m-003,147,4,2450.61,612.65,330,INACTIVE,50.41
cust-03333,m-003,24,12,5428.65,452.39,342,RETURNING,9.3
cust-03334,m-003,101,6,2347.93,391.32,345,INACTIVE,33.48
cust-03335,m-003,12,7,1880.8,268.69,357,RETURNING,7.1
cust-03336,m-003,87,7,2042.09,291.73,260,INACTIVE,37.08
cust-03337,m-003,40,8,2691.14,336.39,353,AT_RISK,14.63
cust-03338,m-003,35,10,3427.22,342.72,295,AT_RISK,14.55
cust-03339,m-003,42,2,938.52,469.26,92,NEW,55.16
cust-03340,m-003,39,10,2457.68,245.77,297,AT_RISK,15.81
cust-03341,m-003,33,8,2757.52,344.69,332,AT_RISK,13.24
cust-03342,m-003,60,4,942.56,235.64,336,AT_RISK,23.8
cust-03343,m-003,35,9,2655.58,295.06,320,AT_RISK,13.9
cust-03344,m-003,16,12,5537.52,461.46,344,RETURNING,6.95
cust-03345,m-003,41,4,600.69,150.17,349,AT_RISK,17.71
cust-03346,m-003,18,11,4479.19,407.2,298,RETURNING,8.52
cust-03347,m-003,17,8,1419.02,177.38,348,RETURNING,8.2
cust-03348,m-003,20,7,1529.22,218.46,331,RETURNING,9.77
cust-03349,m-003,1,8,3087.79,385.97,316,RETURNING,3.65
cust-03350,m-003,10,7,1249.95,178.56,321,RETURNING,6.86
cust-03351,m-003,43,7,2613.06,373.29,355,AT_RISK,15.83
cust-03352,m-003,139,3,119.59,39.86,357,INACTIVE,46.33
cust-03353,m-003,15,5,1422.77,284.55,276,RETURNING,10.42
cust-03354,m-003,105,4,972.12,243.03,345,INACTIVE,36.35
cust-03355,m-003,24,9,4304.14,478.24,361,RETURNING,9.63
cust-03356,m-003,25,4,1398.3,349.58,364,RETURNING,12.85
cust-03357,m-003,83,3,1661.64,553.88,306,INACTIVE,34.54
cust-03358,m-003,68,4,784.7,196.18,330,INACTIVE,26.54
cust-03359,m-003,90,7,931.49,133.07,344,INACTIVE,29.84
cust-03360,m-003,5,10,5671.71,567.17,352,RETURNING,4.14
cust-03361,m-003,46,6,2015.75,335.96,226,AT_RISK,24.55
cust-03362,m-003,39,6,2749.17,458.2,300,AT_RISK,17.24
cust-03363,m-003,154,4,2584.68,646.17,306,INACTIVE,56.16
cust-03364,m-003,60,8,3069.98,383.75,302,AT_RISK,23.14
cust-03365,m-003,86,7,4317.35,616.76,354,INACTIVE,27.98
cust-03366,m-003,37,12,5677.31,473.11,300,AT_RISK,14.6
cust-03367,m-003,81,8,2606.51,325.81,361,INACTIVE,25.71
cust-03368,m-003,4,9,2458.06,273.12,327,RETURNING,4.22
cust-03369,m-003,43,4,914.63,228.66,226,AT_RISK,24.94
cust-03370,m-003,8,7,3050.64,435.81,334,RETURNING,6.14
cust-03371,m-003,65,6,2260.92,376.82,249,INACTIVE,30.29
cust-03372,m-003,53,10,3628.11,362.81,328,AT_RISK,18.84
cust-03373,m-003,88,3,1288.47,429.49,292,INACTIVE,37.53
cust-03374,m-003,1,9,5469.93,607.77,358,RETURNING,3.28
cust-03375,m-003,59,8,1473.67,184.21,359,AT_RISK,19.72
cust-03376,m-003,58,4,821.17,205.29,341,AT_RISK,22.96
cust-03377,m-003,11,6,2287.77,381.3,337,RETURNING,7.54
cust-03378,m-003,133,6,3969.02,661.5,208,INACTIVE,67.92
cust-03379,m-003,1,10,2101.5,210.15,358,RETURNING,3.01
cust-03380,m-003,9,3,1262.63,420.88,198,NEW,12.02
cust-03381,m-003,46,9,6211.59,690.18,327,AT_RISK,17.02
cust-03382,m-003,34,8,1514.08,189.26,344,AT_RISK,13.19
cust-03383,m-003,26,2,638.77,319.38,227,NEW,21.4
cust-03384,m-003,107,3,624.91,208.3,246,INACTIVE,50.82
cust-03385,m-003,5,4,812.46,203.12,349,RETURNING,7.43
cust-03386,m-003,3,7,1752.25,250.32,355,RETURNING,4.59
cust-03387,m-003,33,10,5949.7,594.97,331,AT_RISK,12.67
cust-03388,m-003,76,10,4266.87,426.69,345,INACTIVE,24.69
cust-03389,m-003,6,3,756.1,252.03,250,NEW,9.89
cust-03390,m-003,2,7,2304.94,329.28,230,RETURNING,4.62
cust-03391,m-003,26,11,3602.48,327.5,358,RETURNING,9.74
cust-03392,m-003,22,5,1642.75,328.55,215,RETURNING,15.19
cust-03393,m-003,11,5,1030.82,206.16,119,RETURNING,14.17
cust-03394,m-003,6,12,2539.21,211.6,358,RETURNING,3.98
cust-03395,m-003,36,6,885.78,147.63,334,AT_RISK,15.03
cust-03396,m-003,62,7,1049.7,149.96,307,INACTIVE,23.88
cust-03397,m-003,33,4,2264.01,566.0,357,AT_RISK,15.22
cust-03398,m-003,14,6,2690.97,448.49,332,RETURNING,8.49
cust-03399,m-003,163,5,2519.23,503.85,308,INACTIVE,57.75
cust-03400,m-003,15,9,3495.83,388.43,330,RETURNING,7.53
cust-03401,m-003,70,6,2944.65,490.77,219,INACTIVE,36.1
cust-03402,m-003,3,10,2967.4,296.74,305,RETURNING,3.71
cust-03403,m-003,177,6,1503.28,250.55,328,INACTIVE,58.09
cust-03404,m-003,41,5,1451.47,290.29,352,AT_RISK,16.61
cust-03405,m-003,42,5,1136.61,227.32,293,AT_RISK,19.29
cust-03406,m-003,85,7,2077.67,296.81,362,INACTIVE,27.17
cust-03407,m-003,42,3,1297.42,432.47,75,NEW,62.76
cust-03408,m-003,135,10,2657.55,265.76,335,INACTIVE,42.91
cust-03409,m-003,54,6,2592.87,432.14,272,AT_RISK,24.07
cust-03410,m-003,14,9,4678.57,519.84,361,RETURNING,6.87
cust-03411,m-003,53,9,3689.33,409.93,337,AT_RISK,18.68
cust-03412,m-003,115,5,2389.2,477.84,312,INACTIVE,41.74
cust-03413,m-003,33,12,5886.82,490.57,344,AT_RISK,11.87
cust-03414,m-003,27,10,2667.08,266.71,353,RETURNING,10.35
cust-03415,m-003,217,2,442.25,221.12,260,INACTIVE,93.14
cust-03416,m-003,17,4,2197.87,549.47,358,RETURNING,10.74
cust-03417,m-003,28,7,1624.31,232.04,360,RETURNING,11.51
cust-03418,m-003,37,10,3700.82,370.08,331,AT_RISK,13.87
cust-03419,m-003,97,4,1698.12,424.53,215,INACTIVE,50.91
cust-03420,m-003,75,6,970.0,161.67,320,INACTIVE,27.65
cust-03421,m-003,54,5,1870.89,374.18,326,AT_RISK,21.51
cust-03422,m-003,16,9,9784.87,1087.21,297,RETURNING,8.37
cust-03423,m-003,68,8,4087.5,510.94,358,INACTIVE,22.27
cust-03424,m-003,7,7,2173.24,310.46,332,RETURNING,5.85
cust-03425,m-003,125,5,2282.29,456.46,320,INACTIVE,43.94
cust-03426,m-003,38,5,1518.24,303.65,302,AT_RISK,17.54
cust-03427,m-003,28,8,2868.59,358.57,298,RETURNING,12.7
cust-03428,m-003,11,15,2525.52,168.37,331,LOYAL,5.19
cust-03429,m-003,15,4,2174.43,543.61,260,RETURNING,11.75
cust-03430,m-003,87,4,634.69,158.67,334,INACTIVE,31.97
cust-03431,m-003,47,4,1036.77,259.19,306,AT_RISK,21.31
cust-03432,m-003,52,8,1301.66,162.71,281,AT_RISK,21.77
cust-03433,m-003,45,10,4186.69,418.67,294,AT_RISK,17.98
cust-03434,m-003,37,5,1719.28,343.86,344,AT_RISK,15.72
cust-03435,m-003,78,6,1141.09,190.18,344,INACTIVE,26.89
cust-03436,m-003,4,9,4818.67,535.41,355,RETURNING,4.12
cust-03437,m-003,33,5,2447.09,489.42,338,AT_RISK,14.73
cust-03438,m-003,18,9,2994.42,332.71,297,RETURNING,9.04
cust-03439,m-003,181,5,2554.49,510.9,357,INACTIVE,55.56
cust-03440,m-003,12,5,2577.11,515.42,287,RETURNING,9.17
cust-03441,m-003,4,9,2999.74,333.3,342,RETURNING,4.17
cust-03442,m-003,11,8,4446.09,555.76,337,RETURNING,6.59
cust-03443,m-003,270,3,499.62,166.54,335,INACTIVE,87.86
cust-03444,m-003,19,10,2008.24,200.82,333,RETURNING,8.42
cust-03445,m-003,88,8,1627.55,203.44,350,INACTIVE,28.4
cust-03446,m-003,5,8,1841.31,230.16,305,RETURNING,4.97
cust-03447,m-003,0,9,3104.07,344.9,345,RETURNING,3.0
cust-03448,m-003,134,2,283.29,141.65,195,INACTIVE,78.37
cust-03449,m-003,25,8,2266.32,283.29,287,RETURNING,12.01
cust-03450,m-003,49,11,7473.49,679.41,327,AT_RISK,17.44
cust-03451,m-003,1,10,2412.21,241.22,326,RETURNING,3.03
cust-03452,m-003,45,12,3456.9,288.08,363,AT_RISK,14.67
cust-03453,m-003,40,9,2384.32,264.92,314,AT_RISK,15.7
cust-03454,m-003,162,6,2626.46,437.74,296,INACTIVE,58.83
cust-03455,m-003,105,10,4503.75,450.38,362,INACTIVE,31.65
cust-03456,m-003,33,6,2384.14,397.36,331,AT_RISK,14.23
cust-03457,m-003,60,7,4787.98,684.0,287,AT_RISK,24.58
cust-03458,m-003,142,3,1936.39,645.46,238,INACTIVE,66.91
cust-03459,m-003,32,4,1309.55,327.39,266,AT_RISK,17.99
cust-03460,m-003,10,11,3686.9,335.17,343,RETURNING,5.41
cust-03461,m-003,59,9,3499.52,388.84,334,AT_RISK,20.61
cust-03462,m-003,141,4,1354.82,338.71,334,INACTIVE,48.09
cust-03463,m-003,116,10,2288.7,228.87,333,INACTIVE,37.46
cust-03464,m-003,50,10,3851.77,385.18,330,AT_RISK,17.83
cust-03465,m-003,122,11,4112.97,373.91,363,INACTIVE,36.02
cust-03466,m-003,158,8,2057.64,257.2,362,INACTIVE,46.86
cust-03467,m-003,2,8,1754.06,219.26,318,RETURNING,3.96
cust-03468,m-003,173,4,850.09,212.52,337,INACTIVE,57.18
cust-03469,m-003,10,8,1325.59,165.7,346,RETURNING,6.22
cust-03470,m-003,67,5,2443.43,488.69,361,INACTIVE,23.51
cust-03471,m-003,88,4,1525.08,381.27,319,INACTIVE,33.5
cust-03472,m-003,20,9,2887.1,320.79,299,RETURNING,9.67
cust-03473,m-003,67,7,1884.44,269.21,311,INACTIVE,25.22
cust-03474,m-003,55,11,2475.6,225.05,355,AT_RISK,17.95
cust-03475,m-003,26,10,4240.56,424.06,327,RETURNING,10.65
cust-03476,m-003,20,3,316.25,105.42,205,NEW,17.21
cust-03477,m-003,5,9,2457.61,273.07,340,RETURNING,4.47
cust-03478,m-003,84,5,1228.83,245.77,333,INACTIVE,30.15
cust-03479,m-003,44,9,2891.94,321.33,332,AT_RISK,16.21
cust-03480,m-003,16,11,3598.41,327.13,334,RETURNING,7.28
cust-03481,m-003,72,9,1510.08,167.79,348,INACTIVE,23.63
cust-03482,m-003,55,6,12842.95,2140.49,349,AT_RISK,20.0
cust-03483,m-003,131,7,1953.36,279.05,348,INACTIVE,41.29
cust-03484,m-003,37,9,1578.25,175.36,320,AT_RISK,14.53
cust-03485,m-003,96,3,1144.52,381.51,295,INACTIVE,39.93
cust-03486,m-003,66,4,852.29,213.07,336,INACTIVE,25.58
cust-03487,m-003,117,7,1636.48,233.78,305,INACTIVE,41.99
cust-03488,m-003,102,11,4006.34,364.21,361,INACTIVE,30.68
cust-03489,m-003,5,8,1842.38,230.3,362,RETURNING,4.71
cust-03490,m-003,1,8,4361.51,545.19,353,RETURNING,3.62
cust-03491,m-003,63,5,3968.73,793.75,331,INACTIVE,23.98
cust-03492,m-003,27,9,4054.04,450.45,297,RETURNING,12.06
cust-03493,m-003,57,9,5022.62,558.07,217,AT_RISK,29.15
cust-03494,m-003,2,9,5504.97,611.66,331,RETURNING,3.6
cust-03495,m-003,47,8,2596.61,324.58,364,AT_RISK,16.21
cust-03496,m-003,61,12,5035.35,419.61,322,INACTIVE,21.19
cust-03497,m-003,140,9,2239.39,248.82,358,INACTIVE,42.0
cust-03498,m-003,130,3,480.3,160.1,358,INACTIVE,43.71
cust-03499,m-003,18,5,1653.91,330.78,343,RETURNING,10.23
cust-03500,m-003,53,6,1329.94,221.66,364,AT_RISK,18.81
cust-03501,m-004,2,6,5391.58,898.6,308,RETURNING,4.93
cust-03502,m-004,2,6,5292.86,882.14,342,RETURNING,4.87
cust-03503,m-004,4,8,8270.86,1033.86,286,RETURNING,4.73
cust-03504,m-004,18,4,2924.82,731.2,298,RETURNING,12.02
cust-03505,m-004,24,8,12259.7,1532.46,289,RETURNING,11.61
cust-03506,m-004,135,7,10473.75,1496.25,348,INACTIVE,42.43
cust-03507,m-004,29,6,5378.8,896.47,194,RETURNING,19.16
cust-03508,m-004,5,6,7924.34,1320.72,341,RETURNING,5.75
cust-03509,m-004,21,5,6557.71,1311.54,340,RETURNING,11.16
cust-03510,m-004,0,5,7529.25,1505.85,301,RETURNING,5.0
cust-03511,m-004,311,3,5226.01,1742.0,339,INACTIVE,98.97
cust-03512,m-004,6,4,2778.22,694.56,339,RETURNING,7.76
cust-03513,m-004,27,3,2245.87,748.62,313,NEW,16.1
cust-03514,m-004,33,6,4787.14,797.86,318,AT_RISK,14.63
cust-03515,m-004,0,6,7476.5,1246.08,327,RETURNING,4.29
cust-03516,m-004,122,8,6406.68,800.84,350,INACTIVE,38.09
cust-03517,m-004,1,5,4691.69,938.34,327,RETURNING,5.3
cust-03518,m-004,120,7,10492.01,1498.86,322,INACTIVE,40.9
cust-03519,m-004,26,8,8667.22,1083.4,362,RETURNING,10.5
cust-03520,m-004,30,5,6440.85,1288.17,330,RETURNING,14.06
cust-03521,m-004,5,7,7361.13,1051.59,331,RETURNING,5.26
cust-03522,m-004,219,4,7287.68,1821.92,341,INACTIVE,70.04
cust-03523,m-004,92,6,8974.48,1495.75,340,INACTIVE,31.27
cust-03524,m-004,31,4,7461.94,1865.48,268,AT_RISK,17.52
cust-03525,m-004,110,4,4613.64,1153.41,341,INACTIVE,38.16
cust-03526,m-004,75,4,6769.84,1692.46,362,INACTIVE,26.66
cust-03527,m-004,41,7,7617.63,1088.23,306,AT_RISK,17.11
cust-03528,m-004,339,1,732.09,732.09,339,INACTIVE,100.0
cust-03529,m-004,117,5,5946.19,1189.24,296,INACTIVE,44.39
cust-03530,m-004,43,5,4160.21,832.04,340,AT_RISK,17.61
cust-03531,m-004,32,7,9081.73,1297.39,360,AT_RISK,12.61
cust-03532,m-004,42,7,7150.29,1021.47,256,AT_RISK,20.09
cust-03533,m-004,78,5,4100.03,820.01,341,INACTIVE,27.81
cust-03534,m-004,126,4,3623.84,905.96,357,INACTIVE,41.2
cust-03535,m-004,20,7,16330.73,2332.96,331,RETURNING,9.77
cust-03536,m-004,2,9,13660.37,1517.82,319,RETURNING,3.62
cust-03537,m-004,32,7,7079.23,1011.32,360,AT_RISK,12.61
cust-03538,m-004,216,1,1789.15,1789.15,216,INACTIVE,100.0
cust-03539,m-004,17,7,7459.97,1065.71,313,RETURNING,9.16
cust-03540,m-004,25,3,4490.17,1496.72,229,NEW,18.37
cust-03541,m-004,6,6,7226.56,1204.43,299,RETURNING,6.29
cust-03542,m-004,142,4,4968.3,1242.08,249,INACTIVE,62.8
cust-03543,m-004,15,5,6332.95,1266.59,214,RETURNING,11.98
cust-03544,m-004,47,5,5500.65,1100.13,328,AT_RISK,19.29
cust-03545,m-004,67,2,1468.8,734.4,136,INACTIVE,58.91
cust-03546,m-004,11,7,9983.23,1426.18,256,RETURNING,8.03
cust-03547,m-004,236,2,2409.0,1204.5,338,INACTIVE,79.62
cust-03548,m-004,128,3,3096.11,1032.04,292,INACTIVE,51.19
cust-03549,m-004,90,4,3985.42,996.36,331,INACTIVE,33.11
cust-03550,m-004,74,8,14079.32,1759.92,319,INACTIVE,26.46
cust-03551,m-004,59,4,5757.76,1439.44,340,AT_RISK,23.3
cust-03552,m-004,108,4,5897.76,1474.44,320,INACTIVE,39.64
cust-03553,m-004,344,1,781.69,781.69,344,INACTIVE,100.0
cust-03554,m-004,22,5,9969.27,1993.85,262,RETURNING,13.37
cust-03555,m-004,17,4,5067.5,1266.88,362,RETURNING,10.68
cust-03556,m-004,86,2,2570.84,1285.42,312,INACTIVE,37.48
cust-03557,m-004,59,4,4325.8,1081.45,360,AT_RISK,22.34
cust-03558,m-004,113,7,8574.79,1224.97,356,INACTIVE,35.4
cust-03559,m-004,33,6,6237.36,1039.56,246,AT_RISK,17.65
cust-03560,m-004,31,5,5730.49,1146.1,331,AT_RISK,14.34
cust-03561,m-004,41,3,2155.91,718.64,106,NEW,45.82
cust-03562,m-004,62,7,8452.07,1207.44,363,INACTIVE,20.78
cust-03563,m-004,29,4,6347.48,1586.87,205,RETURNING,20.08
cust-03564,m-004,8,6,10501.02,1750.17,334,RETURNING,6.67
cust-03565,m-004,183,2,2476.26,1238.13,211,INACTIVE,96.32
cust-03566,m-004,6,12,18136.62,1511.38,337,RETURNING,4.08
cust-03567,m-004,8,4,3077.16,769.29,201,RETURNING,9.96
cust-03568,m-004,30,10,10445.7,1044.57,363,RETURNING,10.97
cust-03569,m-004,40,9,10060.01,1117.78,283,AT_RISK,17.08
cust-03570,m-004,29,4,4325.8,1081.45,362,RETURNING,13.99
cust-03571,m-004,32,5,7347.17,1469.43,234,AT_RISK,18.62
cust-03572,m-004,1,6,14606.72,2434.45,228,RETURNING,4.72
cust-03573,m-004,84,4,3850.48,962.62,335,INACTIVE,31.0
cust-03574,m-004,8,6,10213.62,1702.27,277,RETURNING,7.16
cust-03575,m-004,197,4,8563.98,2141.0,320,INACTIVE,67.37
cust-03576,m-004,15,6,9368.0,1561.33,202,RETURNING,11.67
cust-03577,m-004,213,2,1513.78,756.89,248,INACTIVE,95.54
cust-03578,m-004,19,8,10495.18,1311.9,274,RETURNING,10.24
cust-03579,m-004,163,4,4084.62,1021.16,331,INACTIVE,55.1
cust-03580,m-004,80,5,4851.07,970.21,354,INACTIVE,27.54
cust-03581,m-004,79,6,8216.36,1369.39,347,INACTIVE,26.99
cust-03582,m-004,26,3,5226.01,1742.0,317,NEW,15.68
cust-03583,m-004,83,4,3623.84,905.96,332,INACTIVE,30.92
cust-03584,m-004,112,4,4435.58,1108.9,364,INACTIVE,36.68
cust-03585,m-004,1,6,8524.8,1420.8,253,RETURNING,4.68
cust-03586,m-004,77,6,7735.34,1289.22,347,INACTIVE,26.41
cust-03587,m-004,95,3,4490.17,1496.72,340,INACTIVE,35.36
cust-03588,m-004,16,3,2986.33,995.44,150,NEW,18.1
cust-03589,m-004,319,1,1789.15,1789.15,319,INACTIVE,100.0
cust-03590,m-004,7,7,11280.57,1611.51,355,RETURNING,5.72
cust-03591,m-004,164,2,2409.0,1204.5,333,INACTIVE,59.1
cust-03592,m-004,1,7,7212.93,1030.42,359,RETURNING,4.03
cust-03593,m-004,15,5,8737.05,1747.41,150,RETURNING,14.93
cust-03594,m-004,188,4,5172.66,1293.16,332,INACTIVE,62.46
cust-03595,m-004,32,5,5217.27,1043.45,349,AT_RISK,14.14
cust-03596,m-004,65,3,1996.53,665.51,261,INACTIVE,32.31
cust-03597,m-004,34,4,6074.96,1518.74,312,AT_RISK,16.86
cust-03598,m-004,47,5,8804.31,1760.86,256,AT_RISK,23.29
cust-03599,m-004,222,3,1996.53,665.51,338,INACTIVE,72.99
cust-03600,m-004,13,5,11634.95,2326.99,352,RETURNING,8.68
cust-03601,m-004,191,2,1754.96,877.48,271,INACTIVE,80.22
cust-03602,m-004,29,5,10268.21,2053.64,268,RETURNING,15.78
cust-03603,m-004,192,3,5430.37,1810.12,331,INACTIVE,65.33
cust-03604,m-004,9,5,10335.47,2067.09,354,RETURNING,7.54
cust-03605,m-004,131,2,2409.0,1204.5,138,INACTIVE,100.0
cust-03606,m-004,20,5,7230.31,1446.06,348,RETURNING,10.73
cust-03607,m-004,45,2,1468.8,734.4,175,NEW,35.57
cust-03608,m-004,151,4,8321.56,2080.39,332,INACTIVE,51.35
cust-03609,m-004,12,7,5891.99,841.71,322,RETURNING,7.47
cust-03610,m-004,19,7,11304.99,1615.0,359,RETURNING,9.03
cust-03611,m-004,85,3,4225.47,1408.49,121,INACTIVE,77.17
cust-03612,m-004,24,10,12616.34,1261.63,333,RETURNING,9.91
cust-03613,m-004,54,5,6807.05,1361.41,319,AT_RISK,21.88
cust-03614,m-004,28,3,2245.87,748.62,125,NEW,29.72
cust-03615,m-004,18,6,10368.54,1728.09,265,RETURNING,11.05
cust-03616,m-004,2,3,2250.49,750.16,71,NEW,10.28
cust-03617,m-004,1,6,9653.26,1608.88,347,RETURNING,4.57
cust-03618,m-004,159,2,2004.3,1002.15,193,INACTIVE,91.96
cust-03619,m-004,176,2,2004.3,1002.15,266,INACTIVE,75.92
cust-03620,m-004,86,1,482.75,482.75,86,INACTIVE,100.0
cust-03621,m-004,221,1,1272.21,1272.21,221,INACTIVE,100.0
cust-03622,m-004,31,4,6954.82,1738.71,248,AT_RISK,18.45
cust-03623,m-004,344,1,687.11,687.11,344,INACTIVE,100.0
cust-03624,m-004,4,10,12024.32,1202.43,349,RETURNING,3.87
cust-03625,m-004,36,3,4440.57,1480.19,225,NEW,23.43
cust-03626,m-004,24,4,5470.36,1367.59,320,RETURNING,13.48
cust-03627,m-004,32,5,6701.73,1340.35,285,AT_RISK,16.19
cust-03628,m-004,6,5,4659.49,931.9,354,RETURNING,6.69
cust-03629,m-004,44,3,5075.27,1691.76,310,NEW,21.65
cust-03630,m-004,310,2,1374.22,687.11,322,INACTIVE,100.0
cust-03631,m-004,12,3,4191.23,1397.08,332,NEW,11.1
cust-03632,m-004,102,4,5017.9,1254.47,169,INACTIVE,66.0
cust-03633,m-004,116,3,5475.35,1825.12,330,INACTIVE,42.55
cust-03634,m-004,86,5,4704.47,940.89,230,INACTIVE,42.23
cust-03635,m-004,5,7,9204.51,1314.93,318,RETURNING,5.32
cust-03636,m-004,32,6,10519.28,1753.21,293,AT_RISK,15.17
cust-03637,m-004,69,5,4472.79,894.56,312,INACTIVE,27.04
cust-03638,m-004,10,5,8586.31,1717.26,358,RETURNING,7.79
cust-03639,m-004,200,6,6168.26,1028.04,333,INACTIVE,64.17
cust-03640,m-004,0,5,5251.31,1050.26,356,RETURNING,5.0
cust-03641,m-004,125,7,9502.21,1357.46,350,INACTIVE,39.36
cust-03642,m-004,26,7,9577.63,1368.23,324,RETURNING,11.75
cust-03643,m-004,26,4,6797.16,1699.29,362,RETURNING,13.16
cust-03644,m-004,0,7,7199.29,1028.47,294,RETURNING,3.75
cust-03645,m-004,19,6,6289.26,1048.21,340,RETURNING,9.86
cust-03646,m-004,14,10,18238.38,1823.84,292,RETURNING,7.51
cust-03647,m-004,1,10,12617.24,1261.72,340,RETURNING,3.02
cust-03648,m-004,24,5,4704.47,940.89,130,RETURNING,23.32
cust-03649,m-004,66,3,2155.91,718.64,299,INACTIVE,29.5
cust-03650,m-004,55,5,5208.63,1041.73,346,AT_RISK,20.85
cust-03651,m-004,83,2,2521.24,1260.62,353,INACTIVE,33.45
cust-03652,m-004,0,7,12804.81,1829.26,301,RETURNING,3.75
cust-03653,m-004,114,2,3578.3,1789.15,142,INACTIVE,89.72
cust-03654,m-004,19,6,8683.7,1447.28,314,RETURNING,10.32
cust-03655,m-004,4,4,2479.28,619.82,202,RETURNING,7.97
cust-03656,m-004,111,3,5430.37,1810.12,275,INACTIVE,47.72
cust-03657,m-004,22,5,6667.49,1333.5,180,RETURNING,17.15
cust-03658,m-004,188,1,482.75,482.75,188,INACTIVE,100.0
cust-03659,m-004,13,6,5209.5,868.25,309,RETURNING,8.48
cust-03660,m-004,138,6,6486.7,1081.12,294,INACTIVE,51.07
cust-03661,m-004,22,8,17250.76,2156.35,243,RETURNING,12.35
cust-03662,m-004,26,3,1697.59,565.86,351,NEW,14.89
cust-03663,m-004,64,4,3940.44,985.11,279,INACTIVE,28.86
cust-03664,m-004,15,7,6337.53,905.36,315,RETURNING,8.5
cust-03665,m-004,132,7,9706.57,1386.65,342,INACTIVE,42.23
cust-03666,m-004,12,6,8774.14,1462.36,273,RETURNING,8.67
cust-03667,m-004,43,4,8002.06,2000.52,346,AT_RISK,18.39
cust-03668,m-004,73,7,7316.15,1045.16,287,INACTIVE,29.1
cust-03669,m-004,91,4,9553.78,2388.45,339,INACTIVE,32.76
cust-03670,m-004,26,4,5017.9,1254.47,206,RETURNING,18.56
cust-03671,m-004,26,4,8254.3,2063.58,350,RETURNING,13.41
cust-03672,m-004,19,6,6448.64,1074.77,322,RETURNING,10.17
cust-03673,m-004,81,6,7426.9,1237.82,317,INACTIVE,29.76
cust-03674,m-004,33,8,11465.98,1433.25,277,AT_RISK,15.2
cust-03675,m-004,16,7,7013.19,1001.88,284,RETURNING,9.36
cust-03676,m-004,60,10,13124.8,1312.48,341,AT_RISK,20.27
cust-03677,m-004,89,6,8310.94,1385.16,346,INACTIVE,29.93
cust-03678,m-004,159,4,4775.48,1193.87,340,INACTIVE,52.63
cust-03679,m-004,5,7,8766.37,1252.34,334,RETURNING,5.24
cust-03680,m-004,116,6,5895.74,982.62,282,INACTIVE,45.28
cust-03681,m-004,28,6,7325.76,1220.96,304,RETURNING,13.47
cust-03682,m-004,180,6,8528.94,1421.49,279,INACTIVE,68.57
cust-03683,m-004,149,5,3669.69,733.94,360,INACTIVE,46.27
cust-03684,m-004,120,4,4725.88,1181.47,190,INACTIVE,68.83
cust-03685,m-004,125,5,4808.55,961.71,337,INACTIVE,41.98
cust-03686,m-004,33,5,4646.71,929.34,364,AT_RISK,14.04
cust-03687,m-004,79,4,4842.74,1210.68,354,INACTIVE,28.25
cust-03688,m-004,103,9,11665.89,1296.21,305,INACTIVE,36.66
cust-03689,m-004,31,8,14629.56,1828.7,344,AT_RISK,12.32
cust-03690,m-004,189,2,2521.24,1260.62,277,INACTIVE,77.99
cust-03691,m-004,11,9,11665.89,1296.21,350,RETURNING,6.13
cust-03692,m-004,83,7,8604.85,1229.26,324,INACTIVE,29.29
cust-03693,m-004,49,3,3726.19,1242.06,263,INACTIVE,26.06
cust-03694,m-004,127,4,5712.78,1428.2,285,INACTIVE,50.41
cust-03696,m-004,1,7,8226.25,1175.18,360,RETURNING,4.03
cust-03697,m-004,4,5,5311.85,1062.37,191,RETURNING,7.08
cust-03698,m-004,45,4,4862.98,1215.75,337,AT_RISK,19.31
cust-03699,m-004,202,8,8304.9,1038.11,354,INACTIVE,60.23
cust-03700,m-004,94,2,4743.26,2371.63,289,INACTIVE,42.41
cust-03701,m-004,22,7,7572.65,1081.81,362,RETURNING,9.81
cust-03702,m-004,54,4,6702.58,1675.64,299,AT_RISK,24.0
cust-03703,m-004,22,7,10567.43,1509.63,349,RETURNING,10.04
cust-03704,m-004,165,2,1419.2,709.6,212,INACTIVE,87.46
cust-03705,m-004,254,3,5430.37,1810.12,274,INACTIVE,99.86
cust-03706,m-004,113,6,5923.06,987.18,284,INACTIVE,43.93
cust-03707,m-004,65,5,9053.65,1810.73,278,INACTIVE,28.3
cust-03708,m-004,54,4,5463.44,1365.86,201,AT_RISK,32.73
cust-03709,m-004,12,12,16513.62,1376.14,364,RETURNING,5.6
cust-03710,m-004,157,6,7762.06,1293.68,338,INACTIVE,50.6
cust-03711,m-004,23,5,7871.03,1574.21,304,RETURNING,12.54
cust-03712,m-004,12,5,8874.15,1774.83,242,RETURNING,9.94
cust-03713,m-004,109,5,6531.29,1306.26,343,INACTIVE,36.69
cust-03714,m-004,5,5,3951.83,790.37,344,RETURNING,6.45
cust-03715,m-004,16,8,9101.28,1137.66,306,RETURNING,8.55
cust-03716,m-004,35,7,8269.99,1181.43,361,AT_RISK,13.42
cust-03717,m-004,7,6,6934.54,1155.76,337,RETURNING,6.36
cust-03718,m-004,66,5,4627.55,925.51,317,INACTIVE,25.75
cust-03719,m-004,51,1,1721.89,1721.89,51,INACTIVE,100.0
cust-03720,m-004,34,4,5856.96,1464.24,284,AT_RISK,17.93
cust-03721,m-004,12,4,4208.94,1052.24,341,RETURNING,9.51
cust-03722,m-004,41,3,3257.95,1085.98,234,NEW,24.95
cust-03723,m-004,14,11,19541.63,1776.51,328,RETURNING,6.76
cust-03724,m-004,69,7,10734.43,1533.49,328,INACTIVE,24.72
cust-03725,m-004,97,2,1419.2,709.6,115,INACTIVE,93.62
cust-03726,m-004,46,7,6677.43,953.92,357,AT_RISK,16.6
cust-03727,m-004,41,9,11803.15,1311.46,359,AT_RISK,14.39
cust-03728,m-004,57,2,2453.98,1226.99,343,INACTIVE,26.57
cust-03729,m-004,96,2,965.5,482.75,106,INACTIVE,99.72
cust-03730,m-004,3,14,15644.14,1117.44,282,RETURNING,3.06
cust-03731,m-004,6,11,18055.45,1641.4,347,RETURNING,4.22
cust-03732,m-004,38,5,7347.17,1469.43,292,AT_RISK,17.97
cust-03733,m-004,35,9,9671.53,1074.61,324,AT_RISK,13.77
cust-03734,m-004,350,1,3021.37,3021.37,350,INACTIVE,100.0
cust-03735,m-004,30,7,8924.03,1274.86,360,RETURNING,12.06
cust-03736,m-004,72,7,8719.67,1245.67,275,INACTIVE,29.84
cust-03737,m-004,39,7,5321.43,760.2,267,AT_RISK,18.3
cust-03738,m-004,22,2,4293.58,2146.79,228,NEW,19.61
cust-03739,m-004,114,3,1996.53,665.51,311,INACTIVE,44.04
cust-03740,m-004,35,3,1747.19,582.4,320,NEW,18.4
cust-03741,m-004,53,5,7279.91,1455.98,357,AT_RISK,19.8
cust-03742,m-004,98,9,14410.09,1601.12,361,INACTIVE,30.07
cust-03743,m-004,32,6,6617.94,1102.99,154,AT_RISK,24.93
cust-03744,m-004,17,7,8659.37,1237.05,356,RETURNING,8.51
cust-03745,m-004,37,7,6958.71,994.1,343,AT_RISK,14.51
cust-03746,m-004,50,7,8692.55,1241.79,305,AT_RISK,20.09
cust-03747,m-004,50,7,8755.63,1250.8,354,AT_RISK,17.83
cust-03748,m-004,111,3,5542.61,1847.54,323,INACTIVE,41.76
cust-03749,m-004,28,7,5121.69,731.67,351,RETURNING,11.7
cust-03750,m-004,22,7,6651.01,950.14,245,RETURNING,12.69
cust-03751,m-004,33,2,2503.58,1251.79,342,NEW,19.62
cust-03752,m-004,53,8,14463.78,1807.97,301,AT_RISK,20.88
cust-03753,m-004,10,5,11567.69,2313.54,301,RETURNING,8.31
cust-03754,m-004,112,5,7702.27,1540.45,303,INACTIVE,41.84
cust-03755,m-004,0,9,12486.81,1387.42,311,RETURNING,3.0
cust-03756,m-004,29,6,8076.8,1346.13,262,RETURNING,15.31
cust-03757,m-004,103,3,4292.73,1430.91,340,INACTIVE,37.71
cust-03758,m-004,4,5,4741.29,948.26,309,RETURNING,6.29
cust-03759,m-004,56,4,5316.84,1329.21,222,AT_RISK,31.11
cust-03760,m-004,12,7,7039.01,1005.57,349,RETURNING,7.18
cust-03761,m-004,62,6,8593.74,1432.29,300,INACTIVE,24.88
cust-03762,m-004,48,7,9443.59,1349.08,355,AT_RISK,17.23
cust-03763,m-004,88,5,5598.01,1119.6,335,INACTIVE,31.19
cust-03764,m-004,6,8,11047.88,1380.98,360,RETURNING,5.0
cust-03765,m-004,17,8,12293.94,1536.74,304,RETURNING,8.91
cust-03766,m-004,32,4,3469.08,867.27,325,AT_RISK,15.82
cust-03767,m-004,83,4,7804.62,1951.16,333,INACTIVE,30.85
cust-03768,m-004,74,4,5463.44,1365.86,356,INACTIVE,26.73
cust-03769,m-004,39,3,4850.51,1616.84,179,NEW,29.17
cust-03770,m-004,42,4,5048.0,1262.0,176,AT_RISK,29.73
cust-03771,m-004,4,9,13815.29,1535.03,358,RETURNING,4.11
cust-03772,m-004,77,6,9790.36,1631.73,321,INACTIVE,28.2
cust-03773,m-004,138,5,4000.83,800.17,295,INACTIVE,51.62
cust-03774,m-004,20,8,11092.86,1386.61,360,RETURNING,8.87
cust-03775,m-004,34,2,3511.04,1755.52,274,NEW,22.36
cust-03776,m-004,19,8,11938.48,1492.31,332,RETURNING,9.04
cust-03777,m-004,166,3,1996.53,665.51,362,INACTIVE,53.23
cust-03778,m-004,68,3,2536.65,845.55,182,INACTIVE,44.66
cust-03779,m-004,80,4,5497.68,1374.42,360,INACTIVE,28.16
cust-03780,m-004,190,2,4293.58,2146.79,323,INACTIVE,68.64
cust-03781,m-004,20,7,9380.67,1340.1,351,RETURNING,9.43
cust-03782,m-004,65,5,7479.65,1495.93,333,INACTIVE,24.46
cust-03783,m-004,259,2,1264.44,632.22,306,INACTIVE,94.36
cust-03784,m-004,42,6,6560.88,1093.48,282,AT_RISK,19.13
cust-03785,m-004,28,5,4522.39,904.48,356,RETURNING,12.84
cust-03786,m-004,12,8,9256.04,1157.01,323,RETURNING,7.04
cust-03787,m-004,64,7,9751.55,1393.08,354,INACTIVE,21.78
cust-03788,m-004,107,4,5913.12,1478.28,343,INACTIVE,37.1
cust-03789,m-004,80,5,5711.93,1142.39,315,INACTIVE,30.32
cust-03790,m-004,19,7,10273.11,1467.59,350,RETURNING,9.16
cust-03791,m-004,47,5,6634.47,1326.89,356,AT_RISK,18.17
cust-03792,m-004,8,7,7055.71,1007.96,243,RETURNING,7.03
cust-03793,m-004,14,4,3835.28,958.82,364,RETURNING,9.84
cust-03794,m-004,90,4,5222.26,1305.56,218,INACTIVE,47.1
cust-03795,m-004,8,6,8711.02,1451.84,259,RETURNING,7.36
cust-03796,m-004,31,6,8012.0,1335.33,329,AT_RISK,13.68
cust-03797,m-004,38,12,17829.68,1485.81,343,AT_RISK,13.35
cust-03798,m-004,100,6,10790.9,1798.48,322,INACTIVE,35.25
cust-03799,m-004,74,5,6247.43,1249.49,346,INACTIVE,26.33
cust-03800,m-004,23,8,8491.0,1061.38,264,RETURNING,12.01
cust-03801,m-004,0,9,9227.71,1025.3,316,RETURNING,3.0
cust-03802,m-004,10,2,2204.64,1102.32,169,NEW,15.88
cust-03803,m-004,70,8,13829.98,1728.75,361,INACTIVE,22.67
cust-03804,m-004,18,9,17392.71,1932.52,364,RETURNING,7.93
cust-03805,m-004,13,3,2736.39,912.13,300,NEW,11.82
cust-03806,m-004,77,8,10081.1,1260.14,286,INACTIVE,30.16
cust-03807,m-004,58,3,4130.89,1376.96,305,INACTIVE,26.45
cust-03808,m-004,179,4,5508.42,1377.1,341,INACTIVE,58.34
cust-03809,m-004,30,2,2053.9,1026.95,337,NEW,18.88
cust-03810,m-004,123,5,7048.23,1409.65,352,INACTIVE,39.84
cust-03811,m-004,111,6,6467.2,1077.87,301,INACTIVE,41.04
cust-03812,m-004,75,2,1169.86,584.93,322,INACTIVE,33.22
cust-03813,m-004,44,4,5470.36,1367.59,330,AT_RISK,19.29
cust-03814,m-004,131,3,1747.19,582.4,358,INACTIVE,43.99
cust-03815,m-004,235,2,1754.96,877.48,275,INACTIVE,95.14
cust-03816,m-004,43,6,5204.88,867.48,349,AT_RISK,16.57
cust-03817,m-004,38,7,10171.61,1453.09,266,AT_RISK,17.98
cust-03818,m-004,5,7,15928.53,2275.5,238,RETURNING,5.84
cust-03819,m-004,11,3,6082.73,2027.58,260,NEW,11.71
cust-03820,m-004,13,5,8491.73,1698.35,211,RETURNING,11.13
cust-03821,m-004,28,7,11478.91,1639.84,256,RETURNING,14.64
cust-03822,m-004,28,7,9061.13,1294.45,332,RETURNING,12.16
cust-03823,m-004,19,9,10163.89,1129.32,317,RETURNING,8.97
cust-03824,m-004,51,8,8833.68,1104.21,347,AT_RISK,17.99
cust-03825,m-004,14,3,3257.95,1085.98,295,NEW,12.23
cust-03826,m-004,96,4,4673.98,1168.49,331,INACTIVE,34.92
cust-03827,m-004,6,9,7597.35,844.15,259,RETURNING,5.31
cust-03828,m-004,158,4,6505.14,1626.28,288,INACTIVE,60.67
cust-03829,m-004,0,3,6729.85,2243.28,348,NEW,7.5
cust-03830,m-004,43,5,6380.51,1276.1,363,AT_RISK,16.81
cust-03831,m-004,312,1,3021.37,3021.37,312,INACTIVE,100.0
cust-03832,m-004,24,4,4026.86,1006.72,218,RETURNING,16.96
cust-03833,m-004,33,5,9278.41,1855.68,207,AT_RISK,20.87
cust-03834,m-004,76,8,13162.26,1645.28,353,INACTIVE,24.8
cust-03835,m-004,0,2,1563.38,781.69,191,NEW,10.0
cust-03836,m-004,4,5,8039.27,1607.85,321,RETURNING,6.24
cust-03837,m-004,31,8,7650.7,956.34,274,AT_RISK,14.61
cust-03838,m-004,126,5,5345.73,1069.15,333,INACTIVE,42.72
cust-03839,m-004,2,4,8047.04,2011.76,155,RETURNING,7.28
cust-03840,m-004,73,7,10224.41,1460.63,321,INACTIVE,26.42
cust-03841,m-004,23,6,8185.02,1364.17,342,RETURNING,10.99
cust-03842,m-004,123,2,4810.52,2405.26,245,INACTIVE,60.0
cust-03843,m-004,188,3,3027.17,1009.06,295,INACTIVE,71.01
cust-03844,m-004,17,7,9728.85,1389.84,320,RETURNING,9.05
cust-03845,m-004,0,7,10451.05,1493.01,294,RETURNING,3.75
cust-03846,m-004,26,7,8618.53,1231.22,355,RETURNING,11.05
cust-03847,m-004,62,7,10398.67,1485.52,362,INACTIVE,20.83
cust-03848,m-004,8,7,7417.29,1059.61,329,RETURNING,6.17
cust-03849,m-004,57,5,5280.81,1056.16,347,AT_RISK,21.38
cust-03850,m-004,13,7,11055.65,1579.38,324,RETURNING,7.75
cust-03851,m-004,70,9,12007.03,1334.11,299,INACTIVE,26.33
cust-03852,m-004,56,5,7529.25,1505.85,332,AT_RISK,21.82
cust-03853,m-004,97,4,4507.88,1126.97,286,INACTIVE,39.8
cust-03854,m-004,67,6,5697.6,949.6,327,INACTIVE,24.71
cust-03855,m-004,109,9,12023.45,1335.94,310,INACTIVE,38.05
cust-03856,m-004,39,4,3623.84,905.96,289,AT_RISK,19.45
cust-03857,m-004,25,6,9266.5,1544.42,316,RETURNING,12.17
cust-03858,m-004,5,5,5145.39,1029.08,288,RETURNING,6.73
cust-03859,m-004,159,6,7051.4,1175.23,310,INACTIVE,55.41
cust-03860,m-004,1,8,7904.66,988.08,310,RETURNING,3.65
cust-03861,m-004,34,5,3121.41,624.28,347,AT_RISK,14.77
cust-03862,m-004,41,4,5913.12,1478.28,236,AT_RISK,23.3
cust-03863,m-004,73,4,7381.36,1845.34,226,INACTIVE,38.16
cust-03864,m-004,63,7,7853.49,1121.93,363,INACTIVE,21.06
cust-03865,m-004,196,3,5430.37,1810.12,348,INACTIVE,63.66
cust-03866,m-004,54,5,6290.11,1258.02,362,AT_RISK,19.88
cust-03867,m-004,111,6,7177.56,1196.26,347,INACTIVE,36.18
cust-03868,m-004,118,5,7434.67,1486.93,323,INACTIVE,41.42
cust-03869,m-004,38,2,3753.46,1876.73,188,NEW,30.11
cust-03870,m-004,36,9,10140.59,1126.73,337,AT_RISK,13.65
cust-03871,m-004,14,7,7815.43,1116.49,304,RETURNING,8.34
cust-03872,m-004,117,2,1754.96,877.48,123,INACTIVE,100.0
cust-03873,m-004,10,4,5470.36,1367.59,343,RETURNING,8.91
cust-03874,m-004,333,1,687.11,687.11,333,INACTIVE,100.0
cust-03875,m-004,41,4,5024.82,1256.2,340,AT_RISK,18.02
cust-03876,m-004,5,5,6675.31,1335.06,344,RETURNING,6.45
cust-03877,m-004,72,4,6007.7,1501.92,250,INACTIVE,34.69
cust-03878,m-004,33,4,3768.02,942.01,200,AT_RISK,22.42
cust-03879,m-004,54,5,6645.21,1329.04,338,AT_RISK,20.93
cust-03880,m-004,8,7,8903.47,1271.92,274,RETURNING,6.66
cust-03881,m-004,46,6,10368.54,1728.09,336,AT_RISK,17.94
cust-03882,m-004,31,5,6746.71,1349.34,342,AT_RISK,14.04
cust-03883,m-004,4,9,11261.19,1251.24,320,RETURNING,4.25
cust-03884,m-004,4,5,6470.95,1294.19,355,RETURNING,6.12
cust-03885,m-004,12,9,14629.33,1625.48,285,RETURNING,7.2
cust-03886,m-004,99,6,6232.74,1038.79,361,INACTIVE,31.63
cust-03887,m-004,53,5,8063.85,1612.77,332,AT_RISK,20.92
cust-03888,m-004,42,6,9688.86,1614.81,312,AT_RISK,17.7
cust-03889,m-004,59,6,9340.68,1556.78,353,AT_RISK,20.95
cust-03890,m-004,10,7,7833.09,1119.01,266,RETURNING,7.5
cust-03891,m-004,49,8,8756.76,1094.6,347,AT_RISK,17.41
cust-03892,m-004,8,6,6685.2,1114.2,309,RETURNING,6.87
cust-03893,m-004,66,7,7462.27,1066.04,313,INACTIVE,24.77
cust-03894,m-004,145,2,3803.06,1901.53,355,INACTIVE,50.73
cust-03895,m-004,26,4,5024.82,1256.21,345,RETURNING,13.51
cust-03896,m-004,66,9,10450.05,1161.12,347,INACTIVE,21.97
cust-03897,m-004,158,7,5915.17,845.02,360,INACTIVE,47.52
cust-03898,m-004,84,7,11192.75,1598.96,221,INACTIVE,41.59
cust-03899,m-004,18,7,8210.47,1172.92,363,RETURNING,8.7
cust-03900,m-004,3,5,7578.85,1515.77,170,RETURNING,6.75
cust-03901,m-004,30,8,8101.98,1012.75,339,RETURNING,12.16
cust-03902,m-004,25,4,6498.22,1624.56,233,RETURNING,16.68
cust-03903,m-004,83,5,6944.15,1388.83,363,INACTIVE,27.8
cust-03904,m-004,269,3,4236.21,1412.07,362,INACTIVE,81.6
cust-03905,m-004,65,2,2570.84,1285.42,177,INACTIVE,46.52
cust-03906,m-004,263,1,732.09,732.09,263,INACTIVE,100.0
cust-03907,m-004,77,7,8211.37,1173.05,354,INACTIVE,25.44
cust-03908,m-004,2,5,8087.03,1617.41,334,RETURNING,5.6
cust-03909,m-004,67,3,4292.73,1430.91,281,INACTIVE,31.26
cust-03910,m-004,21,8,8554.08,1069.26,260,RETURNING,11.38
cust-03911,m-004,10,8,11625.9,1453.24,343,RETURNING,6.24
cust-03912,m-004,122,8,9152.12,1144.02,362,INACTIVE,36.94
cust-03913,m-004,38,4,6498.22,1624.56,306,AT_RISK,18.38
cust-03914,m-004,5,6,10368.54,1728.09,325,RETURNING,5.82
cust-03915,m-004,28,7,9246.15,1320.88,329,RETURNING,12.23
cust-03916,m-004,8,11,12617.75,1147.07,310,RETURNING,5.07
cust-03917,m-004,22,6,4192.8,698.8,340,RETURNING,10.74
cust-03918,m-004,17,13,20308.67,1562.21,323,RETURNING,7.39
cust-03919,m-004,61,7,7664.33,1094.9,298,INACTIVE,24.15
cust-03920,m-004,0,8,12795.2,1599.4,305,RETURNING,3.33
cust-03921,m-004,26,8,11839.64,1479.96,358,RETURNING,10.58
cust-03922,m-004,134,6,7121.4,1186.9,329,INACTIVE,44.89
cust-03923,m-004,10,7,6454.81,922.12,296,RETURNING,7.12
cust-03924,m-004,21,1,732.09,732.09,21,NEW,100.0
cust-03925,m-004,54,4,8047.04,2011.76,286,AT_RISK,24.82
cust-03926,m-004,44,7,7626.27,1089.47,353,AT_RISK,16.18
cust-03927,m-004,26,3,6599.67,2199.89,302,NEW,16.08
cust-03928,m-004,1,3,4490.17,1496.72,260,NEW,7.88
cust-03929,m-004,122,4,2924.82,731.2,327,INACTIVE,43.2
cust-03930,m-004,42,2,2476.26,1238.13,326,NEW,22.84
cust-03931,m-004,18,2,3803.06,1901.53,81,NEW,31.95
cust-03932,m-004,99,4,4458.28,1114.57,356,INACTIVE,33.73
cust-03933,m-004,32,9,13154.53,1461.61,359,AT_RISK,11.89
cust-03934,m-004,8,5,7572.09,1514.42,349,RETURNING,7.29
cust-03935,m-004,12,6,8124.68,1354.11,330,RETURNING,7.91
cust-03936,m-004,113,4,6274.7,1568.68,287,INACTIVE,45.24
cust-03937,m-004,23,6,8770.12,1461.69,298,RETURNING,11.98
cust-03938,m-004,5,7,9910.93,1415.85,251,RETURNING,5.73
cust-03939,m-004,2,3,3141.09,1047.03,203,NEW,8.48
cust-03940,m-004,6,7,9363.89,1337.7,315,RETURNING,5.65
cust-03941,m-004,25,8,9057.54,1132.19,269,RETURNING,12.59
cust-03942,m-004,81,3,5592.21,1864.07,315,INACTIVE,33.13
cust-03943,m-004,109,2,3061.36,1530.68,295,INACTIVE,46.82
cust-03944,m-004,48,5,5909.37,1181.87,209,AT_RISK,27.86
cust-03945,m-004,88,5,6497.37,1299.47,342,INACTIVE,30.66
cust-03946,m-004,33,4,7015.16,1753.79,260,AT_RISK,18.64
cust-03947,m-004,77,10,10549.52,1054.95,356,INACTIVE,24.3
cust-03948,m-004,8,9,33915.14,3768.35,309,RETURNING,5.58
cust-03949,m-004,35,10,14990.34,1499.03,353,AT_RISK,12.61
cust-03950,m-004,14,4,3691.1,922.78,341,RETURNING,10.09
cust-03951,m-004,4,5,9593.77,1918.75,290,RETURNING,6.37
cust-03952,m-004,32,4,5065.66,1266.42,218,AT_RISK,20.61
cust-03953,m-004,33,7,11300.97,1614.42,331,AT_RISK,13.69
cust-03954,m-004,5,4,5259.08,1314.77,340,RETURNING,7.47
cust-03955,m-004,135,8,11832.72,1479.09,350,INACTIVE,41.79
cust-03956,m-004,110,5,6399.89,1279.98,254,INACTIVE,48.14
cust-03957,m-004,135,6,11085.22,1847.54,354,INACTIVE,42.31
cust-03958,m-004,55,5,6989.13,1397.83,307,AT_RISK,22.86
cust-03959,m-004,61,7,11307.89,1615.41,300,INACTIVE,24.02
cust-03960,m-004,44,5,6387.47,1277.49,236,AT_RISK,23.57
cust-03961,m-004,66,4,4208.94,1052.24,226,INACTIVE,35.07
cust-03962,m-004,6,7,13544.67,1934.95,295,RETURNING,5.78
cust-03963,m-004,21,7,15321.15,2188.74,292,RETURNING,10.92
cust-03964,m-004,38,8,10756.76,1344.6,349,AT_RISK,14.19
cust-03965,m-004,90,7,12222.91,1746.13,360,INACTIVE,28.68
cust-03966,m-004,75,7,8188.19,1169.74,331,INACTIVE,26.34
cust-03967,m-004,38,11,15338.77,1394.43,355,AT_RISK,13.17
cust-03968,m-004,59,5,5462.59,1092.52,244,AT_RISK,29.08
cust-03969,m-004,42,7,8312.67,1187.52,344,AT_RISK,15.92
cust-03970,m-004,260,4,6122.72,1530.68,323,INACTIVE,86.25
cust-03971,m-004,15,9,11239.51,1248.83,336,RETURNING,7.45
cust-03972,m-004,11,10,15355.3,1535.53,277,RETURNING,6.68
cust-03973,m-004,133,3,1901.95,633.98,311,INACTIVE,50.13
cust-03974,m-004,117,4,7212.6,1803.15,281,INACTIVE,47.49
cust-03975,m-004,49,4,5515.34,1378.84,361,AT_RISK,19.54
cust-03976,m-004,25,4,4972.92,1243.23,362,RETURNING,12.89
cust-03977,m-004,9,8,11362.02,1420.25,295,RETURNING,6.37
cust-03978,m-004,124,5,7596.51,1519.3,311,INACTIVE,44.74
cust-03979,m-004,53,6,4102.84,683.81,311,AT_RISK,21.27
cust-03980,m-004,86,4,5987.3,1496.82,150,INACTIVE,62.95
cust-03981,m-004,30,6,4638.34,773.06,289,RETURNING,14.63
cust-03982,m-004,99,4,5470.36,1367.59,284,INACTIVE,40.74
cust-03983,m-004,29,5,3260.97,652.19,271,RETURNING,15.66
cust-03984,m-004,19,5,3955.85,791.17,257,RETURNING,12.36
cust-03985,m-004,128,5,7679.99,1536.0,359,INACTIVE,40.56
cust-03986,m-004,44,6,9835.34,1639.22,342,AT_RISK,17.11
cust-03987,m-004,40,6,5043.04,840.51,351,AT_RISK,15.65
cust-03988,m-004,0,7,11157.15,1593.88,243,RETURNING,3.75
cust-03989,m-004,79,9,15368.57,1707.62,323,INACTIVE,27.38
cust-03990,m-004,59,6,6232.74,1038.79,299,AT_RISK,23.95
cust-03991,m-004,69,6,7568.34,1261.39,294,INACTIVE,27.68
cust-03992,m-004,17,10,12343.82,1234.38,345,RETURNING,7.64
cust-03993,m-004,18,4,4231.22,1057.8,268,RETURNING,12.69
cust-03994,m-004,57,4,2888.0,722.0,233,AT_RISK,30.36
cust-03995,m-004,87,5,10218.61,2043.72,282,INACTIVE,35.74
cust-03996,m-004,48,5,7777.35,1555.47,323,AT_RISK,19.81
cust-03997,m-004,69,7,9110.29,1301.47,344,INACTIVE,23.75
cust-03998,m-004,109,5,4156.19,831.24,339,INACTIVE,37.06
cust-03999,m-004,44,5,7484.27,1496.85,339,AT_RISK,17.94
cust-04000,m-004,102,2,4293.58,2146.79,193,INACTIVE,62.58
cust-04001,m-004,27,8,8990.28,1123.79,247,RETURNING,14.22
cust-04002,m-004,16,10,12107.8,1210.78,323,RETURNING,7.67
cust-04003,m-004,103,6,10835.88,1805.98,319,INACTIVE,36.47
cust-04004,m-004,51,5,8979.47,1795.89,332,AT_RISK,20.32
cust-04005,m-004,34,8,8052.86,1006.61,346,AT_RISK,13.13
cust-04006,m-004,14,1,1721.89,1721.89,14,NEW,100.0
cust-04007,m-004,73,6,9592.92,1598.82,344,INACTIVE,25.45
cust-04008,m-004,0,7,9582.25,1368.89,342,RETURNING,3.75
cust-04009,m-004,75,7,11100.63,1585.8,362,INACTIVE,24.41
cust-04010,m-004,34,4,5047.1,1261.78,355,AT_RISK,15.55
cust-04011,m-004,32,5,7951.61,1590.32,304,AT_RISK,15.49
cust-04012,m-004,158,3,3190.69,1063.56,328,INACTIVE,55.52
cust-04013,m-004,8,8,9842.82,1230.35,288,RETURNING,6.1
cust-04014,m-004,17,4,2683.64,670.91,364,RETURNING,10.66
cust-04015,m-004,144,3,2442.07,814.02,207,INACTIVE,76.73
cust-04016,m-004,29,7,12737.55,1819.65,328,RETURNING,12.56
cust-04017,m-004,136,7,9353.31,1336.19,353,INACTIVE,42.17
cust-04018,m-004,8,5,6180.17,1236.03,348,RETURNING,7.29
cust-04019,m-004,51,7,5080.73,725.82,319,AT_RISK,19.69
cust-04020,m-004,89,5,8046.19,1609.24,332,INACTIVE,31.73
cust-04021,m-004,2,6,7022.2,1170.37,278,RETURNING,5.0
cust-04022,m-004,35,9,14852.85,1650.32,363,AT_RISK,12.62
cust-04023,m-004,92,7,9441.87,1348.84,355,INACTIVE,29.59
cust-04024,m-004,38,8,11709.74,1463.72,364,AT_RISK,13.74
cust-04025,m-004,63,6,8907.22,1484.54,355,INACTIVE,21.98
cust-04026,m-004,68,5,4726.75,945.35,306,INACTIVE,27.15
cust-04027,m-004,46,5,3857.25,771.45,321,AT_RISK,19.29
cust-04028,m-004,8,5,9076.83,1815.37,311,RETURNING,7.56
cust-04029,m-004,70,3,3793.45,1264.48,291,INACTIVE,31.47
cust-04030,m-004,64,3,3231.53,1077.18,192,INACTIVE,40.66
cust-04031,m-004,122,1,781.69,781.69,122,INACTIVE,100.0
cust-04032,m-004,111,2,2544.42,1272.21,340,INACTIVE,42.55
cust-04033,m-004,33,5,11585.35,2317.07,309,AT_RISK,15.65
cust-04034,m-004,43,7,9797.01,1399.57,285,AT_RISK,18.78
cust-04035,m-004,5,5,5163.65,1032.73,225,RETURNING,7.21
cust-04036,m-004,123,6,6112.1,1018.68,316,INACTIVE,43.09
cust-04037,m-004,76,2,2409.0,1204.5,130,INACTIVE,68.02
cust-04038,m-004,34,5,3809.25,761.85,340,AT_RISK,14.97
cust-04039,m-004,59,6,5473.38,912.23,319,AT_RISK,22.72
cust-04040,m-004,6,6,7433.82,1238.97,361,RETURNING,5.94
cust-04041,m-004,54,7,7939.75,1134.25,315,AT_RISK,20.84
cust-04042,m-004,33,5,7456.95,1491.39,195,AT_RISK,21.84
cust-04043,m-004,23,4,3967.76,991.94,304,RETURNING,13.54
cust-04044,m-004,35,5,4254.79,850.96,311,AT_RISK,16.22
cust-04045,m-004,11,4,5958.1,1489.52,256,RETURNING,10.28
cust-04046,m-004,85,5,7479.65,1495.93,324,INACTIVE,31.15
cust-04047,m-004,61,7,12182.27,1740.32,271,INACTIVE,26.18
cust-04048,m-004,35,7,7459.97,1065.71,302,AT_RISK,15.3
cust-04049,m-004,75,5,4005.45,801.09,350,INACTIVE,26.37
cust-04050,m-004,168,5,6966.43,1393.29,294,INACTIVE,61.95
cust-04051,m-004,1,4,5172.66,1293.16,290,RETURNING,6.34
cust-04052,m-004,48,6,8328.6,1388.1,267,AT_RISK,22.2
cust-04053,m-004,65,6,9511.82,1585.3,333,INACTIVE,23.75
cust-04054,m-004,50,6,10325.86,1720.98,350,AT_RISK,18.53
cust-04055,m-004,45,6,7158.06,1193.01,355,AT_RISK,16.93
cust-04056,m-004,77,10,15638.52,1563.85,357,INACTIVE,24.24
cust-04057,m-004,15,5,7122.41,1424.48,278,RETURNING,10.38
cust-04058,m-004,90,4,6947.9,1736.98,316,INACTIVE,34.39
cust-04059,m-004,75,6,9431.08,1571.85,182,INACTIVE,45.27
cust-04060,m-004,13,13,15028.15,1156.01,327,RETURNING,6.11
cust-04061,m-004,75,8,7688.76,961.1,334,INACTIVE,25.72
cust-04062,m-004,32,4,5807.36,1451.84,196,AT_RISK,22.24
cust-04063,m-004,70,3,4130.89,1376.96,354,INACTIVE,27.22
cust-04064,m-004,5,6,8755.58,1459.26,320,RETURNING,5.84
cust-04065,m-004,77,7,5665.35,809.34,332,INACTIVE,26.87
cust-04066,m-004,13,4,4017.36,1004.34,185,RETURNING,12.99
cust-04067,m-004,11,3,4265.41,1421.8,138,NEW,15.41
cust-04068,m-004,9,6,6261.94,1043.66,310,RETURNING,7.18
cust-04069,m-004,11,8,8217.54,1027.19,349,RETURNING,6.48
cust-04070,m-004,95,6,6217.86,1036.31,362,INACTIVE,30.46
cust-04071,m-004,27,5,8734.15,1746.83,333,RETURNING,13.08
cust-04072,m-004,107,2,3504.12,1752.06,298,INACTIVE,45.79
cust-04073,m-004,197,2,1264.44,632.22,199,INACTIVE,100.0
cust-04074,m-004,62,5,5012.91,1002.58,331,INACTIVE,23.67
cust-04075,m-004,10,2,1264.44,632.22,338,NEW,12.95
cust-04076,m-004,108,4,5558.02,1389.5,335,INACTIVE,38.14
cust-04077,m-004,29,4,4972.92,1243.23,272,RETURNING,16.62
cust-04078,m-004,81,6,7581.66,1263.61,335,INACTIVE,28.39
cust-04079,m-004,192,5,7635.01,1527.0,359,INACTIVE,58.33
cust-04080,m-004,4,8,12523.58,1565.45,211,RETURNING,5.22
cust-04081,m-004,8,7,8181.27,1168.75,331,RETURNING,6.16
cust-04082,m-004,63,4,4768.56,1192.14,243,INACTIVE,31.82
cust-04083,m-004,127,11,12138.29,1103.48,303,INACTIVE,44.28
cust-04084,m-004,59,6,11090.74,1848.46,278,AT_RISK,25.43
cust-04085,m-004,18,7,8094.67,1156.38,159,RETURNING,15.0
cust-04086,m-004,12,5,6634.47,1326.89,323,RETURNING,8.7
cust-04087,m-004,46,7,6998.65,999.81,347,AT_RISK,16.97
cust-04088,m-004,98,4,4793.14,1198.29,257,INACTIVE,43.98
cust-04089,m-004,81,5,7803.77,1560.75,285,INACTIVE,33.32
cust-04090,m-004,1,5,6544.07,1308.81,206,RETURNING,5.48
cust-04091,m-004,74,6,8975.72,1495.95,317,INACTIVE,27.56
cust-04092,m-004,133,5,7796.85,1559.37,342,INACTIVE,43.78
cust-04093,m-004,148,7,9448.83,1349.83,348,INACTIVE,46.16
cust-04094,m-004,156,5,5057.89,1011.58,346,INACTIVE,49.96
cust-04095,m-004,79,5,4691.69,938.34,359,INACTIVE,26.94
cust-04096,m-004,0,10,11640.34,1164.03,297,RETURNING,2.73
cust-04097,m-004,18,4,6055.46,1513.86,216,RETURNING,14.29
cust-04098,m-004,194,2,1513.78,756.89,272,INACTIVE,81.06
cust-04099,m-004,161,3,5497.63,1832.54,335,INACTIVE,55.42
cust-04100,m-004,12,4,5515.34,1378.84,331,RETURNING,9.61
cust-04101,m-004,34,8,8554.08,1069.26,341,AT_RISK,13.27
cust-04102,m-004,130,4,3268.74,817.18,240,INACTIVE,59.94
cust-04103,m-004,26,6,6723.26,1120.54,354,RETURNING,11.61
cust-04104,m-004,62,4,5007.16,1251.79,180,INACTIVE,40.25
cust-04105,m-004,177,3,4440.57,1480.19,276,INACTIVE,71.4
cust-04106,m-004,170,4,3428.12,857.03,286,INACTIVE,65.23
cust-04107,m-004,9,7,8305.95,1186.56,314,RETURNING,6.61
cust-04108,m-004,40,5,9368.85,1873.77,306,AT_RISK,18.03
cust-04109,m-004,130,6,10375.46,1729.24,331,INACTIVE,43.44
cust-04110,m-004,78,4,6257.04,1564.26,249,INACTIVE,37.2
cust-04111,m-004,148,4,4816.32,1204.08,327,INACTIVE,51.12
cust-04112,m-004,16,3,2487.05,829.02,339,NEW,12.21
cust-04113,m-004,5,4,5958.1,1489.52,197,RETURNING,8.53
cust-04114,m-004,25,8,14241.6,1780.2,358,RETURNING,10.3
cust-04115,m-004,33,5,7297.57,1459.51,267,AT_RISK,17.31
cust-04116,m-004,18,5,10825.99,2165.2,241,RETURNING,12.44
cust-04117,m-004,200,2,4743.26,2371.63,348,INACTIVE,67.31
cust-04118,m-004,112,3,2986.33,995.44,282,INACTIVE,47.08
cust-04119,m-004,3,12,16153.28,1346.11,340,RETURNING,3.19
cust-04120,m-004,50,4,4480.56,1120.14,295,AT_RISK,22.89
cust-04121,m-004,49,6,5527.0,921.17,270,AT_RISK,22.37
cust-04122,m-004,101,6,8502.52,1417.09,300,INACTIVE,37.84
cust-04123,m-004,99,2,3511.04,1755.52,333,INACTIVE,39.64
cust-04124,m-004,38,3,3986.87,1328.96,99,NEW,45.5
cust-04125,m-004,24,7,13171.91,1881.7,303,RETURNING,11.64
cust-04126,m-004,33,5,9046.73,1809.35,275,AT_RISK,16.96
cust-04127,m-004,8,6,8596.2,1432.7,353,RETURNING,6.55
cust-04128,m-004,65,1,3021.37,3021.37,65,INACTIVE,100.0
cust-04129,m-004,55,9,10375.17,1152.8,358,AT_RISK,18.32
cust-04130,m-004,53,4,4507.88,1126.97,359,AT_RISK,20.72
cust-04131,m-004,0,5,8063.85,1612.77,148,RETURNING,5.0
cust-04132,m-004,35,5,6920.63,1384.13,247,AT_RISK,19.11
cust-04133,m-004,128,3,9064.11,3021.37,305,INACTIVE,49.33
cust-04134,m-004,201,3,4535.15,1511.72,358,INACTIVE,63.49
cust-04135,m-004,20,9,11326.47,1258.5,319,RETURNING,9.25
cust-04136,m-004,316,1,1789.15,1789.15,316,INACTIVE,100.0
cust-04137,m-004,3,3,3926.53,1308.84,349,NEW,8.36
cust-04138,m-004,262,3,1448.25,482.75,326,INACTIVE,87.62
cust-04139,m-004,104,6,9828.42,1638.07,342,INACTIVE,34.61
cust-04140,m-004,101,3,4236.21,1412.07,364,INACTIVE,35.17
cust-04141,m-004,78,7,6459.43,922.78,359,INACTIVE,25.42
cust-04142,m-004,9,7,11107.55,1586.79,356,RETURNING,6.27
cust-04143,m-004,85,7,8377.35,1196.76,306,INACTIVE,31.44
cust-04144,m-004,31,3,3926.53,1308.84,194,NEW,23.4
cust-04145,m-004,3,7,7154.31,1022.04,259,RETURNING,4.9
cust-04146,m-004,129,5,7796.85,1559.37,341,INACTIVE,42.72
cust-04147,m-004,32,8,11968.58,1496.07,259,AT_RISK,15.64
cust-04148,m-004,58,8,14375.96,1797.0,363,AT_RISK,19.27
cust-04149,m-004,171,3,4236.21,1412.07,357,INACTIVE,55.27
cust-04150,m-004,99,2,1468.8,734.4,270,INACTIVE,46.53
cust-04151,m-004,33,8,8484.24,1060.53,278,AT_RISK,15.16
cust-04152,m-004,26,3,2200.89,733.63,251,NEW,17.82
cust-04153,m-004,54,5,10893.25,2178.65,331,AT_RISK,21.27
cust-04154,m-004,0,9,16023.83,1780.43,344,RETURNING,3.0
cust-04155,m-004,61,3,2061.33,687.11,347,INACTIVE,25.03
cust-04156,m-004,37,3,4310.39,1436.8,58,NEW,70.21
cust-04157,m-004,77,7,6718.27,959.75,217,INACTIVE,39.07
cust-04158,m-004,114,6,5945.34,990.89,350,INACTIVE,36.76
cust-04159,m-004,23,5,8046.19,1609.24,278,RETURNING,13.24
cust-04160,m-004,36,4,5558.02,1389.5,253,AT_RISK,20.17
cust-04161,m-004,174,6,9559.58,1593.26,327,INACTIVE,57.33
cust-04162,m-004,32,4,3718.42,929.6,329,AT_RISK,15.7
cust-04163,m-004,79,4,8613.58,2153.4,313,INACTIVE,31.16
cust-04164,m-004,126,3,2155.91,718.64,290,INACTIVE,50.8
cust-04165,m-004,91,6,5359.64,893.27,306,INACTIVE,33.93
cust-04166,m-004,5,7,11557.23,1651.03,340,RETURNING,5.22
cust-04167,m-004,17,5,6297.03,1259.41,332,RETURNING,10.11
cust-04168,m-004,10,6,7433.82,1238.97,359,RETURNING,7.06
cust-04169,m-004,57,5,7570.09,1514.02,320,AT_RISK,22.76
cust-04170,m-004,1,4,4624.74,1156.18,187,RETURNING,6.53
cust-04171,m-004,2,5,6789.39,1357.88,361,RETURNING,5.55
cust-04172,m-004,127,5,4567.37,913.47,310,INACTIVE,45.84
cust-04173,m-004,121,5,5802.37,1160.47,315,INACTIVE,43.29
cust-04174,m-004,26,7,9801.15,1400.16,216,RETURNING,15.73
cust-04175,m-004,65,5,4754.07,950.81,342,INACTIVE,23.95
cust-04176,m-004,54,4,4476.54,1119.14,361,AT_RISK,20.92
cust-04177,m-004,14,4,5448.08,1362.02,272,RETURNING,11.13
cust-04178,m-004,44,9,10723.27,1191.47,247,AT_RISK,20.74
cust-04179,m-004,13,7,11732.39,1676.06,362,RETURNING,7.33
cust-04180,m-004,66,3,7764.63,2588.21,349,INACTIVE,26.36
cust-04181,m-004,77,6,8528.94,1421.49,362,INACTIVE,25.5
cust-04182,m-004,120,4,5856.96,1464.24,271,INACTIVE,50.12
cust-04183,m-004,4,7,8517.03,1216.72,351,RETURNING,4.89
cust-04184,m-004,54,6,7603.94,1267.32,320,AT_RISK,21.11
cust-04185,m-004,15,2,2453.98,1226.99,210,NEW,17.11
cust-04186,m-004,9,8,11612.58,1451.57,242,RETURNING,7.04
cust-04187,m-004,71,8,11224.1,1403.01,286,INACTIVE,28.07
cust-04188,m-004,121,5,6463.13,1292.63,349,INACTIVE,39.57
cust-04189,m-004,7,9,14933.75,1659.31,334,RETURNING,5.09
cust-04190,m-004,26,4,3785.68,946.42,266,RETURNING,15.74
cust-04191,m-004,10,7,9273.47,1324.78,289,RETURNING,7.2
cust-04192,m-004,279,2,1419.2,709.6,345,INACTIVE,90.64
cust-04193,m-004,35,7,8154.37,1164.91,327,AT_RISK,14.42
cust-04194,m-004,86,9,14791.45,1643.49,347,INACTIVE,27.71
cust-04195,m-004,4,2,4743.26,2371.63,89,NEW,14.44
cust-04197,m-004,91,1,3021.37,3021.37,91,INACTIVE,100.0
cust-04198,m-004,18,9,9272.69,1030.3,286,RETURNING,9.27
cust-04199,m-004,26,6,9518.74,1586.46,350,RETURNING,11.69
cust-04200,m-004,21,5,6980.97,1396.19,327,RETURNING,11.4
cust-04201,m-004,96,2,2570.84,1285.42,360,INACTIVE,36.59
cust-04202,m-004,50,3,3276.51,1092.17,163,INACTIVE,37.99
cust-04203,m-004,37,5,3861.27,772.25,145,AT_RISK,30.34
cust-04204,m-004,36,10,10823.08,1082.31,338,AT_RISK,13.35
cust-04205,m-004,34,6,6984.14,1164.02,351,AT_RISK,13.94
cust-04206,m-004,81,9,12153.63,1350.4,316,INACTIVE,28.55
cust-04207,m-004,248,2,2004.3,1002.15,253,INACTIVE,100.0
cust-04208,m-004,74,4,3835.28,958.82,257,INACTIVE,34.68
cust-04209,m-004,38,7,9875.33,1410.76,296,AT_RISK,16.54
cust-04210,m-004,19,4,7264.5,1816.12,214,RETURNING,14.84
cust-04211,m-004,93,5,9526.51,1905.3,348,INACTIVE,31.65
cust-04212,m-004,53,5,10285.87,2057.17,355,AT_RISK,19.89
cust-04213,m-004,46,8,11844.26,1480.53,342,AT_RISK,16.74
cust-04214,m-004,41,10,14963.92,1496.39,337,AT_RISK,14.86
cust-04215,m-004,141,3,5475.35,1825.12,317,INACTIVE,51.84
cust-04216,m-004,83,10,13108.34,1310.83,361,INACTIVE,25.66
cust-04217,m-004,119,4,4748.16,1187.04,242,INACTIVE,54.97
cust-04218,m-004,14,4,3129.18,782.3,336,RETURNING,10.15
cust-04219,m-004,16,5,4405.53,881.11,291,RETURNING,10.48
cust-04220,m-004,13,5,5194.99,1039.0,348,RETURNING,8.72
cust-04221,m-004,20,6,8468.6,1411.43,256,RETURNING,12.07
cust-04222,m-004,130,6,8551.22,1425.2,313,INACTIVE,45.69
cust-04223,m-004,68,6,9041.74,1506.96,330,INACTIVE,24.83
cust-04224,m-004,44,8,12308.36,1538.54,280,AT_RISK,18.99
cust-04225,m-004,53,6,8086.18,1347.7,291,AT_RISK,22.44
cust-04226,m-004,18,3,3141.09,1047.03,134,NEW,20.83
cust-04227,m-004,43,5,7796.85,1559.37,262,AT_RISK,21.35
cust-04228,m-004,16,7,9202.73,1314.68,277,RETURNING,9.51
cust-04229,m-004,57,9,9674.65,1074.96,302,AT_RISK,21.81
cust-04230,m-004,11,7,7752.15,1107.45,340,RETURNING,6.98
cust-04231,m-004,236,2,1754.96,877.48,358,INACTIVE,75.74
cust-04232,m-004,207,1,1272.21,1272.21,207,INACTIVE,100.0
cust-04233,m-004,86,9,9894.45,1099.38,359,INACTIVE,26.89
cust-04234,m-004,86,6,8041.2,1340.2,328,INACTIVE,30.43
cust-04235,m-004,238,2,2476.26,1238.13,363,INACTIVE,75.38
cust-04236,m-004,186,3,4980.69,1660.23,258,INACTIVE,79.31
cust-04237,m-004,107,5,3665.07,733.01,339,INACTIVE,36.47
cust-04238,m-004,40,8,9373.8,1171.73,324,AT_RISK,15.64
cust-04239,m-004,118,4,5757.76,1439.44,274,INACTIVE,48.91
cust-04240,m-004,30,5,5457.97,1091.59,350,RETURNING,13.55
cust-04241,m-004,4,7,8344.01,1192.0,318,RETURNING,5.0
cust-04242,m-004,87,5,3530.13,706.03,307,INACTIVE,33.25
cust-04243,m-004,313,1,1789.15,1789.15,313,INACTIVE,100.0
cust-04244,m-004,32,6,6138.16,1023.03,362,AT_RISK,13.1
cust-04245,m-004,95,7,12339.77,1762.82,352,INACTIVE,30.66
cust-04246,m-004,5,7,10100.09,1442.87,312,RETURNING,5.35
cust-04247,m-004,49,8,9635.56,1204.45,361,AT_RISK,16.87
cust-04248,m-004,0,4,3237.4,809.35,352,RETURNING,6.0
cust-04249,m-004,54,8,10175.68,1271.96,326,AT_RISK,19.85
cust-04250,m-004,204,5,5481.15,1096.23,284,INACTIVE,76.58
cust-04251,m-004,185,3,6532.41,2177.47,266,INACTIVE,76.79
cust-04252,m-004,33,5,6265.69,1253.14,250,AT_RISK,18.15
cust-04253,m-004,134,2,2503.58,1251.79,194,INACTIVE,78.72
cust-04254,m-004,34,8,10836.8,1354.6,297,AT_RISK,14.74
cust-04255,m-004,28,5,4941.03,988.21,233,RETURNING,16.97
cust-04256,m-004,22,11,15332.71,1393.88,327,RETURNING,9.21
cust-04257,m-004,123,4,5947.36,1486.84,243,INACTIVE,56.41
cust-04258,m-004,102,3,3352.53,1117.51,257,INACTIVE,47.03
cust-04259,m-004,83,3,3793.45,1264.48,351,INACTIVE,31.08
cust-04260,m-004,258,4,3019.4,754.85,359,INACTIVE,77.67
cust-04261,m-004,18,5,4816.71,963.34,347,RETURNING,10.17
cust-04262,m-004,81,6,8705.98,1451.0,340,INACTIVE,28.04
cust-04263,m-004,8,3,4440.57,1480.19,354,NEW,9.75
cust-04264,m-004,19,6,9511.82,1585.3,335,RETURNING,9.94
cust-04265,m-004,3,6,5895.74,982.62,287,RETURNING,5.33
cust-04266,m-004,3,2,2476.26,1238.13,258,NEW,11.16
cust-04267,m-004,175,4,3835.28,958.82,342,INACTIVE,57.02
cust-04268,m-004,51,6,5032.46,838.74,363,AT_RISK,18.3
cust-04269,m-004,11,4,7219.52,1804.88,345,RETURNING,9.18
cust-04270,m-004,114,7,7958.65,1136.95,316,INACTIVE,39.71
cust-04271,m-004,33,7,8674.69,1239.24,322,AT_RISK,13.97
cust-04272,m-004,12,4,6306.64,1576.66,89,RETURNING,19.33
cust-04273,m-004,31,7,7743.55,1106.22,334,AT_RISK,13.0
cust-04274,m-004,197,5,4564.91,912.98,331,INACTIVE,64.34
cust-04275,m-004,16,8,13294.48,1661.81,338,RETURNING,8.05
cust-04276,m-004,61,5,15827.48,3165.5,307,INACTIVE,24.81
cust-04277,m-004,13,4,6074.96,1518.74,176,RETURNING,13.34
cust-04278,m-004,27,8,10960.22,1370.03,363,RETURNING,10.75
cust-04279,m-004,13,5,7641.93,1528.39,327,RETURNING,8.96
cust-04280,m-004,30,8,9431.2,1178.9,351,RETURNING,11.86
cust-04281,m-004,57,5,7484.27,1496.85,295,AT_RISK,24.26
cust-04282,m-004,6,7,10050.49,1435.78,358,RETURNING,5.42
cust-04283,m-004,32,7,13234.99,1890.71,292,AT_RISK,14.67
cust-04284,m-004,126,4,5127.68,1281.92,208,INACTIVE,66.29
cust-04285,m-004,33,2,2453.98,1226.99,114,NEW,38.7
cust-04286,m-004,49,6,13064.82,2177.47,350,AT_RISK,18.25
cust-04287,m-004,43,5,6198.43,1239.69,294,AT_RISK,19.58
cust-04288,m-004,96,7,9801.15,1400.16,329,INACTIVE,32.84
cust-04289,m-004,105,6,7494.16,1249.03,359,INACTIVE,33.45
cust-04290,m-004,18,8,6860.38,857.55,305,RETURNING,9.22
cust-04291,m-004,88,4,5448.08,1362.02,293,INACTIVE,35.93
cust-04292,m-004,8,8,8452.94,1056.62,349,RETURNING,5.62
cust-04293,m-004,86,4,2683.64,670.91,285,INACTIVE,36.07
cust-04294,m-004,74,5,7038.73,1407.75,307,INACTIVE,29.03
cust-04295,m-004,64,5,7776.45,1555.29,312,INACTIVE,25.45
cust-04296,m-004,138,5,4560.29,912.06,355,INACTIVE,43.76
cust-04298,m-004,32,4,2932.98,733.24,318,AT_RISK,16.03
cust-04299,m-004,61,5,10240.89,2048.18,300,INACTIVE,25.27
cust-04300,m-004,75,4,5515.34,1378.84,352,INACTIVE,27.25
cust-04301,m-004,40,8,9249.12,1156.14,314,AT_RISK,16.03
cust-04302,m-004,19,9,8954.25,994.92,361,RETURNING,8.25
cust-04303,m-004,47,8,11408.22,1426.03,345,AT_RISK,16.92
cust-04304,m-004,90,4,6769.84,1692.46,329,INACTIVE,33.27
cust-04305,m-004,87,5,5145.39,1029.08,343,INACTIVE,30.29
cust-04306,m-004,45,6,7562.32,1260.39,343,AT_RISK,17.37
cust-04307,m-004,8,5,18178.08,3635.62,202,RETURNING,8.94
cust-04308,m-004,0,6,6435.86,1072.64,329,RETURNING,4.29
cust-04309,m-004,76,7,9273.47,1324.78,357,INACTIVE,24.98
cust-04310,m-004,10,4,3714.28,928.57,161,RETURNING,12.17
cust-04311,m-004,25,6,8771.36,1461.89,297,RETURNING,12.67
cust-04312,m-004,25,9,10573.23,1174.8,343,RETURNING,10.27
cust-04313,m-004,53,11,15306.21,1391.47,364,AT_RISK,17.02
cust-04314,m-004,43,10,10399.0,1039.9,356,AT_RISK,14.77
cust-04315,m-004,33,6,8061.6,1343.6,349,AT_RISK,13.71
cust-04316,m-004,14,6,8666.04,1444.34,355,RETURNING,8.22
cust-04317,m-004,128,2,2004.3,1002.15,263,INACTIVE,58.48
cust-04318,m-004,34,6,10572.9,1762.15,350,AT_RISK,13.97
cust-04319,m-004,252,3,4535.15,1511.72,334,INACTIVE,82.72
cust-04320,m-004,93,9,8994.31,999.37,322,INACTIVE,31.79
cust-04321,m-004,132,8,10805.76,1350.72,290,INACTIVE,48.69
cust-04322,m-004,197,1,1721.89,1721.89,197,INACTIVE,100.0
cust-04323,m-004,69,2,2476.26,1238.13,103,INACTIVE,76.35
cust-04324,m-004,5,5,4605.27,921.05,179,RETURNING,7.78
cust-04325,m-004,3,7,7173.81,1024.83,292,RETURNING,4.77
cust-04326,m-004,0,7,11683.27,1669.04,264,RETURNING,3.75
cust-04327,m-004,64,6,8378.2,1396.37,265,INACTIVE,28.35
cust-04329,m-004,29,8,11428.46,1428.56,341,RETURNING,11.81
cust-04330,m-004,7,4,6747.56,1686.89,71,RETURNING,15.72
cust-04331,m-004,14,7,8947.21,1278.17,250,RETURNING,9.33
cust-04332,m-004,89,2,2053.9,1026.95,221,INACTIVE,50.09
cust-04333,m-004,330,1,732.09,732.09,330,INACTIVE,100.0
cust-04334,m-004,36,6,8457.54,1409.59,294,AT_RISK,16.49
cust-04335,m-004,40,6,8881.14,1480.19,341,AT_RISK,15.98
cust-04336,m-004,5,4,5807.36,1451.84,204,RETURNING,8.44
cust-04337,m-004,38,5,3669.69,733.94,181,AT_RISK,25.88
cust-04338,m-004,27,3,3993.79,1331.26,173,NEW,23.02
cust-04339,m-004,3,6,8726.38,1454.4,326,RETURNING,5.2
cust-04340,m-004,1,6,9359.24,1559.87,128,RETURNING,5.06
cust-04341,m-004,78,7,7395.01,1056.43,361,INACTIVE,25.3
cust-04342,m-004,13,5,4522.39,904.48,363,RETURNING,8.57
cust-04343,m-004,87,4,6864.42,1716.1,332,INACTIVE,32.13
cust-04344,m-004,119,4,3759.26,939.82,346,INACTIVE,40.29
cust-04345,m-004,278,6,5495.66,915.94,342,INACTIVE,85.34
cust-04346,m-004,43,7,7040.39,1005.77,267,AT_RISK,19.79
cust-04347,m-004,117,4,5515.34,1378.84,334,INACTIVE,40.93
cust-04348,m-004,12,6,5605.44,934.24,314,RETURNING,8.1
cust-04349,m-004,35,5,9818.53,1963.71,338,AT_RISK,15.32
cust-04350,m-004,18,10,9400.78,940.08,361,RETURNING,7.7
cust-04351,m-004,12,6,4883.66,813.94,363,RETURNING,7.58
cust-04352,m-004,24,8,9490.3,1186.29,352,RETURNING,10.13
cust-04353,m-004,98,1,3021.37,3021.37,98,INACTIVE,100.0
cust-04354,m-004,173,4,4039.64,1009.91,355,INACTIVE,54.6
cust-04355,m-004,139,7,12655.13,1807.88,362,INACTIVE,42.04
cust-04356,m-004,33,7,11557.23,1651.03,210,AT_RISK,19.39
cust-04357,m-004,0,4,5470.36,1367.59,216,RETURNING,6.0
cust-04358,m-004,18,10,13774.38,1377.44,333,RETURNING,8.12
cust-04359,m-004,55,3,3748.47,1249.49,246,INACTIVE,29.77
cust-04360,m-004,23,8,10829.88,1353.74,277,RETURNING,11.61
cust-04361,m-004,297,1,482.75,482.75,297,INACTIVE,100.0
cust-04362,m-004,42,7,11323.55,1617.65,270,AT_RISK,19.25
cust-04363,m-004,20,3,3748.47,1249.49,327,NEW,13.6
cust-04364,m-004,17,7,9351.47,1335.92,324,RETURNING,8.98
cust-04365,m-004,23,6,9340.68,1556.78,311,RETURNING,11.66
cust-04366,m-004,43,3,5592.21,1864.07,345,NEW,19.93
cust-04367,m-004,57,8,8293.56,1036.7,323,AT_RISK,20.93
cust-04368,m-004,17,4,4413.3,1103.32,258,RETURNING,12.56
cust-04369,m-004,7,3,4783.25,1594.42,326,NEW,9.64
cust-04370,m-004,136,2,2476.26,1238.13,166,INACTIVE,91.44
cust-04371,m-004,93,7,5669.37,809.91,313,INACTIVE,33.37
cust-04372,m-004,61,2,2476.26,1238.13,114,INACTIVE,63.04
cust-04373,m-004,118,7,9380.67,1340.1,354,INACTIVE,36.99
cust-04374,m-004,5,5,8294.29,1658.86,342,RETURNING,6.46
cust-04375,m-004,83,8,8732.18,1091.52,331,INACTIVE,28.33
cust-04376,m-004,45,9,15625.89,1736.21,333,AT_RISK,16.47
cust-04377,m-004,54,4,4231.22,1057.8,336,AT_RISK,22.02
cust-04378,m-004,65,4,3419.48,854.87,292,INACTIVE,28.18
cust-04379,m-004,61,9,9385.37,1042.82,361,INACTIVE,19.85
cust-04380,m-004,120,4,6048.54,1512.14,277,INACTIVE,49.17
cust-04381,m-004,35,6,8907.22,1484.54,343,AT_RISK,14.46
cust-04382,m-004,45,11,18080.31,1643.66,361,AT_RISK,14.93
cust-04383,m-004,183,1,781.69,781.69,183,INACTIVE,100.0
cust-04384,m-004,99,4,5508.42,1377.1,345,INACTIVE,34.61
cust-04385,m-004,31,8,11675.5,1459.44,359,AT_RISK,11.94
cust-04386,m-004,10,8,11485.88,1435.74,315,RETURNING,6.5
cust-04387,m-004,5,4,3223.76,805.94,298,RETURNING,7.67
cust-04388,m-004,4,1,1721.89,1721.89,4,NEW,95.0
cust-04389,m-004,7,14,18533.6,1323.83,297,RETURNING,4.35
cust-04390,m-004,66,3,2646.43,882.14,229,INACTIVE,36.2
cust-04391,m-004,4,8,9276.28,1159.54,323,RETURNING,4.57
cust-04392,m-004,158,5,7484.27,1496.85,352,INACTIVE,49.76
cust-04393,m-004,11,4,5920.04,1480.01,224,RETURNING,10.89
cust-04394,m-004,13,7,10026.07,1432.3,360,RETURNING,7.35
cust-04395,m-004,26,3,5075.27,1691.76,331,NEW,15.33
cust-04396,m-004,105,4,4718.96,1179.74,346,INACTIVE,36.26
cust-04397,m-004,47,9,12259.75,1362.19,353,AT_RISK,16.28
cust-04398,m-004,13,4,5508.42,1377.1,312,RETURNING,10.15
cust-04399,m-004,20,3,6015.47,2005.16,80,NEW,32.19
cust-04400,m-004,111,6,6530.44,1088.41,300,INACTIVE,41.16
cust-04401,m-004,74,5,5953.11,1190.62,356,INACTIVE,25.73
cust-04402,m-004,92,3,4191.23,1397.08,359,INACTIVE,33.06
cust-04403,m-004,122,7,5896.61,842.37,363,INACTIVE,37.27
cust-04404,m-004,56,4,3785.68,946.42,359,AT_RISK,21.56
cust-04405,m-004,4,6,9810.76,1635.13,281,RETURNING,5.7
cust-04406,m-004,76,4,5048.0,1262.0,234,INACTIVE,38.34
cust-04407,m-004,89,3,5475.35,1825.12,152,INACTIVE,65.67
cust-04408,m-004,17,5,8294.29,1658.86,260,RETURNING,11.51
cust-04409,m-004,6,4,6297.88,1574.47,104,RETURNING,11.71
cust-04410,m-004,13,5,7796.85,1559.37,316,RETURNING,9.1
cust-04411,m-004,18,10,13470.82,1347.08,311,RETURNING,8.5
cust-04412,m-004,147,3,5430.37,1810.12,298,INACTIVE,56.66
cust-04413,m-004,75,6,6093.54,1015.59,349,INACTIVE,25.71
cust-04414,m-004,143,3,5075.27,1691.76,298,INACTIVE,55.33
cust-04415,m-004,43,1,781.69,781.69,43,NEW,100.0
cust-04416,m-004,9,3,6015.47,2005.16,170,NEW,12.76
cust-04418,m-004,10,4,5987.3,1496.82,245,RETURNING,10.07
cust-04419,m-004,69,10,14267.2,1426.72,356,INACTIVE,22.06
cust-04420,m-004,16,7,11478.91,1639.84,287,RETURNING,9.31
cust-04421,m-004,61,4,5852.78,1463.2,295,INACTIVE,26.61
cust-04422,m-004,62,6,30275.82,5045.97,301,INACTIVE,24.82
cust-04423,m-004,44,4,3428.12,857.03,261,AT_RISK,22.79
cust-04424,m-004,31,3,4485.55,1495.18,266,NEW,19.11
cust-04425,m-004,55,7,8935.13,1276.45,320,AT_RISK,20.88
cust-04426,m-004,20,4,5508.42,1377.1,360,RETURNING,11.54
cust-04427,m-004,44,5,4491.35,898.27,295,AT_RISK,19.86
cust-04428,m-004,1,6,8283.62,1380.6,335,RETURNING,4.58
cust-04429,m-004,23,3,2237.71,745.9,346,NEW,14.13
cust-04430,m-004,11,8,13494.22,1686.78,361,RETURNING,6.37
cust-04431,m-004,18,5,9885.79,1977.16,287,RETURNING,11.25
cust-04432,m-004,3,8,9045.84,1130.73,313,RETURNING,4.29
cust-04433,m-004,4,4,2982.58,745.64,293,RETURNING,7.36
cust-04434,m-004,141,8,13420.04,1677.5,333,INACTIVE,45.55
cust-04435,m-004,17,6,8490.88,1415.15,321,RETURNING,9.57
cust-04436,m-004,13,8,10892.96,1361.62,292,RETURNING,7.77
cust-04437,m-004,107,2,3504.12,1752.06,225,INACTIVE,57.35
cust-04438,m-004,118,3,2046.13,682.04,306,INACTIVE,45.94
cust-04439,m-004,19,6,8844.3,1474.05,342,RETURNING,9.83
cust-04440,m-004,316,2,1264.44,632.22,320,INACTIVE,100.0
cust-04441,m-004,228,2,1754.96,877.48,269,INACTIVE,94.44
cust-04442,m-004,123,7,9135.47,1305.07,357,INACTIVE,38.11
cust-04443,m-004,95,3,5300.19,1766.73,326,INACTIVE,36.55
cust-04444,m-004,37,7,7752.15,1107.45,296,AT_RISK,16.21
cust-04445,m-004,82,3,3253.33,1084.44,325,INACTIVE,32.65
cust-04446,m-004,29,9,9788.39,1087.6,302,RETURNING,12.57
cust-04447,m-004,72,5,6993.75,1398.75,287,INACTIVE,30.0
cust-04448,m-004,102,7,10522.45,1503.21,347,INACTIVE,33.06
cust-04449,m-004,73,6,4955.54,825.92,326,INACTIVE,26.61
cust-04450,m-004,233,3,3775.79,1258.6,315,INACTIVE,81.23
cust-04451,m-004,131,5,8783.75,1756.75,271,INACTIVE,53.16
cust-04452,m-004,54,11,15714.27,1428.57,318,AT_RISK,19.43
cust-04453,m-004,29,3,2237.71,745.9,100,NEW,36.21
cust-04454,m-004,45,2,3511.04,1755.52,123,NEW,46.29
cust-04455,m-004,71,5,4713.97,942.79,282,INACTIVE,30.09
cust-04456,m-004,4,7,8051.99,1150.28,345,RETURNING,4.91
cust-04457,m-004,33,4,8314.64,2078.66,299,AT_RISK,17.0
cust-04458,m-004,7,6,8423.62,1403.94,225,RETURNING,7.38
cust-04459,m-004,23,7,10320.87,1474.41,162,RETURNING,17.86
cust-04460,m-004,14,3,3843.05,1281.02,363,NEW,11.35
cust-04461,m-004,296,5,8734.15,1746.83,360,INACTIVE,86.99
cust-04462,m-004,101,7,6317.45,902.49,315,INACTIVE,35.71
cust-04463,m-004,22,6,11063.42,1843.9,332,RETURNING,10.89
cust-04464,m-004,83,4,5712.78,1428.2,194,INACTIVE,48.56
cust-04465,m-004,29,5,5896.95,1179.39,362,RETURNING,12.99
cust-04466,m-004,168,3,2536.65,845.55,339,INACTIVE,56.91
cust-04467,m-004,13,6,7829.92,1304.99,320,RETURNING,8.34
cust-04468,m-004,25,6,7607.74,1267.96,312,RETURNING,12.27
cust-04469,m-004,45,3,5075.27,1691.76,238,NEW,26.33
cust-04470,m-004,28,3,4333.57,1444.52,140,NEW,27.36
cust-04471,m-004,109,4,4276.2,1069.05,209,INACTIVE,57.9
cust-04472,m-004,124,7,5424.65,774.95,343,INACTIVE,39.8
cust-04473,m-004,10,7,11006.05,1572.29,311,RETURNING,6.96
cust-04474,m-004,78,7,8441.37,1205.91,325,INACTIVE,27.68
cust-04475,m-004,40,7,10928.05,1561.15,354,AT_RISK,15.02
cust-04476,m-004,120,4,3419.48,854.87,262,INACTIVE,51.63
cust-04477,m-004,69,8,9420.46,1177.56,360,INACTIVE,22.45
cust-04478,m-004,13,6,7698.52,1283.09,357,RETURNING,7.92
cust-04479,m-004,53,6,6100.1,1016.68,319,AT_RISK,20.85
cust-04480,m-004,8,7,8350.93,1192.99,340,RETURNING,6.1
cust-04481,m-004,14,7,9706.57,1386.65,280,RETURNING,8.73
cust-04482,m-004,203,4,5042.48,1260.62,317,INACTIVE,69.84
cust-04483,m-004,20,10,13430.46,1343.05,350,RETURNING,8.43
cust-04484,m-004,71,4,7797.7,1949.42,266,INACTIVE,32.59
cust-04485,m-004,64,7,7734.79,1104.97,334,INACTIVE,22.85
cust-04486,m-004,24,9,13402.63,1489.18,341,RETURNING,10.02
cust-04487,m-004,5,4,8247.38,2061.85,229,RETURNING,8.17
cust-04488,m-004,142,3,4584.75,1528.25,343,INACTIVE,48.78
cust-04489,m-004,355,1,1272.21,1272.21,355,INACTIVE,100.0
cust-04490,m-004,96,3,3276.51,1092.17,342,INACTIVE,35.49
cust-04491,m-004,33,9,13566.15,1507.35,330,AT_RISK,12.97
cust-04492,m-004,23,5,4115.23,823.05,335,RETURNING,11.85
cust-04493,m-004,359,1,1789.15,1789.15,359,INACTIVE,100.0
cust-04494,m-004,3,7,10659.71,1522.82,282,RETURNING,4.81
cust-04495,m-004,69,8,7740.4,967.55,279,INACTIVE,27.98
cust-04496,m-004,105,4,4507.88,1126.97,363,INACTIVE,34.85
cust-04497,m-004,42,6,6730.18,1121.7,238,AT_RISK,21.86
cust-04498,m-004,31,5,6387.47,1277.49,349,AT_RISK,13.86
cust-04499,m-004,14,4,3428.12,857.03,115,RETURNING,18.07
cust-04500,m-004,4,5,5998.09,1199.62,185,RETURNING,7.15
cust-04501,m-027,33,7,3163.36,451.91,342,AT_RISK,13.37
cust-04502,m-032,73,9,11339.13,1259.9,342,INACTIVE,24.28
cust-04503,m-013,78,13,9106.64,700.51,324,INACTIVE,26.14
cust-04504,m-015,18,10,652.02,65.2,284,RETURNING,9.04
cust-04505,m-019,132,9,1087.25,120.81,363,INACTIVE,39.26
cust-04506,m-013,72,8,7998.3,999.79,356,INACTIVE,23.5
cust-04507,m-018,18,8,1085.74,135.72,358,RETURNING,8.35
cust-04508,m-008,14,8,9918.14,1239.77,356,RETURNING,7.25
cust-04509,m-043,67,7,3901.95,557.42,330,INACTIVE,23.99
cust-04511,m-008,23,15,17123.29,1141.55,347,RETURNING,8.48
cust-04512,m-039,4,9,1351.26,150.14,290,RETURNING,4.37
cust-04513,m-005,47,7,2707.78,386.83,300,AT_RISK,19.36
cust-04514,m-020,97,7,554.82,79.26,348,INACTIVE,31.54
cust-04515,m-017,236,2,340.72,170.36,242,INACTIVE,100.0
cust-04516,m-041,124,6,741.86,123.64,354,INACTIVE,39.22
cust-04517,m-036,7,12,1320.25,110.02,336,RETURNING,4.38
cust-04518,m-036,96,12,1617.39,134.78,361,INACTIVE,28.83
cust-04520,m-046,14,8,2031.93,253.99,322,RETURNING,7.67
cust-04521,m-021,46,7,1719.63,245.66,328,AT_RISK,17.73
cust-04522,m-037,95,8,988.61,123.58,345,INACTIVE,30.79
cust-04523,m-037,111,5,584.66,116.93,317,INACTIVE,39.91
cust-04524,m-020,39,8,779.54,97.44,332,AT_RISK,15.05
cust-04525,m-025,20,11,12226.38,1111.49,335,RETURNING,8.45
cust-04526,m-016,33,11,3023.75,274.89,345,AT_RISK,12.04
cust-04527,m-006,73,3,623.49,207.83,361,INACTIVE,27.67
cust-04528,m-027,70,4,1544.5,386.12,259,INACTIVE,32.92
cust-04529,m-009,72,7,1545.84,220.83,301,INACTIVE,27.59
cust-04530,m-031,20,11,1625.25,147.75,361,RETURNING,8.02
cust-04531,m-019,26,9,650.15,72.24,304,RETURNING,11.52
cust-04532,m-035,74,5,5926.34,1185.27,294,INACTIVE,30.08
cust-04533,m-014,19,12,14611.6,1217.63,354,RETURNING,7.66
cust-04534,m-046,5,4,361.02,90.26,278,RETURNING,7.79
cust-04535,m-039,32,9,1243.47,138.16,336,AT_RISK,12.5
cust-04536,m-038,20,10,1058.03,105.8,350,RETURNING,8.43
cust-04537,m-011,3,13,1317.45,101.34,360,RETURNING,2.97
cust-04538,m-015,32,6,517.02,86.17,309,AT_RISK,14.61
cust-04539,m-023,6,11,5246.41,476.95,271,RETURNING,4.71
cust-04540,m-034,63,6,1014.54,169.09,308,INACTIVE,24.67
cust-04541,m-028,150,6,1549.79,258.3,271,INACTIVE,59.43
cust-04542,m-011,13,17,1933.26,113.72,362,LOYAL,5.25
cust-04543,m-002,36,10,12699.21,1269.92,277,AT_RISK,15.68
cust-04544,m-023,47,13,3346.11,257.39,305,AT_RISK,17.5
cust-04545,m-014,7,5,6281.17,1256.23,293,RETURNING,7.38
cust-04546,m-014,8,8,9134.97,1141.87,320,RETURNING,5.83
cust-04547,m-035,46,7,8073.48,1153.35,342,AT_RISK,17.16
cust-04548,m-043,13,12,9290.61,774.22,362,RETURNING,5.89
cust-04549,m-024,76,5,2330.68,466.14,347,INACTIVE,26.84
cust-04550,m-004,4,5,6837.15,1367.43,332,RETURNING,6.2
cust-04551,m-022,68,8,7616.71,952.09,342,INACTIVE,23.16
cust-04552,m-046,25,9,1498.88,166.54,263,RETURNING,12.47
cust-04553,m-024,69,3,2573.76,857.92,212,INACTIVE,39.89
cust-04554,m-010,23,10,1712.41,171.24,358,RETURNING,9.13
cust-04555,m-015,33,3,394.43,131.48,262,NEW,20.05
cust-04556,m-019,45,7,467.74,66.82,339,AT_RISK,16.99
cust-04557,m-001,3,6,692.42,115.4,169,RETURNING,6.05
cust-04558,m-007,41,4,4925.48,1231.37,347,AT_RISK,17.78
cust-04559,m-028,37,10,2487.01,248.7,355,AT_RISK,13.12
cust-04561,m-006,13,9,1320.11,146.68,320,RETURNING,7.05
cust-04562,m-005,77,10,2823.9,282.39,321,INACTIVE,26.64
cust-04563,m-008,20,9,9489.25,1054.36,344,RETURNING,8.8
cust-04564,m-025,3,8,9251.58,1156.45,362,RETURNING,4.16
cust-04565,m-009,113,8,852.22,106.53,353,INACTIVE,35.25
cust-04566,m-038,24,6,1281.88,213.65,285,RETURNING,12.68
cust-04567,m-019,159,4,378.61,94.65,359,INACTIVE,50.17
cust-04568,m-006,4,7,630.58,90.08,328,RETURNING,4.97
cust-04569,m-002,71,7,10834.33,1547.76,359,INACTIVE,23.47
cust-04570,m-037,20,13,1353.4,104.11,334,RETURNING,8.11
cust-04571,m-028,102,6,3959.19,659.86,364,INACTIVE,32.23
cust-04572,m-014,27,6,5190.63,865.1,300,RETURNING,13.26
cust-04573,m-043,21,9,11333.85,1259.32,330,RETURNING,9.34
cust-04574,m-005,10,10,1780.0,178.0,302,RETURNING,6.03
cust-04576,m-045,93,5,366.29,73.26,208,INACTIVE,49.5
cust-04577,m-024,73,6,2362.34,393.72,262,INACTIVE,32.04
cust-04578,m-015,188,2,508.08,254.04,317,INACTIVE,69.12
cust-04580,m-033,9,10,10467.65,1046.76,299,RETURNING,5.73
cust-04581,m-019,30,11,1666.91,151.54,337,RETURNING,11.38
cust-04582,m-001,6,16,1902.16,118.88,305,LOYAL,3.73
cust-04583,m-035,71,7,7888.48,1126.93,277,INACTIVE,29.29
cust-04584,m-027,2,7,2037.06,291.01,331,RETURNING,4.35
cust-04585,m-029,46,10,1157.45,115.74,343,AT_RISK,16.1
cust-04586,m-037,5,9,977.62,108.62,210,RETURNING,5.37
cust-04587,m-013,7,17,22155.95,1303.29,360,LOYAL,3.61
cust-04588,m-023,77,10,3415.98,341.6,334,INACTIVE,25.71
cust-04589,m-034,13,16,1688.6,105.54,328,LOYAL,5.72
cust-04590,m-015,64,10,795.38,79.54,309,INACTIVE,23.37
cust-04591,m-036,33,10,980.68,98.07,355,AT_RISK,12.0
cust-04592,m-047,21,9,860.68,95.63,330,RETURNING,9.34
cust-04593,m-005,115,6,952.88,158.81,327,INACTIVE,39.35
cust-04594,m-027,19,10,2815.34,281.53,292,RETURNING,9.21
cust-04595,m-001,6,17,1747.86,102.82,318,LOYAL,3.55
cust-04596,m-044,134,3,450.45,150.15,349,INACTIVE,45.79
cust-04598,m-037,23,6,1259.18,209.86,307,RETURNING,11.75
cust-04599,m-026,16,9,955.88,106.21,352,RETURNING,7.53
cust-04600,m-001,79,14,1442.18,103.01,327,INACTIVE,26.09
cust-04601,m-039,8,10,1184.01,118.4,357,RETURNING,4.96
cust-04602,m-046,145,8,3460.4,432.55,353,INACTIVE,44.29
cust-04603,m-024,7,6,2005.05,334.18,298,RETURNING,6.63
cust-04604,m-007,91,7,10652.1,1521.73,362,INACTIVE,28.82
cust-04605,m-046,43,6,1388.41,231.4,245,AT_RISK,21.77
cust-04606,m-033,21,6,5799.18,966.53,357,RETURNING,10.15
cust-04607,m-005,12,11,3395.99,308.73,345,RETURNING,5.97
cust-04608,m-026,0,10,1228.48,122.85,334,RETURNING,2.73
cust-04609,m-013,82,8,8287.68,1035.96,302,INACTIVE,30.4
cust-04610,m-014,80,2,1295.49,647.74,83,INACTIVE,100.0
cust-04611,m-013,9,10,15321.29,1532.13,355,RETURNING,5.26
cust-04612,m-021,77,5,3335.26,667.05,331,INACTIVE,28.19
cust-04613,m-017,1,3,247.0,82.33,184,NEW,8.04
cust-04614,m-007,0,9,8347.96,927.55,355,RETURNING,3.0
cust-04615,m-045,13,9,920.34,102.26,320,RETURNING,7.05
cust-04616,m-028,54,10,5153.55,515.36,333,AT_RISK,18.89
cust-04617,m-025,84,6,8945.81,1490.97,244,INACTIVE,38.57
cust-04618,m-027,40,7,3385.93,483.7,302,AT_RISK,16.95
cust-04619,m-035,13,9,9753.67,1083.74,305,RETURNING,7.25
cust-04620,m-038,5,8,1514.66,189.33,337,RETURNING,4.81
cust-04621,m-016,20,10,2709.99,271.0,352,RETURNING,8.39
cust-04622,m-011,6,6,999.49,166.58,305,RETURNING,6.25
cust-04623,m-030,36,8,582.34,72.79,335,AT_RISK,14.05
cust-04624,m-018,162,7,884.09,126.3,307,INACTIVE,56.35
cust-04626,m-030,63,12,2559.82,213.32,351,INACTIVE,20.21
cust-04627,m-042,44,10,916.82,91.68,359,AT_RISK,14.95
cust-04628,m-046,24,12,5152.78,429.4,347,RETURNING,9.2
cust-04629,m-028,7,13,5285.85,406.6,362,RETURNING,4.07
cust-04630,m-035,84,10,12577.79,1257.78,350,INACTIVE,26.66
cust-04631,m-036,47,7,966.5,138.07,346,AT_RISK,17.29
cust-04633,m-009,20,9,1576.56,175.17,331,RETURNING,9.02
cust-04634,m-004,74,4,7264.5,1816.12,233,INACTIVE,37.62
cust-04635,m-046,93,11,6186.66,562.42,358,INACTIVE,28.41
cust-04636,m-014,61,6,6368.34,1061.39,311,INACTIVE,23.84
cust-04637,m-007,6,12,12698.32,1058.19,341,RETURNING,4.06
cust-04638,m-041,33,6,1597.83,266.3,311,AT_RISK,14.86
cust-04640,m-039,106,8,2918.72,364.84,308,INACTIVE,37.64
cust-04641,m-019,180,4,601.43,150.36,263,INACTIVE,74.18
cust-04642,m-019,34,10,1724.24,172.42,322,AT_RISK,13.25
cust-04643,m-013,18,8,11596.14,1449.52,298,RETURNING,9.35
cust-04644,m-016,75,9,1776.81,197.42,305,INACTIVE,27.51
cust-04645,m-019,66,9,1147.46,127.5,340,INACTIVE,22.35
cust-04646,m-032,28,8,10121.86,1265.23,341,RETURNING,11.52
cust-04647,m-045,13,8,1353.06,169.13,355,RETURNING,6.99
cust-04648,m-002,6,8,5929.13,741.14,314,RETURNING,5.24
cust-04649,m-046,56,4,944.16,236.04,362,AT_RISK,21.43
cust-04650,m-036,0,12,2350.07,195.84,342,RETURNING,2.31
cust-04651,m-014,6,8,9493.52,1186.69,362,RETURNING,4.99
cust-04652,m-037,172,5,423.6,84.72,304,INACTIVE,61.39
cust-04653,m-046,19,8,3173.05,396.63,328,RETURNING,9.11
cust-04654,m-002,10,10,11942.21,1194.22,354,RETURNING,5.54
cust-04655,m-024,43,9,2822.15,313.57,355,AT_RISK,15.08
cust-04656,m-017,70,5,4443.4,888.68,337,INACTIVE,25.71
cust-04657,m-001,33,15,1497.43,99.83,363,AT_RISK,10.94
cust-04658,m-043,20,5,2899.56,579.91,317,RETURNING,11.29
cust-04659,m-038,6,11,1683.77,153.07,364,RETURNING,4.14
cust-04660,m-032,11,10,10981.27,1098.13,328,RETURNING,6.07
cust-04661,m-021,33,7,1208.09,172.58,334,AT_RISK,13.6
cust-04662,m-006,230,6,769.47,128.24,347,INACTIVE,70.38
cust-04663,m-039,14,12,1374.94,114.58,347,RETURNING,6.33
cust-04664,m-047,45,10,804.66,80.47,340,AT_RISK,15.92
cust-04665,m-042,47,12,1156.86,96.4,360,AT_RISK,15.33
cust-04666,m-039,125,4,422.93,105.73,355,INACTIVE,41.11
cust-04667,m-017,3,5,624.52,124.9,275,RETURNING,6.09
cust-04669,m-006,70,9,1493.74,165.97,350,INACTIVE,22.94
cust-04671,m-001,46,14,1945.89,138.99,363,AT_RISK,14.64
cust-04672,m-044,25,11,3143.91,285.81,356,RETURNING,9.5
cust-04673,m-032,96,8,9924.62,1240.58,260,INACTIVE,40.11
cust-04674,m-007,30,7,9428.67,1346.95,250,RETURNING,15.7
cust-04675,m-015,102,6,688.35,114.72,292,INACTIVE,39.1
cust-04676,m-007,91,3,5099.57,1699.86,293,INACTIVE,38.45
cust-04677,m-032,17,10,13009.88,1300.99,349,RETURNING,7.58
cust-04678,m-014,9,7,6354.04,907.72,323,RETURNING,6.53
cust-04679,m-006,4,16,2678.12,167.38,338,LOYAL,2.94
cust-04680,m-038,42,4,640.63,160.16,360,AT_RISK,17.63
cust-04681,m-045,103,7,475.59,67.94,294,INACTIVE,38.67
cust-04682,m-026,20,8,1201.18,150.15,341,RETURNING,9.18
cust-04683,m-046,10,9,2885.55,320.62,318,RETURNING,6.13
cust-04684,m-016,46,4,1251.75,312.94,330,AT_RISK,19.9
cust-04685,m-040,49,7,2015.9,287.99,349,AT_RISK,17.75
cust-04686,m-032,1,7,7554.89,1079.27,356,RETURNING,4.03
cust-04689,m-038,65,5,1032.6,206.52,339,INACTIVE,24.12
cust-04690,m-023,32,13,4306.46,331.27,324,AT_RISK,11.99
cust-04691,m-034,89,6,555.3,92.55,265,INACTIVE,37.74
cust-04692,m-039,30,16,2302.84,143.93,328,RETURNING,10.88
cust-04693,m-029,11,12,3022.72,251.89,354,RETURNING,5.41
cust-04694,m-002,14,8,10292.02,1286.5,230,RETURNING,9.39
cust-04695,m-010,45,9,1536.36,170.71,360,AT_RISK,15.47
cust-04696,m-041,22,8,2113.23,264.15,334,RETURNING,9.9
cust-04697,m-043,59,7,5938.11,848.3,241,AT_RISK,28.13
cust-04698,m-013,45,8,79092.55,9886.57,262,AT_RISK,20.44
cust-04699,m-025,20,9,9073.81,1008.2,332,RETURNING,9.01
cust-04700,m-009,19,7,626.15,89.45,302,RETURNING,10.02
cust-04701,m-037,18,14,1349.82,96.42,357,RETURNING,7.03
cust-04702,m-045,29,6,416.04,69.34,266,RETURNING,15.15
cust-04703,m-026,33,6,688.06,114.68,314,AT_RISK,14.76
cust-04704,m-004,82,3,2046.13,682.04,309,INACTIVE,33.95
cust-04705,m-024,20,8,1547.16,193.4,275,RETURNING,10.58
cust-04706,m-028,61,10,2458.03,245.8,330,INACTIVE,21.16
cust-04707,m-043,39,11,10136.16,921.47,335,AT_RISK,14.11
cust-04708,m-023,29,6,1602.21,267.04,323,RETURNING,13.24
cust-04709,m-028,0,11,2694.15,244.92,276,RETURNING,2.5
cust-04710,m-043,130,10,8632.84,863.28,323,INACTIVE,42.85
cust-04711,m-039,13,9,1402.04,155.78,362,RETURNING,6.58
cust-04712,m-043,121,6,7734.65,1289.11,362,INACTIVE,37.62
cust-04713,m-022,35,8,8668.75,1083.59,303,AT_RISK,14.85
cust-04714,m-024,16,8,3897.69,487.21,343,RETURNING,7.98
cust-04715,m-011,4,12,2250.36,187.53,312,RETURNING,3.59
cust-04717,m-032,0,7,8400.29,1200.04,277,RETURNING,3.75
cust-04718,m-041,5,9,2215.14,246.13,340,RETURNING,4.47
cust-04719,m-022,31,7,13295.88,1899.41,356,AT_RISK,12.43
cust-04720,m-045,5,7,787.43,112.49,351,RETURNING,5.17
cust-04721,m-007,1,10,8991.96,899.2,294,RETURNING,3.07
cust-04722,m-039,11,13,1840.24,141.56,363,RETURNING,5.16
cust-04724,m-043,29,4,6305.53,1576.38,221,RETURNING,19.06
cust-04725,m-012,129,5,1229.24,245.85,363,INACTIVE,40.44
cust-04726,m-043,74,6,3452.26,575.38,330,INACTIVE,26.64
cust-04727,m-015,59,6,1304.05,217.34,234,AT_RISK,29.39
cust-04728,m-006,8,6,795.91,132.65,360,RETURNING,6.5
cust-04729,m-006,82,12,3702.84,308.57,309,INACTIVE,28.76
cust-04730,m-020,12,8,571.14,71.39,299,RETURNING,7.33
cust-04731,m-003,1,5,3143.24,628.65,291,RETURNING,5.34
cust-04732,m-030,34,7,2869.49,409.93,314,AT_RISK,14.54
cust-04733,m-006,75,6,990.46,165.08,303,INACTIVE,28.96
cust-04734,m-047,12,8,766.09,95.76,364,RETURNING,6.62
cust-04735,m-033,26,7,4952.92,707.56,299,RETURNING,12.42
cust-04736,m-011,20,10,865.03,86.5,347,RETURNING,8.47
cust-04737,m-006,21,9,1697.14,188.57,328,RETURNING,9.38
cust-04738,m-022,33,6,8584.38,1430.73,252,AT_RISK,17.33
cust-04739,m-003,212,4,1133.92,283.48,252,INACTIVE,89.79
cust-04740,m-044,26,8,928.78,116.1,340,RETURNING,10.96
cust-04741,m-015,120,11,2374.81,215.89,347,INACTIVE,36.98
cust-04742,m-006,175,10,1609.64,160.96,363,INACTIVE,50.8
cust-04743,m-039,0,6,902.87,150.48,319,RETURNING,4.29
cust-04744,m-012,73,3,681.11,227.04,303,INACTIVE,31.51
cust-04746,m-005,103,6,746.44,124.41,314,INACTIVE,36.98
cust-04747,m-019,6,10,1826.18,182.62,352,RETURNING,4.43
cust-04748,m-020,9,7,1014.14,144.88,307,RETURNING,6.67
cust-04749,m-044,8,15,3019.32,201.29,324,LOYAL,4.34
cust-04750,m-044,4,6,978.65,163.11,279,RETURNING,5.71
cust-04751,m-038,68,5,1136.14,227.23,349,INACTIVE,24.43
cust-04752,m-005,9,8,2132.6,266.58,266,RETURNING,6.7
cust-04753,m-010,12,8,820.57,102.57,271,RETURNING,7.75
cust-04754,m-040,19,8,2693.12,336.64,308,RETURNING,9.48
cust-04755,m-037,25,10,1313.59,131.36,364,RETURNING,9.58
cust-04757,m-033,7,15,20554.09,1370.27,362,LOYAL,3.8
cust-04758,m-039,18,7,835.74,119.39,357,RETURNING,8.78
cust-04759,m-018,266,3,343.15,114.38,355,INACTIVE,82.22
cust-04760,m-025,82,3,3734.58,1244.86,301,INACTIVE,34.65
cust-04761,m-014,1,12,12914.36,1076.2,301,RETURNING,2.64
cust-04762,m-033,52,8,14981.2,1872.65,343,AT_RISK,18.45
cust-04764,m-044,60,7,1531.93,218.85,263,AT_RISK,26.48
cust-04765,m-046,2,10,3643.76,364.38,287,RETURNING,3.42
cust-04766,m-003,38,6,3229.21,538.2,359,AT_RISK,14.84
cust-04767,m-012,5,8,2422.22,302.78,322,RETURNING,4.88
cust-04768,m-018,40,4,639.05,159.76,331,AT_RISK,18.05
cust-04769,m-001,112,15,1713.78,114.25,350,INACTIVE,33.78
cust-04770,m-012,49,5,1489.18,297.84,331,AT_RISK,19.76
cust-04771,m-025,131,5,6362.09,1272.42,348,INACTIVE,42.54
cust-04772,m-016,19,4,1193.29,298.32,355,RETURNING,11.34
cust-04774,m-020,35,4,569.1,142.28,306,AT_RISK,17.4
cust-04775,m-002,33,7,13593.36,1941.91,210,AT_RISK,19.39
cust-04776,m-031,21,13,1663.88,127.99,318,RETURNING,8.73
cust-04777,m-024,27,12,2147.36,178.95,359,RETURNING,9.81
cust-04778,m-012,45,6,3187.58,531.26,315,AT_RISK,18.53
cust-04780,m-017,39,10,3462.16,346.22,346,AT_RISK,13.97
cust-04781,m-023,16,11,3923.39,356.67,331,RETURNING,7.32
cust-04782,m-028,28,12,6673.88,556.16,352,RETURNING,10.24
cust-04784,m-038,103,4,770.49,192.62,336,INACTIVE,36.56
cust-04785,m-035,2,10,13094.1,1309.41,330,RETURNING,3.33
cust-04786,m-007,7,9,7973.93,885.99,352,RETURNING,4.98
cust-04787,m-011,34,9,726.44,80.72,330,AT_RISK,13.27
cust-04788,m-020,12,11,1327.78,120.71,355,RETURNING,5.87
cust-04789,m-047,95,9,1082.74,120.3,326,INACTIVE,32.05
cust-04791,m-012,34,7,1059.68,151.38,339,AT_RISK,13.75
cust-04793,m-025,78,5,4898.87,979.77,253,INACTIVE,35.71
cust-04794,m-031,19,13,1034.24,79.56,355,RETURNING,7.48
cust-04795,m-002,58,4,3330.25,832.56,318,AT_RISK,24.18
cust-04796,m-015,73,9,899.16,99.91,344,INACTIVE,24.16
cust-04798,m-004,11,3,3186.07,1062.02,349,NEW,10.64
cust-04799,m-017,41,7,2748.78,392.68,235,AT_RISK,21.12
cust-04800,m-035,99,5,6279.27,1255.85,327,INACTIVE,35.18
cust-04801,m-008,3,14,16289.75,1163.55,331,RETURNING,2.9
cust-04802,m-045,115,3,535.13,178.38,332,INACTIVE,42.03
cust-04803,m-029,77,8,2054.23,256.78,354,INACTIVE,25.02
cust-04804,m-031,39,4,319.74,79.94,327,AT_RISK,17.89
cust-04805,m-021,116,13,4581.29,352.41,346,INACTIVE,35.57
cust-04806,m-035,73,6,9076.31,1512.72,321,INACTIVE,26.96
cust-04807,m-040,46,9,1941.27,215.7,358,AT_RISK,15.81
cust-04808,m-014,34,4,6583.37,1645.84,312,AT_RISK,16.86
cust-04809,m-027,2,12,4411.38,367.62,293,RETURNING,2.99
cust-04810,m-029,73,5,2014.78,402.96,353,INACTIVE,25.62
cust-04811,m-020,72,8,950.59,118.82,357,INACTIVE,23.45
cust-04812,m-006,70,6,865.08,144.18,355,INACTIVE,23.95
cust-04813,m-004,104,4,2728.62,682.16,283,INACTIVE,42.62
cust-04814,m-001,53,10,1779.32,177.93,303,AT_RISK,20.16
cust-04815,m-045,66,10,1491.27,149.13,363,INACTIVE,20.86
cust-04816,m-008,6,13,20595.39,1584.26,356,RETURNING,3.82
cust-04817,m-038,0,15,2411.75,160.78,330,LOYAL,1.88
cust-04818,m-044,82,6,570.46,95.08,296,INACTIVE,31.9
cust-04819,m-033,2,9,9344.31,1038.26,337,RETURNING,3.59
cust-04820,m-036,3,14,1962.42,140.17,355,RETURNING,2.84
cust-04821,m-010,21,7,912.66,130.38,313,RETURNING,10.44
cust-04822,m-005,59,3,636.1,212.03,364,INACTIVE,23.66
cust-04823,m-041,3,6,1544.47,257.41,188,RETURNING,5.87
cust-04824,m-012,1,13,4665.76,358.9,322,RETURNING,2.45
cust-04825,m-015,16,8,746.74,93.34,324,RETURNING,8.26
cust-04826,m-047,72,6,868.04,144.67,331,INACTIVE,25.97
cust-04827,m-014,21,11,11009.24,1000.84,335,RETURNING,8.75
cust-04828,m-034,29,10,861.4,86.14,354,RETURNING,10.9
cust-04829,m-045,10,12,1497.23,124.77,345,RETURNING,5.2
cust-04830,m-041,79,6,2152.19,358.7,353,INACTIVE,26.6
cust-04831,m-045,14,8,1089.17,136.15,312,RETURNING,7.81
cust-04832,m-026,5,4,504.19,126.05,270,RETURNING,7.85
cust-04833,m-013,40,11,13546.43,1231.49,317,AT_RISK,15.08
cust-04834,m-031,4,6,688.34,114.72,251,RETURNING,5.87
cust-04835,m-009,20,13,1771.67,136.28,337,RETURNING,8.06
cust-04836,m-040,6,8,3582.16,447.77,172,RETURNING,6.8
cust-04837,m-047,8,8,687.88,85.98,266,RETURNING,6.33
cust-04838,m-007,85,7,10000.35,1428.62,357,INACTIVE,27.49
cust-04839,m-018,6,11,1073.98,97.63,364,RETURNING,4.14
cust-04841,m-023,41,11,31927.95,2902.54,355,AT_RISK,14.02
cust-04842,m-027,62,9,2871.74,319.08,361,INACTIVE,20.13
cust-04843,m-032,18,7,7372.08,1053.15,321,RETURNING,9.34
cust-04844,m-030,36,5,1127.87,225.57,331,AT_RISK,15.84
cust-04845,m-044,5,8,2444.26,305.53,291,RETURNING,5.05
cust-04846,m-043,60,5,3581.35,716.27,236,AT_RISK,30.32
cust-04847,m-040,3,9,2399.75,266.64,347,RETURNING,3.86
cust-04848,m-041,38,11,3394.18,308.56,340,AT_RISK,13.64
cust-04849,m-043,7,9,6862.96,762.55,351,RETURNING,4.99
cust-04850,m-015,38,3,579.0,193.0,255,NEW,22.34
cust-04851,m-041,9,6,2431.01,405.17,278,RETURNING,7.51
cust-04852,m-009,21,9,1062.77,118.09,276,RETURNING,10.58
cust-04853,m-028,63,10,2795.01,279.5,336,INACTIVE,21.42
cust-04854,m-013,80,5,7402.22,1480.44,249,INACTIVE,37.0
cust-04855,m-017,16,7,613.31,87.62,340,RETURNING,8.44
cust-04856,m-040,60,5,1164.42,232.88,358,AT_RISK,21.71
cust-04857,m-012,4,8,1394.0,174.25,257,RETURNING,4.88
cust-04858,m-009,26,9,991.49,110.17,308,RETURNING,11.41
cust-04859,m-022,13,9,20773.44,2308.16,333,RETURNING,6.89
cust-04860,m-034,0,8,822.95,102.87,359,RETURNING,3.33
cust-04861,m-037,32,10,711.89,71.19,304,AT_RISK,13.22
cust-04862,m-021,13,7,791.94,113.13,327,RETURNING,7.71
cust-04863,m-017,40,12,3203.84,266.99,355,AT_RISK,13.54
cust-04864,m-003,11,7,1335.84,190.83,353,RETURNING,6.86
cust-04865,m-030,49,6,4011.3,668.55,219,AT_RISK,26.56
cust-04866,m-025,128,3,3545.91,1181.97,273,INACTIVE,54.22
cust-04867,m-038,60,6,1027.26,171.21,286,AT_RISK,25.19
cust-04868,m-045,7,11,1019.38,92.67,293,RETURNING,4.88
cust-04869,m-017,42,8,2086.18,260.77,338,AT_RISK,15.72
cust-04870,m-017,11,10,4413.2,441.32,362,RETURNING,5.76
cust-04871,m-028,10,4,1190.81,297.7,278,RETURNING,9.58
cust-04872,m-033,35,13,13119.28,1009.18,345,AT_RISK,12.26
cust-04873,m-019,52,6,1109.16,184.86,348,AT_RISK,19.19
cust-04874,m-014,22,11,7982.73,725.7,309,RETURNING,9.6
cust-04875,m-002,11,7,13028.55,1861.22,343,RETURNING,6.95
cust-04876,m-027,19,8,1944.97,243.12,356,RETURNING,8.66
cust-04877,m-046,32,10,3369.14,336.91,362,AT_RISK,11.54
cust-04878,m-045,28,8,1059.88,132.49,339,RETURNING,11.57
cust-04879,m-003,108,5,1360.09,272.02,351,INACTIVE,35.68
cust-04880,m-032,35,8,8308.9,1038.61,362,AT_RISK,12.98
cust-04881,m-041,101,5,1180.24,236.05,364,INACTIVE,32.67
cust-04882,m-027,122,4,235.13,58.78,329,INACTIVE,42.97
cust-04883,m-023,15,15,3806.73,253.78,315,RETURNING,6.62
cust-04884,m-029,33,6,1364.45,227.41,299,AT_RISK,15.29
cust-04885,m-042,18,8,766.77,95.85,266,RETURNING,10.07
cust-04886,m-010,30,7,726.2,103.74,346,RETURNING,12.4
cust-04887,m-014,46,8,7226.69,903.34,332,AT_RISK,17.15
cust-04888,m-028,1,14,7121.46,508.68,356,RETURNING,2.28
cust-04889,m-026,37,6,464.74,77.46,270,AT_RISK,17.94
cust-04890,m-005,61,8,2625.94,328.24,329,INACTIVE,21.82
cust-04891,m-027,96,9,3151.22,350.14,361,INACTIVE,29.52
cust-04892,m-029,68,10,3255.83,325.58,326,INACTIVE,23.52
cust-04893,m-012,1,12,3096.68,258.06,353,RETURNING,2.59
cust-04894,m-035,17,9,11951.52,1327.95,305,RETURNING,8.56
cust-04895,m-032,2,9,10488.65,1165.41,363,RETURNING,3.55
cust-04896,m-044,91,6,1636.7,272.78,291,INACTIVE,35.45
cust-04897,m-038,1,6,1239.37,206.56,342,RETURNING,4.58
cust-04898,m-031,47,8,736.4,92.05,342,AT_RISK,17.04
cust-04899,m-017,229,2,187.12,93.56,255,INACTIVE,99.45
cust-04900,m-006,12,16,2591.25,161.95,334,LOYAL,5.35
cust-04901,m-005,2,10,5193.32,519.33,262,RETURNING,3.49
cust-04902,m-040,118,5,1506.92,301.38,356,INACTIVE,38.05
cust-04903,m-018,59,4,749.4,187.35,199,AT_RISK,35.5
cust-04904,m-016,13,9,1563.45,173.72,310,RETURNING,7.18
cust-04905,m-042,20,9,1063.92,118.21,343,RETURNING,8.81
cust-04906,m-044,51,2,688.9,344.45,249,INACTIVE,30.4
cust-04907,m-017,8,4,995.9,248.98,327,RETURNING,8.44
cust-04909,m-039,6,9,1099.72,122.19,264,RETURNING,5.26
cust-04910,m-006,32,8,1209.73,151.22,319,AT_RISK,13.33
cust-04911,m-029,11,6,2056.99,342.83,357,RETURNING,7.36
cust-04912,m-029,63,8,2289.49,286.19,358,INACTIVE,20.88
cust-04913,m-001,47,11,1160.83,105.53,359,AT_RISK,15.56
cust-04914,m-042,6,8,952.92,119.12,332,RETURNING,5.14
cust-04915,m-009,6,13,2196.79,168.98,324,RETURNING,3.99
cust-04916,m-034,38,8,729.91,91.24,340,AT_RISK,14.48
cust-04917,m-015,14,6,877.56,146.26,322,RETURNING,8.62
cust-04918,m-019,17,5,602.74,120.55,352,RETURNING,9.82
cust-04919,m-035,54,8,7898.72,987.34,294,AT_RISK,21.64
cust-04920,m-005,59,16,4177.51,261.09,352,AT_RISK,18.48
cust-04921,m-032,2,5,3697.59,739.52,307,RETURNING,5.65
cust-04922,m-006,72,8,971.15,121.39,360,INACTIVE,23.28
cust-04923,m-030,245,3,519.2,173.07,330,INACTIVE,81.52
cust-04924,m-039,13,4,578.87,144.72,255,RETURNING,11.08
cust-04925,m-015,54,10,1485.12,148.51,362,AT_RISK,17.6
cust-04927,m-031,51,3,301.45,100.48,192,INACTIVE,33.92
cust-04928,m-033,11,4,4056.11,1014.03,327,RETURNING,9.35
cust-04929,m-013,130,5,9156.88,1831.38,358,INACTIVE,41.21
cust-04930,m-014,48,8,8348.84,1043.6,341,AT_RISK,17.37
cust-04931,m-008,137,11,13856.48,1259.68,362,INACTIVE,40.24
cust-04932,m-004,30,3,4980.69,1660.23,236,NEW,20.16
cust-04933,m-022,7,5,3735.72,747.14,224,RETURNING,8.11
cust-04935,m-015,159,11,851.71,77.43,360,INACTIVE,46.54
cust-04937,m-025,38,10,10015.41,1001.54,319,AT_RISK,14.6
cust-04938,m-007,36,6,8327.3,1387.88,344,AT_RISK,14.72
cust-04940,m-013,39,8,11077.05,1384.63,359,AT_RISK,14.17
cust-04941,m-016,102,8,2075.37,259.42,345,INACTIVE,32.81
cust-04942,m-005,83,4,712.71,178.18,348,INACTIVE,29.78
cust-04943,m-001,35,9,1025.87,113.99,348,AT_RISK,13.03
cust-04944,m-040,99,9,4786.62,531.85,331,INACTIVE,32.82
cust-04945,m-030,58,7,3729.89,532.84,323,AT_RISK,21.65
cust-04946,m-020,37,10,875.2,87.52,346,AT_RISK,13.39
cust-04947,m-010,129,6,742.03,123.67,302,INACTIVE,46.86
cust-04948,m-004,14,8,15511.88,1938.98,337,RETURNING,7.48
cust-04949,m-027,56,6,2855.49,475.92,329,AT_RISK,21.26
cust-04950,m-040,8,7,2030.05,290.01,337,RETURNING,6.12
cust-04951,m-043,35,6,6097.63,1016.27,359,AT_RISK,14.01
cust-04952,m-027,26,9,1621.05,180.12,308,RETURNING,11.41
cust-04953,m-041,47,9,2744.96,305.0,234,AT_RISK,23.0
cust-04954,m-010,107,8,749.5,93.69,330,INACTIVE,35.66
cust-04955,m-006,28,6,665.01,110.84,363,RETURNING,11.98
cust-04956,m-041,22,13,3819.28,293.79,308,RETURNING,9.26
cust-04957,m-041,142,5,1862.34,372.47,319,INACTIVE,49.38
cust-04958,m-003,120,5,1728.58,345.72,273,INACTIVE,48.8
cust-04959,m-032,75,9,9776.31,1086.26,311,INACTIVE,27.04
cust-04960,m-010,4,5,1169.73,233.95,336,RETURNING,6.19
cust-04961,m-003,34,5,1216.49,243.3,340,AT_RISK,14.97
cust-04962,m-002,47,7,10843.32,1549.05,342,AT_RISK,17.45
cust-04963,m-017,23,13,2332.6,179.43,270,RETURNING,10.63
cust-04964,m-029,41,7,1527.4,218.2,346,AT_RISK,15.57
cust-04965,m-017,25,12,1446.34,120.53,361,RETURNING,9.21
cust-04966,m-026,40,11,1251.09,113.74,221,AT_RISK,20.52
cust-04967,m-023,14,4,677.21,169.3,358,RETURNING,9.9
cust-04968,m-033,1,7,8945.73,1277.96,360,RETURNING,4.03
cust-04969,m-040,3,13,3101.22,238.56,362,RETURNING,2.97
cust-04970,m-042,6,5,822.62,164.52,241,RETURNING,7.48
cust-04971,m-047,18,11,1546.52,140.59,351,RETURNING,7.61
cust-04972,m-018,50,6,828.87,138.15,361,AT_RISK,18.1
cust-04973,m-033,46,5,7121.31,1424.26,358,AT_RISK,17.81
cust-04975,m-020,35,10,1046.24,104.62,314,AT_RISK,13.84
cust-04976,m-047,33,7,741.11,105.87,347,AT_RISK,13.23
cust-04977,m-016,70,9,2462.09,273.57,330,INACTIVE,24.15
cust-04978,m-004,64,9,10844.23,1204.91,360,INACTIVE,20.73
cust-04979,m-001,14,6,674.06,112.34,191,RETURNING,11.58
cust-04980,m-034,39,7,569.64,81.38,350,AT_RISK,14.86
cust-04982,m-046,24,9,2134.14,237.13,284,RETURNING,11.42
cust-04983,m-016,37,14,2990.15,213.58,354,AT_RISK,12.42
cust-04984,m-028,5,9,6145.47,682.83,347,RETURNING,4.44
cust-04985,m-032,2,5,4090.13,818.03,337,RETURNING,5.59
cust-04986,m-015,42,8,1189.49,148.69,275,AT_RISK,18.55
cust-04987,m-031,123,4,377.44,94.36,327,INACTIVE,43.5
cust-04988,m-031,12,9,1261.69,140.19,331,RETURNING,6.61
cust-04989,m-045,48,11,2007.12,182.47,340,AT_RISK,16.58
cust-04990,m-044,298,4,2894.39,723.6,348,INACTIVE,91.39
cust-04991,m-011,54,6,880.48,146.75,351,AT_RISK,19.63
cust-04992,m-040,42,6,3089.71,514.95,341,AT_RISK,16.57
cust-04993,m-027,125,6,919.22,153.2,331,INACTIVE,41.94
cust-04994,m-008,5,11,14780.52,1343.68,310,RETURNING,4.11
cust-04995,m-047,38,9,949.79,105.53,361,AT_RISK,13.5
cust-04996,m-004,40,5,7996.59,1599.32,232,AT_RISK,22.17
cust-04997,m-021,0,8,729.21,91.15,350,RETURNING,3.33
cust-04998,m-009,46,6,514.21,85.7,345,AT_RISK,17.58
cust-04999,m-039,43,14,1786.2,127.59,342,AT_RISK,14.54
cust-05000,m-041,9,8,1335.56,166.94,343,RETURNING,5.95
cust-05001,m-018,28,4,394.61,98.65,344,RETURNING,14.12
cust-05002,m-022,80,6,11858.16,1976.36,312,INACTIVE,29.84
cust-05003,m-026,50,7,1092.18,156.03,341,AT_RISK,18.37
cust-05004,m-002,46,7,8912.1,1273.16,333,AT_RISK,17.52
cust-05005,m-028,76,10,1978.24,197.82,331,INACTIVE,25.62
cust-05006,m-009,17,12,1244.36,103.7,348,RETURNING,7.18
cust-05007,m-037,31,7,589.95,84.28,344,AT_RISK,12.74
cust-05008,m-029,12,8,2903.83,362.98,292,RETURNING,7.43
cust-05009,m-006,24,12,1360.14,113.35,362,RETURNING,8.92
cust-05010,m-044,72,7,1402.98,200.43,342,INACTIVE,24.74
cust-05011,m-011,37,9,1100.25,122.25,261,AT_RISK,17.12
cust-05012,m-026,69,10,1448.66,144.87,354,INACTIVE,22.16
cust-05013,m-029,1,11,2014.13,183.1,349,RETURNING,2.79
cust-05014,m-043,2,13,10360.38,796.95,336,RETURNING,2.74
cust-05015,m-030,79,10,4603.74,460.37,354,INACTIVE,24.98
cust-05016,m-045,32,7,478.2,68.31,322,AT_RISK,13.66
cust-05017,m-014,23,11,15374.11,1397.65,359,RETURNING,8.89
cust-05018,m-034,11,8,916.37,114.55,306,RETURNING,6.92
cust-05019,m-018,41,10,1002.67,100.27,359,AT_RISK,14.12
cust-05020,m-003,12,9,2335.67,259.52,277,RETURNING,7.32
cust-05021,m-042,17,11,1576.75,143.34,354,RETURNING,7.29
cust-05022,m-031,68,8,1161.54,145.19,231,INACTIVE,32.64
cust-05023,m-010,13,9,1107.14,123.02,344,RETURNING,6.77
cust-05024,m-045,2,9,830.84,92.32,323,RETURNING,3.62
cust-05025,m-038,11,5,619.1,123.82,359,RETURNING,8.06
cust-05026,m-008,18,16,17865.99,1116.62,342,RETURNING,7.01
cust-05027,m-040,30,16,2724.07,170.25,350,RETURNING,10.31
cust-05028,m-035,24,8,9176.15,1147.02,318,RETURNING,10.86
cust-05029,m-022,40,8,7422.81,927.85,279,AT_RISK,17.62
cust-05030,m-047,6,5,497.76,99.55,264,RETURNING,7.26
cust-05031,m-042,10,10,904.51,90.45,355,RETURNING,5.54
cust-05032,m-016,3,14,2896.7,206.91,360,RETURNING,2.83
cust-05034,m-032,11,7,5931.83,847.4,302,RETURNING,7.38
cust-05035,m-034,57,10,796.77,79.68,352,AT_RISK,18.87
cust-05036,m-016,18,13,1840.61,141.59,347,RETURNING,7.32
cust-05037,m-002,44,1,1485.43,1485.43,44,NEW,100.0
cust-05038,m-046,47,8,2971.33,371.42,258,AT_RISK,21.48
cust-05039,m-047,23,9,1034.28,114.92,284,RETURNING,11.07
cust-05040,m-022,2,11,23212.64,2110.24,356,RETURNING,3.06
cust-05041,m-046,1,11,2765.29,251.39,354,RETURNING,2.78
cust-05042,m-025,53,3,4108.22,1369.41,265,INACTIVE,27.42
cust-05043,m-002,148,7,7721.56,1103.08,306,INACTIVE,51.96
cust-05044,m-030,23,12,1545.6,128.8,346,RETURNING,8.94
cust-05045,m-028,46,11,1800.06,163.64,359,AT_RISK,15.28
cust-05046,m-046,9,4,699.17,174.79,300,RETURNING,8.99
cust-05047,m-036,37,11,763.95,69.45,306,AT_RISK,14.55
cust-05048,m-013,29,12,13047.83,1087.32,347,RETURNING,10.64
cust-05049,m-034,66,8,803.97,100.5,331,INACTIVE,23.21
cust-05050,m-009,1,14,1494.61,106.76,363,RETURNING,2.27
cust-05051,m-023,67,4,574.59,143.65,277,INACTIVE,30.1
cust-05052,m-004,20,5,5574.83,1114.97,356,RETURNING,10.6
cust-05053,m-020,93,12,1766.14,147.18,303,INACTIVE,32.9
cust-05054,m-031,24,9,1120.0,124.44,344,RETURNING,9.96
cust-05055,m-002,155,3,4694.91,1564.97,259,INACTIVE,67.12
cust-05056,m-044,1,6,2781.69,463.62,358,RETURNING,4.56
cust-05057,m-025,22,11,10545.97,958.72,336,RETURNING,9.03
cust-05058,m-047,8,9,896.3,99.59,347,RETURNING,5.3
cust-05059,m-025,26,9,7405.0,822.78,312,RETURNING,11.31
cust-05060,m-011,70,7,660.22,94.32,357,INACTIVE,23.3
cust-05061,m-006,16,7,1200.13,171.45,301,RETURNING,9.05
cust-05062,m-040,3,9,2834.06,314.9,324,RETURNING,3.92
cust-05063,m-041,5,8,1258.71,157.34,327,RETURNING,4.86
cust-05064,m-021,86,6,922.16,153.69,315,INACTIVE,31.5
cust-05065,m-035,26,5,6255.91,1251.18,280,RETURNING,14.25
cust-05066,m-013,140,6,6641.22,1106.87,319,INACTIVE,48.04
cust-05067,m-036,65,11,1277.91,116.17,335,INACTIVE,21.85
cust-05068,m-029,19,15,3519.04,234.6,336,RETURNING,7.51
cust-05069,m-006,17,10,1657.54,165.75,332,RETURNING,7.83
cust-05070,m-017,11,8,2830.64,353.83,289,RETURNING,7.13
cust-05071,m-004,130,4,6565.48,1641.37,294,INACTIVE,50.07
cust-05072,m-025,145,3,3961.94,1320.65,317,INACTIVE,53.1
cust-05073,m-030,41,11,3948.25,358.93,354,AT_RISK,14.05
cust-05074,m-043,1,8,6507.19,813.4,336,RETURNING,3.63
cust-05075,m-010,218,4,535.58,133.9,349,INACTIVE,68.29
cust-05076,m-005,31,7,1162.9,166.13,307,AT_RISK,13.81
cust-05077,m-019,41,12,1718.27,143.19,362,AT_RISK,13.6
cust-05078,m-043,46,8,7210.26,901.28,354,AT_RISK,16.29
cust-05079,m-015,5,7,1099.52,157.07,207,RETURNING,6.15
cust-05080,m-017,27,6,1703.41,283.9,273,RETURNING,14.14
cust-05081,m-006,6,15,2588.66,172.58,318,LOYAL,3.76
cust-05082,m-017,11,11,4970.41,451.86,345,RETURNING,5.68
cust-05083,m-020,4,14,879.79,62.84,334,RETURNING,3.19
cust-05084,m-004,2,9,14143.43,1571.49,343,RETURNING,3.58
cust-05085,m-013,42,10,12042.64,1204.26,353,AT_RISK,14.59
cust-05086,m-030,70,10,3376.18,337.62,355,INACTIVE,22.39
cust-05087,m-016,85,8,2019.9,252.49,364,INACTIVE,26.62
cust-05088,m-001,12,12,1790.7,149.22,362,RETURNING,5.61
cust-05089,m-046,11,7,2189.47,312.78,284,RETURNING,7.61
cust-05090,m-039,13,10,1188.53,118.85,324,RETURNING,6.73
cust-05091,m-020,19,3,478.38,159.46,207,NEW,16.63
cust-05092,m-027,46,6,1588.21,264.7,349,AT_RISK,17.43
cust-05093,m-022,2,14,15260.5,1090.04,350,RETURNING,2.57
cust-05094,m-002,65,7,14228.64,2032.66,349,INACTIVE,22.32
cust-05095,m-035,64,4,4572.26,1143.06,202,INACTIVE,37.53
cust-05096,m-041,0,9,2089.63,232.18,288,RETURNING,3.0
cust-05097,m-022,31,7,8011.75,1144.54,310,AT_RISK,13.72
cust-05098,m-045,84,10,1098.67,109.87,360,INACTIVE,26.0
cust-05099,m-004,21,6,10593.46,1765.58,319,RETURNING,10.85
cust-05100,m-022,40,4,6464.29,1616.07,342,AT_RISK,17.66
cust-05101,m-021,23,9,2524.23,280.47,348,RETURNING,9.59
cust-05103,m-028,11,4,630.99,157.75,351,RETURNING,9.12
cust-05104,m-042,5,10,1223.66,122.37,292,RETURNING,4.43
cust-05105,m-003,42,8,4003.16,500.4,293,AT_RISK,17.62
cust-05106,m-047,3,9,1065.05,118.34,332,RETURNING,3.9
cust-05108,m-020,34,12,1602.05,133.5,355,AT_RISK,11.86
cust-05109,m-023,20,10,3767.43,376.74,340,RETURNING,8.59
cust-05110,m-004,118,3,2155.91,718.64,356,INACTIVE,40.55
cust-05111,m-020,143,7,735.19,105.03,346,INACTIVE,44.96
cust-05112,m-031,7,9,1097.5,121.94,340,RETURNING,5.05
cust-05113,m-044,55,8,2146.21,268.28,267,AT_RISK,23.86
cust-05114,m-030,0,10,1292.32,129.23,332,RETURNING,2.73
cust-05115,m-022,26,7,10020.51,1431.5,338,RETURNING,11.42
cust-05116,m-033,73,5,7632.49,1526.5,288,INACTIVE,30.26
cust-05117,m-028,42,8,2134.13,266.77,362,AT_RISK,14.9
cust-05118,m-014,47,4,5112.23,1278.06,323,AT_RISK,20.51
cust-05120,m-003,8,18,7852.31,436.24,347,LOYAL,3.88
cust-05121,m-015,123,8,705.83,88.23,347,INACTIVE,38.68
cust-05122,m-006,6,9,1399.97,155.55,320,RETURNING,4.87
cust-05123,m-036,31,5,527.87,105.57,193,AT_RISK,20.98
cust-05124,m-035,25,9,10458.93,1162.1,272,RETURNING,12.16
cust-05125,m-044,68,12,2943.21,245.27,314,INACTIVE,23.89
cust-05126,m-015,7,4,316.81,79.2,262,RETURNING,8.66
cust-05127,m-037,58,13,1131.04,87.0,340,AT_RISK,19.15
cust-05128,m-042,105,11,1071.27,97.39,350,INACTIVE,32.41
cust-05130,m-016,46,11,1828.4,166.22,282,AT_RISK,18.75
cust-05131,m-017,54,13,3498.98,269.15,359,AT_RISK,17.14
cust-05132,m-016,75,10,1487.05,148.7,182,INACTIVE,43.71
cust-05133,m-024,88,4,1461.25,365.31,264,INACTIVE,39.21
cust-05134,m-029,11,7,1688.35,241.19,329,RETURNING,7.08
cust-05135,m-036,156,5,403.73,80.75,362,INACTIVE,47.98
cust-05136,m-044,57,6,1564.8,260.8,337,AT_RISK,21.15
cust-05137,m-016,57,7,1063.24,151.89,351,AT_RISK,19.94
cust-05138,m-026,24,7,580.08,82.87,348,RETURNING,10.63
cust-05139,m-031,64,3,162.6,54.2,179,INACTIVE,43.06
cust-05140,m-013,38,4,4410.72,1102.68,362,AT_RISK,16.47
cust-05141,m-027,9,8,979.67,122.46,257,RETURNING,6.82
cust-05142,m-020,14,6,1048.48,174.75,346,RETURNING,8.32
cust-05143,m-035,4,6,5500.47,916.74,318,RETURNING,5.54
cust-05144,m-006,11,13,2065.21,158.86,359,RETURNING,5.2
cust-05145,m-006,28,6,595.84,99.31,343,RETURNING,12.43
cust-05146,m-047,41,8,848.4,106.05,354,AT_RISK,14.88
cust-05147,m-018,192,5,974.97,194.99,304,INACTIVE,67.95
cust-05148,m-018,106,8,863.35,107.92,345,INACTIVE,33.97
cust-05149,m-023,22,7,1197.96,171.14,344,RETURNING,10.13
cust-05150,m-011,6,13,1147.53,88.27,331,RETURNING,3.95
cust-05152,m-037,4,12,1192.7,99.39,358,RETURNING,3.42
cust-05153,m-026,17,18,1910.46,106.14,362,RETURNING,6.26
cust-05154,m-017,62,6,2225.81,370.97,360,INACTIVE,21.46
cust-05155,m-032,156,5,4109.59,821.92,295,INACTIVE,57.7
cust-05156,m-007,94,9,11656.03,1295.11,355,INACTIVE,29.4
cust-05157,m-047,70,7,609.89,87.13,335,INACTIVE,24.58
cust-05158,m-009,26,14,1617.5,115.54,347,RETURNING,9.47
cust-05159,m-003,28,6,2049.5,341.58,359,RETURNING,12.06
cust-05160,m-015,19,6,1067.05,177.84,280,RETURNING,11.05
cust-05161,m-013,20,3,3950.72,1316.91,294,NEW,14.28
cust-05162,m-022,6,12,13318.52,1109.88,244,RETURNING,4.76
cust-05163,m-014,0,13,10860.01,835.39,346,RETURNING,2.14
cust-05164,m-002,73,7,6956.77,993.82,330,INACTIVE,25.8
cust-05165,m-012,48,10,3374.76,337.48,341,AT_RISK,16.76
cust-05166,m-011,116,6,641.56,106.93,343,INACTIVE,38.01
cust-05167,m-016,90,9,1432.03,159.11,351,INACTIVE,28.57
cust-05169,m-020,40,9,933.71,103.75,355,AT_RISK,14.24
cust-05170,m-040,78,5,2916.15,583.23,305,INACTIVE,30.49
cust-05171,m-031,80,7,670.62,95.8,310,INACTIVE,29.47
cust-05172,m-042,97,11,1064.78,96.8,343,INACTIVE,30.7
cust-05173,m-035,45,7,8576.62,1225.23,354,AT_RISK,16.43
cust-05174,m-038,27,5,873.72,174.74,299,RETURNING,14.0
cust-05175,m-001,76,9,828.43,92.05,356,INACTIVE,24.29
cust-05176,m-027,17,8,2318.01,289.75,361,RETURNING,8.03
cust-05177,m-024,95,14,4367.89,311.99,351,INACTIVE,28.99
cust-05178,m-015,100,3,577.57,192.52,324,INACTIVE,38.27
cust-05179,m-044,3,7,2572.82,367.55,345,RETURNING,4.62
cust-05180,m-012,14,9,3303.1,367.01,348,RETURNING,7.01
cust-05181,m-027,13,8,1965.31,245.66,349,RETURNING,7.05
cust-05182,m-018,0,12,1183.93,98.66,353,RETURNING,2.31
cust-05183,m-034,6,10,1046.77,104.68,321,RETURNING,4.59
cust-05184,m-035,52,6,7349.62,1224.94,209,AT_RISK,29.05
cust-05185,m-027,7,5,398.25,79.65,350,RETURNING,6.99
cust-05186,m-002,63,10,8679.47,867.95,357,INACTIVE,20.33
cust-05188,m-039,98,7,912.99,130.43,337,INACTIVE,32.74
cust-05189,m-020,56,13,1696.0,130.46,353,AT_RISK,17.96
cust-05190,m-033,180,8,10687.44,1335.93,354,INACTIVE,54.04
cust-05191,m-004,32,12,16623.4,1385.28,360,AT_RISK,11.17
cust-05192,m-032,52,6,6867.67,1144.61,215,AT_RISK,28.36
cust-05193,m-018,24,10,1066.63,106.66,357,RETURNING,9.43
cust-05194,m-037,9,9,1060.09,117.79,362,RETURNING,5.48
cust-05196,m-033,48,11,11595.89,1054.17,357,AT_RISK,15.91
cust-05197,m-016,3,4,740.27,185.07,336,RETURNING,6.89
cust-05198,m-018,9,14,1503.46,107.39,347,RETURNING,4.59
cust-05199,m-028,37,9,1858.49,206.5,351,AT_RISK,13.51
cust-05200,m-017,9,6,1360.24,226.71,238,RETURNING,8.05
cust-05201,m-030,76,6,1183.94,197.32,272,INACTIVE,32.12
cust-05202,m-005,2,10,1648.24,164.82,347,RETURNING,3.3
cust-05203,m-002,34,5,3767.51,753.5,320,AT_RISK,15.59
cust-05204,m-032,30,7,7816.13,1116.59,347,RETURNING,12.37
cust-05205,m-042,67,12,1429.55,119.13,343,INACTIVE,21.78
cust-05206,m-038,54,10,1180.46,118.05,349,AT_RISK,18.16
cust-05207,m-015,68,7,832.07,118.87,338,INACTIVE,23.81
cust-05208,m-016,134,7,1457.8,208.26,362,INACTIVE,40.66
cust-05209,m-017,38,4,622.73,155.68,168,AT_RISK,28.49
cust-05210,m-032,11,10,12538.07,1253.81,345,RETURNING,5.91
cust-05211,m-012,25,10,2796.48,279.65,361,RETURNING,9.63
cust-05212,m-002,8,8,13060.44,1632.56,305,RETURNING,5.95
cust-05213,m-043,8,11,9695.55,881.41,364,RETURNING,4.69
cust-05214,m-001,64,7,569.58,81.37,329,INACTIVE,23.14
cust-05215,m-010,22,8,1084.29,135.54,361,RETURNING,9.41
cust-05216,m-023,3,9,1960.91,217.88,363,RETURNING,3.82
cust-05217,m-020,17,13,1408.39,108.34,347,RETURNING,7.03
cust-05219,m-047,187,4,484.86,121.22,340,INACTIVE,60.84
cust-05220,m-033,40,8,13034.22,1629.28,341,AT_RISK,15.03
cust-05221,m-003,33,6,3042.58,507.1,359,AT_RISK,13.45
cust-05222,m-034,11,10,885.49,88.55,322,RETURNING,6.13
cust-05223,m-034,24,15,2172.06,144.8,352,RETURNING,8.67
cust-05224,m-003,20,6,3028.83,504.8,334,RETURNING,10.26
cust-05226,m-031,151,9,926.57,102.95,361,INACTIVE,44.71
cust-05227,m-044,48,8,2706.84,338.35,175,AT_RISK,30.61
cust-05228,m-014,38,12,11260.07,938.34,324,AT_RISK,14.0
cust-05229,m-047,109,5,398.77,79.75,341,INACTIVE,36.87
cust-05230,m-034,63,10,752.04,75.2,343,INACTIVE,21.04
cust-05231,m-017,46,4,1311.62,327.9,256,AT_RISK,23.9
cust-05232,m-006,28,7,979.14,139.88,256,RETURNING,14.64
cust-05233,m-025,19,11,10277.0,934.27,351,RETURNING,7.9
cust-05234,m-036,54,6,445.31,74.22,336,AT_RISK,20.31
cust-05235,m-028,35,10,5883.39,588.34,309,AT_RISK,14.02
cust-05236,m-020,19,14,3286.64,234.76,356,RETURNING,7.32
cust-05237,m-038,187,4,317.18,79.3,340,INACTIVE,60.84
cust-05238,m-023,29,11,3438.32,312.57,340,RETURNING,11.0
cust-05239,m-031,22,10,1192.54,119.25,363,RETURNING,8.77
cust-05240,m-045,36,10,945.19,94.52,298,AT_RISK,14.77
cust-05241,m-024,18,9,2623.17,291.46,347,RETURNING,8.17
cust-05242,m-017,24,7,4614.54,659.22,277,RETURNING,12.38
cust-05243,m-002,18,10,10233.19,1023.32,329,RETURNING,8.18
cust-05245,m-032,31,12,13648.66,1137.39,329,AT_RISK,11.7
cust-05246,m-009,1,4,309.39,77.35,350,RETURNING,6.28
cust-05248,m-002,36,9,11169.93,1241.1,358,AT_RISK,13.03
cust-05249,m-020,30,5,527.72,105.54,331,RETURNING,14.04
cust-05250,m-029,43,9,3367.39,374.15,360,AT_RISK,14.91
cust-05252,m-007,51,8,5435.66,679.46,260,AT_RISK,22.87
cust-05253,m-010,181,4,869.0,217.25,304,INACTIVE,65.34
cust-05254,m-009,16,8,725.58,90.7,335,RETURNING,8.1
cust-05255,m-025,89,8,9380.0,1172.5,210,INACTIVE,45.51
cust-05256,m-043,44,4,3766.53,941.63,266,AT_RISK,22.48
cust-05257,m-041,22,11,2747.02,249.73,347,RETURNING,8.82
cust-05258,m-028,2,8,4144.56,518.07,321,RETURNING,3.95
cust-05259,m-009,67,6,655.0,109.17,245,INACTIVE,31.52
cust-05260,m-040,28,11,4406.49,400.59,316,RETURNING,11.33
cust-05261,m-021,47,6,1330.86,221.81,320,AT_RISK,18.93
cust-05262,m-020,23,13,1449.55,111.5,364,RETURNING,8.44
cust-05263,m-036,32,15,2011.64,134.11,325,AT_RISK,11.69
cust-05264,m-005,58,10,3651.49,365.15,360,AT_RISK,18.79
cust-05265,m-003,5,7,1525.09,217.87,363,RETURNING,5.12
cust-05266,m-010,73,6,1156.65,192.78,255,INACTIVE,32.8
cust-05267,m-039,6,12,1726.47,143.87,329,RETURNING,4.13
cust-05268,m-002,19,9,8675.59,963.95,266,RETURNING,10.12
cust-05269,m-008,14,13,13514.22,1039.56,329,RETURNING,6.39
cust-05270,m-043,21,11,7908.54,718.96,353,RETURNING,8.43
cust-05271,m-036,29,13,1605.33,123.49,359,RETURNING,10.2
cust-05272,m-006,34,10,1865.92,186.59,352,AT_RISK,12.36
cust-05273,m-036,4,4,386.05,96.51,107,RETURNING,9.7
cust-05274,m-046,27,10,6433.15,643.31,334,RETURNING,10.79
cust-05275,m-001,2,7,1144.39,163.48,324,RETURNING,4.37
cust-05276,m-001,4,13,956.37,73.57,348,RETURNING,3.29
cust-05277,m-019,17,13,844.11,64.93,250,RETURNING,8.92
cust-05278,m-013,18,12,11637.48,969.79,363,RETURNING,7.25
cust-05279,m-031,25,12,1518.98,126.58,356,RETURNING,9.31
cust-05280,m-018,44,10,927.98,92.8,331,AT_RISK,15.98
cust-05281,m-029,13,9,3388.45,376.49,333,RETURNING,6.89
cust-05282,m-001,30,10,1432.51,143.25,327,RETURNING,11.87
cust-05284,m-005,63,11,4152.27,377.48,359,INACTIVE,20.0
cust-05285,m-023,50,13,4315.35,331.95,353,AT_RISK,16.27
cust-05286,m-026,74,6,876.15,146.02,275,INACTIVE,31.1
cust-05287,m-039,0,8,1425.99,178.25,358,RETURNING,3.33
cust-05288,m-021,8,9,1657.44,184.16,326,RETURNING,5.45
cust-05289,m-018,51,6,539.11,89.85,236,AT_RISK,25.8
cust-05290,m-036,59,10,1766.84,176.68,355,AT_RISK,19.3
cust-05291,m-033,5,11,15829.71,1439.06,341,RETURNING,3.96
cust-05292,m-007,102,6,6945.37,1157.56,331,INACTIVE,35.01
cust-05293,m-032,181,7,9361.15,1337.31,361,INACTIVE,53.75
cust-05294,m-013,41,6,8525.38,1420.9,264,AT_RISK,19.76
cust-05295,m-029,7,12,2268.02,189.0,357,RETURNING,4.26
cust-05296,m-040,2,6,2473.16,412.19,301,RETURNING,4.95
cust-05297,m-023,25,10,2467.02,246.7,262,RETURNING,12.23
cust-05298,m-015,96,7,594.37,84.91,259,INACTIVE,40.67
cust-05299,m-027,51,4,1649.9,412.48,353,AT_RISK,20.41
cust-05301,m-001,16,9,1163.24,129.25,248,RETURNING,9.43
cust-05302,m-041,1,7,3222.24,460.32,313,RETURNING,4.07
cust-05303,m-042,43,8,749.36,93.67,306,AT_RISK,17.34
cust-05305,m-047,10,9,1329.33,147.7,362,RETURNING,5.75
cust-05306,m-022,8,9,13100.59,1455.62,283,RETURNING,5.82
cust-05307,m-025,54,6,7449.64,1241.61,320,AT_RISK,21.11
cust-05308,m-018,42,7,700.57,100.08,316,AT_RISK,17.0
cust-05309,m-029,35,13,4668.98,359.15,338,AT_RISK,12.47
cust-05310,m-007,18,7,10230.81,1461.54,337,RETURNING,9.08
cust-05311,m-008,78,7,5286.49,755.21,323,INACTIVE,27.82
cust-05312,m-038,112,6,688.21,114.7,308,INACTIVE,40.53
cust-05313,m-026,53,8,802.91,100.36,286,AT_RISK,21.8
cust-05314,m-019,55,12,1314.31,109.53,344,AT_RISK,18.25
cust-05315,m-015,21,11,1871.03,170.09,360,RETURNING,8.32
cust-05316,m-045,49,9,882.02,98.0,355,AT_RISK,16.76
cust-05317,m-024,5,8,5038.86,629.86,291,RETURNING,5.05
cust-05318,m-012,192,6,1690.62,281.77,354,INACTIVE,58.37
cust-05319,m-043,36,5,3474.98,695.0,208,AT_RISK,22.22
cust-05320,m-005,18,12,3678.58,306.55,352,RETURNING,7.41
cust-05321,m-040,73,10,2114.58,211.46,349,INACTIVE,23.58
cust-05322,m-004,117,2,1754.96,877.48,354,INACTIVE,42.96
cust-05323,m-020,14,6,1275.17,212.53,359,RETURNING,8.17
cust-05324,m-044,20,5,867.44,173.49,352,RETURNING,10.67
cust-05325,m-004,21,3,4292.73,1430.91,266,NEW,15.37
cust-05326,m-030,4,11,1506.9,136.99,321,RETURNING,3.74
cust-05327,m-027,14,11,3535.1,321.37,360,RETURNING,6.38
cust-05328,m-009,67,9,931.35,103.48,361,INACTIVE,21.51
cust-05329,m-026,39,5,640.55,128.11,363,AT_RISK,15.71
cust-05330,m-010,139,9,1039.89,115.54,330,INACTIVE,44.99
cust-05331,m-016,78,8,969.36,121.17,290,INACTIVE,30.14
cust-05332,m-005,32,14,3141.5,224.39,364,AT_RISK,10.77
cust-05333,m-015,65,7,784.91,112.13,332,INACTIVE,23.27
cust-05334,m-009,54,9,1740.21,193.36,196,AT_RISK,30.41
cust-05335,m-025,10,11,15870.21,1442.75,364,RETURNING,5.24
cust-05336,m-037,1,13,1281.91,98.61,331,RETURNING,2.44
cust-05338,m-041,44,4,2170.01,542.5,299,AT_RISK,20.67
cust-05339,m-008,110,11,12593.23,1144.84,363,INACTIVE,32.72
cust-05340,m-017,3,8,2729.3,341.16,323,RETURNING,4.26
cust-05341,m-032,143,3,4471.45,1490.48,347,INACTIVE,48.59
cust-05342,m-044,103,6,3027.84,504.64,326,INACTIVE,35.78
cust-05343,m-034,9,6,637.54,106.26,238,RETURNING,8.05
cust-05344,m-045,29,11,966.69,87.88,316,RETURNING,11.65
cust-05345,m-011,208,8,574.92,71.86,349,INACTIVE,62.76
cust-05346,m-010,54,12,1334.57,111.21,334,AT_RISK,18.43
cust-05347,m-012,4,10,3678.73,367.87,306,RETURNING,4.03
cust-05348,m-030,109,9,2546.24,282.92,358,INACTIVE,33.36
cust-05349,m-032,43,3,3817.67,1272.56,331,NEW,20.45
cust-05350,m-010,56,14,1739.8,124.27,332,AT_RISK,18.82
cust-05351,m-005,11,8,1132.54,141.57,253,RETURNING,7.66
cust-05352,m-046,29,6,2133.98,355.66,344,RETURNING,12.69
cust-05353,m-007,124,6,7353.65,1225.61,287,INACTIVE,47.34
cust-05354,m-014,88,10,8982.49,898.25,301,INACTIVE,31.87
cust-05355,m-003,8,13,3674.91,282.69,359,RETURNING,4.37
cust-05356,m-036,0,10,1020.32,102.03,353,RETURNING,2.73
cust-05357,m-031,26,9,1330.87,147.87,364,RETURNING,10.12
cust-05358,m-041,21,7,1269.2,181.31,300,RETURNING,10.73
cust-05359,m-023,18,7,1154.11,164.87,346,RETURNING,8.94
cust-05360,m-040,66,9,3708.45,412.05,362,INACTIVE,21.18
cust-05361,m-017,37,13,4845.23,372.71,348,AT_RISK,12.74
cust-05362,m-028,40,8,3303.52,412.94,271,AT_RISK,18.04
cust-05363,m-047,21,10,1182.7,118.27,347,RETURNING,8.76
cust-05364,m-024,15,6,4084.74,680.79,211,RETURNING,11.36
cust-05365,m-035,16,7,11067.74,1581.11,343,RETURNING,8.4
cust-05366,m-045,66,12,1576.76,131.4,359,INACTIVE,20.64
cust-05367,m-009,35,6,1023.38,170.56,348,AT_RISK,14.31
cust-05368,m-001,12,17,1771.44,104.2,362,LOYAL,4.97
cust-05369,m-030,16,10,2526.47,252.65,362,RETURNING,7.13
cust-05370,m-036,72,4,3636.34,909.08,355,INACTIVE,26.22
cust-05371,m-028,33,9,2012.44,223.6,351,AT_RISK,12.38
cust-05372,m-016,73,8,2133.83,266.73,255,INACTIVE,31.85
cust-05373,m-002,26,9,9295.76,1032.86,352,RETURNING,10.37
cust-05374,m-001,4,13,1776.62,136.66,344,RETURNING,3.3
cust-05375,m-002,67,9,8916.45,990.72,344,INACTIVE,22.42
cust-05376,m-010,40,10,1272.31,127.23,323,AT_RISK,15.07
cust-05377,m-009,13,14,2217.73,158.41,338,RETURNING,5.83
cust-05378,m-042,16,12,1965.72,163.81,318,RETURNING,7.32
cust-05379,m-047,5,9,677.1,75.23,345,RETURNING,4.45
cust-05380,m-045,10,7,908.47,129.78,348,RETURNING,6.62
cust-05381,m-021,46,7,1694.13,242.02,337,AT_RISK,17.36
cust-05382,m-020,26,8,1358.19,169.77,317,RETURNING,11.51
cust-05383,m-026,20,7,870.35,124.34,258,RETURNING,11.47
cust-05385,m-033,67,10,11693.76,1169.38,305,INACTIVE,24.62
cust-05386,m-012,7,11,5454.37,495.85,329,RETURNING,4.62
cust-05387,m-038,130,3,667.26,222.42,277,INACTIVE,54.26
cust-05388,m-001,51,12,1043.27,86.94,340,AT_RISK,17.26
cust-05389,m-009,36,7,853.29,121.9,353,AT_RISK,13.92
cust-05391,m-021,44,9,4332.18,481.35,349,AT_RISK,15.57
cust-05392,m-039,3,12,1674.63,139.55,310,RETURNING,3.27
cust-05393,m-015,16,11,1200.2,109.11,342,RETURNING,7.16
cust-05394,m-029,28,9,2755.61,306.18,267,RETURNING,13.45
cust-05395,m-036,97,4,407.93,101.98,252,INACTIVE,44.34
cust-05396,m-023,11,11,3425.92,311.45,333,RETURNING,5.79
cust-05397,m-046,28,9,1752.37,194.71,359,RETURNING,10.78
cust-05398,m-013,36,14,22185.46,1584.68,297,AT_RISK,14.08
cust-05399,m-037,20,8,1039.59,129.95,348,RETURNING,9.06
cust-05400,m-025,8,6,7745.37,1290.9,355,RETURNING,6.53
cust-05401,m-031,19,4,393.63,98.41,201,RETURNING,15.41
cust-05402,m-026,9,7,528.46,75.49,210,RETURNING,8.02
cust-05403,m-035,15,8,8698.73,1087.34,357,RETURNING,7.52
cust-05404,m-042,11,11,927.38,84.31,346,RETURNING,5.67
cust-05406,m-046,97,5,3256.59,651.32,331,INACTIVE,34.22
cust-05407,m-038,59,9,1347.08,149.68,360,AT_RISK,19.34
cust-05408,m-021,46,14,4449.17,317.8,331,AT_RISK,15.86
cust-05409,m-003,37,12,5433.64,452.8,287,AT_RISK,15.15
cust-05410,m-041,5,8,343.64,42.96,330,RETURNING,4.84
cust-05411,m-037,61,6,940.3,156.72,353,INACTIVE,21.52
cust-05412,m-038,28,9,1758.25,195.36,349,RETURNING,11.0
cust-05413,m-041,49,10,4022.47,402.25,350,AT_RISK,16.69
cust-05414,m-024,4,9,1560.04,173.34,333,RETURNING,4.2
cust-05415,m-027,55,6,1826.83,304.47,300,AT_RISK,22.56
cust-05416,m-014,26,5,4461.11,892.22,361,RETURNING,12.18
cust-05417,m-029,18,7,1444.28,206.33,327,RETURNING,9.24
cust-05418,m-044,86,7,2667.51,381.07,359,INACTIVE,27.64
cust-05419,m-033,23,9,10423.65,1158.18,356,RETURNING,9.44
cust-05420,m-013,4,4,4403.06,1100.77,352,RETURNING,7.13
cust-05421,m-038,30,6,722.33,120.39,318,RETURNING,13.69
cust-05423,m-026,20,12,994.69,82.89,332,RETURNING,8.31
cust-05424,m-043,130,7,4772.82,681.83,336,INACTIVE,42.33
cust-05425,m-039,30,8,1010.46,126.31,189,RETURNING,19.12
cust-05426,m-032,33,4,2349.36,587.34,361,AT_RISK,15.12
cust-05427,m-016,117,6,1088.57,181.43,346,INACTIVE,38.0
cust-05428,m-010,66,7,624.09,89.16,355,INACTIVE,22.29
cust-05429,m-013,115,7,10512.36,1501.77,277,INACTIVE,45.12
cust-05430,m-026,33,5,743.34,148.67,110,AT_RISK,34.73
cust-05431,m-039,38,7,857.49,122.5,326,AT_RISK,15.37
cust-05432,m-021,2,13,3657.6,281.35,317,RETURNING,2.77
cust-05433,m-010,124,7,1085.5,155.07,362,INACTIVE,37.91
cust-05434,m-019,63,7,1025.68,146.53,316,INACTIVE,23.62
cust-05435,m-024,27,7,1239.32,177.05,361,RETURNING,11.21
cust-05436,m-009,62,5,576.66,115.33,332,INACTIVE,23.62
cust-05437,m-032,32,5,6234.94,1246.99,187,AT_RISK,22.02
cust-05438,m-009,51,12,1403.92,116.99,363,AT_RISK,16.32
cust-05439,m-017,112,9,2042.91,226.99,317,INACTIVE,38.22
cust-05441,m-037,0,5,290.23,58.05,311,RETURNING,5.0
cust-05442,m-029,25,7,1520.26,217.18,339,RETURNING,11.1
cust-05444,m-044,32,9,2061.9,229.1,290,AT_RISK,14.0
cust-05445,m-017,37,5,1009.23,201.85,332,AT_RISK,16.11
cust-05446,m-011,14,6,1526.43,254.4,272,RETURNING,9.41
cust-05447,m-016,51,6,1071.08,178.51,270,AT_RISK,23.1
cust-05448,m-025,166,9,10348.36,1149.82,330,INACTIVE,53.15
cust-05449,m-002,6,7,6714.26,959.18,300,RETURNING,5.74
cust-05450,m-036,130,7,617.5,88.21,330,INACTIVE,43.02
cust-05452,m-036,11,9,1208.82,134.31,295,RETURNING,6.72
cust-05453,m-036,25,12,1180.55,98.38,354,RETURNING,9.35
cust-05454,m-043,64,7,6187.58,883.94,359,INACTIVE,21.53
cust-05455,m-037,43,5,1007.94,201.59,270,AT_RISK,20.87
cust-05456,m-033,14,4,4879.53,1219.88,165,RETURNING,14.43
cust-05457,m-037,30,7,996.11,142.3,300,RETURNING,13.72
cust-05458,m-029,25,9,2615.93,290.66,327,RETURNING,10.62
cust-05459,m-030,29,11,2798.13,254.38,343,RETURNING,10.93
cust-05460,m-032,141,5,4777.25,955.45,338,INACTIVE,46.59
cust-05461,m-045,66,10,889.39,88.94,337,INACTIVE,22.25
cust-05463,m-039,72,6,818.02,136.34,208,INACTIVE,38.74
cust-05464,m-004,4,4,3441.76,860.44,306,RETURNING,7.3
cust-05465,m-042,4,8,1280.46,160.06,328,RETURNING,4.55
cust-05466,m-013,9,7,9578.7,1368.39,228,RETURNING,7.68
cust-05467,m-025,236,6,5795.92,965.99,355,INACTIVE,70.58
cust-05468,m-042,60,8,879.95,109.99,282,AT_RISK,24.53
cust-05469,m-005,1,8,3141.82,392.73,198,RETURNING,3.84
cust-05471,m-044,134,9,1732.48,192.5,352,INACTIVE,40.96
cust-05472,m-039,105,8,759.37,94.92,331,INACTIVE,34.96
cust-05473,m-029,2,17,6472.44,380.73,355,LOYAL,2.23
cust-05474,m-044,96,5,1224.55,244.91,308,INACTIVE,36.07
cust-05475,m-031,29,6,598.08,99.68,290,RETURNING,14.25
cust-05476,m-019,11,8,969.09,121.14,344,RETURNING,6.52
cust-05477,m-029,47,9,3019.38,335.49,349,AT_RISK,16.43
cust-05478,m-006,47,12,1734.79,144.57,336,AT_RISK,16.25
cust-05479,m-001,9,14,1938.51,138.46,339,RETURNING,4.65
cust-05481,m-010,98,8,672.19,84.02,339,INACTIVE,32.16
cust-05483,m-001,11,12,1189.28,99.11,329,RETURNING,5.64
cust-05484,m-031,51,7,700.41,100.06,345,AT_RISK,18.49
cust-05485,m-028,7,7,2078.56,296.94,303,RETURNING,6.05
cust-05486,m-023,22,10,3235.55,323.55,283,RETURNING,10.47
cust-05487,m-019,34,6,505.99,84.33,315,AT_RISK,15.05
cust-05488,m-019,38,8,842.4,105.3,291,AT_RISK,16.35
cust-05489,m-030,1,11,2196.89,199.72,334,RETURNING,2.8
cust-05490,m-037,47,14,1299.55,92.82,336,AT_RISK,15.95
cust-05491,m-034,1,13,1954.27,150.33,354,RETURNING,2.42
cust-05492,m-043,15,10,7023.98,702.4,327,RETURNING,7.3
cust-05493,m-033,29,10,6416.46,641.65,323,RETURNING,11.68
cust-05494,m-004,149,4,5715.68,1428.92,291,INACTIVE,57.03
cust-05495,m-003,3,10,4036.45,403.64,333,RETURNING,3.63
cust-05496,m-037,57,8,508.06,63.51,343,AT_RISK,19.9
cust-05497,m-024,26,13,6227.36,479.03,361,RETURNING,9.33
cust-05498,m-008,34,15,16481.3,1098.75,312,AT_RISK,12.74
cust-05499,m-017,26,4,770.25,192.56,140,RETURNING,24.44
cust-05500,m-047,29,9,1516.31,168.48,327,RETURNING,11.84
cust-05501,m-037,89,7,797.11,113.87,358,INACTIVE,28.54
cust-05502,m-045,1,10,870.84,87.08,319,RETURNING,3.04
cust-05503,m-010,3,9,807.58,89.73,291,RETURNING,4.03
cust-05504,m-043,118,6,5513.63,918.94,249,INACTIVE,51.49
cust-05505,m-037,88,7,1063.72,151.96,292,INACTIVE,33.78
cust-05506,m-005,39,9,1916.44,212.94,317,AT_RISK,15.26
cust-05507,m-029,44,2,320.72,160.36,46,NEW,100.0
cust-05508,m-030,18,10,3916.96,391.7,269,RETURNING,9.39
cust-05509,m-006,10,12,1984.6,165.38,361,RETURNING,5.07
cust-05510,m-035,12,9,10049.9,1116.66,307,RETURNING,6.9
cust-05511,m-029,71,6,1243.13,207.19,317,INACTIVE,26.61
cust-05512,m-038,6,10,1736.72,173.67,232,RETURNING,5.3
cust-05513,m-022,24,7,13549.7,1935.67,216,RETURNING,14.81
cust-05514,m-001,4,15,1204.14,80.28,352,LOYAL,3.01
cust-05515,m-001,10,16,2102.33,131.4,343,LOYAL,4.67
cust-05516,m-043,24,10,6396.39,639.64,337,RETURNING,9.83
cust-05517,m-034,12,13,1500.38,115.41,291,RETURNING,6.25
cust-05518,m-019,50,12,1400.52,116.71,350,AT_RISK,16.55
cust-05519,m-008,63,9,8783.34,975.93,288,INACTIVE,24.8
cust-05520,m-009,20,6,753.71,125.62,360,RETURNING,9.83
cust-05521,m-040,6,9,2738.51,304.28,328,RETURNING,4.82
cust-05522,m-003,81,6,2103.16,350.53,346,INACTIVE,27.63
cust-05523,m-016,89,4,474.44,118.61,334,INACTIVE,32.57
cust-05524,m-046,19,2,410.92,205.46,64,NEW,39.23
cust-05525,m-020,31,9,932.35,103.59,340,AT_RISK,12.09
cust-05526,m-041,33,12,3610.24,300.85,332,AT_RISK,12.22
cust-05527,m-036,7,9,1238.11,137.57,310,RETURNING,5.25
cust-05528,m-021,5,11,3844.18,349.47,364,RETURNING,3.87
cust-05529,m-025,35,6,7329.34,1221.56,329,AT_RISK,14.89
cust-05530,m-002,14,8,5242.01,655.25,363,RETURNING,7.18
cust-05531,m-022,10,7,10010.15,1430.02,298,RETURNING,7.09
cust-05532,m-038,64,10,1294.13,129.41,357,INACTIVE,20.6
cust-05533,m-046,2,9,6469.52,718.84,287,RETURNING,3.69
cust-05534,m-011,19,6,384.17,64.03,321,RETURNING,10.19
cust-05535,m-016,18,10,1796.86,179.69,349,RETURNING,7.87
cust-05536,m-030,27,12,3609.79,300.82,360,RETURNING,9.79
cust-05537,m-014,13,7,5981.91,854.56,360,RETURNING,7.35
cust-05539,m-043,2,12,8799.96,733.33,353,RETURNING,2.87
cust-05540,m-025,7,5,6104.01,1220.8,355,RETURNING,6.97
cust-05541,m-029,37,7,2338.47,334.07,235,AT_RISK,19.43
cust-05542,m-001,31,10,1692.75,169.28,355,AT_RISK,11.44
cust-05543,m-041,69,5,3042.87,608.57,341,INACTIVE,25.18
cust-05544,m-028,31,5,2020.89,404.18,310,AT_RISK,14.97
cust-05545,m-046,51,6,1221.81,203.64,332,AT_RISK,19.6
cust-05546,m-023,19,13,4410.56,339.27,342,RETURNING,7.68
cust-05548,m-029,9,14,3090.08,220.72,333,RETURNING,4.69
cust-05549,m-010,22,3,379.28,126.43,235,NEW,16.82
cust-05550,m-047,3,6,510.59,85.1,285,RETURNING,5.33
cust-05551,m-007,152,7,5601.81,800.26,324,INACTIVE,50.52
cust-05552,m-038,44,4,701.66,175.42,319,AT_RISK,19.75
cust-05553,m-034,33,6,455.77,75.96,343,AT_RISK,13.88
cust-05554,m-033,22,9,15549.55,1727.73,334,RETURNING,9.57
cust-05555,m-012,77,7,2476.61,353.8,363,INACTIVE,24.9
cust-05556,m-035,56,7,5758.19,822.6,348,AT_RISK,19.8
cust-05557,m-001,18,15,1926.35,128.42,336,RETURNING,7.22
cust-05558,m-021,62,8,2268.42,283.55,360,INACTIVE,20.51
cust-05559,m-003,67,7,2999.16,428.45,338,INACTIVE,23.51
cust-05560,m-004,163,3,4175.87,1391.96,264,INACTIVE,69.01
cust-05561,m-033,61,8,8837.05,1104.63,328,INACTIVE,21.87
cust-05563,m-036,23,10,1727.7,172.77,350,RETURNING,9.28
cust-05564,m-044,20,4,1018.32,254.58,173,RETURNING,17.49
cust-05565,m-013,2,7,11982.1,1711.73,332,RETURNING,4.35
cust-05566,m-011,15,9,991.72,110.19,328,RETURNING,7.56
cust-05567,m-028,30,11,4282.05,389.28,271,RETURNING,13.53
cust-05568,m-019,12,9,737.61,81.96,355,RETURNING,6.37
cust-05569,m-024,0,11,4473.99,406.73,336,RETURNING,2.5
cust-05570,m-041,6,7,2480.77,354.4,116,RETURNING,8.88
cust-05571,m-033,172,5,7677.21,1535.44,345,INACTIVE,54.71
cust-05572,m-011,49,11,1132.94,102.99,294,AT_RISK,19.11
cust-05573,m-043,12,6,3421.83,570.3,296,RETURNING,8.33
cust-05574,m-021,74,11,1741.21,158.29,360,INACTIVE,23.0
cust-05575,m-032,28,10,10983.19,1098.32,280,RETURNING,12.69
cust-05576,m-003,137,5,871.32,174.26,330,INACTIVE,46.39
cust-05577,m-013,5,15,17881.23,1192.08,344,LOYAL,3.32
cust-05578,m-013,13,9,12799.21,1422.13,305,RETURNING,7.25
cust-05580,m-015,29,7,1368.86,195.55,328,RETURNING,12.56
cust-05581,m-012,0,10,1997.68,199.77,285,RETURNING,2.73
cust-05582,m-031,86,8,869.21,108.65,347,INACTIVE,28.05
cust-05583,m-031,28,7,561.73,80.25,291,RETURNING,13.34
cust-05584,m-021,33,9,3468.82,385.42,270,AT_RISK,15.18
cust-05585,m-008,54,9,11329.32,1258.81,353,AT_RISK,18.25
cust-05586,m-024,66,3,431.7,143.9,315,INACTIVE,28.39
cust-05587,m-045,19,9,816.8,90.76,321,RETURNING,8.9
cust-05588,m-032,15,6,5940.91,990.15,336,RETURNING,8.74
cust-05589,m-002,109,6,10032.24,1672.04,330,INACTIVE,37.22
cust-05590,m-003,77,6,1405.15,234.19,255,INACTIVE,34.36
cust-05591,m-040,15,8,2549.61,318.7,284,RETURNING,8.6
cust-05592,m-005,60,5,1058.02,211.6,227,AT_RISK,31.32
cust-05593,m-013,20,9,11207.88,1245.32,334,RETURNING,8.97
cust-05594,m-010,49,11,1667.92,151.63,332,AT_RISK,17.21
cust-05595,m-047,13,11,1071.97,97.45,359,RETURNING,6.11
cust-05596,m-026,27,14,1348.78,96.34,353,RETURNING,9.63
cust-05597,m-042,64,7,778.27,111.18,257,INACTIVE,28.56
cust-05598,m-033,7,10,13350.62,1335.06,330,RETURNING,4.84
cust-05599,m-047,117,6,310.92,51.82,337,INACTIVE,38.9
cust-05600,m-024,81,6,1154.35,192.39,348,INACTIVE,27.49
cust-05602,m-010,234,8,605.24,75.66,353,INACTIVE,69.44
cust-05603,m-025,4,7,8999.76,1285.68,315,RETURNING,5.02
cust-05604,m-033,26,9,9361.55,1040.17,325,RETURNING,10.98
cust-05605,m-013,60,11,11905.39,1082.31,331,AT_RISK,20.57
cust-05606,m-030,62,7,1904.25,272.04,330,INACTIVE,22.48
cust-05607,m-039,17,9,1592.05,176.89,326,RETURNING,8.2
cust-05608,m-014,81,8,8376.4,1047.05,322,INACTIVE,28.41
cust-05609,m-001,15,11,1138.14,103.47,337,RETURNING,6.94
cust-05610,m-027,51,3,777.12,259.04,345,INACTIVE,22.24
cust-05612,m-035,62,6,6470.21,1078.37,272,INACTIVE,27.0
cust-05613,m-030,8,8,1821.71,227.71,331,RETURNING,5.74
cust-05614,m-010,58,9,838.05,93.12,341,AT_RISK,19.96
cust-05615,m-022,0,15,26459.38,1763.96,353,LOYAL,1.88
cust-05616,m-037,11,9,963.27,107.03,352,RETURNING,6.12
cust-05617,m-028,21,5,2964.79,592.96,284,RETURNING,12.37
cust-05618,m-026,60,6,1038.0,173.0,359,AT_RISK,20.95
cust-05619,m-003,32,9,4318.68,479.85,355,AT_RISK,11.99
cust-05620,m-034,17,7,632.6,90.37,341,RETURNING,8.72
cust-05621,m-031,58,6,1077.05,179.51,277,AT_RISK,25.15
cust-05622,m-003,41,6,2781.21,463.54,283,AT_RISK,18.72
cust-05623,m-037,107,6,874.82,145.8,359,INACTIVE,34.01
cust-05624,m-033,3,6,9940.3,1656.72,300,RETURNING,5.28
cust-05625,m-006,1,11,1477.76,134.34,354,RETURNING,2.78
cust-05626,m-014,19,9,7874.55,874.95,328,RETURNING,8.78
cust-05627,m-007,44,3,2613.95,871.32,270,NEW,23.74
cust-05628,m-034,5,10,1445.02,144.5,355,RETURNING,4.13
cust-05629,m-046,35,11,3607.35,327.94,332,AT_RISK,13.01
cust-05630,m-026,19,10,1315.3,131.53,330,RETURNING,8.47
cust-05631,m-029,29,8,2407.29,300.91,333,RETURNING,12.02
cust-05632,m-018,14,8,884.72,110.59,363,RETURNING,7.18
cust-05633,m-044,51,12,5160.92,430.08,358,AT_RISK,16.51
cust-05634,m-006,14,7,949.02,135.57,228,RETURNING,9.86
cust-05635,m-015,30,8,1059.1,132.39,278,RETURNING,14.09
cust-05636,m-009,33,5,496.36,99.27,131,AT_RISK,30.0
cust-05637,m-015,33,10,1642.33,164.23,354,AT_RISK,12.02
cust-05638,m-041,33,7,2500.44,357.21,347,AT_RISK,13.23
cust-05640,m-035,51,8,8290.51,1036.31,341,AT_RISK,18.25
cust-05641,m-016,4,14,2772.38,198.03,341,RETURNING,3.17
cust-05643,m-032,6,6,7190.26,1198.38,252,RETURNING,6.66
cust-05644,m-012,33,12,3605.82,300.48,332,AT_RISK,12.22
cust-05645,m-037,3,10,1081.45,108.15,340,RETURNING,3.61
cust-05646,m-045,31,8,1032.21,129.03,341,AT_RISK,12.4
cust-05647,m-001,46,8,1023.63,127.95,336,AT_RISK,16.98
cust-05648,m-018,33,7,670.9,95.84,344,AT_RISK,13.32
cust-05649,m-012,37,7,1263.65,180.52,356,AT_RISK,14.11
cust-05650,m-015,6,7,890.33,127.19,299,RETURNING,5.75
cust-05651,m-006,9,11,1601.65,145.6,316,RETURNING,5.34
cust-05652,m-036,63,7,1050.69,150.1,324,INACTIVE,23.13
cust-05653,m-026,24,6,705.92,117.65,316,RETURNING,11.86
cust-05654,m-020,42,8,691.45,86.43,319,AT_RISK,16.46
cust-05655,m-046,13,13,2123.68,163.36,342,RETURNING,5.93
cust-05656,m-011,0,11,1090.15,99.1,295,RETURNING,2.5
cust-05657,m-032,90,7,7838.12,1119.73,289,INACTIVE,34.78
cust-05658,m-021,116,5,1751.52,350.3,350,INACTIVE,38.05
cust-05659,m-022,5,11,12852.02,1168.37,352,RETURNING,3.92
cust-05660,m-044,29,8,3166.07,395.76,347,RETURNING,11.67
cust-05661,m-037,0,12,1218.65,101.55,362,RETURNING,2.31
cust-05662,m-017,17,8,1406.26,175.78,330,RETURNING,8.47
cust-05663,m-016,71,6,1129.54,188.26,322,INACTIVE,26.27
cust-05665,m-012,26,12,3469.38,289.12,364,RETURNING,9.43
cust-05666,m-047,19,8,820.63,102.58,355,RETURNING,8.67
cust-05667,m-008,9,8,6361.42,795.18,331,RETURNING,6.04
cust-05668,m-011,21,11,1565.11,142.28,305,RETURNING,9.36
cust-05670,m-027,19,11,2295.87,208.72,306,RETURNING,8.69
cust-05671,m-024,157,4,1791.04,447.76,341,INACTIVE,51.91
cust-05672,m-005,32,4,1392.8,348.2,279,AT_RISK,17.43
cust-05673,m-001,40,11,1100.5,100.05,295,AT_RISK,16.01
cust-05674,m-029,36,10,3264.58,326.46,331,AT_RISK,13.57
cust-05675,m-033,43,7,8485.75,1212.25,191,AT_RISK,26.15
cust-05676,m-003,2,7,2207.07,315.3,351,RETURNING,4.32
cust-05677,m-033,26,9,10388.42,1154.27,205,RETURNING,15.62
cust-05678,m-029,67,6,3220.85,536.81,309,INACTIVE,25.9
cust-05679,m-031,26,7,709.57,101.37,330,RETURNING,11.6
cust-05680,m-029,6,13,3513.95,270.3,344,RETURNING,3.88
cust-05682,m-018,80,8,1051.27,131.41,354,INACTIVE,25.87
cust-05683,m-020,3,9,854.92,94.99,299,RETURNING,4.0
cust-05684,m-012,70,8,1414.8,176.85,349,INACTIVE,23.33
cust-05685,m-025,5,6,8879.5,1479.92,352,RETURNING,5.7
cust-05686,m-016,1,7,1903.42,271.92,269,RETURNING,4.12
cust-05687,m-047,42,13,906.68,69.74,344,AT_RISK,14.32
cust-05688,m-010,22,8,691.46,86.43,360,RETURNING,9.43
cust-05689,m-008,1,12,16644.2,1387.02,363,RETURNING,2.58
cust-05690,m-037,57,11,1021.94,92.9,273,AT_RISK,23.3
cust-05692,m-015,0,5,574.35,114.87,347,RETURNING,5.0
cust-05693,m-026,44,7,1039.82,148.55,265,AT_RISK,20.29
cust-05694,m-044,49,5,845.55,169.11,298,AT_RISK,21.39
cust-05695,m-015,49,7,571.01,81.57,347,AT_RISK,17.83
cust-05696,m-038,24,7,722.02,103.15,335,RETURNING,10.89
cust-05698,m-044,122,9,1874.6,208.29,325,INACTIVE,40.42
cust-05699,m-018,18,10,1100.42,110.04,264,RETURNING,9.52
cust-05700,m-032,63,1,644.7,644.7,63,INACTIVE,100.0
cust-05701,m-007,7,11,11316.42,1028.77,296,RETURNING,4.86
cust-05702,m-027,66,7,2009.32,287.05,361,INACTIVE,21.98
cust-05703,m-024,51,8,1240.43,155.05,364,AT_RISK,17.31
cust-05704,m-043,43,9,7257.94,806.44,348,AT_RISK,15.32
cust-05705,m-019,24,13,1622.72,124.82,354,RETURNING,8.9
cust-05706,m-042,25,8,719.74,89.97,311,RETURNING,11.35
cust-05707,m-017,79,3,493.29,164.43,339,INACTIVE,30.74
cust-05708,m-015,20,6,349.24,58.21,270,RETURNING,11.67
cust-05709,m-044,8,9,4275.2,475.02,361,RETURNING,5.21
cust-05710,m-007,189,6,8224.55,1370.76,363,INACTIVE,56.21
cust-05711,m-024,21,8,1536.4,192.05,224,RETURNING,12.67
cust-05712,m-026,13,9,855.06,95.01,330,RETURNING,6.93
cust-05713,m-042,21,6,320.45,53.41,343,RETURNING,10.39
cust-05714,m-020,46,12,2067.72,172.31,342,AT_RISK,15.72
cust-05715,m-036,33,4,643.64,160.91,284,AT_RISK,17.58
cust-05716,m-034,8,8,693.36,86.67,340,RETURNING,5.68
cust-05717,m-010,29,6,887.46,147.91,318,RETURNING,13.38
cust-05718,m-029,46,11,2423.08,220.28,338,AT_RISK,16.07
cust-05719,m-017,5,8,4033.64,504.2,355,RETURNING,4.74
cust-05720,m-037,79,8,834.69,104.34,323,INACTIVE,27.72
cust-05722,m-033,82,8,6186.06,773.26,331,INACTIVE,28.03
cust-05723,m-043,4,14,7626.59,544.76,360,RETURNING,3.11
cust-05724,m-025,188,5,5741.97,1148.39,327,INACTIVE,62.32
cust-05725,m-030,21,12,4277.87,356.49,361,RETURNING,8.11
cust-05726,m-033,108,10,12231.05,1223.1,362,INACTIVE,32.48
cust-05727,m-043,85,9,6716.56,746.28,346,INACTIVE,27.5
cust-05728,m-039,74,8,934.11,116.76,361,INACTIVE,23.78
cust-05729,m-047,128,6,497.18,82.86,314,INACTIVE,44.92
cust-05730,m-020,65,8,760.97,95.12,295,INACTIVE,25.29
cust-05731,m-023,2,11,2086.0,189.64,280,RETURNING,3.21
cust-05732,m-004,73,6,7476.5,1246.08,350,INACTIVE,25.08
cust-05733,m-027,44,8,5702.14,712.77,363,AT_RISK,15.42
cust-05734,m-001,62,15,1899.08,126.61,359,INACTIVE,19.1
cust-05735,m-028,8,9,2566.72,285.19,355,RETURNING,5.25
cust-05736,m-029,64,7,28136.25,4019.46,288,INACTIVE,25.9
cust-05737,m-002,2,11,14116.68,1283.33,364,RETURNING,3.05
cust-05738,m-013,27,9,6170.86,685.65,363,RETURNING,10.42
cust-05739,m-038,44,6,897.4,149.57,247,AT_RISK,22.03
cust-05740,m-017,4,10,1983.87,198.39,352,RETURNING,3.86
cust-05741,m-014,73,4,5142.75,1285.69,222,INACTIVE,38.74
cust-05742,m-016,54,6,1458.24,243.04,337,AT_RISK,20.26
cust-05743,m-025,46,6,7609.58,1268.26,278,AT_RISK,20.77
cust-05744,m-015,35,11,1314.15,119.47,354,AT_RISK,12.36
cust-05745,m-022,80,16,20237.96,1264.87,342,INACTIVE,25.09
cust-05746,m-003,55,12,6108.51,509.04,314,AT_RISK,19.77
cust-05747,m-003,28,4,1122.95,280.74,308,RETURNING,15.06
cust-05748,m-025,21,6,3751.82,625.3,225,RETURNING,13.58
cust-05749,m-026,22,8,981.14,122.64,351,RETURNING,9.58
cust-05750,m-043,13,9,6908.07,767.56,356,RETURNING,6.64
cust-05751,m-003,60,5,2334.08,466.82,307,AT_RISK,24.48
cust-05752,m-036,37,8,891.14,111.39,348,AT_RISK,13.94
cust-05753,m-003,3,15,9524.76,634.98,320,LOYAL,2.81
cust-05754,m-014,170,3,3532.57,1177.52,340,INACTIVE,57.35
cust-05755,m-007,137,9,8738.84,970.98,336,INACTIVE,43.65
cust-05756,m-038,11,10,1328.25,132.82,359,RETURNING,5.78
cust-05757,m-005,18,8,1619.42,202.43,320,RETURNING,8.94
cust-05758,m-006,12,5,950.55,190.11,362,RETURNING,8.31
cust-05759,m-019,46,6,423.39,70.56,281,AT_RISK,20.6
cust-05760,m-041,20,10,959.29,95.93,343,RETURNING,8.54
cust-05761,m-007,245,5,4134.62,826.92,330,INACTIVE,79.02
cust-05762,m-035,9,14,15739.64,1124.26,361,RETURNING,4.49
cust-05763,m-031,11,10,1004.53,100.45,336,RETURNING,5.99
cust-05764,m-014,16,8,8393.72,1049.21,285,RETURNING,8.93
cust-05765,m-007,29,3,2878.78,959.59,326,NEW,16.37
cust-05766,m-009,16,5,887.64,177.53,304,RETURNING,10.25
cust-05767,m-003,129,5,1428.69,285.74,337,INACTIVE,43.17
cust-05768,m-005,83,7,2201.36,314.48,323,INACTIVE,29.37
cust-05769,m-010,0,8,819.19,102.4,363,RETURNING,3.33
cust-05770,m-005,48,7,2606.72,372.39,332,AT_RISK,18.16
cust-05771,m-025,19,7,7221.92,1031.7,315,RETURNING,9.76
cust-05772,m-006,61,6,695.13,115.86,348,INACTIVE,21.76
cust-05773,m-005,29,10,2958.69,295.87,271,RETURNING,13.39
cust-05774,m-040,26,6,937.03,156.17,363,RETURNING,11.43
cust-05775,m-038,31,6,1178.34,196.39,227,AT_RISK,17.88
cust-05776,m-015,101,4,497.67,124.42,364,INACTIVE,33.67
cust-05777,m-043,68,9,8003.91,889.32,293,INACTIVE,26.13
cust-05778,m-025,1,10,13121.48,1312.15,314,RETURNING,3.04
cust-05779,m-023,78,10,4525.8,452.58,364,INACTIVE,24.1
cust-05780,m-014,81,6,7120.29,1186.71,308,INACTIVE,30.5
cust-05781,m-045,53,5,1382.34,276.47,363,AT_RISK,19.56
cust-05782,m-045,9,13,2564.63,197.28,300,RETURNING,5.13
cust-05784,m-018,9,11,1071.17,97.38,341,RETURNING,5.13
cust-05786,m-022,122,5,7492.93,1498.59,311,INACTIVE,44.1
cust-05787,m-035,105,9,11231.08,1247.9,358,INACTIVE,32.25
cust-05788,m-039,11,13,1911.78,147.06,355,RETURNING,5.23
cust-05789,m-002,33,8,12508.51,1563.56,362,AT_RISK,12.42
cust-05790,m-012,20,10,2102.29,210.23,272,RETURNING,10.05
cust-05792,m-007,22,9,9858.54,1095.39,223,RETURNING,12.82
cust-05793,m-031,123,3,250.12,83.37,249,INACTIVE,56.7
cust-05794,m-001,18,10,903.98,90.4,355,RETURNING,7.78
cust-05795,m-006,29,10,1464.83,146.48,347,RETURNING,11.06
cust-05796,m-001,6,11,1574.12,143.1,347,RETURNING,4.22
cust-05797,m-036,46,11,1369.92,124.54,340,AT_RISK,15.99
cust-05798,m-026,23,10,1172.15,117.22,307,RETURNING,10.19
cust-05799,m-011,40,5,483.65,96.73,318,AT_RISK,17.54
cust-05800,m-046,42,6,2467.12,411.19,334,AT_RISK,16.82
cust-05801,m-010,51,5,345.01,69.0,226,AT_RISK,27.47
cust-05803,m-012,1,9,2299.78,255.53,353,RETURNING,3.28
cust-05804,m-041,6,7,1161.15,165.88,348,RETURNING,5.47
cust-05805,m-047,28,8,686.43,85.8,330,RETURNING,11.79
cust-05806,m-040,35,6,2162.39,360.4,181,AT_RISK,23.52
cust-05807,m-047,49,5,357.5,71.5,351,AT_RISK,18.92
cust-05808,m-017,8,8,3682.1,460.26,354,RETURNING,5.59
cust-05809,m-002,197,1,1485.43,1485.43,197,INACTIVE,100.0
cust-05810,m-041,4,12,1607.28,133.94,333,RETURNING,3.51
cust-05812,m-006,209,4,818.9,204.72,306,INACTIVE,74.08
cust-05813,m-033,131,7,8537.17,1219.6,259,INACTIVE,54.13
cust-05814,m-010,116,8,831.74,103.97,267,INACTIVE,46.62
cust-05816,m-029,4,12,3287.7,273.97,347,RETURNING,3.46
cust-05817,m-020,144,5,303.84,60.77,289,INACTIVE,54.66
cust-05818,m-010,75,10,926.02,92.6,361,INACTIVE,23.45
cust-05819,m-021,15,3,550.63,183.54,305,NEW,12.4
cust-05820,m-036,41,8,844.24,105.53,205,AT_RISK,23.24
cust-05821,m-015,186,6,706.32,117.72,314,INACTIVE,63.33
cust-05822,m-001,9,18,1255.21,69.73,305,LOYAL,4.52
cust-05823,m-046,21,10,6034.12,603.41,331,RETURNING,9.05
cust-05824,m-021,0,10,3974.78,397.48,360,RETURNING,2.73
cust-05825,m-014,46,9,4979.32,553.26,336,AT_RISK,16.65
cust-05826,m-039,4,13,1696.94,130.53,348,RETURNING,3.29
cust-05827,m-043,66,11,8922.45,811.13,347,INACTIVE,21.47
cust-05828,m-015,39,8,913.62,114.2,364,AT_RISK,14.02
cust-05829,m-018,0,9,880.42,97.82,306,RETURNING,3.0
cust-05830,m-023,6,7,2770.69,395.81,355,RETURNING,5.44
cust-05831,m-040,0,12,2059.79,171.65,299,RETURNING,2.31
cust-05832,m-015,28,12,1110.31,92.53,364,RETURNING,9.98
cust-05833,m-028,68,4,1575.35,393.84,313,INACTIVE,27.66
cust-05834,m-014,49,6,7535.08,1255.85,336,AT_RISK,18.83
cust-05835,m-032,19,12,13200.75,1100.06,341,RETURNING,7.86
cust-05836,m-046,41,10,1778.02,177.8,364,AT_RISK,13.96
cust-05837,m-031,20,8,876.72,109.59,332,RETURNING,9.34
cust-05838,m-038,53,9,1821.61,202.4,358,AT_RISK,17.76
cust-05839,m-015,137,8,710.55,88.82,331,INACTIVE,44.6
cust-05840,m-014,64,9,6768.58,752.06,332,INACTIVE,22.22
cust-05841,m-017,19,5,2508.73,501.75,356,RETURNING,10.32
cust-05842,m-044,7,12,2213.12,184.43,339,RETURNING,4.37
cust-05843,m-030,17,8,1926.78,240.85,355,RETURNING,8.11
cust-05844,m-002,118,7,6210.28,887.18,325,INACTIVE,39.95
cust-05845,m-001,55,6,899.96,149.99,293,AT_RISK,22.99
cust-05846,m-008,37,11,17399.84,1581.8,332,AT_RISK,13.61
cust-05847,m-014,20,5,6922.77,1384.55,296,RETURNING,11.73
cust-05848,m-017,36,7,2912.68,416.1,314,AT_RISK,15.18
cust-05849,m-013,35,7,9354.46,1336.35,359,AT_RISK,13.47
cust-05850,m-037,8,9,878.06,97.56,331,RETURNING,5.41
cust-05851,m-026,79,5,563.43,112.69,315,INACTIVE,30.0
cust-05852,m-013,29,18,26171.78,1453.99,364,RETURNING,9.52
cust-05853,m-018,8,6,893.41,148.9,341,RETURNING,6.62
cust-05854,m-023,61,6,2647.41,441.23,319,INACTIVE,23.35
cust-05856,m-036,10,14,1372.09,98.01,347,RETURNING,4.87
cust-05857,m-027,203,5,1251.06,250.21,282,INACTIVE,76.73
cust-05858,m-017,22,7,1140.78,162.97,304,RETURNING,10.96
cust-05859,m-007,225,5,4091.2,818.24,334,INACTIVE,72.16
cust-05860,m-012,1,12,3613.87,301.16,343,RETURNING,2.6
cust-05861,m-032,13,4,2454.48,613.62,272,RETURNING,10.76
cust-05862,m-014,36,11,15035.86,1366.9,359,AT_RISK,12.5
cust-05863,m-023,20,9,2012.91,223.66,314,RETURNING,9.35
cust-05864,m-012,110,9,1931.37,214.6,351,INACTIVE,34.25
cust-05865,m-039,29,14,2156.08,154.01,345,RETURNING,10.38
cust-05866,m-002,27,9,6100.1,677.79,359,RETURNING,10.5
cust-05867,m-022,18,14,13892.33,992.31,290,RETURNING,8.19
cust-05868,m-013,35,9,14738.7,1637.63,357,AT_RISK,12.78
cust-05869,m-038,22,9,1307.34,145.26,270,RETURNING,11.12
cust-05870,m-025,17,10,11117.87,1111.79,345,RETURNING,7.64
cust-05871,m-043,20,7,3974.53,567.79,320,RETURNING,9.98
cust-05872,m-043,48,6,2974.63,495.77,287,AT_RISK,20.95
cust-05873,m-043,41,7,7081.56,1011.65,326,AT_RISK,16.29
cust-05874,m-026,43,9,1163.25,129.25,358,AT_RISK,14.98
cust-05875,m-028,57,10,3428.95,342.9,321,AT_RISK,20.43
cust-05876,m-025,36,8,8048.75,1006.09,345,AT_RISK,13.74
cust-05877,m-031,31,11,1054.8,95.89,362,AT_RISK,11.04
cust-05878,m-013,129,4,6259.11,1564.78,361,INACTIVE,41.64
cust-05879,m-022,86,11,13927.93,1266.18,340,INACTIVE,27.72
cust-05880,m-041,13,8,825.74,103.22,341,RETURNING,7.13
cust-05881,m-033,25,10,14709.99,1471.0,325,RETURNING,10.4
cust-05882,m-044,7,7,1627.65,232.52,362,RETURNING,5.68
cust-05883,m-044,101,6,2342.14,390.36,349,INACTIVE,33.14
cust-05884,m-038,94,6,1239.37,206.56,197,INACTIVE,51.76
cust-05885,m-032,15,7,11122.22,1588.89,122,RETURNING,15.95
cust-05886,m-032,10,11,13447.32,1222.48,324,RETURNING,5.58
cust-05888,m-038,49,6,679.82,113.3,361,AT_RISK,17.82
cust-05890,m-003,20,8,959.15,119.89,327,RETURNING,9.43
cust-05891,m-032,25,6,5129.79,854.96,340,RETURNING,11.62
cust-05893,m-022,34,10,16637.21,1663.72,356,AT_RISK,12.25
cust-05895,m-013,35,10,14708.39,1470.84,364,AT_RISK,12.32
cust-05896,m-039,46,11,1749.43,159.04,341,AT_RISK,15.95
cust-05897,m-034,8,9,803.3,89.26,360,RETURNING,5.22
cust-05898,m-014,2,8,8997.16,1124.64,270,RETURNING,4.07
cust-05899,m-012,15,7,2933.91,419.13,264,RETURNING,9.41
cust-05900,m-024,11,8,4544.92,568.12,359,RETURNING,6.39
cust-05901,m-014,26,7,8784.89,1254.98,333,RETURNING,11.53
cust-05902,m-045,70,7,846.08,120.87,324,INACTIVE,25.29
cust-05903,m-032,0,7,8792.83,1256.12,262,RETURNING,3.75
cust-05904,m-039,77,6,612.74,102.12,321,INACTIVE,28.2
cust-05905,m-006,45,11,1564.52,142.23,363,AT_RISK,14.86
cust-05906,m-035,27,5,5566.87,1113.37,359,RETURNING,12.5
cust-05907,m-020,8,16,1488.71,93.04,285,LOYAL,4.56
cust-05908,m-031,11,10,939.25,93.92,321,RETURNING,6.14
cust-05909,m-017,79,4,769.69,192.42,245,INACTIVE,38.11
cust-05910,m-046,35,8,2306.45,288.31,278,AT_RISK,15.88
cust-05911,m-043,13,8,3972.29,496.54,359,RETURNING,6.94
cust-05912,m-002,257,2,4013.18,2006.59,359,INACTIVE,81.39
cust-05913,m-031,8,5,970.29,194.06,211,RETURNING,8.77
cust-05914,m-039,7,9,1130.26,125.58,353,RETURNING,4.98
cust-05915,m-008,12,12,12905.28,1075.44,337,RETURNING,5.86
cust-05916,m-042,50,7,1182.39,168.91,360,AT_RISK,17.6
cust-05917,m-032,4,7,7290.86,1041.55,337,RETURNING,4.93
cust-05918,m-032,70,9,8244.3,916.03,245,INACTIVE,31.46
cust-05919,m-024,147,5,1344.35,268.87,361,INACTIVE,45.61
cust-05920,m-003,136,2,416.33,208.17,289,INACTIVE,56.9
cust-05921,m-034,18,9,667.14,74.13,330,RETURNING,8.44
cust-05923,m-044,46,4,1518.1,379.52,278,AT_RISK,22.49
cust-05924,m-012,7,8,2482.25,310.28,279,RETURNING,5.83
cust-05925,m-036,59,6,870.94,145.16,364,AT_RISK,20.45
cust-05926,m-006,2,5,581.07,116.21,353,RETURNING,5.56
cust-05927,m-018,54,11,1372.33,124.76,355,AT_RISK,17.67
cust-05929,m-041,23,10,4589.1,458.91,364,RETURNING,9.03
cust-05930,m-040,39,6,1744.67,290.78,341,AT_RISK,15.69
cust-05931,m-003,11,6,1618.36,269.73,360,RETURNING,7.33
cust-05932,m-015,10,15,2284.8,152.32,349,LOYAL,4.73
cust-05933,m-023,17,10,2022.18,202.22,355,RETURNING,7.5
cust-05934,m-038,24,8,1042.83,130.35,305,RETURNING,11.18
cust-05935,m-011,17,6,573.64,95.61,325,RETURNING,9.5
cust-05936,m-036,12,7,1112.19,158.88,260,RETURNING,8.35
cust-05937,m-043,22,12,10147.05,845.59,338,RETURNING,8.8
cust-05938,m-009,55,11,754.83,68.62,300,AT_RISK,20.77
cust-05939,m-016,24,9,2444.6,271.62,303,RETURNING,10.89
cust-05940,m-034,15,7,712.93,101.85,296,RETURNING,8.8
cust-05941,m-038,32,6,1225.95,204.32,337,AT_RISK,13.75
cust-05942,m-034,39,5,508.45,101.69,310,AT_RISK,17.54
cust-05943,m-010,30,11,1337.25,121.57,351,RETURNING,11.02
cust-05944,m-009,111,8,671.43,83.93,353,INACTIVE,34.69
cust-05945,m-024,109,9,3797.36,421.93,362,INACTIVE,33.03
cust-05946,m-047,64,8,524.05,65.51,333,INACTIVE,22.5
cust-05947,m-033,64,5,5851.81,1170.36,349,INACTIVE,23.29
cust-05949,m-046,11,5,1085.15,217.03,281,RETURNING,8.9
cust-05950,m-021,194,5,2105.24,421.05,357,INACTIVE,59.19
cust-05951,m-027,81,6,2832.33,472.06,354,INACTIVE,27.1
cust-05952,m-039,39,9,1230.83,136.76,314,AT_RISK,15.38
cust-05953,m-022,15,12,9567.3,797.28,276,RETURNING,7.72
cust-05954,m-010,7,10,804.92,80.49,347,RETURNING,4.74
cust-05955,m-041,14,10,4205.43,420.54,315,RETURNING,7.16
cust-05956,m-019,132,4,943.29,235.82,328,INACTIVE,46.12
cust-05958,m-002,65,5,6196.94,1239.39,356,INACTIVE,23.21
cust-05959,m-019,26,7,654.02,93.43,290,RETURNING,12.68
cust-05960,m-007,41,4,4017.86,1004.46,297,AT_RISK,19.76
cust-05961,m-027,67,8,1272.11,159.01,345,INACTIVE,22.7
cust-05962,m-015,0,12,2566.36,213.86,255,RETURNING,2.31
cust-05963,m-040,3,6,2429.52,404.92,336,RETURNING,5.18
cust-05964,m-010,41,9,886.8,98.53,338,AT_RISK,15.09
cust-05965,m-024,24,8,1410.62,176.33,317,RETURNING,10.88
cust-05966,m-041,41,11,3116.63,283.33,343,AT_RISK,14.42
cust-05967,m-016,26,13,2493.9,191.84,361,RETURNING,9.33
cust-05968,m-012,167,4,1256.47,314.12,322,INACTIVE,57.7
cust-05969,m-031,39,8,658.26,82.28,341,AT_RISK,14.74
cust-05971,m-027,21,4,1533.67,383.42,364,RETURNING,11.75
cust-05972,m-022,34,7,6135.76,876.54,343,AT_RISK,13.63
cust-05973,m-046,23,9,1331.25,147.92,337,RETURNING,9.8
cust-05974,m-025,21,8,6187.79,773.47,362,RETURNING,9.12
cust-05975,m-034,65,11,949.22,86.29,322,INACTIVE,22.62
cust-05976,m-003,1,5,1230.15,246.03,308,RETURNING,5.32
cust-05977,m-006,54,5,950.55,190.11,321,AT_RISK,21.77
cust-05978,m-026,77,5,717.93,143.59,331,INACTIVE,28.19
cust-05979,m-014,93,7,4792.82,684.69,244,INACTIVE,41.71
cust-05980,m-001,150,6,726.61,121.1,276,INACTIVE,58.44
cust-05981,m-011,12,5,915.63,183.13,315,RETURNING,8.8
cust-05982,m-020,40,8,675.35,84.42,357,AT_RISK,14.51
cust-05983,m-026,9,7,537.92,76.85,316,RETURNING,6.59
cust-05984,m-020,17,7,820.64,117.23,264,RETURNING,10.17
cust-05986,m-027,4,13,3544.41,272.65,344,RETURNING,3.3
cust-05987,m-036,4,9,1823.55,202.62,364,RETURNING,4.1
cust-05988,m-027,42,9,2332.83,259.2,339,AT_RISK,15.35
cust-05989,m-045,22,15,2140.47,142.7,352,RETURNING,8.11
cust-05990,m-011,34,14,1725.21,123.23,347,AT_RISK,11.77
cust-05991,m-017,28,10,4068.7,406.87,355,RETURNING,10.59
cust-05992,m-006,5,8,1289.59,161.2,306,RETURNING,4.96
cust-05993,m-010,22,7,901.55,128.79,312,RETURNING,10.78
cust-05995,m-025,5,17,19788.61,1164.04,350,LOYAL,3.09
cust-05996,m-035,113,7,6323.43,903.35,320,INACTIVE,38.95
cust-05997,m-025,25,11,11944.71,1085.88,351,RETURNING,9.6
cust-05998,m-014,46,9,7624.57,847.17,218,AT_RISK,24.0
cust-05999,m-044,24,10,3857.78,385.78,317,RETURNING,10.27
cust-06000,m-034,17,9,1112.25,123.58,325,RETURNING,8.21
cust-06001,m-021,18,11,2311.33,210.12,356,RETURNING,7.54
cust-06002,m-026,19,11,1622.74,147.52,353,RETURNING,7.87
cust-06003,m-036,13,14,1653.81,118.13,350,RETURNING,5.7
cust-06004,m-009,15,7,1084.4,154.91,163,RETURNING,12.9
cust-06005,m-041,18,7,2934.28,419.18,351,RETURNING,8.86
cust-06006,m-030,33,15,5226.79,348.45,358,AT_RISK,11.07
cust-06007,m-013,33,10,9736.2,973.62,327,AT_RISK,12.79
cust-06008,m-006,24,12,2023.46,168.62,361,RETURNING,8.94
cust-06009,m-007,16,2,1801.12,900.56,47,NEW,43.33
cust-06010,m-037,4,9,947.94,105.33,351,RETURNING,4.14
cust-06011,m-027,5,8,1407.09,175.89,339,RETURNING,4.8
cust-06012,m-021,114,2,797.54,398.77,218,INACTIVE,62.05
cust-06013,m-046,8,13,6961.38,535.49,343,RETURNING,4.47
cust-06014,m-014,71,12,10074.61,839.55,310,INACTIVE,25.14
cust-06015,m-009,50,8,1594.54,199.32,308,AT_RISK,19.51
cust-06017,m-010,67,4,458.0,114.5,297,INACTIVE,28.48
cust-06018,m-042,1,11,1496.15,136.01,341,RETURNING,2.79
cust-06019,m-002,287,3,1089.34,363.11,318,INACTIVE,97.47
cust-06020,m-040,11,10,2254.89,225.49,292,RETURNING,6.48
cust-06021,m-013,5,13,15920.85,1224.68,330,RETURNING,3.65
cust-06022,m-047,21,9,922.11,102.46,344,RETURNING,9.09
cust-06023,m-039,25,7,1147.62,163.95,330,RETURNING,11.3
cust-06024,m-019,9,9,1039.3,115.48,356,RETURNING,5.52
cust-06025,m-016,18,5,1033.55,206.71,281,RETURNING,11.38
cust-06026,m-029,40,10,2197.32,219.73,335,AT_RISK,14.63
cust-06027,m-027,57,7,2040.47,291.5,311,AT_RISK,22.02
cust-06028,m-026,75,2,64.72,32.36,226,INACTIVE,43.04
cust-06030,m-027,1,6,1957.93,326.32,324,RETURNING,4.59
cust-06031,m-004,27,3,4198.15,1399.38,217,NEW,19.89
cust-06032,m-023,34,8,3078.28,384.78,350,AT_RISK,13.02
cust-06033,m-001,24,11,1128.57,102.6,303,RETURNING,10.39
cust-06034,m-034,28,7,573.37,81.91,310,RETURNING,12.75
cust-06035,m-024,75,5,1081.48,216.3,181,INACTIVE,46.21
cust-06036,m-041,16,7,3690.16,527.17,317,RETURNING,8.78
cust-06037,m-027,67,5,2916.07,583.21,323,INACTIVE,25.68
cust-06038,m-013,11,6,5648.2,941.37,345,RETURNING,7.46
cust-06039,m-018,74,8,838.77,104.85,358,INACTIVE,23.95
cust-06040,m-041,12,7,2323.72,331.96,315,RETURNING,7.55
cust-06041,m-047,11,3,160.85,53.62,274,NEW,11.5
cust-06042,m-033,37,9,8571.08,952.34,348,AT_RISK,13.6
cust-06043,m-019,22,5,670.19,134.04,212,RETURNING,15.33
cust-06045,m-030,11,6,2620.36,436.73,295,RETURNING,8.0
cust-06047,m-030,94,9,2113.21,234.8,328,INACTIVE,31.57
cust-06048,m-022,2,7,5645.11,806.44,259,RETURNING,4.52
cust-06049,m-031,55,6,919.64,153.27,330,AT_RISK,20.9
cust-06050,m-007,27,9,11514.34,1279.37,358,RETURNING,10.52
cust-06051,m-039,8,11,1414.16,128.56,354,RETURNING,4.75
cust-06052,m-002,72,5,4041.95,808.39,332,INACTIVE,26.62
cust-06054,m-042,67,9,561.59,62.4,330,INACTIVE,23.24
cust-06055,m-032,9,10,9345.66,934.57,284,RETURNING,5.89
cust-06056,m-023,104,6,4432.62,738.77,348,INACTIVE,34.09
cust-06057,m-013,81,5,3410.44,682.09,336,INACTIVE,29.04
cust-06058,m-037,33,8,818.63,102.33,259,AT_RISK,16.03
cust-06059,m-021,40,6,2463.27,410.54,317,AT_RISK,16.86
cust-06060,m-043,53,9,7139.93,793.33,284,AT_RISK,21.6
cust-06061,m-005,63,10,3954.79,395.48,331,INACTIVE,21.7
cust-06062,m-039,127,8,1294.88,161.86,333,INACTIVE,41.36
cust-06063,m-018,42,12,1550.48,129.21,349,AT_RISK,14.31
cust-06064,m-004,15,7,6727.03,961.0,362,RETURNING,7.88
cust-06065,m-002,9,12,16721.81,1393.48,274,RETURNING,5.58
cust-06066,m-032,61,4,3826.7,956.68,327,INACTIVE,24.6
cust-06067,m-025,12,10,11722.74,1172.27,327,RETURNING,6.39
cust-06068,m-042,1,16,2728.18,170.51,328,LOYAL,2.07
cust-06069,m-032,110,12,12396.84,1033.07,349,INACTIVE,33.74
cust-06070,m-045,107,6,854.51,142.42,195,INACTIVE,58.88
cust-06071,m-023,60,9,1926.18,214.02,294,AT_RISK,23.34
cust-06072,m-043,26,10,8264.56,826.46,348,RETURNING,10.18
cust-06073,m-023,4,7,2733.65,390.52,335,RETURNING,4.94
cust-06075,m-024,164,8,3068.44,383.56,361,INACTIVE,48.64
cust-06076,m-032,140,4,4115.51,1028.88,256,INACTIVE,60.47
cust-06077,m-016,4,5,1109.5,221.9,130,RETURNING,8.05
cust-06078,m-014,13,11,12422.97,1129.36,347,RETURNING,6.24
cust-06079,m-031,21,7,767.89,109.7,348,RETURNING,9.77
cust-06080,m-013,5,8,8217.41,1027.18,361,RETURNING,4.71
cust-06081,m-010,57,8,1046.85,130.86,336,AT_RISK,20.25
cust-06082,m-038,65,5,812.69,162.54,312,INACTIVE,25.77
cust-06083,m-041,121,2,426.89,213.44,255,INACTIVE,57.27
cust-06084,m-003,12,5,4217.39,843.48,363,RETURNING,8.3
cust-06085,m-047,2,9,928.06,103.12,358,RETURNING,3.56
cust-06086,m-028,87,6,5321.61,886.94,354,INACTIVE,28.79
cust-06087,m-032,47,8,9675.02,1209.38,347,AT_RISK,16.84
cust-06088,m-011,31,9,1019.14,113.24,307,AT_RISK,13.06
cust-06089,m-024,33,6,762.18,127.03,247,AT_RISK,17.59
cust-06090,m-038,62,9,1257.03,139.67,314,INACTIVE,22.68
cust-06091,m-001,30,14,1423.89,101.71,336,RETURNING,10.9
cust-06093,m-043,38,7,4949.9,707.13,341,AT_RISK,14.86
cust-06094,m-014,118,8,7909.42,988.68,320,INACTIVE,40.09
cust-06095,m-021,29,7,1180.53,168.65,301,RETURNING,13.35
cust-06096,m-045,31,15,1385.7,92.38,356,AT_RISK,10.56
cust-06097,m-011,4,6,1040.9,173.48,277,RETURNING,5.72
cust-06098,m-038,48,6,793.49,132.25,327,AT_RISK,18.92
cust-06099,m-017,22,6,1705.77,284.3,320,RETURNING,11.14
cust-06100,m-030,11,16,5293.0,330.81,352,LOYAL,4.88
cust-06101,m-037,30,12,2081.54,173.46,338,RETURNING,11.16
cust-06102,m-007,177,5,6769.28,1353.86,330,INACTIVE,58.47
cust-06104,m-038,3,11,1500.31,136.39,348,RETURNING,3.36
cust-06105,m-035,60,7,8752.45,1250.35,314,AT_RISK,22.8
cust-06106,m-010,31,8,660.29,82.54,325,AT_RISK,12.84
cust-06107,m-034,4,5,364.92,72.98,362,RETURNING,6.1
cust-06108,m-046,74,8,2502.74,312.84,310,INACTIVE,27.13
cust-06109,m-026,230,3,533.36,177.79,350,INACTIVE,73.03
cust-06110,m-012,47,10,4117.81,411.78,324,AT_RISK,17.19
cust-06111,m-012,18,13,2929.44,225.34,363,RETURNING,7.09
cust-06112,m-045,43,6,1136.92,189.49,333,AT_RISK,17.16
cust-06113,m-032,40,9,9150.84,1016.76,335,AT_RISK,14.9
cust-06114,m-025,11,7,5146.7,735.24,364,RETURNING,6.76
cust-06115,m-043,54,9,8464.71,940.52,358,AT_RISK,18.04
cust-06116,m-004,45,4,5048.0,1262.0,352,AT_RISK,18.75
cust-06117,m-022,10,14,25524.56,1823.18,350,RETURNING,4.85
cust-06118,m-011,0,12,1078.95,89.91,328,RETURNING,2.31
cust-06119,m-025,0,5,5295.05,1059.01,180,RETURNING,5.0
cust-06120,m-006,44,10,1358.53,135.85,334,AT_RISK,15.86
cust-06121,m-044,18,7,1802.37,257.48,331,RETURNING,9.17
cust-06122,m-022,60,6,8062.42,1343.74,270,AT_RISK,26.43
cust-06123,m-008,47,10,13910.0,1391.0,299,AT_RISK,18.39
cust-06124,m-031,6,6,546.18,91.03,342,RETURNING,6.03
cust-06125,m-020,62,10,796.92,79.69,360,INACTIVE,19.9
cust-06126,m-044,18,4,1281.82,320.46,148,RETURNING,18.08
cust-06127,m-018,33,7,561.79,80.26,363,AT_RISK,12.82
cust-06128,m-014,146,7,7077.64,1011.09,362,INACTIVE,43.97
cust-06129,m-038,3,10,1660.09,166.01,266,RETURNING,3.85
cust-06130,m-001,7,14,1402.58,100.18,356,RETURNING,3.96
cust-06131,m-003,35,12,3232.37,269.36,275,AT_RISK,14.99
cust-06132,m-020,32,8,658.37,82.3,273,AT_RISK,15.01
cust-06133,m-024,64,6,2602.42,433.74,317,INACTIVE,24.41
cust-06134,m-030,11,8,4018.99,502.37,300,RETURNING,6.99
cust-06135,m-043,26,10,10316.15,1031.62,343,RETURNING,10.29
cust-06136,m-041,2,10,2298.68,229.87,321,RETURNING,3.35
cust-06137,m-042,11,12,1103.55,91.96,307,RETURNING,5.88
cust-06138,m-009,74,6,676.46,112.74,335,INACTIVE,26.31
cust-06139,m-019,47,8,1207.25,150.91,343,AT_RISK,17.0
cust-06141,m-016,13,8,2386.58,298.32,320,RETURNING,7.38
cust-06142,m-016,11,8,948.87,118.61,358,RETURNING,6.4
cust-06143,m-002,159,4,3989.37,997.34,228,INACTIVE,75.43
cust-06144,m-032,96,8,8015.71,1001.96,328,INACTIVE,32.51
cust-06145,m-035,53,7,9156.95,1308.14,339,AT_RISK,19.34
cust-06146,m-042,46,6,677.42,112.9,349,AT_RISK,17.43
cust-06147,m-016,44,6,1382.29,230.38,337,AT_RISK,17.3
cust-06148,m-044,25,8,1616.92,202.11,247,RETURNING,13.41
cust-06149,m-009,70,10,996.3,99.63,362,INACTIVE,22.01
cust-06150,m-028,123,7,1541.19,220.17,354,INACTIVE,38.4
cust-06151,m-028,46,15,7525.94,501.73,324,AT_RISK,16.03
cust-06152,m-036,12,12,1483.64,123.64,328,RETURNING,5.96
cust-06153,m-013,4,12,13238.04,1103.17,334,RETURNING,3.5
cust-06154,m-028,69,13,3563.87,274.14,355,INACTIVE,21.52
cust-06155,m-015,48,7,668.59,95.51,305,AT_RISK,19.44
cust-06156,m-039,25,13,2008.37,154.49,357,RETURNING,9.13
cust-06157,m-038,84,8,1286.36,160.8,348,INACTIVE,27.4
cust-06158,m-016,25,5,739.83,147.97,354,RETURNING,12.04
cust-06159,m-042,81,7,806.98,115.28,359,INACTIVE,26.25
cust-06161,m-013,14,6,9055.45,1509.24,330,RETURNING,8.52
cust-06163,m-005,34,10,4151.15,415.11,283,AT_RISK,14.7
cust-06164,m-011,45,6,840.54,140.09,335,AT_RISK,17.68
cust-06165,m-013,14,12,12062.86,1005.24,335,RETURNING,6.47
cust-06166,m-007,70,5,3757.01,751.4,350,INACTIVE,24.94
cust-06167,m-039,33,14,1754.76,125.34,346,AT_RISK,11.51
cust-06168,m-015,60,10,1126.98,112.7,350,AT_RISK,19.82
cust-06169,m-002,35,6,7788.04,1298.01,308,AT_RISK,15.61
cust-06170,m-016,82,11,1907.35,173.4,336,INACTIVE,26.83
cust-06171,m-046,169,4,2126.56,531.64,358,INACTIVE,53.08
cust-06172,m-009,12,5,746.45,149.29,284,RETURNING,9.21
cust-06173,m-047,61,5,319.99,64.0,305,INACTIVE,24.93
cust-06174,m-044,18,6,1148.7,191.45,271,RETURNING,10.9
cust-06176,m-006,24,8,1434.4,179.3,305,RETURNING,11.18
cust-06177,m-035,11,6,7609.09,1268.18,330,RETURNING,7.61
cust-06179,m-007,37,14,11665.3,833.24,343,AT_RISK,12.76
cust-06180,m-046,15,6,1497.42,249.57,330,RETURNING,8.82
cust-06181,m-010,7,12,1964.82,163.74,356,RETURNING,4.27
cust-06182,m-029,5,9,2160.12,240.01,340,RETURNING,4.47
cust-06183,m-041,66,8,2633.82,329.23,258,INACTIVE,28.82
cust-06185,m-014,5,12,15375.7,1281.31,342,RETURNING,3.77
cust-06186,m-032,22,10,10798.98,1079.9,339,RETURNING,9.2
cust-06187,m-007,3,12,10437.23,869.77,338,RETURNING,3.19
cust-06188,m-026,26,7,1399.65,199.95,274,RETURNING,13.2
cust-06189,m-016,21,5,1154.87,230.97,190,RETURNING,15.99
cust-06190,m-004,67,2,2453.98,1226.99,234,INACTIVE,38.51
cust-06191,m-023,98,7,2060.01,294.29,332,INACTIVE,33.18
cust-06192,m-025,39,8,6383.3,797.91,304,AT_RISK,16.12
cust-06193,m-032,58,6,6160.98,1026.83,360,AT_RISK,20.35
cust-06194,m-005,11,9,2032.67,225.85,358,RETURNING,6.06
cust-06195,m-014,38,9,7211.6,801.29,346,AT_RISK,13.95
cust-06196,m-030,33,14,5761.78,411.56,351,AT_RISK,11.38
cust-06197,m-031,200,3,213.62,71.21,312,INACTIVE,71.4
cust-06198,m-021,53,9,2587.4,287.49,292,AT_RISK,21.09
cust-06200,m-044,5,8,2104.53,263.07,335,RETURNING,4.82
cust-06201,m-041,130,9,2342.9,260.32,333,INACTIVE,41.92
cust-06202,m-040,19,8,2301.08,287.64,357,RETURNING,8.64
cust-06203,m-043,33,10,8647.15,864.71,359,AT_RISK,11.89
cust-06204,m-039,57,7,832.66,118.95,290,AT_RISK,23.34
cust-06205,m-037,27,7,940.14,134.31,351,RETURNING,11.42
cust-06206,m-027,19,10,5044.72,504.47,361,RETURNING,7.98
cust-06207,m-013,82,5,4856.07,971.21,333,INACTIVE,29.55
cust-06208,m-023,17,12,4229.86,352.49,362,RETURNING,6.99
cust-06209,m-021,79,7,1145.51,163.64,345,INACTIVE,26.58
cust-06210,m-038,4,10,1582.87,158.29,327,RETURNING,3.95
cust-06211,m-035,5,11,11479.31,1043.57,329,RETURNING,4.02
cust-06212,m-003,163,4,2028.82,507.2,293,INACTIVE,61.44
cust-06213,m-020,34,8,734.87,91.86,332,AT_RISK,13.54
cust-06214,m-045,23,4,452.08,113.02,150,RETURNING,21.23
cust-06215,m-007,28,9,11545.98,1282.89,328,RETURNING,11.51
cust-06216,m-006,5,7,906.29,129.47,198,RETURNING,6.26
cust-06218,m-036,16,8,2047.96,256.0,331,RETURNING,8.15
cust-06219,m-030,23,9,2214.96,246.11,260,RETURNING,11.81
cust-06221,m-016,104,5,894.73,178.95,303,INACTIVE,39.21
cust-06222,m-037,14,11,1015.06,92.28,361,RETURNING,6.37
cust-06223,m-041,193,5,350.48,70.1,332,INACTIVE,62.96
cust-06224,m-029,115,8,848.56,106.07,340,INACTIVE,37.06
cust-06225,m-017,51,3,1548.8,516.27,291,INACTIVE,24.97
cust-06226,m-034,108,9,1022.3,113.59,302,INACTIVE,38.64
cust-06227,m-028,48,8,2058.85,257.36,277,AT_RISK,20.6
cust-06228,m-045,5,14,2296.2,164.01,330,RETURNING,3.51
cust-06229,m-024,2,7,2197.4,313.91,336,RETURNING,4.34
cust-06230,m-018,3,9,1552.42,172.49,325,RETURNING,3.92
cust-06231,m-044,94,5,1362.38,272.48,241,INACTIVE,43.84
cust-06232,m-021,61,5,849.71,169.94,200,INACTIVE,35.35
cust-06233,m-022,6,10,16504.53,1650.45,348,RETURNING,4.45
cust-06234,m-041,66,2,335.6,167.8,231,INACTIVE,38.45
cust-06236,m-009,30,5,779.51,155.9,348,RETURNING,13.6
cust-06237,m-028,8,8,3984.05,498.01,333,RETURNING,5.73
cust-06238,m-043,97,8,6925.0,865.62,348,INACTIVE,31.13
cust-06239,m-007,40,4,3331.74,832.94,346,AT_RISK,17.53
cust-06240,m-018,63,7,741.24,105.89,355,INACTIVE,21.45
cust-06241,m-021,41,4,654.88,163.72,323,AT_RISK,18.65
cust-06242,m-034,89,7,986.17,140.88,313,INACTIVE,32.09
cust-06243,m-007,88,5,4062.54,812.51,352,INACTIVE,29.93
cust-06244,m-009,150,6,478.76,79.79,308,INACTIVE,52.83
cust-06245,m-033,36,5,4798.37,959.67,294,AT_RISK,17.2
cust-06246,m-034,183,3,244.29,81.43,339,INACTIVE,61.32
cust-06247,m-046,78,8,2435.95,304.49,331,INACTIVE,26.83
cust-06248,m-024,107,6,1705.33,284.22,319,INACTIVE,37.72
cust-06249,m-045,9,5,643.9,128.78,252,RETURNING,8.56
cust-06250,m-037,3,6,521.05,86.84,322,RETURNING,5.21
cust-06251,m-028,32,6,2132.85,355.48,179,AT_RISK,22.06
cust-06252,m-035,78,7,8111.56,1158.79,247,INACTIVE,35.2
cust-06254,m-038,8,6,634.98,105.83,352,RETURNING,6.55
cust-06255,m-038,141,7,984.44,140.63,326,INACTIVE,46.87
cust-06256,m-011,2,9,1053.92,117.1,346,RETURNING,3.58
cust-06257,m-003,16,6,4197.37,699.56,239,RETURNING,10.95
cust-06258,m-041,22,9,2519.85,279.98,344,RETURNING,9.38
cust-06259,m-009,119,6,589.89,98.32,299,INACTIVE,43.95
cust-06260,m-008,20,9,11744.96,1305.0,358,RETURNING,8.57
cust-06261,m-015,13,6,880.29,146.72,311,RETURNING,8.45
cust-06262,m-041,42,6,1807.5,301.25,308,AT_RISK,17.88
cust-06263,m-036,23,7,918.72,131.25,272,RETURNING,12.17
cust-06264,m-038,14,6,1204.66,200.78,153,RETURNING,13.38
cust-06265,m-045,0,9,2035.95,226.22,300,RETURNING,3.0
cust-06266,m-012,23,10,2522.57,252.26,291,RETURNING,10.6
cust-06267,m-047,104,10,596.66,59.67,360,INACTIVE,31.54
cust-06268,m-010,27,16,1893.81,118.36,345,RETURNING,9.57
cust-06269,m-026,19,7,638.7,91.24,347,RETURNING,9.21
cust-06270,m-018,92,10,1369.17,136.92,354,INACTIVE,28.64
cust-06271,m-043,61,10,5467.51,546.75,359,INACTIVE,19.67
cust-06272,m-033,149,3,2442.49,814.16,312,INACTIVE,55.1
cust-06273,m-009,33,7,787.23,112.46,262,AT_RISK,16.3
cust-06274,m-019,66,7,1139.36,162.77,350,INACTIVE,22.55
cust-06275,m-046,22,13,6322.41,486.34,345,RETURNING,8.5
cust-06276,m-012,2,8,2148.12,268.52,361,RETURNING,3.89
cust-06278,m-014,29,7,7487.69,1069.67,323,RETURNING,12.7
cust-06279,m-008,73,10,11615.36,1161.54,341,INACTIVE,24.07
cust-06281,m-034,95,5,625.77,125.15,350,INACTIVE,32.07
cust-06282,m-005,37,4,1424.72,356.18,286,AT_RISK,18.89
cust-06283,m-012,15,13,4697.15,361.32,334,RETURNING,6.62
cust-06284,m-030,18,10,2706.17,270.62,327,RETURNING,8.22
cust-06285,m-040,29,11,3120.94,283.72,326,RETURNING,11.37
cust-06286,m-040,86,6,4946.81,824.47,208,INACTIVE,45.43
cust-06287,m-004,21,4,2888.0,722.0,273,RETURNING,13.66
cust-06288,m-041,85,7,984.9,140.7,335,INACTIVE,29.05
cust-06289,m-039,20,12,1518.69,126.56,355,RETURNING,7.93
cust-06290,m-041,79,6,1060.87,176.81,291,INACTIVE,31.34
cust-06292,m-027,21,10,1834.7,183.47,341,RETURNING,8.87
cust-06294,m-024,33,8,1181.24,147.66,330,AT_RISK,13.3
cust-06295,m-036,66,3,318.76,106.25,278,INACTIVE,31.16
cust-06296,m-005,54,9,2213.28,245.92,355,AT_RISK,18.17
cust-06297,m-002,44,5,7421.14,1484.23,363,AT_RISK,17.09
cust-06298,m-023,86,4,1549.97,387.49,209,INACTIVE,46.95
cust-06299,m-035,25,10,33267.01,3326.7,325,RETURNING,10.4
cust-06300,m-022,18,8,7768.01,971.0,333,RETURNING,8.72
cust-06301,m-027,52,4,672.57,168.14,278,AT_RISK,24.64
cust-06302,m-033,30,8,9270.42,1158.8,345,RETURNING,12.0
cust-06303,m-009,66,3,277.9,92.63,336,INACTIVE,27.08
cust-06305,m-032,65,7,5912.63,844.66,352,INACTIVE,22.16
cust-06306,m-037,39,5,514.77,102.95,302,AT_RISK,17.87
cust-06307,m-029,85,7,1498.24,214.03,250,INACTIVE,37.61
cust-06308,m-045,23,8,565.37,70.67,303,RETURNING,10.9
cust-06310,m-019,22,9,836.26,92.92,327,RETURNING,9.71
cust-06311,m-035,67,6,6953.48,1158.91,364,INACTIVE,22.64
cust-06312,m-011,20,8,747.2,93.4,256,RETURNING,11.12
cust-06313,m-044,47,11,3490.11,317.28,308,AT_RISK,17.71
cust-06314,m-035,22,10,7040.72,704.07,362,RETURNING,8.79
cust-06315,m-041,119,6,2277.77,379.63,345,INACTIVE,38.68
cust-06316,m-024,9,14,6321.51,451.54,317,RETURNING,4.83
cust-06319,m-005,1,9,2342.17,260.24,340,RETURNING,3.29
cust-06320,m-043,36,9,6045.84,671.76,328,AT_RISK,13.94
cust-06321,m-010,15,15,1462.74,97.52,354,RETURNING,6.1
cust-06322,m-038,9,5,857.9,171.58,141,RETURNING,11.34
cust-06323,m-014,18,11,8900.46,809.13,312,RETURNING,8.25
cust-06324,m-013,16,9,9323.29,1035.92,345,RETURNING,7.62
cust-06325,m-042,72,9,715.58,79.51,331,INACTIVE,24.69
cust-06326,m-035,7,8,9628.8,1203.6,287,RETURNING,5.76
cust-06328,m-025,42,12,13611.42,1134.29,342,AT_RISK,14.55
cust-06329,m-004,19,10,13955.22,1395.52,327,RETURNING,8.52
cust-06330,m-019,5,5,578.98,115.8,320,RETURNING,6.56
cust-06331,m-033,5,14,11385.92,813.28,354,RETURNING,3.41
cust-06332,m-032,56,7,5721.95,817.42,330,AT_RISK,20.67
cust-06333,m-028,0,11,3021.66,274.7,359,RETURNING,2.5
cust-06334,m-032,42,6,5338.64,889.77,259,AT_RISK,20.44
cust-06335,m-015,63,7,520.26,74.32,284,INACTIVE,25.86
cust-06336,m-031,21,6,569.63,94.94,303,RETURNING,11.19
cust-06337,m-006,62,10,1411.41,141.14,345,INACTIVE,20.65
cust-06338,m-034,12,7,622.83,88.98,305,RETURNING,7.67
cust-06339,m-045,134,6,1044.15,174.02,353,INACTIVE,42.14
cust-06340,m-046,2,7,2634.44,376.35,275,RETURNING,4.47
cust-06341,m-005,28,4,717.23,179.31,332,RETURNING,14.41
cust-06342,m-001,63,8,675.56,84.44,356,INACTIVE,20.98
cust-06343,m-006,164,7,1001.9,143.13,354,INACTIVE,49.95
cust-06344,m-026,16,8,928.62,116.08,307,RETURNING,8.53
cust-06345,m-028,20,7,2293.22,327.6,349,RETURNING,9.46
cust-06346,m-036,11,13,2106.84,162.06,326,RETURNING,5.51
cust-06347,m-009,112,9,1436.16,159.57,325,INACTIVE,37.36
cust-06348,m-032,144,2,2416.9,1208.45,166,INACTIVE,96.23
cust-06349,m-032,46,5,4525.01,905.0,362,AT_RISK,17.67
cust-06350,m-030,91,11,4201.64,381.97,352,INACTIVE,28.28
cust-06351,m-028,86,7,842.59,120.37,315,INACTIVE,30.97
cust-06352,m-039,67,10,1166.78,116.68,325,INACTIVE,23.28
cust-06353,m-034,65,12,1111.79,92.65,351,INACTIVE,20.77
cust-06354,m-009,31,11,1198.67,108.97,333,AT_RISK,11.78
cust-06355,m-016,95,11,1869.37,169.94,362,INACTIVE,28.67
cust-06356,m-035,4,15,17978.16,1198.54,345,LOYAL,3.03
cust-06357,m-007,73,6,11137.43,1856.24,267,INACTIVE,31.52
cust-06358,m-033,123,4,6005.76,1501.44,321,INACTIVE,44.2
cust-06359,m-009,76,6,508.19,84.7,323,INACTIVE,27.74
cust-06360,m-005,19,11,3267.09,297.01,354,RETURNING,7.85
cust-06361,m-030,15,13,5675.91,436.61,363,RETURNING,6.26
cust-06362,m-013,73,8,8379.12,1047.39,355,INACTIVE,23.84
cust-06363,m-023,12,9,2484.85,276.09,254,RETURNING,7.71
cust-06364,m-046,4,12,1709.0,142.42,347,RETURNING,3.46
cust-06365,m-030,32,10,3249.85,324.98,333,AT_RISK,12.31
cust-06366,m-045,84,9,812.96,90.33,355,INACTIVE,26.6
cust-06367,m-017,89,8,2143.8,267.98,333,INACTIVE,29.98
cust-06368,m-013,40,8,9838.83,1229.85,351,AT_RISK,14.7
cust-06369,m-024,18,9,3368.6,374.29,341,RETURNING,8.26
cust-06370,m-037,8,8,1336.79,167.1,329,RETURNING,5.76
cust-06371,m-039,79,5,682.95,136.59,331,INACTIVE,28.8
cust-06372,m-013,33,6,8221.25,1370.21,305,AT_RISK,15.07
cust-06374,m-047,75,14,1660.04,118.57,364,INACTIVE,22.55
cust-06375,m-012,22,10,3315.9,331.59,331,RETURNING,9.35
cust-06376,m-014,6,9,9603.86,1067.1,319,RETURNING,4.88
cust-06377,m-034,84,12,981.96,81.83,289,INACTIVE,31.27
cust-06378,m-016,30,11,2180.58,198.23,330,RETURNING,11.56
cust-06379,m-042,100,5,444.2,88.84,353,INACTIVE,33.25
cust-06380,m-044,122,8,2081.49,260.19,243,INACTIVE,53.33
cust-06381,m-013,0,7,7499.08,1071.3,312,RETURNING,3.75
cust-06382,m-039,38,10,1540.19,154.02,340,AT_RISK,13.87
cust-06383,m-038,35,12,2120.58,176.72,310,AT_RISK,13.56
cust-06384,m-018,78,7,548.2,78.31,332,INACTIVE,27.17
cust-06385,m-001,53,9,926.4,102.93,299,AT_RISK,20.67
cust-06386,m-022,19,8,7676.63,959.58,348,RETURNING,8.78
cust-06387,m-028,4,9,3186.06,354.01,323,RETURNING,4.23
cust-06388,m-009,24,15,2558.04,170.54,362,RETURNING,8.49
cust-06389,m-036,84,10,983.76,98.38,356,INACTIVE,26.26
cust-06390,m-028,7,8,1725.11,215.64,347,RETURNING,5.34
cust-06392,m-005,59,7,2624.54,374.93,362,AT_RISK,20.0
cust-06393,m-041,0,8,4090.71,511.34,303,RETURNING,3.33
cust-06395,m-029,34,12,1934.42,161.2,335,AT_RISK,12.43
cust-06396,m-039,43,10,1420.21,142.02,334,AT_RISK,15.56
cust-06397,m-010,46,9,857.62,95.29,320,AT_RISK,17.33
cust-06398,m-030,19,14,3117.42,222.67,363,RETURNING,7.22
cust-06399,m-044,34,3,1761.85,587.28,259,NEW,20.58
cust-06400,m-006,14,5,708.29,141.66,344,RETURNING,9.06
cust-06401,m-017,46,7,1745.55,249.36,334,AT_RISK,17.48
cust-06403,m-045,6,10,979.9,97.99,358,RETURNING,4.4
cust-06404,m-029,20,9,1851.24,205.69,351,RETURNING,8.68
cust-06405,m-033,12,9,10046.64,1116.29,338,RETURNING,6.54
cust-06406,m-031,18,9,1068.97,118.77,363,RETURNING,7.95
cust-06407,m-014,33,10,9994.39,999.44,337,AT_RISK,12.49
cust-06408,m-028,94,6,1903.39,317.23,290,INACTIVE,36.59
cust-06409,m-031,11,13,1262.75,97.13,352,RETURNING,5.26
cust-06410,m-008,61,11,12034.37,1094.03,351,INACTIVE,19.83
cust-06411,m-019,32,8,558.16,69.77,361,AT_RISK,12.17
cust-06412,m-019,29,10,1051.29,105.13,338,RETURNING,11.28
cust-06413,m-022,17,9,10771.13,1196.79,256,RETURNING,9.61
cust-06414,m-021,43,10,3030.5,303.05,318,AT_RISK,16.21
cust-06415,m-047,33,11,994.99,90.45,355,AT_RISK,11.77
cust-06416,m-038,21,5,489.24,97.85,364,RETURNING,10.75
cust-06418,m-037,26,10,1244.69,124.47,345,RETURNING,10.24
cust-06419,m-001,33,14,1574.53,112.47,342,AT_RISK,11.62
cust-06420,m-017,10,9,2102.31,233.59,363,RETURNING,5.75
cust-06421,m-013,58,10,11285.8,1128.58,358,AT_RISK,18.88
cust-06422,m-003,73,5,2935.05,587.01,310,INACTIVE,28.47
cust-06423,m-004,3,7,7262.53,1037.5,330,RETURNING,4.66
cust-06424,m-015,39,8,1182.2,147.78,319,AT_RISK,15.52
cust-06425,m-002,15,9,10166.41,1129.6,320,RETURNING,7.67
cust-06426,m-010,163,5,707.0,141.4,325,INACTIVE,55.0
cust-06427,m-044,85,7,1313.31,187.62,352,INACTIVE,27.83
cust-06428,m-002,13,11,11083.21,1007.56,355,RETURNING,6.15
cust-06429,m-004,23,4,4768.56,1192.14,136,RETURNING,22.79
cust-06430,m-026,33,6,475.08,79.18,277,AT_RISK,16.16
cust-06431,m-010,16,9,947.47,105.27,339,RETURNING,7.71
cust-06432,m-020,14,14,1957.48,139.82,362,RETURNING,5.86
cust-06433,m-020,4,13,2950.9,226.99,294,RETURNING,3.5
cust-06434,m-002,53,8,5436.62,679.58,355,AT_RISK,18.22
cust-06435,m-028,92,8,3869.07,483.63,338,INACTIVE,30.47
cust-06437,m-011,31,4,362.53,90.63,347,AT_RISK,14.91
cust-06438,m-039,107,6,728.58,121.43,336,INACTIVE,36.04
cust-06440,m-027,16,5,1284.18,256.84,331,RETURNING,9.82
cust-06441,m-047,175,4,548.7,137.18,347,INACTIVE,56.29
cust-06442,m-011,10,16,2283.36,142.71,333,LOYAL,4.76
cust-06443,m-040,45,8,4162.64,520.33,341,AT_RISK,16.49
cust-06444,m-044,117,4,1917.85,479.46,339,INACTIVE,40.41
cust-06445,m-040,1,9,1409.55,156.62,337,RETURNING,3.3
cust-06446,m-004,135,5,7006.79,1401.36,317,INACTIVE,47.45
cust-06447,m-035,31,8,10101.12,1262.64,355,AT_RISK,12.04
cust-06448,m-027,68,6,1657.98,276.33,341,INACTIVE,24.17
cust-06449,m-032,100,9,11287.61,1254.18,360,INACTIVE,30.7
cust-06451,m-007,18,8,5395.3,674.41,253,RETURNING,10.42
cust-06452,m-038,5,9,909.96,101.11,304,RETURNING,4.64
cust-06453,m-026,15,6,479.47,79.91,271,RETURNING,9.8
cust-06454,m-036,5,9,1175.36,130.6,340,RETURNING,4.47
cust-06455,m-008,51,10,14702.63,1470.26,363,AT_RISK,16.74
cust-06456,m-012,22,10,2440.66,244.07,344,RETURNING,9.1
cust-06458,m-045,57,8,1178.46,147.31,304,AT_RISK,22.02
cust-06459,m-038,23,6,1721.7,286.95,250,RETURNING,13.45
cust-06461,m-014,15,9,11291.18,1254.58,362,RETURNING,7.13
cust-06462,m-047,43,8,1253.46,156.68,322,AT_RISK,16.65
cust-06463,m-041,52,12,4870.23,405.85,353,AT_RISK,17.0
cust-06464,m-031,54,7,867.72,123.96,363,AT_RISK,18.59
cust-06465,m-040,13,8,4848.79,606.1,341,RETURNING,7.13
cust-06466,m-013,173,8,9749.71,1218.71,361,INACTIVE,51.12
cust-06467,m-014,88,10,9647.22,964.72,345,INACTIVE,28.16
cust-06468,m-046,22,6,1452.43,242.07,312,RETURNING,11.31
cust-06469,m-044,0,7,2029.58,289.94,329,RETURNING,3.75
cust-06470,m-010,17,8,904.84,113.1,289,RETURNING,9.2
cust-06471,m-028,34,8,4337.98,542.25,308,AT_RISK,14.34
cust-06472,m-014,45,7,3013.89,430.56,309,AT_RISK,18.27
cust-06473,m-029,78,7,948.81,135.54,342,INACTIVE,26.49
cust-06475,m-013,76,4,7333.23,1833.31,347,INACTIVE,27.84
cust-06476,m-015,96,9,741.68,82.41,325,INACTIVE,32.45
cust-06477,m-006,152,8,1485.98,185.75,346,INACTIVE,47.14
cust-06478,m-044,37,13,4304.23,331.09,347,AT_RISK,12.78
cust-06479,m-018,42,8,986.73,123.34,363,AT_RISK,14.87
cust-06480,m-021,79,7,2035.79,290.83,343,INACTIVE,26.72
cust-06481,m-019,206,4,282.75,70.69,335,INACTIVE,67.31
cust-06482,m-017,11,7,1473.92,210.56,250,RETURNING,8.13
cust-06483,m-042,26,7,669.84,95.69,340,RETURNING,11.37
cust-06484,m-019,42,11,1161.25,105.57,321,AT_RISK,15.54
cust-06485,m-001,35,14,1759.23,125.66,331,AT_RISK,12.54
cust-06486,m-039,84,12,1764.07,147.01,362,INACTIVE,25.45
cust-06487,m-002,11,7,10365.93,1480.85,311,RETURNING,7.28
cust-06488,m-007,17,9,8984.3,998.26,310,RETURNING,8.47
cust-06489,m-013,26,16,21012.91,1313.31,330,RETURNING,9.62
cust-06490,m-024,14,15,4989.32,332.62,206,LOYAL,8.64
cust-06491,m-005,70,6,3757.33,626.22,355,INACTIVE,23.95
cust-06492,m-006,28,7,1003.74,143.39,356,RETURNING,11.59
cust-06493,m-029,9,9,1962.03,218.0,360,RETURNING,5.49
cust-06494,m-043,66,9,8909.36,989.93,358,INACTIVE,21.38
cust-06495,m-043,85,4,4779.49,1194.87,316,INACTIVE,32.81
cust-06496,m-035,57,7,11076.82,1582.4,350,AT_RISK,19.99
cust-06498,m-029,2,14,3308.54,236.32,342,RETURNING,2.58
cust-06499,m-026,82,10,1334.63,133.46,270,INACTIVE,32.99
cust-06500,m-029,9,7,1929.32,275.62,362,RETURNING,6.23
cust-06501,m-009,16,10,1372.96,137.3,352,RETURNING,7.26
cust-06502,m-023,5,8,1273.48,159.18,356,RETURNING,4.73
cust-06503,m-043,33,7,5511.21,787.32,311,AT_RISK,14.33
cust-06504,m-023,6,11,2329.74,211.79,328,RETURNING,4.32
cust-06505,m-037,22,11,1022.53,92.96,359,RETURNING,8.61
cust-06506,m-012,17,8,2539.68,317.46,321,RETURNING,8.61
cust-06507,m-047,12,10,810.71,81.07,336,RETURNING,6.29
cust-06508,m-040,23,6,2489.06,414.84,341,RETURNING,11.01
cust-06509,m-046,25,7,1983.09,283.3,364,RETURNING,10.6
cust-06510,m-018,21,9,1025.56,113.95,343,RETURNING,9.1
cust-06511,m-021,33,8,2267.29,283.41,358,AT_RISK,12.53
cust-06512,m-036,42,13,2120.46,163.11,337,AT_RISK,14.57
cust-06513,m-031,13,9,1106.96,123.0,347,RETURNING,6.74
cust-06514,m-025,8,6,9437.51,1572.92,359,RETURNING,6.51
cust-06515,m-016,16,12,2117.28,176.44,354,RETURNING,6.81
cust-06516,m-024,1,11,4356.87,396.08,345,RETURNING,2.79
cust-06517,m-027,69,6,1301.14,216.86,227,INACTIVE,34.55
cust-06518,m-014,26,8,8951.14,1118.89,340,RETURNING,10.96
cust-06519,m-024,48,6,736.27,122.71,320,AT_RISK,19.24
cust-06520,m-010,24,8,1300.32,162.54,322,RETURNING,10.76
cust-06521,m-017,19,9,1162.71,129.19,352,RETURNING,8.38
cust-06524,m-011,35,6,467.11,77.85,278,AT_RISK,16.83
cust-06525,m-040,102,8,1587.98,198.5,358,INACTIVE,31.75
cust-06526,m-039,11,7,649.26,92.75,322,RETURNING,7.16
cust-06527,m-014,15,3,2194.88,731.63,335,NEW,11.96
cust-06528,m-037,9,10,741.93,74.19,285,RETURNING,5.87
cust-06529,m-008,20,23,22389.33,973.45,355,RETURNING,6.87
cust-06530,m-031,32,8,1446.28,180.78,306,AT_RISK,13.76
cust-06531,m-036,56,10,1089.28,108.93,276,AT_RISK,22.94
cust-06532,m-033,32,10,9976.38,997.64,361,AT_RISK,11.57
cust-06533,m-031,12,11,1475.13,134.1,351,RETURNING,5.91
cust-06535,m-028,109,10,2127.55,212.76,347,INACTIVE,34.05
cust-06536,m-002,16,6,4230.53,705.09,298,RETURNING,9.64
cust-06537,m-039,104,10,1373.57,137.36,326,INACTIVE,34.53
cust-06538,m-045,74,8,1176.35,147.04,348,INACTIVE,24.54
cust-06540,m-007,45,10,10323.17,1032.32,359,AT_RISK,15.23
cust-06541,m-003,24,3,742.28,247.43,324,NEW,14.88
cust-06542,m-036,20,5,561.03,112.21,279,RETURNING,12.14
cust-06543,m-012,19,10,3103.55,310.36,320,RETURNING,8.65
cust-06544,m-019,90,9,1060.46,117.83,349,INACTIVE,28.71
cust-06545,m-040,75,11,3836.37,348.76,336,INACTIVE,24.76
cust-06546,m-003,22,9,4395.07,488.34,311,RETURNING,10.05
cust-06547,m-009,142,2,183.9,91.95,267,INACTIVE,62.99
cust-06548,m-016,93,7,1167.08,166.73,340,INACTIVE,31.02
cust-06549,m-034,47,10,818.0,81.8,302,AT_RISK,18.24
cust-06550,m-043,75,5,2121.18,424.24,364,INACTIVE,25.55
cust-06551,m-011,4,6,1099.27,183.21,319,RETURNING,5.54
cust-06552,m-037,31,9,1214.07,134.9,320,AT_RISK,12.66
cust-06553,m-025,43,7,8172.07,1167.44,347,AT_RISK,16.11
cust-06554,m-024,49,6,2315.54,385.92,356,AT_RISK,18.01
cust-06555,m-021,3,10,5219.82,521.98,364,RETURNING,3.55
cust-06556,m-022,19,10,15100.56,1510.06,299,RETURNING,9.06
cust-06557,m-041,70,5,1135.36,227.07,241,INACTIVE,33.93
cust-06558,m-027,24,5,395.8,79.16,294,RETURNING,13.14
cust-06559,m-021,84,9,2336.83,259.65,356,INACTIVE,26.53
cust-06560,m-009,35,7,605.35,86.48,351,AT_RISK,13.69
cust-06561,m-019,47,7,765.99,109.43,359,AT_RISK,16.81
cust-06562,m-019,13,10,1109.98,111.0,347,RETURNING,6.46
cust-06563,m-026,12,10,959.94,95.99,330,RETURNING,6.35
cust-06565,m-027,339,1,269.56,269.56,339,INACTIVE,100.0
cust-06566,m-017,133,2,138.66,69.33,344,INACTIVE,48.55
cust-06567,m-011,98,9,1067.07,118.56,334,INACTIVE,32.25
cust-06568,m-038,27,8,1491.04,186.38,332,RETURNING,11.44
cust-06569,m-031,72,4,360.82,90.2,300,INACTIVE,29.92
cust-06571,m-032,16,5,5242.6,1048.52,273,RETURNING,10.84
cust-06572,m-010,52,8,822.99,102.87,324,AT_RISK,19.33
cust-06573,m-029,16,11,4673.23,424.84,364,RETURNING,6.88
cust-06574,m-046,38,9,1699.85,188.87,305,AT_RISK,15.42
cust-06575,m-021,92,5,905.96,181.19,320,INACTIVE,33.66
cust-06576,m-013,9,12,18783.34,1565.28,299,RETURNING,5.31
cust-06577,m-011,4,7,962.82,137.55,298,RETURNING,5.09
cust-06578,m-028,51,8,1682.33,210.29,316,AT_RISK,19.42
cust-06579,m-002,33,8,6725.65,840.71,356,AT_RISK,12.58
cust-06580,m-034,22,12,977.67,81.47,238,RETURNING,11.51
cust-06581,m-034,156,12,1157.27,96.44,362,INACTIVE,45.28
cust-06582,m-014,106,6,6023.45,1003.91,347,INACTIVE,34.75
cust-06583,m-006,28,8,1387.04,173.38,359,RETURNING,11.11
cust-06584,m-033,50,11,12248.9,1113.54,346,AT_RISK,16.91
cust-06585,m-027,49,7,1383.97,197.71,301,AT_RISK,19.98
cust-06586,m-039,16,12,1751.88,145.99,337,RETURNING,7.04
cust-06587,m-047,48,10,1339.29,133.93,334,AT_RISK,17.06
cust-06588,m-032,4,4,4374.99,1093.75,273,RETURNING,7.46
cust-06589,m-022,33,10,19332.92,1933.29,345,AT_RISK,12.26
cust-06590,m-040,21,10,2882.37,288.24,346,RETURNING,8.78
cust-06591,m-045,46,5,566.84,113.37,138,AT_RISK,38.09
cust-06592,m-025,28,12,14817.47,1234.79,347,RETURNING,10.35
cust-06593,m-004,7,5,4945.65,989.13,283,RETURNING,7.46
cust-06594,m-042,15,9,1412.02,156.89,345,RETURNING,7.34
cust-06595,m-022,19,11,19870.66,1806.42,282,RETURNING,9.21
cust-06596,m-028,42,9,3664.88,407.21,356,AT_RISK,14.76
cust-06597,m-007,5,6,5960.08,993.35,315,RETURNING,5.87
cust-06598,m-028,18,8,991.44,123.93,352,RETURNING,8.43
cust-06599,m-017,142,4,1427.03,356.76,304,INACTIVE,52.56
cust-06600,m-012,44,5,1126.99,225.4,256,AT_RISK,22.12
cust-06601,m-011,50,10,1250.66,125.07,293,AT_RISK,19.73
cust-06603,m-011,19,14,1675.31,119.66,357,RETURNING,7.31
cust-06604,m-039,68,7,882.0,126.0,241,INACTIVE,31.85
cust-06605,m-006,4,12,2124.24,177.02,258,RETURNING,3.85
cust-06607,m-028,15,8,3212.12,401.52,275,RETURNING,8.77
cust-06608,m-017,65,5,928.81,185.76,282,INACTIVE,27.97
cust-06609,m-032,67,7,7217.03,1031.0,354,INACTIVE,22.62
cust-06610,m-033,33,6,6307.65,1051.27,304,AT_RISK,15.11
cust-06611,m-008,52,10,9725.84,972.58,251,AT_RISK,23.36
cust-06614,m-005,73,9,2143.44,238.16,340,INACTIVE,24.41
cust-06615,m-018,8,6,757.11,126.18,355,RETURNING,6.53
cust-06616,m-015,33,8,797.25,99.66,345,AT_RISK,12.87
cust-06617,m-044,37,3,1107.15,369.05,298,NEW,19.87
cust-06618,m-032,1,7,9566.64,1366.66,312,RETURNING,4.07
cust-06620,m-044,1,7,3565.12,509.3,325,RETURNING,4.06
cust-06621,m-023,7,12,2852.34,237.7,329,RETURNING,4.43
cust-06622,m-027,132,8,2656.56,332.07,341,INACTIVE,41.93
cust-06623,m-037,4,8,971.84,121.48,331,RETURNING,4.54
cust-06624,m-041,15,15,3504.01,233.6,356,RETURNING,6.08
cust-06625,m-027,69,8,2837.12,354.64,345,INACTIVE,23.28
cust-06626,m-013,30,9,13664.58,1518.29,328,RETURNING,12.12
cust-06627,m-024,55,5,1126.79,225.36,357,AT_RISK,20.36
cust-06628,m-010,58,10,1065.99,106.6,334,AT_RISK,20.04
cust-06630,m-037,29,15,1475.94,98.4,324,RETURNING,10.8
cust-06631,m-028,47,7,2925.87,417.98,298,AT_RISK,19.47
cust-06632,m-046,0,7,2498.35,356.91,313,RETURNING,3.75
cust-06633,m-047,20,19,2181.14,114.8,364,RETURNING,6.98
cust-06634,m-009,11,5,761.46,152.29,324,RETURNING,8.38
cust-06635,m-025,4,11,10027.04,911.55,332,RETURNING,3.7
cust-06636,m-028,63,10,2096.1,209.61,341,INACTIVE,21.15
cust-06637,m-023,59,6,632.54,105.42,360,AT_RISK,20.63
cust-06638,m-001,89,12,1256.01,104.67,320,INACTIVE,30.03
cust-06640,m-019,180,10,1561.09,156.11,300,INACTIVE,62.53
cust-06641,m-001,11,15,1297.65,86.51,363,LOYAL,4.9
cust-06642,m-014,123,9,7908.4,878.71,350,INACTIVE,38.04
cust-06643,m-045,18,10,960.52,96.05,354,RETURNING,7.8
cust-06644,m-027,29,9,2515.48,279.5,312,RETURNING,12.27
cust-06645,m-016,26,7,949.31,135.62,192,RETURNING,17.22
cust-06646,m-033,1,10,13551.75,1355.18,348,RETURNING,3.01
cust-06647,m-042,6,10,1537.14,153.71,352,RETURNING,4.43
cust-06649,m-026,28,9,1515.95,168.44,350,RETURNING,10.98
cust-06650,m-031,35,8,941.32,117.66,181,AT_RISK,22.56
cust-06651,m-038,24,13,1916.55,147.43,348,RETURNING,9.02
cust-06652,m-032,59,12,10605.35,883.78,355,AT_RISK,18.88
cust-06653,m-002,18,11,10881.31,989.21,357,RETURNING,7.53
cust-06655,m-045,20,6,666.93,111.15,250,RETURNING,12.25
cust-06656,m-041,49,5,1035.76,207.15,234,AT_RISK,25.85
cust-06657,m-033,38,12,13907.87,1158.99,349,AT_RISK,13.16
cust-06659,m-039,30,7,1093.31,156.19,291,RETURNING,14.02
cust-06660,m-033,14,9,14495.2,1610.58,326,RETURNING,7.28
cust-06661,m-038,47,10,1233.1,123.31,333,AT_RISK,16.8
cust-06662,m-016,34,16,3117.69,194.86,347,AT_RISK,11.53
cust-06663,m-023,182,4,893.05,223.26,303,INACTIVE,65.87
cust-06664,m-042,21,11,950.87,86.44,353,RETURNING,8.43
cust-06665,m-037,28,7,1365.54,195.08,329,RETURNING,12.23
cust-06666,m-043,3,6,6877.84,1146.31,273,RETURNING,5.38
cust-06667,m-026,103,8,1095.06,136.88,319,INACTIVE,35.52
cust-06668,m-041,183,6,1860.3,310.05,358,INACTIVE,55.26
cust-06669,m-024,32,4,597.52,149.38,199,AT_RISK,22.0
cust-06670,m-010,189,6,677.33,112.89,332,INACTIVE,61.04
cust-06671,m-001,11,15,1393.39,92.89,350,LOYAL,5.01
cust-06672,m-030,3,9,3701.5,411.28,299,RETURNING,4.0
cust-06673,m-015,31,7,674.43,96.35,292,AT_RISK,14.33
cust-06674,m-029,22,9,2298.09,255.34,320,RETURNING,9.85
cust-06675,m-046,3,6,1830.02,305.0,249,RETURNING,5.49
cust-06677,m-029,2,6,2240.86,373.48,292,RETURNING,4.97
cust-06678,m-033,65,8,9763.61,1220.45,305,INACTIVE,24.58
cust-06679,m-041,19,10,1308.46,130.85,297,RETURNING,9.1
cust-06680,m-021,2,15,5833.95,388.93,364,LOYAL,2.42
cust-06681,m-031,22,11,1137.62,103.42,301,RETURNING,9.78
cust-06682,m-016,8,12,2256.09,188.01,337,RETURNING,4.67
cust-06683,m-022,110,5,8426.05,1685.21,263,INACTIVE,46.67
cust-06684,m-043,79,5,2253.5,450.7,336,INACTIVE,28.44
cust-06685,m-004,88,5,8163.05,1632.61,262,INACTIVE,38.46
cust-06686,m-028,37,11,2785.85,253.26,332,AT_RISK,13.61
cust-06687,m-044,35,5,1911.21,382.24,247,AT_RISK,19.11
cust-06688,m-006,19,5,957.56,191.51,351,RETURNING,10.4
cust-06689,m-001,6,12,1530.54,127.54,363,RETURNING,3.96
cust-06690,m-029,45,11,1550.84,140.99,331,AT_RISK,16.05
cust-06693,m-039,18,14,1642.0,117.29,325,RETURNING,7.52
cust-06694,m-037,136,3,297.46,99.15,235,INACTIVE,65.13
cust-06695,m-013,16,3,4211.22,1403.74,291,NEW,12.98
cust-06696,m-017,107,7,2475.91,353.7,344,INACTIVE,34.76
cust-06697,m-006,2,14,2177.43,155.53,336,RETURNING,2.59
cust-06699,m-005,10,9,2340.34,260.04,316,RETURNING,6.15
cust-06700,m-038,52,9,1715.74,190.64,317,AT_RISK,19.35
cust-06701,m-035,4,14,13808.07,986.29,325,RETURNING,3.23
cust-06702,m-041,103,6,997.08,166.18,298,INACTIVE,38.73
cust-06703,m-013,75,7,10308.98,1472.71,326,INACTIVE,26.69
cust-06704,m-036,20,8,996.17,124.52,319,RETURNING,9.58
cust-06705,m-034,4,8,672.79,84.1,361,RETURNING,4.44
cust-06707,m-001,15,9,862.62,95.85,363,RETURNING,7.12
cust-06708,m-001,3,12,1374.47,114.54,346,RETURNING,3.17
cust-06709,m-021,31,9,1556.16,172.91,350,AT_RISK,11.83
cust-06710,m-027,2,11,2934.16,266.74,297,RETURNING,3.17
cust-06711,m-005,30,7,2421.64,345.95,339,RETURNING,12.57
cust-06713,m-029,4,12,4310.97,359.25,345,RETURNING,3.46
cust-06714,m-044,85,6,1912.84,318.81,333,INACTIVE,29.73
cust-06715,m-034,36,7,1121.0,160.14,361,AT_RISK,13.69
cust-06716,m-043,95,7,7170.92,1024.42,319,INACTIVE,33.44
cust-06717,m-026,20,7,1114.6,159.23,328,RETURNING,9.83
cust-06718,m-024,45,11,7462.2,678.38,346,AT_RISK,15.47
cust-06719,m-023,7,8,1145.93,143.24,300,RETURNING,5.66
cust-06720,m-010,68,7,440.57,62.94,364,INACTIVE,22.38
cust-06721,m-004,31,5,5457.97,1091.59,350,AT_RISK,13.83
cust-06723,m-021,11,11,2329.03,211.73,354,RETURNING,5.6
cust-06724,m-024,85,7,3869.77,552.82,356,INACTIVE,27.56
cust-06725,m-013,11,11,15216.3,1383.3,352,RETURNING,5.62
cust-06726,m-028,12,11,2223.3,202.12,340,RETURNING,6.02
cust-06727,m-028,53,5,1471.8,294.36,270,AT_RISK,24.56
cust-06728,m-045,23,11,1106.76,100.61,340,RETURNING,9.24
cust-06729,m-020,90,7,687.6,98.23,342,INACTIVE,29.99
cust-06730,m-022,110,8,10944.64,1368.08,361,INACTIVE,33.72
cust-06731,m-009,21,11,1492.16,135.65,248,RETURNING,10.93
cust-06732,m-018,150,5,567.34,113.47,320,INACTIVE,51.73
cust-06733,m-008,17,7,7347.18,1049.6,304,RETURNING,9.32
cust-06734,m-025,44,11,12183.66,1107.61,346,AT_RISK,15.18
cust-06735,m-012,33,9,2509.36,278.82,362,AT_RISK,12.09
cust-06736,m-042,7,9,1034.62,114.96,341,RETURNING,5.05
cust-06737,m-034,3,12,1003.59,83.63,319,RETURNING,3.25
cust-06738,m-012,45,5,837.18,167.44,304,AT_RISK,19.75
cust-06739,m-033,22,11,14853.55,1350.32,289,RETURNING,10.09
cust-06740,m-047,0,7,798.47,114.07,331,RETURNING,3.75
cust-06741,m-005,151,6,2052.55,342.09,351,INACTIVE,47.18
cust-06742,m-006,61,7,754.47,107.78,329,INACTIVE,22.23
cust-06743,m-002,42,6,9119.27,1519.88,362,AT_RISK,15.86
cust-06744,m-021,75,9,2955.07,328.34,364,INACTIVE,23.55
cust-06745,m-038,66,8,1130.18,141.27,356,INACTIVE,21.82
cust-06746,m-038,111,3,511.08,170.36,324,INACTIVE,41.65
cust-06747,m-024,28,13,4651.94,357.84,352,RETURNING,10.07
cust-06748,m-021,38,9,792.15,88.02,337,AT_RISK,14.24
cust-06749,m-004,7,7,12287.87,1755.41,316,RETURNING,5.96
cust-06750,m-037,13,6,758.1,126.35,356,RETURNING,7.93
cust-06751,m-042,41,10,1249.07,124.91,360,AT_RISK,14.08
cust-06752,m-014,14,7,11644.48,1663.5,331,RETURNING,7.97
cust-06753,m-025,114,7,8185.07,1169.3,336,INACTIVE,37.58
cust-06755,m-033,39,10,11326.3,1132.63,278,AT_RISK,16.71
cust-06756,m-006,5,11,1921.93,174.72,315,RETURNING,4.08
cust-06757,m-007,4,4,5611.6,1402.9,363,RETURNING,7.1
cust-06759,m-021,14,9,3495.07,388.34,348,RETURNING,7.01
cust-06760,m-040,5,8,2419.86,302.48,337,RETURNING,4.81
cust-06761,m-041,161,7,3356.54,479.51,359,INACTIVE,48.47
cust-06762,m-025,98,9,9946.53,1105.17,358,INACTIVE,30.3
cust-06763,m-019,5,15,1628.58,108.57,355,LOYAL,3.28
cust-06764,m-043,13,5,4333.11,866.62,321,RETURNING,9.04
cust-06765,m-020,5,11,942.19,85.65,266,RETURNING,4.37
cust-06766,m-035,43,9,10022.01,1113.56,245,AT_RISK,20.48
cust-06767,m-023,23,5,2802.08,560.42,357,RETURNING,11.42
cust-06768,m-037,20,2,114.45,57.22,190,NEW,20.47
cust-06769,m-005,35,7,3021.76,431.68,278,AT_RISK,16.29
cust-06770,m-024,8,8,3426.13,428.27,244,RETURNING,6.6
cust-06771,m-028,44,9,2277.27,253.03,341,AT_RISK,15.87
cust-06772,m-043,194,8,7295.4,911.92,356,INACTIVE,57.68
cust-06774,m-045,64,7,852.85,121.84,320,INACTIVE,23.69
cust-06775,m-012,18,11,3436.21,312.38,333,RETURNING,7.89
cust-06776,m-033,43,6,3308.99,551.5,350,AT_RISK,16.54
cust-06777,m-036,123,7,712.29,101.76,359,INACTIVE,37.92
cust-06778,m-011,36,9,943.59,104.84,203,AT_RISK,20.65
cust-06779,m-015,183,7,621.99,88.86,344,INACTIVE,56.79
cust-06780,m-019,22,14,2140.79,152.91,326,RETURNING,8.73
cust-06782,m-036,11,11,1868.68,169.88,340,RETURNING,5.73
cust-06783,m-042,1,8,814.23,101.78,330,RETURNING,3.64
cust-06784,m-018,21,7,563.32,80.47,349,RETURNING,9.75
cust-06785,m-015,21,8,995.19,124.4,350,RETURNING,9.32
cust-06786,m-027,3,10,2619.99,262.0,295,RETURNING,3.74
cust-06787,m-021,3,8,2838.57,354.82,363,RETURNING,4.16
cust-06788,m-043,184,7,5337.54,762.51,342,INACTIVE,57.39
cust-06789,m-009,17,7,1364.03,194.86,262,RETURNING,10.21
cust-06790,m-004,219,7,8258.19,1179.74,334,INACTIVE,69.12
cust-06791,m-015,11,11,1251.18,113.74,332,RETURNING,5.8
cust-06792,m-017,13,9,1457.19,161.91,348,RETURNING,6.72
cust-06793,m-044,11,8,2070.78,258.85,307,RETURNING,6.9
cust-06794,m-032,20,9,10166.76,1129.64,317,RETURNING,9.29
cust-06795,m-025,97,6,6213.45,1035.58,333,INACTIVE,33.33
cust-06796,m-004,9,6,9109.9,1518.32,328,RETURNING,7.02
cust-06797,m-007,81,5,3528.81,705.76,235,INACTIVE,39.32
cust-06798,m-033,35,7,7407.01,1058.14,327,AT_RISK,14.42
cust-06799,m-019,61,7,711.48,101.64,347,INACTIVE,21.28
cust-06800,m-026,1,12,2164.45,180.37,334,RETURNING,2.61
cust-06801,m-024,1,10,2698.43,269.84,317,RETURNING,3.04
cust-06802,m-004,9,7,7399.63,1057.09,346,RETURNING,6.34
cust-06803,m-031,159,3,540.9,180.3,326,INACTIVE,56.12
cust-06804,m-036,62,10,727.19,72.72,335,INACTIVE,21.18
cust-06805,m-011,30,8,729.53,91.19,249,RETURNING,15.33
cust-06806,m-040,56,5,1577.92,315.58,309,AT_RISK,23.06
cust-06807,m-034,2,9,729.87,81.1,358,RETURNING,3.56
cust-06808,m-030,0,9,4830.86,536.76,359,RETURNING,3.0
cust-06809,m-040,58,3,484.77,161.59,266,INACTIVE,29.22
cust-06810,m-047,30,11,1101.99,100.18,310,RETURNING,12.15
cust-06812,m-005,65,5,1497.53,299.51,324,INACTIVE,25.0
cust-06813,m-029,96,9,3737.9,415.32,329,INACTIVE,32.09
cust-06814,m-017,15,9,2560.53,284.5,334,RETURNING,7.48
cust-06815,m-038,4,8,1411.12,176.39,272,RETURNING,4.8
cust-06816,m-044,12,10,3707.08,370.71,364,RETURNING,6.01
cust-06817,m-003,99,4,2168.23,542.06,361,INACTIVE,33.35
cust-06818,m-033,106,4,1968.13,492.03,348,INACTIVE,36.37
cust-06819,m-038,113,9,2100.22,233.36,320,INACTIVE,38.2
cust-06820,m-027,48,7,2571.12,367.3,333,AT_RISK,18.12
cust-06821,m-035,16,6,6029.46,1004.91,318,RETURNING,9.3
cust-06822,m-025,130,3,5322.32,1774.11,275,INACTIVE,54.6
cust-06823,m-010,1,5,305.18,61.04,335,RETURNING,5.3
cust-06824,m-035,58,14,11808.08,843.43,352,AT_RISK,18.43
cust-06825,m-038,8,7,1824.93,260.7,312,RETURNING,6.31
cust-06826,m-007,78,5,4888.39,977.68,252,INACTIVE,35.83
cust-06827,m-046,18,10,2754.49,275.45,355,RETURNING,7.78
cust-06828,m-014,101,7,9058.04,1294.01,307,INACTIVE,36.54
cust-06829,m-002,74,5,8511.79,1702.36,361,INACTIVE,25.44
cust-06830,m-046,27,14,6289.78,449.27,362,RETURNING,9.44
cust-06832,m-010,6,13,1152.21,88.63,363,RETURNING,3.79
cust-06834,m-011,158,5,442.37,88.47,279,INACTIVE,61.43
cust-06835,m-020,53,11,1481.21,134.66,332,AT_RISK,18.42
cust-06836,m-032,40,6,6370.01,1061.67,362,AT_RISK,15.3
cust-06837,m-039,52,10,1066.66,106.67,261,AT_RISK,22.57
cust-06838,m-029,34,7,1129.95,161.42,350,AT_RISK,13.44
cust-06839,m-031,0,8,671.03,83.88,278,RETURNING,3.33
cust-06840,m-045,5,13,1538.3,118.33,329,RETURNING,3.66
cust-06841,m-032,90,4,4151.38,1037.84,223,INACTIVE,46.18
cust-06843,m-004,23,2,2004.3,1002.15,309,NEW,17.42
cust-06844,m-013,117,5,4665.17,933.03,334,INACTIVE,39.93
cust-06845,m-010,27,10,1796.83,179.68,355,RETURNING,10.31
cust-06846,m-046,11,12,4051.43,337.62,330,RETURNING,5.63
cust-06847,m-027,34,11,2028.58,184.42,306,AT_RISK,13.57
cust-06848,m-039,16,11,1451.63,131.97,358,RETURNING,6.96
cust-06849,m-007,45,6,5132.86,855.48,256,AT_RISK,21.8
cust-06850,m-029,0,12,2380.22,198.35,364,RETURNING,2.31
cust-06851,m-026,18,8,1215.23,151.9,298,RETURNING,9.35
cust-06852,m-027,54,4,1314.27,328.57,286,AT_RISK,24.82
cust-06853,m-025,99,3,5322.32,1774.11,141,INACTIVE,77.22
cust-06854,m-040,192,4,771.71,192.93,318,INACTIVE,66.19
cust-06855,m-043,15,16,12941.68,808.86,364,RETURNING,5.87
cust-06856,m-040,39,10,3328.07,332.81,338,AT_RISK,14.23
cust-06857,m-028,23,10,4181.89,418.19,297,RETURNING,10.45
cust-06858,m-001,8,14,1496.75,106.91,306,RETURNING,4.61
cust-06859,m-042,56,7,567.94,81.13,343,AT_RISK,20.03
cust-06860,m-022,53,10,10470.71,1047.07,292,AT_RISK,20.82
cust-06861,m-036,14,10,1423.97,142.4,285,RETURNING,7.62
cust-06862,m-003,5,6,919.58,153.26,349,RETURNING,5.71
cust-06864,m-022,36,12,17452.72,1454.39,321,AT_RISK,13.49
cust-06865,m-029,33,11,1937.54,176.14,360,AT_RISK,11.64
cust-06866,m-011,82,6,996.33,166.05,244,INACTIVE,37.76
cust-06867,m-018,50,10,994.35,99.44,323,AT_RISK,18.16
cust-06868,m-045,37,11,1509.71,137.25,329,AT_RISK,13.71
cust-06869,m-039,5,5,717.02,143.4,334,RETURNING,6.49
cust-06870,m-025,73,7,6745.44,963.63,363,INACTIVE,23.8
cust-06871,m-031,39,3,113.34,37.78,290,NEW,20.9
cust-06872,m-031,87,3,228.58,76.19,358,INACTIVE,31.73
cust-06873,m-030,21,6,2379.43,396.57,309,RETURNING,11.06
cust-06874,m-002,2,2,2081.96,1040.98,266,NEW,10.75
cust-06875,m-013,34,7,8785.94,1255.13,298,AT_RISK,15.12
cust-06876,m-025,71,8,10899.44,1362.43,361,INACTIVE,22.95
cust-06877,m-010,56,6,1280.36,213.39,334,AT_RISK,21.0
cust-06878,m-044,91,5,1761.77,352.35,254,INACTIVE,40.69
cust-06879,m-007,39,5,4096.53,819.31,358,AT_RISK,15.86
cust-06880,m-035,32,8,11237.73,1404.72,361,AT_RISK,12.17
cust-06881,m-029,105,5,943.43,188.69,290,INACTIVE,41.08
cust-06882,m-008,8,12,16526.27,1377.19,358,RETURNING,4.54
cust-06883,m-021,55,8,2318.4,289.8,353,AT_RISK,18.87
cust-06884,m-042,8,14,1574.52,112.47,332,RETURNING,4.4
cust-06885,m-014,48,5,4371.0,874.2,279,AT_RISK,22.14
cust-06887,m-015,141,6,481.13,80.19,349,INACTIVE,44.57
cust-06888,m-041,113,6,12352.72,2058.79,346,INACTIVE,36.85
cust-06889,m-045,18,5,519.89,103.98,319,RETURNING,10.62
cust-06890,m-005,2,10,1763.95,176.4,352,RETURNING,3.29
cust-06891,m-033,22,7,7341.47,1048.78,361,RETURNING,9.83
cust-06892,m-026,30,14,1992.32,142.31,281,RETURNING,12.64
cust-06893,m-017,61,7,1492.36,213.19,303,INACTIVE,23.82
cust-06894,m-025,68,8,10537.4,1317.18,335,INACTIVE,23.57
cust-06895,m-047,12,9,980.22,108.91,328,RETURNING,6.65
cust-06896,m-046,30,6,2111.09,351.85,254,RETURNING,16.05
cust-06897,m-007,7,8,8478.37,1059.8,232,RETURNING,6.34
cust-06898,m-020,88,8,1085.71,135.71,361,INACTIVE,27.64
cust-06899,m-018,34,13,2093.33,161.03,354,AT_RISK,11.72
cust-06900,m-013,18,8,12523.56,1565.45,355,RETURNING,8.39
cust-06901,m-018,36,15,1948.48,129.9,357,AT_RISK,11.93
cust-06902,m-007,31,8,6247.86,780.98,251,AT_RISK,15.63
cust-06903,m-017,2,4,521.83,130.46,254,RETURNING,6.78
cust-06904,m-021,4,8,3112.08,389.01,353,RETURNING,4.46
cust-06905,m-015,3,9,1284.22,142.69,360,RETURNING,3.83
cust-06906,m-034,14,7,971.16,138.74,351,RETURNING,7.73
cust-06907,m-001,1,20,2312.79,115.64,335,LOYAL,1.73
cust-06908,m-012,44,11,4367.56,397.05,327,AT_RISK,15.91
cust-06909,m-045,60,7,488.59,69.8,306,AT_RISK,23.29
cust-06910,m-012,20,5,2009.17,401.83,364,RETURNING,10.48
cust-06911,m-040,92,4,1113.96,278.49,343,INACTIVE,32.74
cust-06913,m-030,17,4,620.17,155.04,344,RETURNING,10.93
cust-06914,m-019,3,8,753.14,94.14,309,RETURNING,4.3
cust-06915,m-018,63,11,1229.15,111.74,336,INACTIVE,21.19
cust-06916,m-007,53,10,12685.06,1268.51,359,AT_RISK,17.45
cust-06919,m-028,100,11,3161.13,287.38,354,INACTIVE,30.67
cust-06920,m-041,10,8,3784.8,473.1,323,RETURNING,6.42
cust-06921,m-001,72,8,576.24,72.03,311,INACTIVE,26.41
cust-06922,m-012,70,9,1526.13,169.57,334,INACTIVE,23.9
cust-06923,m-031,13,7,667.04,95.29,337,RETURNING,7.6
cust-06925,m-040,14,9,1747.39,194.15,359,RETURNING,6.89
cust-06926,m-029,3,12,3557.24,296.44,331,RETURNING,3.21
cust-06927,m-022,22,4,4240.96,1060.24,253,RETURNING,14.66
cust-06928,m-006,24,8,1407.96,176.0,362,RETURNING,9.94
cust-06929,m-046,37,8,4622.78,577.85,270,AT_RISK,16.99
cust-06932,m-016,29,6,1499.21,249.87,303,RETURNING,13.83
cust-06933,m-004,26,7,8970.73,1281.53,361,RETURNING,10.93
cust-06934,m-034,172,9,701.84,77.98,357,INACTIVE,51.04
cust-06935,m-027,102,7,2532.86,361.84,256,INACTIVE,43.44
cust-06938,m-006,33,6,887.84,147.97,336,AT_RISK,14.08
cust-06939,m-009,150,1,61.55,61.55,150,INACTIVE,100.0
cust-06940,m-015,88,6,1134.51,189.08,335,INACTIVE,30.48
cust-06941,m-030,0,12,1957.47,163.12,327,RETURNING,2.31
cust-06942,m-044,62,4,1836.5,459.12,244,INACTIVE,31.31
cust-06944,m-006,8,4,794.3,198.58,364,RETURNING,8.19
cust-06945,m-036,98,6,583.9,97.32,363,INACTIVE,31.21
cust-06946,m-033,1,11,11004.35,1000.4,346,RETURNING,2.79
cust-06947,m-021,30,11,2598.85,236.26,302,RETURNING,12.4
cust-06948,m-017,24,7,2430.29,347.18,301,RETURNING,11.7
cust-06949,m-045,18,8,800.04,100.01,324,RETURNING,8.87
cust-06950,m-017,11,6,3081.95,513.66,363,RETURNING,7.31
cust-06951,m-043,78,6,3910.79,651.8,364,INACTIVE,25.66
cust-06952,m-028,7,11,5463.01,496.64,330,RETURNING,4.61
cust-06953,m-013,68,9,8083.02,898.11,342,INACTIVE,22.83
cust-06954,m-010,38,6,740.91,123.48,363,AT_RISK,14.73
cust-06955,m-021,23,7,2028.41,289.77,275,RETURNING,12.08
cust-06956,m-031,13,9,1048.87,116.54,323,RETURNING,7.01
cust-06957,m-035,4,8,7206.14,900.77,197,RETURNING,5.35
cust-06958,m-020,17,14,1271.11,90.79,249,RETURNING,8.8
cust-06959,m-031,42,5,451.91,90.38,334,AT_RISK,17.54
cust-06960,m-006,8,12,1680.07,140.01,362,RETURNING,4.51
cust-06961,m-026,42,6,818.27,136.38,268,AT_RISK,19.9
cust-06962,m-010,10,9,931.3,103.48,333,RETURNING,5.99
cust-06963,m-025,48,7,9361.8,1337.4,332,AT_RISK,18.16
cust-06964,m-023,35,8,2645.88,330.74,245,AT_RISK,17.56
cust-06965,m-021,27,9,3726.03,414.0,343,RETURNING,10.85
cust-06966,m-047,25,3,307.78,102.59,301,NEW,15.78
cust-06967,m-034,20,6,543.03,90.5,306,RETURNING,10.8
cust-06968,m-047,27,7,371.28,53.04,291,RETURNING,13.0
cust-06969,m-017,228,1,563.22,563.22,228,INACTIVE,100.0
cust-06970,m-016,69,7,1225.54,175.08,350,INACTIVE,23.41
cust-06971,m-045,41,11,1454.52,132.23,278,AT_RISK,17.2
cust-06972,m-005,27,6,1961.74,326.96,357,RETURNING,11.83
cust-06973,m-002,179,4,5276.59,1319.15,341,INACTIVE,58.34
cust-06974,m-008,11,12,12486.17,1040.51,359,RETURNING,5.36
cust-06975,m-029,28,7,2217.26,316.75,331,RETURNING,12.18
cust-06976,m-006,74,5,727.72,145.54,337,INACTIVE,26.89
cust-06977,m-041,23,10,1777.07,177.71,357,RETURNING,9.15
cust-06978,m-031,71,8,849.8,106.22,319,INACTIVE,25.52
cust-06979,m-035,53,5,9250.17,1850.03,269,AT_RISK,24.63
cust-06980,m-024,7,10,2049.64,204.96,348,RETURNING,4.73
cust-06981,m-012,18,16,4156.06,259.75,313,RETURNING,7.5
cust-06982,m-019,124,7,1440.29,205.76,364,INACTIVE,37.72
cust-06983,m-009,58,7,1150.15,164.31,349,AT_RISK,20.32
cust-06984,m-033,87,7,5204.11,743.44,330,INACTIVE,30.03
cust-06985,m-005,19,7,2354.11,336.3,317,RETURNING,9.72
cust-06986,m-024,71,9,7459.64,828.85,332,INACTIVE,24.32
cust-06987,m-018,25,8,825.32,103.16,354,RETURNING,10.38
cust-06988,m-027,27,5,939.83,187.97,340,RETURNING,12.92
cust-06989,m-011,37,9,1360.47,151.16,346,AT_RISK,13.66
cust-06990,m-035,82,9,12081.46,1342.38,359,INACTIVE,25.78
cust-06991,m-043,22,12,11904.92,992.08,342,RETURNING,8.72
cust-06992,m-023,202,2,633.9,316.95,363,INACTIVE,65.49
cust-06993,m-007,28,8,10979.35,1372.42,328,RETURNING,11.84
cust-06994,m-032,28,7,6431.25,918.75,268,RETURNING,14.16
cust-06995,m-018,5,8,1357.13,169.64,317,RETURNING,4.91
cust-06996,m-016,65,8,1511.42,188.93,351,INACTIVE,21.8
cust-06997,m-035,3,8,10136.47,1267.06,356,RETURNING,4.17
cust-06999,m-001,49,6,625.98,104.33,362,AT_RISK,17.78
cust-07000,m-036,39,9,1267.24,140.8,308,AT_RISK,15.62
cust-07001,m-032,37,13,16396.53,1261.27,360,AT_RISK,12.39
cust-07002,m-036,74,9,626.86,69.65,307,INACTIVE,27.03
cust-07004,m-018,4,16,2296.75,143.55,311,LOYAL,3.05
cust-07005,m-010,26,11,1137.1,103.37,355,RETURNING,9.8
cust-07006,m-001,8,7,996.24,142.32,322,RETURNING,6.23
cust-07007,m-032,53,10,10783.85,1078.38,339,AT_RISK,18.32
cust-07008,m-039,22,4,410.74,102.68,324,RETURNING,12.77
cust-07010,m-011,7,9,1313.87,145.99,293,RETURNING,5.38
cust-07011,m-016,1,11,2985.77,271.43,362,RETURNING,2.78
cust-07012,m-008,20,13,18955.59,1458.12,357,RETURNING,7.73
cust-07013,m-015,26,10,1084.4,108.44,342,RETURNING,10.31
cust-07014,m-034,10,8,1030.83,128.85,354,RETURNING,6.15
cust-07015,m-039,39,10,1528.0,152.8,328,AT_RISK,14.58
cust-07016,m-008,7,12,14950.99,1245.92,362,RETURNING,4.24
cust-07017,m-039,0,9,1603.79,178.2,348,RETURNING,3.0
cust-07018,m-022,55,9,17589.45,1954.38,345,AT_RISK,18.9
cust-07019,m-029,1,7,2668.29,381.18,361,RETURNING,4.03
cust-07020,m-033,28,6,4053.33,675.56,264,RETURNING,14.85
cust-07021,m-036,13,11,1420.08,129.1,359,RETURNING,6.11
cust-07022,m-043,45,9,9680.74,1075.64,348,AT_RISK,15.89
cust-07024,m-023,9,8,2885.47,360.68,352,RETURNING,5.88
cust-07025,m-019,60,4,292.68,73.17,261,AT_RISK,28.9
cust-07026,m-018,36,13,1273.54,97.96,362,AT_RISK,12.06
cust-07027,m-009,48,5,473.93,94.79,261,AT_RISK,23.32
cust-07028,m-016,39,7,1240.03,177.15,327,AT_RISK,15.64
cust-07029,m-021,3,11,2772.77,252.07,331,RETURNING,3.4
cust-07030,m-033,3,7,10844.83,1549.26,331,RETURNING,4.65
cust-07031,m-034,45,10,849.07,84.91,314,AT_RISK,17.01
cust-07032,m-042,20,8,708.89,88.61,358,RETURNING,8.9
cust-07033,m-016,2,12,2335.04,194.59,311,RETURNING,2.95
cust-07034,m-033,28,8,6182.38,772.8,359,RETURNING,11.11
cust-07035,m-032,20,9,8703.3,967.03,346,RETURNING,8.76
cust-07037,m-003,41,10,2331.83,233.18,327,AT_RISK,15.23
cust-07038,m-047,60,8,905.13,113.14,341,AT_RISK,20.88
cust-07039,m-046,82,10,1724.37,172.44,360,INACTIVE,25.44
cust-07040,m-034,33,4,494.21,123.55,116,AT_RISK,34.21
cust-07041,m-040,46,14,7260.52,518.61,346,AT_RISK,15.26
cust-07042,m-005,12,7,2698.77,385.54,341,RETURNING,7.26
cust-07043,m-029,7,9,973.78,108.2,200,RETURNING,6.48
cust-07044,m-038,35,9,1347.08,149.68,332,AT_RISK,13.51
cust-07045,m-001,1,8,578.05,72.26,348,RETURNING,3.62
cust-07046,m-024,9,9,3331.74,370.19,299,RETURNING,6.0
cust-07047,m-028,81,9,1849.12,205.46,342,INACTIVE,26.62
cust-07049,m-027,63,4,1003.39,250.85,258,INACTIVE,30.32
cust-07050,m-025,4,11,13924.32,1265.85,324,RETURNING,3.73
cust-07051,m-034,50,11,986.88,89.72,363,AT_RISK,16.24
cust-07052,m-019,172,7,552.84,78.98,356,INACTIVE,51.93
cust-07053,m-031,24,8,1349.45,168.68,356,RETURNING,10.06
cust-07054,m-003,101,7,1602.17,228.88,332,INACTIVE,34.08
cust-07055,m-017,7,7,3648.24,521.18,280,RETURNING,6.24
cust-07056,m-029,14,11,2612.96,237.54,361,RETURNING,6.37
cust-07057,m-027,0,7,1358.36,194.05,317,RETURNING,3.75
cust-07058,m-023,84,3,821.25,273.75,267,INACTIVE,38.84
cust-07059,m-021,30,9,4051.51,450.17,347,RETURNING,11.62
cust-07060,m-001,9,11,963.73,87.61,341,RETURNING,5.13
cust-07061,m-040,26,13,2303.22,177.17,364,RETURNING,9.27
cust-07062,m-021,0,11,3897.12,354.28,362,RETURNING,2.5
cust-07063,m-019,23,18,2277.59,126.53,329,RETURNING,8.55
cust-07064,m-010,8,6,363.17,60.53,364,RETURNING,6.48
cust-07065,m-030,80,13,4256.25,327.4,331,INACTIVE,26.24
cust-07066,m-034,115,9,1177.38,130.82,359,INACTIVE,34.94
cust-07067,m-024,20,9,2416.17,268.46,259,RETURNING,10.69
cust-07068,m-046,21,13,3986.55,306.66,352,RETURNING,8.09
cust-07069,m-020,11,8,1120.4,140.05,330,RETURNING,6.66
cust-07070,m-009,56,9,1337.86,148.65,314,AT_RISK,20.78
cust-07071,m-044,68,7,1843.95,263.42,355,INACTIVE,22.85
cust-07072,m-016,14,5,625.9,125.18,341,RETURNING,9.09
cust-07073,m-044,1,11,4087.59,371.6,336,RETURNING,2.8
cust-07074,m-019,11,9,1204.67,133.85,363,RETURNING,6.02
cust-07076,m-015,98,1,186.12,186.12,98,INACTIVE,100.0
cust-07077,m-018,59,13,1687.39,129.8,341,AT_RISK,19.39
cust-07078,m-045,28,13,1696.66,130.51,300,RETURNING,11.45
cust-07079,m-023,4,16,7299.3,456.21,335,LOYAL,2.96
cust-07080,m-047,63,10,938.57,93.86,306,INACTIVE,23.25
cust-07081,m-007,56,9,9211.52,1023.5,323,AT_RISK,20.28
cust-07082,m-029,25,14,2449.19,174.94,328,RETURNING,9.6
cust-07083,m-032,54,8,7668.85,958.61,295,AT_RISK,21.58
cust-07084,m-036,159,5,625.94,125.19,316,INACTIVE,55.16
cust-07085,m-025,8,13,26208.87,2016.07,346,RETURNING,4.45
cust-07086,m-004,43,7,8642.95,1234.71,331,AT_RISK,16.7
cust-07087,m-010,2,10,1315.24,131.52,348,RETURNING,3.3
cust-07088,m-027,12,6,2233.42,372.24,292,RETURNING,8.38
cust-07089,m-026,25,4,448.5,112.12,328,RETURNING,13.6
cust-07090,m-041,46,9,2701.53,300.17,359,AT_RISK,15.78
cust-07091,m-004,9,7,7660.31,1094.33,332,RETURNING,6.45
cust-07092,m-030,3,7,1393.06,199.01,182,RETURNING,5.39
cust-07093,m-028,7,6,1013.09,168.85,323,RETURNING,6.45
cust-07094,m-029,89,4,1063.31,265.83,339,INACTIVE,32.18
cust-07095,m-024,11,12,2897.27,241.44,332,RETURNING,5.61
cust-07096,m-041,181,6,1634.06,272.34,347,INACTIVE,56.3
cust-07097,m-024,20,14,7558.06,539.86,353,RETURNING,7.65
cust-07098,m-030,2,11,4702.96,427.54,334,RETURNING,3.1
cust-07099,m-009,39,9,994.82,110.54,352,AT_RISK,14.05
cust-07100,m-039,12,7,763.08,109.01,275,RETURNING,8.1
cust-07101,m-043,54,9,8933.71,992.63,331,AT_RISK,19.27
cust-07102,m-028,16,12,4672.27,389.36,335,RETURNING,7.07
cust-07103,m-023,112,8,3510.4,438.8,304,INACTIVE,40.05
cust-07104,m-006,74,5,710.13,142.03,357,INACTIVE,25.67
cust-07105,m-035,25,7,7007.13,1001.02,348,RETURNING,10.91
cust-07106,m-037,154,7,899.87,128.55,298,INACTIVE,55.26
cust-07107,m-031,73,5,406.14,81.23,303,INACTIVE,29.01
cust-07108,m-004,65,5,4500.11,900.02,313,INACTIVE,25.7
cust-07109,m-011,25,11,1240.19,112.74,331,RETURNING,10.03
cust-07110,m-003,10,8,2650.31,331.29,335,RETURNING,6.31
cust-07111,m-007,35,10,11711.41,1171.14,351,AT_RISK,12.67
cust-07112,m-016,104,7,949.31,135.62,359,INACTIVE,32.64
cust-07113,m-019,20,15,2762.78,184.19,364,RETURNING,7.35
cust-07114,m-041,138,2,487.22,243.61,284,INACTIVE,58.42
cust-07115,m-038,13,5,576.59,115.32,238,RETURNING,10.44
cust-07116,m-005,3,10,3697.18,369.72,311,RETURNING,3.69
cust-07117,m-047,24,8,656.63,82.08,289,RETURNING,11.61
cust-07118,m-022,78,14,17300.72,1235.77,363,INACTIVE,23.43
cust-07120,m-046,21,5,1227.13,245.43,339,RETURNING,11.18
cust-07121,m-016,61,8,1571.29,196.41,360,INACTIVE,20.23
cust-07122,m-013,74,9,13222.11,1469.12,358,INACTIVE,23.61
cust-07123,m-002,31,4,6180.34,1545.08,240,AT_RISK,18.86
cust-07124,m-016,4,7,1298.5,185.5,188,RETURNING,5.87
cust-07125,m-033,18,7,7307.45,1043.92,357,RETURNING,8.78
cust-07126,m-005,53,5,1594.95,318.99,288,AT_RISK,23.34
cust-07127,m-007,90,7,8140.2,1162.89,272,INACTIVE,36.72
cust-07128,m-006,88,7,1297.58,185.37,360,INACTIVE,28.13
cust-07129,m-012,40,13,3841.58,295.51,312,AT_RISK,14.92
cust-07130,m-003,50,7,1246.2,178.03,359,AT_RISK,17.64
cust-07131,m-036,44,12,1496.78,124.73,359,AT_RISK,14.53
cust-07132,m-036,180,9,1081.06,120.12,358,INACTIVE,53.14
cust-07133,m-027,8,8,2790.05,348.76,218,RETURNING,6.99
cust-07134,m-021,1,8,3342.47,417.81,331,RETURNING,3.63
cust-07135,m-009,28,3,362.09,120.7,353,NEW,15.41
cust-07136,m-042,59,8,776.91,97.11,333,AT_RISK,21.0
cust-07137,m-024,18,6,1998.24,333.04,268,RETURNING,10.98
cust-07138,m-036,6,7,672.95,96.14,363,RETURNING,5.4
cust-07139,m-031,111,4,371.29,92.82,162,INACTIVE,74.1
cust-07140,m-038,46,5,831.21,166.24,292,AT_RISK,20.7
cust-07141,m-004,13,2,1513.78,756.89,358,NEW,13.62
cust-07142,m-031,91,6,458.18,76.36,303,INACTIVE,34.22
cust-07143,m-021,10,11,4552.0,413.82,306,RETURNING,5.76
cust-07144,m-011,53,6,817.06,136.18,326,AT_RISK,20.49
cust-07145,m-022,8,12,14893.56,1241.13,361,RETURNING,4.52
cust-07146,m-030,10,9,846.01,94.0,357,RETURNING,5.79
cust-07147,m-019,62,8,911.06,113.88,348,INACTIVE,21.1
cust-07149,m-020,27,7,1028.12,146.87,187,RETURNING,18.11
cust-07150,m-031,68,12,1538.24,128.19,331,INACTIVE,22.79
cust-07151,m-027,164,1,218.71,218.71,164,INACTIVE,100.0
cust-07152,m-042,110,10,1180.53,118.05,345,INACTIVE,34.52
cust-07153,m-035,14,12,15584.6,1298.72,347,RETURNING,6.33
cust-07154,m-040,57,9,1593.84,177.09,345,AT_RISK,19.47
cust-07155,m-007,88,12,12490.23,1040.85,353,INACTIVE,27.17
cust-07156,m-033,40,3,2071.83,690.61,277,NEW,21.89
cust-07157,m-044,135,7,1218.79,174.11,330,INACTIVE,44.54
cust-07158,m-006,22,10,1066.53,106.65,258,RETURNING,11.22
cust-07159,m-021,23,5,1502.82,300.56,197,RETURNING,16.62
cust-07160,m-004,23,4,4231.22,1057.8,358,RETURNING,12.41
cust-07161,m-026,29,8,639.24,79.9,295,RETURNING,13.13
cust-07162,m-036,7,10,1390.36,139.04,306,RETURNING,5.01
cust-07163,m-045,3,16,1515.77,94.74,342,LOYAL,2.64
cust-07165,m-002,96,9,7301.36,811.26,329,INACTIVE,32.09
cust-07167,m-024,22,10,5428.0,542.8,324,RETURNING,9.5
cust-07168,m-012,16,18,4418.14,245.45,342,RETURNING,6.24
cust-07171,m-024,0,9,2696.72,299.64,342,RETURNING,3.0
cust-07172,m-003,68,4,1909.59,477.4,295,INACTIVE,28.97
cust-07173,m-009,60,7,759.16,108.45,326,AT_RISK,22.1
cust-07174,m-026,12,9,1042.35,115.82,286,RETURNING,7.18
cust-07175,m-034,169,4,444.61,111.15,355,INACTIVE,53.47
cust-07176,m-031,111,3,782.07,260.69,176,INACTIVE,70.21
cust-07177,m-011,72,7,835.96,119.42,326,INACTIVE,25.77
cust-07178,m-024,115,8,1775.12,221.89,301,INACTIVE,41.41
cust-07179,m-005,51,4,636.98,159.24,136,AT_RISK,43.23
cust-07180,m-027,20,4,1554.26,388.56,135,RETURNING,20.71
cust-07181,m-023,10,9,1711.82,190.2,338,RETURNING,5.95
cust-07182,m-008,40,10,18181.24,1818.12,322,AT_RISK,15.11
cust-07183,m-025,17,5,4020.83,804.17,252,RETURNING,11.72
cust-07184,m-009,92,5,503.64,100.73,351,INACTIVE,31.14
cust-07185,m-042,47,8,566.32,70.79,285,AT_RISK,19.77
cust-07186,m-038,20,10,2142.42,214.24,318,RETURNING,9.0
cust-07187,m-005,67,10,3151.44,315.14,360,INACTIVE,21.29
cust-07188,m-047,35,11,1108.26,100.75,325,AT_RISK,13.24
cust-07189,m-005,6,6,1132.15,188.69,270,RETURNING,6.5
cust-07190,m-012,82,8,2683.47,335.43,302,INACTIVE,30.4
cust-07191,m-021,0,11,4120.63,374.6,357,RETURNING,2.5
cust-07192,m-010,4,9,1082.39,120.27,358,RETURNING,4.11
cust-07193,m-009,51,7,875.99,125.14,336,AT_RISK,18.88
cust-07194,m-015,28,6,918.98,153.16,357,RETURNING,12.11
cust-07195,m-010,12,11,1126.11,102.37,350,RETURNING,5.92
cust-07196,m-005,170,6,2290.7,381.78,364,INACTIVE,50.86
cust-07197,m-007,68,6,4886.66,814.44,337,INACTIVE,24.4
cust-07199,m-014,15,3,1230.78,410.26,241,NEW,13.7
cust-07200,m-028,27,7,1786.77,255.25,292,RETURNING,12.97
cust-07201,m-044,19,7,910.01,130.0,328,RETURNING,9.53
cust-07204,m-018,13,14,1728.3,123.45,347,RETURNING,5.74
cust-07205,m-018,42,11,1085.41,98.67,318,AT_RISK,15.67
cust-07208,m-045,0,6,472.12,78.69,110,RETURNING,4.29
cust-07209,m-031,62,9,917.28,101.92,344,INACTIVE,20.97
cust-07210,m-026,2,9,1151.17,127.91,345,RETURNING,3.58
cust-07211,m-040,47,13,3977.07,305.93,311,AT_RISK,17.21
cust-07212,m-039,6,7,1193.88,170.55,259,RETURNING,6.06
cust-07213,m-018,2,3,296.01,98.67,173,NEW,8.65
cust-07214,m-026,4,9,1036.19,115.13,361,RETURNING,4.1
cust-07215,m-005,18,6,1990.76,331.79,329,RETURNING,9.74
cust-07216,m-003,99,8,3831.71,478.96,334,INACTIVE,32.89
cust-07217,m-033,13,5,9027.15,1805.43,250,RETURNING,10.18
cust-07218,m-006,0,10,1308.79,130.88,330,RETURNING,2.73
cust-07219,m-039,9,12,1458.67,121.56,364,RETURNING,4.77
cust-07220,m-012,3,12,4599.81,383.32,350,RETURNING,3.16
cust-07221,m-045,7,8,1023.18,127.9,260,RETURNING,6.02
cust-07222,m-012,9,11,3606.66,327.88,331,RETURNING,5.21
cust-07223,m-012,40,9,2307.73,256.41,352,AT_RISK,14.33
cust-07224,m-021,19,10,3864.52,386.45,270,RETURNING,9.74
cust-07225,m-044,3,8,2401.02,300.13,346,RETURNING,4.2
cust-07226,m-003,14,11,2978.31,270.76,355,RETURNING,6.43
cust-07227,m-042,14,11,1066.13,96.92,360,RETURNING,6.38
cust-07228,m-022,81,9,8269.59,918.84,353,INACTIVE,25.88
cust-07229,m-042,36,13,1719.92,132.3,354,AT_RISK,12.28
cust-07230,m-032,12,11,10562.04,960.19,359,RETURNING,5.83
cust-07231,m-012,111,12,4497.1,374.76,331,INACTIVE,35.74
cust-07232,m-015,4,16,1941.41,121.34,328,LOYAL,2.98
cust-07233,m-038,45,4,964.08,241.02,185,AT_RISK,30.19
cust-07234,m-041,7,9,2953.28,328.14,309,RETURNING,5.26
cust-07235,m-031,43,8,822.01,102.75,320,AT_RISK,16.73
cust-07236,m-037,69,9,900.91,100.1,363,INACTIVE,21.96
cust-07237,m-009,36,10,1561.71,156.17,361,AT_RISK,12.67
cust-07238,m-016,31,9,1490.49,165.61,348,AT_RISK,11.88
cust-07239,m-014,33,4,4304.75,1076.19,226,AT_RISK,20.54
cust-07240,m-036,47,9,1417.67,157.52,333,AT_RISK,17.07
cust-07241,m-015,97,8,1017.59,127.2,329,INACTIVE,32.73
cust-07242,m-042,68,12,1288.55,107.38,236,INACTIVE,31.0
cust-07243,m-005,15,7,2206.33,315.19,351,RETURNING,8.01
cust-07244,m-020,46,9,927.37,103.04,316,AT_RISK,17.51
cust-07245,m-001,63,8,632.12,79.02,331,INACTIVE,22.31
cust-07246,m-015,15,10,1056.48,105.65,335,RETURNING,7.19
cust-07247,m-043,16,4,3074.33,768.58,211,RETURNING,13.55
cust-07248,m-021,7,8,1847.68,230.96,317,RETURNING,5.53
cust-07249,m-015,8,8,1658.21,207.28,266,RETURNING,6.33
cust-07250,m-017,26,7,2838.9,405.56,277,RETURNING,13.1
cust-07251,m-036,29,10,927.93,92.79,234,RETURNING,15.07
cust-07252,m-009,12,12,2091.43,174.29,325,RETURNING,5.99
cust-07253,m-022,2,12,12617.38,1051.45,330,RETURNING,2.91
cust-07254,m-024,158,11,1474.09,134.01,364,INACTIVE,45.79
cust-07255,m-003,11,8,2017.91,252.24,345,RETURNING,6.51
cust-07256,m-042,41,9,738.97,82.11,361,AT_RISK,14.33
cust-07257,m-037,11,3,223.5,74.5,295,NEW,11.22
cust-07258,m-022,58,10,232187.9,23218.79,354,AT_RISK,19.07
cust-07259,m-008,2,12,14931.02,1244.25,341,RETURNING,2.89
cust-07260,m-040,13,7,3101.91,443.13,270,RETURNING,8.55
cust-07261,m-042,7,8,1126.03,140.75,325,RETURNING,5.48
cust-07262,m-004,143,5,4200.57,840.11,309,INACTIVE,51.13
cust-07263,m-010,12,9,937.75,104.19,337,RETURNING,6.55
cust-07264,m-020,233,6,653.2,108.87,362,INACTIVE,68.47
cust-07265,m-021,15,9,2731.18,303.46,355,RETURNING,7.21
cust-07266,m-022,9,7,13434.45,1919.21,251,RETURNING,7.32
cust-07267,m-002,1,8,11032.54,1379.07,290,RETURNING,3.68
cust-07268,m-036,13,8,1221.32,152.67,337,RETURNING,7.18
cust-07269,m-035,2,8,9414.67,1176.83,354,RETURNING,3.9
cust-07270,m-021,49,7,2935.01,419.29,306,AT_RISK,19.71
cust-07271,m-047,28,7,630.13,90.02,212,RETURNING,16.9
cust-07272,m-004,89,6,7263.38,1210.56,344,INACTIVE,30.08
cust-07273,m-031,93,7,843.76,120.54,338,INACTIVE,31.18
cust-07274,m-026,98,6,876.93,146.16,328,INACTIVE,34.07
cust-07275,m-016,12,7,1336.48,190.93,343,RETURNING,7.24
cust-07276,m-003,39,8,2437.84,304.73,262,AT_RISK,18.16
cust-07277,m-031,124,8,904.88,113.11,357,INACTIVE,37.97
cust-07278,m-020,187,8,920.15,115.02,333,INACTIVE,59.32
cust-07279,m-003,12,9,2707.31,300.81,277,RETURNING,7.32
cust-07280,m-040,72,8,681.21,85.15,269,INACTIVE,30.0
cust-07281,m-023,8,11,4240.84,385.53,358,RETURNING,4.73
cust-07282,m-039,92,6,569.56,94.93,271,INACTIVE,38.11
cust-07283,m-028,57,7,3035.12,433.59,350,AT_RISK,19.99
cust-07284,m-022,39,8,9058.54,1132.32,344,AT_RISK,14.64
cust-07285,m-023,36,10,2949.8,294.98,327,AT_RISK,13.7
cust-07286,m-008,74,9,14316.06,1590.67,363,INACTIVE,23.33
cust-07287,m-007,39,8,8367.51,1045.94,342,AT_RISK,14.7
cust-07288,m-041,115,4,725.14,181.29,359,INACTIVE,37.94
cust-07290,m-038,2,8,1193.54,149.19,341,RETURNING,3.92
cust-07291,m-025,15,6,7169.96,1194.99,349,RETURNING,8.57
cust-07292,m-038,24,3,404.84,134.95,335,NEW,14.64
cust-07293,m-044,61,7,1471.68,210.24,299,INACTIVE,24.08
cust-07296,m-030,8,11,4374.18,397.65,314,RETURNING,5.04
cust-07297,m-020,1,12,879.42,73.28,260,RETURNING,2.69
cust-07298,m-017,61,6,1561.59,260.27,331,INACTIVE,22.66
cust-07300,m-031,26,11,1159.71,105.43,335,RETURNING,10.24
cust-07301,m-031,7,10,1179.53,117.95,349,RETURNING,4.73
cust-07302,m-010,95,8,479.17,59.9,316,INACTIVE,33.3
cust-07303,m-028,94,3,1025.42,341.81,276,INACTIVE,41.44
cust-07304,m-030,15,7,1476.78,210.97,288,RETURNING,8.94
cust-07305,m-038,20,9,1278.25,142.03,362,RETURNING,8.51
cust-07306,m-009,111,12,1155.27,96.27,339,INACTIVE,34.95
cust-07307,m-028,183,5,1559.77,311.95,320,INACTIVE,62.01
cust-07309,m-028,8,8,3483.54,435.44,351,RETURNING,5.61
cust-07310,m-020,16,12,1282.38,106.86,314,RETURNING,7.39
cust-07311,m-023,63,12,4432.04,369.34,362,INACTIVE,19.66
cust-07312,m-006,93,8,1416.81,177.1,299,INACTIVE,34.33
cust-07313,m-041,6,9,692.23,76.91,330,RETURNING,4.81
cust-07314,m-009,0,8,964.38,120.55,352,RETURNING,3.33
cust-07317,m-001,26,11,1555.2,141.38,325,RETURNING,10.48
cust-07318,m-029,68,17,4582.03,269.53,355,INACTIVE,20.77
cust-07319,m-046,5,10,3737.9,373.79,355,RETURNING,4.13
cust-07320,m-032,137,6,5546.27,924.38,358,INACTIVE,42.45
cust-07321,m-042,6,7,594.66,84.95,320,RETURNING,5.62
cust-07322,m-035,0,11,14842.0,1349.27,332,RETURNING,2.5
cust-07323,m-035,98,11,11597.74,1054.34,339,INACTIVE,31.32
cust-07324,m-024,70,4,715.31,178.83,170,INACTIVE,46.94
cust-07325,m-023,39,6,2185.96,364.33,266,AT_RISK,18.89
cust-07326,m-009,4,8,871.84,108.98,302,RETURNING,4.65
cust-07327,m-038,18,7,931.8,133.11,350,RETURNING,8.88
cust-07328,m-044,14,5,1139.86,227.97,354,RETURNING,8.94
cust-07329,m-007,68,4,3799.09,949.77,260,INACTIVE,32.05
cust-07330,m-034,74,5,587.51,117.5,329,INACTIVE,27.42
cust-07331,m-031,5,6,455.63,75.94,234,RETURNING,6.41
cust-07333,m-020,27,14,1132.15,80.87,350,RETURNING,9.69
cust-07334,m-040,31,9,3280.07,364.45,364,AT_RISK,11.49
cust-07335,m-037,12,8,572.78,71.6,311,RETURNING,7.18
cust-07336,m-045,7,5,573.6,114.72,337,RETURNING,7.07
cust-07337,m-016,5,9,1898.14,210.9,283,RETURNING,4.76
cust-07338,m-007,7,7,8284.62,1183.52,327,RETURNING,5.88
cust-07339,m-042,23,5,393.58,78.72,266,RETURNING,13.61
cust-07340,m-004,8,10,12960.8,1296.08,196,RETURNING,6.79
cust-07341,m-038,27,7,793.18,113.31,348,RETURNING,11.49
cust-07342,m-044,78,4,1691.51,422.88,364,INACTIVE,27.37
cust-07343,m-034,20,12,993.93,82.83,347,RETURNING,8.05
cust-07344,m-020,32,7,982.03,140.29,331,AT_RISK,13.39
cust-07345,m-047,22,11,682.54,62.05,355,RETURNING,8.68
cust-07346,m-037,134,3,368.37,122.79,338,INACTIVE,47.03
cust-07347,m-023,3,12,2206.4,183.87,291,RETURNING,3.34
cust-07348,m-018,158,7,429.31,61.33,339,INACTIVE,50.22
cust-07349,m-026,1,11,1397.95,127.09,346,RETURNING,2.79
cust-07350,m-033,21,10,14349.87,1434.99,347,RETURNING,8.76
cust-07351,m-034,32,11,1395.63,126.88,331,AT_RISK,12.14
cust-07352,m-032,1,4,5302.13,1325.53,343,RETURNING,6.29
cust-07353,m-029,87,5,1934.81,386.96,250,INACTIVE,39.66
cust-07354,m-025,1,5,8287.39,1657.48,293,RETURNING,5.34
cust-07355,m-015,4,5,784.82,156.96,307,RETURNING,6.3
cust-07356,m-002,13,6,7426.67,1237.78,355,RETURNING,7.94
cust-07357,m-005,5,12,3065.68,255.47,340,RETURNING,3.77
cust-07358,m-004,254,3,5226.01,1742.0,331,INACTIVE,84.01
cust-07359,m-040,50,7,3532.09,504.58,358,AT_RISK,17.68
cust-07360,m-038,3,9,2126.91,236.32,352,RETURNING,3.85
cust-07361,m-008,31,13,12428.31,956.02,362,AT_RISK,10.68
cust-07362,m-006,59,9,1691.97,188.0,320,AT_RISK,21.38
cust-07363,m-045,55,8,903.81,112.98,310,AT_RISK,21.02
cust-07364,m-027,23,2,332.51,166.26,137,NEW,26.67
cust-07365,m-045,16,8,1073.69,134.21,355,RETURNING,7.83
cust-07366,m-041,4,10,3487.27,348.73,363,RETURNING,3.83
cust-07367,m-011,70,9,1044.7,116.08,331,INACTIVE,24.08
cust-07368,m-047,326,1,149.64,149.64,326,INACTIVE,100.0
cust-07369,m-034,87,10,964.38,96.44,355,INACTIVE,27.17
cust-07370,m-011,95,11,1436.35,130.58,359,INACTIVE,28.89
cust-07371,m-035,123,7,9565.98,1366.57,335,INACTIVE,40.36
cust-07372,m-046,19,11,4118.96,374.45,331,RETURNING,8.22
cust-07374,m-041,2,8,3121.33,390.17,302,RETURNING,3.99
cust-07376,m-028,38,3,1087.83,362.61,271,NEW,21.47
cust-07377,m-025,32,7,12114.79,1730.68,291,AT_RISK,14.71
cust-07378,m-012,10,8,1804.77,225.6,338,RETURNING,6.28
cust-07379,m-017,39,3,263.79,87.93,247,NEW,23.23
cust-07381,m-032,53,11,11280.33,1025.48,331,AT_RISK,18.46
cust-07382,m-007,46,6,4339.63,723.27,312,AT_RISK,18.98
cust-07383,m-032,1,4,3864.33,966.08,326,RETURNING,6.31
cust-07384,m-026,18,10,943.31,94.33,358,RETURNING,7.74
cust-07385,m-018,44,7,1511.01,215.86,327,AT_RISK,17.16
cust-07387,m-035,10,10,12338.37,1233.84,269,RETURNING,6.43
cust-07388,m-015,59,11,999.33,90.85,340,AT_RISK,19.8
cust-07389,m-017,65,9,1765.93,196.21,257,INACTIVE,28.19
cust-07390,m-027,95,11,2765.43,251.4,360,INACTIVE,28.82
cust-07391,m-029,6,11,2998.88,272.63,359,RETURNING,4.17
cust-07392,m-028,52,5,390.29,78.06,314,AT_RISK,21.51
cust-07393,m-031,40,9,1430.03,158.89,343,AT_RISK,14.63
cust-07394,m-027,39,7,3065.92,437.99,348,AT_RISK,14.92
cust-07395,m-006,108,6,988.97,164.83,333,INACTIVE,36.62
cust-07396,m-045,61,11,1506.59,136.96,350,INACTIVE,19.88
cust-07397,m-029,31,9,2671.44,296.83,346,AT_RISK,11.93
cust-07398,m-024,20,10,2065.94,206.59,259,RETURNING,10.42
cust-07399,m-031,149,5,519.38,103.88,343,INACTIVE,48.31
cust-07400,m-047,44,6,573.56,95.59,327,AT_RISK,17.7
cust-07401,m-017,71,6,1794.01,299.0,236,INACTIVE,34.24
cust-07402,m-011,21,9,895.81,99.53,316,RETURNING,9.62
cust-07403,m-015,18,12,1626.37,135.53,338,RETURNING,7.62
cust-07404,m-044,54,4,1146.09,286.52,248,AT_RISK,27.69
cust-07405,m-018,77,6,584.37,97.4,317,INACTIVE,28.5
cust-07406,m-002,61,7,6022.94,860.42,332,INACTIVE,22.07
cust-07407,m-004,29,7,12580.95,1797.28,345,RETURNING,12.13
cust-07408,m-003,295,2,791.68,395.84,357,INACTIVE,92.4
cust-07409,m-011,27,8,1165.19,145.65,329,RETURNING,11.52
cust-07410,m-015,7,4,642.53,160.63,327,RETURNING,8.13
cust-07411,m-008,6,14,15679.42,1119.96,333,RETURNING,3.8
cust-07412,m-037,97,10,797.88,79.79,334,INACTIVE,31.68
cust-07413,m-009,78,7,518.42,74.06,363,INACTIVE,25.18
cust-07414,m-010,55,4,1400.69,350.17,310,AT_RISK,23.68
cust-07415,m-003,33,5,3646.56,729.31,304,AT_RISK,15.82
cust-07416,m-029,54,10,2007.36,200.74,322,AT_RISK,19.45
cust-07417,m-007,88,8,10614.75,1326.84,311,INACTIVE,31.54
cust-07418,m-041,154,4,1987.89,496.97,247,INACTIVE,68.1
cust-07419,m-019,3,4,787.16,196.79,330,RETURNING,6.91
cust-07420,m-018,23,11,1345.97,122.36,354,RETURNING,8.98
cust-07421,m-046,29,14,6338.55,452.75,352,RETURNING,10.22
cust-07422,m-037,27,10,1675.44,167.54,321,RETURNING,11.11
cust-07423,m-019,39,10,1047.15,104.72,302,AT_RISK,15.6
cust-07424,m-017,69,12,3569.39,297.45,364,INACTIVE,21.21
cust-07425,m-002,20,5,5063.72,1012.74,344,RETURNING,10.8
cust-07426,m-001,47,12,1162.43,96.87,359,AT_RISK,15.36
cust-07427,m-021,9,11,4855.02,441.37,356,RETURNING,5.02
cust-07429,m-025,25,5,6117.27,1223.45,311,RETURNING,13.01
cust-07430,m-011,23,8,900.84,112.6,340,RETURNING,10.08
cust-07431,m-009,3,10,1336.77,133.68,326,RETURNING,3.64
cust-07432,m-013,25,14,18545.59,1324.68,359,RETURNING,8.94
cust-07433,m-036,55,8,979.72,122.46,273,AT_RISK,23.41
cust-07434,m-014,69,5,5184.33,1036.87,348,INACTIVE,24.77
cust-07435,m-033,1,9,8642.97,960.33,346,RETURNING,3.29
cust-07436,m-002,17,1,2972.2,2972.2,17,NEW,100.0
cust-07437,m-022,15,8,7378.22,922.28,354,RETURNING,7.56
cust-07438,m-027,1,7,1662.59,237.51,354,RETURNING,4.03
cust-07439,m-017,47,7,2659.89,379.98,362,AT_RISK,16.7
cust-07440,m-037,28,10,1312.47,131.25,346,RETURNING,10.8
cust-07441,m-025,78,4,3261.81,815.45,357,INACTIVE,27.79
cust-07442,m-006,1,9,1350.23,150.03,263,RETURNING,3.38
cust-07443,m-040,1,6,906.84,151.14,265,RETURNING,4.66
cust-07444,m-005,88,5,1541.99,308.4,320,INACTIVE,32.41
cust-07445,m-028,4,10,3561.01,356.1,342,RETURNING,3.89
cust-07446,m-043,65,7,7157.04,1022.43,332,INACTIVE,23.27
cust-07447,m-036,6,8,730.83,91.35,328,RETURNING,5.16
cust-07448,m-019,38,8,953.3,119.16,321,AT_RISK,15.13
cust-07449,m-036,54,6,567.77,94.63,358,AT_RISK,19.33
cust-07451,m-016,4,6,1754.95,292.49,359,RETURNING,5.4
cust-07452,m-043,3,10,14818.5,1481.85,315,RETURNING,3.68
cust-07453,m-047,239,3,308.71,102.9,268,INACTIVE,96.35
cust-07455,m-033,1,3,4043.66,1347.89,40,NEW,9.94
cust-07456,m-003,0,8,3048.67,381.08,360,RETURNING,3.33
cust-07457,m-028,48,7,1384.13,197.73,358,AT_RISK,17.12
cust-07458,m-013,23,12,14904.55,1242.05,296,RETURNING,10.05
cust-07459,m-013,22,13,17910.42,1377.72,342,RETURNING,8.56
cust-07460,m-035,87,7,6411.07,915.87,327,INACTIVE,30.27
cust-07461,m-007,1,7,7600.37,1085.77,345,RETURNING,4.04
cust-07462,m-033,97,7,10220.31,1460.04,344,INACTIVE,31.87
cust-07463,m-034,41,11,744.15,67.65,344,AT_RISK,14.38
cust-07464,m-025,97,6,7225.78,1204.3,346,INACTIVE,32.24
cust-07465,m-011,28,13,1270.43,97.73,347,RETURNING,10.19
cust-07466,m-035,14,10,8125.99,812.6,243,RETURNING,8.46
cust-07467,m-035,33,7,7508.24,1072.61,351,AT_RISK,13.12
cust-07468,m-019,11,13,1197.92,92.15,350,RETURNING,5.28
cust-07469,m-001,40,12,1286.31,107.19,343,AT_RISK,13.94
cust-07470,m-017,74,11,1919.49,174.5,354,INACTIVE,23.35
cust-07471,m-017,101,4,2056.89,514.22,275,INACTIVE,42.59
cust-07472,m-035,51,9,8344.97,927.22,331,AT_RISK,18.36
cust-07473,m-045,14,3,220.12,73.37,129,NEW,18.27
cust-07474,m-007,66,7,6284.95,897.85,343,INACTIVE,22.94
cust-07475,m-046,18,7,1672.27,238.9,357,RETURNING,8.78
cust-07476,m-041,14,7,1711.01,244.43,351,RETURNING,7.73
cust-07477,m-032,3,9,10578.13,1175.35,326,RETURNING,3.92
cust-07478,m-042,44,16,1598.45,99.9,353,AT_RISK,14.19
cust-07479,m-027,74,2,310.84,155.42,200,INACTIVE,46.82
cust-07480,m-021,5,12,3849.25,320.77,350,RETURNING,3.73
cust-07481,m-046,32,9,2983.54,331.5,263,AT_RISK,15.12
cust-07482,m-022,38,10,11326.59,1132.66,242,AT_RISK,18.37
cust-07483,m-047,11,6,986.16,164.36,233,RETURNING,8.99
cust-07484,m-029,16,6,1980.81,330.14,336,RETURNING,9.03
cust-07485,m-027,113,4,1758.22,439.56,364,INACTIVE,36.96
cust-07486,m-034,28,11,1423.57,129.42,348,RETURNING,10.52
cust-07487,m-029,0,11,2788.02,253.46,361,RETURNING,2.5
cust-07488,m-040,1,9,3224.72,358.3,351,RETURNING,3.28
cust-07489,m-009,263,5,709.99,142.0,332,INACTIVE,83.98
cust-07490,m-036,0,13,1891.63,145.51,355,RETURNING,2.14
cust-07491,m-039,104,6,1055.73,175.96,334,INACTIVE,35.33
cust-07492,m-018,6,8,1076.03,134.5,272,RETURNING,5.53
cust-07493,m-007,20,13,16353.69,1257.98,326,RETURNING,8.26
cust-07494,m-043,63,5,3324.48,664.9,331,INACTIVE,23.98
cust-07495,m-035,89,14,18458.74,1318.48,318,INACTIVE,29.9
cust-07496,m-042,6,11,1101.79,100.16,292,RETURNING,4.55
cust-07497,m-027,4,11,4230.25,384.57,313,RETURNING,3.77
cust-07498,m-032,80,8,7614.55,951.82,301,INACTIVE,29.82
cust-07499,m-032,94,7,8896.56,1270.94,296,INACTIVE,35.4
cust-07500,m-010,6,10,643.0,64.3,320,RETURNING,4.6
cust-07501,m-004,67,9,14254.11,1583.79,310,INACTIVE,24.54
cust-07502,m-041,5,5,1081.42,216.28,333,RETURNING,6.5
cust-07503,m-003,74,4,2338.42,584.6,354,INACTIVE,26.85
cust-07504,m-026,23,6,760.0,126.67,332,RETURNING,11.19
cust-07505,m-047,50,6,541.88,90.31,347,AT_RISK,18.65
cust-07506,m-026,3,8,872.75,109.09,358,RETURNING,4.17
cust-07507,m-042,25,14,1187.78,84.84,343,RETURNING,9.27
cust-07508,m-033,4,11,9171.34,833.76,363,RETURNING,3.6
cust-07509,m-011,50,10,779.89,77.99,336,AT_RISK,17.56
cust-07510,m-003,71,8,3242.7,405.34,343,INACTIVE,23.97
cust-07511,m-008,1,9,14534.46,1614.94,340,RETURNING,3.29
cust-07512,m-003,12,5,3878.5,775.7,300,RETURNING,8.99
cust-07513,m-017,85,5,1339.9,267.98,338,INACTIVE,30.07
cust-07514,m-027,39,3,985.27,328.42,302,NEW,20.37
cust-07515,m-019,5,8,907.27,113.41,361,RETURNING,4.71
cust-07516,m-001,10,12,1632.64,136.05,329,RETURNING,5.34
cust-07517,m-036,81,12,1875.74,156.31,338,INACTIVE,26.2
cust-07518,m-036,27,8,626.41,78.3,312,RETURNING,11.96
cust-07519,m-005,18,6,2366.73,394.46,260,RETURNING,11.18
cust-07520,m-004,39,2,4293.58,2146.79,247,NEW,25.73
cust-07521,m-009,67,10,2033.76,203.38,355,INACTIVE,21.55
cust-07522,m-015,20,9,995.21,110.58,348,RETURNING,8.73
cust-07523,m-028,80,8,3237.68,404.71,337,INACTIVE,27.0
cust-07524,m-030,68,8,1866.97,233.37,341,INACTIVE,23.22
cust-07525,m-010,6,7,735.84,105.12,356,RETURNING,5.43
cust-07526,m-027,110,8,2175.05,271.88,308,INACTIVE,38.93
cust-07527,m-037,22,7,452.71,64.67,345,RETURNING,10.11
cust-07528,m-011,32,8,929.83,116.23,268,AT_RISK,15.23
cust-07529,m-008,82,14,21231.51,1516.54,353,INACTIVE,25.16
cust-07530,m-039,8,9,1420.39,157.82,319,RETURNING,5.5
cust-07531,m-005,12,11,4301.12,391.01,362,RETURNING,5.81
cust-07532,m-037,39,4,201.18,50.3,364,AT_RISK,16.68
cust-07533,m-044,100,4,1080.61,270.15,228,INACTIVE,49.67
cust-07534,m-019,15,11,861.06,78.28,347,RETURNING,6.81
cust-07536,m-022,29,4,4674.54,1168.64,346,RETURNING,14.36
cust-07538,m-031,66,9,701.31,77.92,352,INACTIVE,21.7
cust-07539,m-005,110,10,3634.18,363.42,340,INACTIVE,34.99
cust-07540,m-041,9,9,2075.0,230.56,362,RETURNING,5.48
cust-07541,m-017,46,12,3834.79,319.57,332,AT_RISK,16.12
cust-07542,m-030,16,14,3619.29,258.52,341,RETURNING,6.68
cust-07543,m-040,1,11,2774.61,252.24,355,RETURNING,2.78
cust-07544,m-025,26,9,11211.31,1245.7,285,RETURNING,12.09
cust-07545,m-046,0,11,3136.81,285.16,348,RETURNING,2.5
cust-07546,m-001,45,14,1489.52,106.39,311,AT_RISK,16.42
cust-07547,m-031,54,5,621.18,124.24,123,AT_RISK,48.55
cust-07548,m-032,18,9,9408.93,1045.44,313,RETURNING,8.73
cust-07549,m-038,32,10,2367.43,236.74,355,AT_RISK,11.72
cust-07550,m-034,48,9,1064.69,118.3,354,AT_RISK,16.52
cust-07551,m-044,4,5,825.57,165.11,312,RETURNING,6.28
cust-07552,m-011,15,11,1209.96,110.0,336,RETURNING,6.95
cust-07553,m-023,24,10,1817.82,181.78,306,RETURNING,10.54
cust-07554,m-019,63,10,985.01,98.5,348,INACTIVE,20.78
cust-07555,m-022,30,13,15106.24,1162.02,358,RETURNING,10.5
cust-07557,m-022,27,7,5926.09,846.58,235,RETURNING,15.19
cust-07558,m-024,19,2,326.86,163.43,190,NEW,19.95
cust-07559,m-011,23,6,816.44,136.07,357,RETURNING,10.71
cust-07560,m-023,73,9,1518.15,168.68,347,INACTIVE,23.98
cust-07561,m-008,26,10,13841.81,1384.18,339,RETURNING,10.37
cust-07562,m-027,166,6,1782.33,297.06,364,INACTIVE,49.77
cust-07563,m-025,4,4,1860.7,465.17,242,RETURNING,7.65
cust-07564,m-011,0,13,1502.7,115.59,326,RETURNING,2.14
cust-07565,m-033,179,7,9096.71,1299.53,360,INACTIVE,53.33
cust-07567,m-009,9,8,697.98,87.25,325,RETURNING,6.09
cust-07568,m-047,67,6,452.55,75.42,255,INACTIVE,30.46
cust-07569,m-008,109,12,14985.88,1248.82,364,INACTIVE,32.17
cust-07570,m-044,19,11,3106.41,282.4,348,RETURNING,7.94
cust-07571,m-013,67,8,8375.04,1046.88,299,INACTIVE,25.67
cust-07572,m-043,3,12,9297.58,774.8,350,RETURNING,3.16
cust-07573,m-022,3,12,13683.47,1140.29,358,RETURNING,3.14
cust-07574,m-010,1,15,1876.38,125.09,351,LOYAL,2.16
cust-07575,m-042,21,12,1084.42,90.37,358,RETURNING,8.16
cust-07576,m-038,34,9,1085.03,120.56,317,AT_RISK,13.69
cust-07577,m-040,88,7,1741.46,248.78,363,INACTIVE,27.93
cust-07578,m-006,34,6,910.95,151.83,318,AT_RISK,14.94
cust-07580,m-030,187,5,1846.97,369.39,338,INACTIVE,60.16
cust-07582,m-042,33,9,1034.31,114.92,360,AT_RISK,12.14
cust-07583,m-028,33,8,2135.22,266.9,332,AT_RISK,13.24
cust-07584,m-004,11,2,1214.84,607.42,284,NEW,13.86
cust-07585,m-020,115,4,559.86,139.96,357,INACTIVE,38.12
cust-07586,m-015,10,6,485.44,80.91,358,RETURNING,7.07
cust-07587,m-011,6,11,1268.18,115.29,335,RETURNING,4.29
cust-07588,m-027,13,7,2234.93,319.28,333,RETURNING,7.64
cust-07589,m-023,38,8,1451.69,181.46,287,AT_RISK,16.53
cust-07590,m-026,4,11,1879.07,170.82,352,RETURNING,3.63
cust-07591,m-037,10,6,905.32,150.89,208,RETURNING,9.07
cust-07592,m-044,36,9,3626.41,402.93,331,AT_RISK,13.84
cust-07593,m-039,7,10,1412.16,141.22,359,RETURNING,4.67
cust-07594,m-025,61,9,10218.11,1135.35,346,INACTIVE,20.58
cust-07595,m-005,24,9,2281.92,253.55,364,RETURNING,9.58
cust-07596,m-043,33,10,6506.8,650.68,265,AT_RISK,15.13
cust-07597,m-035,35,6,9592.8,1598.8,326,AT_RISK,14.99
cust-07598,m-040,18,7,1202.82,171.83,283,RETURNING,10.09
cust-07599,m-029,9,14,4117.33,294.09,310,RETURNING,4.89
cust-07600,m-046,59,8,1553.15,194.14,358,AT_RISK,19.77
cust-07601,m-023,32,6,1435.91,239.32,330,AT_RISK,13.95
cust-07602,m-010,33,6,654.74,109.12,304,AT_RISK,15.11
cust-07603,m-034,11,19,1882.58,99.08,318,LOYAL,4.95
cust-07604,m-019,25,4,299.2,74.8,213,RETURNING,17.68
cust-07605,m-006,50,4,691.68,172.92,316,AT_RISK,21.77
cust-07606,m-014,33,3,2726.2,908.73,359,NEW,16.67
cust-07607,m-035,69,6,6312.29,1052.05,353,INACTIVE,23.78
cust-07608,m-033,27,5,4148.41,829.68,355,RETURNING,12.58
cust-07609,m-018,5,13,1386.39,106.65,361,RETURNING,3.52
cust-07610,m-039,18,8,849.26,106.16,349,RETURNING,8.48
cust-07611,m-022,87,13,27255.43,2096.57,354,INACTIVE,26.65
cust-07612,m-032,29,8,8728.68,1091.08,309,RETURNING,12.69
cust-07613,m-035,103,11,49854.05,4532.19,329,INACTIVE,33.71
cust-07614,m-004,34,4,4013.22,1003.3,292,AT_RISK,17.6
cust-07615,m-006,73,11,1472.59,133.87,357,INACTIVE,22.89
cust-07617,m-027,42,9,2836.09,315.12,338,AT_RISK,15.39
cust-07618,m-023,6,12,3531.76,294.31,341,RETURNING,4.06
cust-07619,m-031,40,6,1415.32,235.89,355,AT_RISK,15.52
cust-07620,m-031,179,2,206.53,103.26,180,INACTIVE,100.0
cust-07621,m-006,23,9,1380.0,153.33,290,RETURNING,10.9
cust-07622,m-023,19,7,1028.32,146.9,295,RETURNING,10.17
cust-07623,m-020,44,7,1030.77,147.25,327,AT_RISK,17.16
cust-07624,m-007,58,7,7375.63,1053.66,356,AT_RISK,20.0
cust-07625,m-024,48,3,852.14,284.05,204,INACTIVE,30.91
cust-07626,m-026,16,10,1101.56,110.16,352,RETURNING,7.26
cust-07628,m-037,15,9,686.89,76.32,265,RETURNING,8.64
cust-07629,m-040,1,9,5302.88,589.21,341,RETURNING,3.29
cust-07630,m-018,246,4,578.12,144.53,316,INACTIVE,83.6
cust-07631,m-041,38,7,1436.56,205.22,348,AT_RISK,14.64
cust-07632,m-026,55,3,283.97,94.66,280,INACTIVE,27.07
cust-07633,m-014,7,9,8784.96,976.11,211,RETURNING,6.3
cust-07634,m-014,64,6,7577.71,1262.95,362,INACTIVE,21.92
cust-07635,m-016,100,8,2331.11,291.39,310,INACTIVE,35.49
cust-07636,m-046,11,8,2019.44,252.43,341,RETURNING,6.55
cust-07638,m-028,1,6,1486.35,247.72,298,RETURNING,4.62
cust-07639,m-002,45,6,12504.32,2084.05,330,AT_RISK,17.88
cust-07640,m-047,16,5,588.84,117.77,354,RETURNING,9.51
cust-07641,m-003,11,7,4764.64,680.66,361,RETURNING,6.79
cust-07642,m-024,28,8,2378.02,297.25,325,RETURNING,11.92
cust-07644,m-030,16,11,3503.93,318.54,358,RETURNING,6.96
cust-07645,m-035,11,11,11848.66,1077.15,348,RETURNING,5.65
cust-07646,m-043,8,9,10152.46,1128.05,331,RETURNING,5.41
cust-07647,m-024,104,7,1278.13,182.59,268,INACTIVE,42.41
cust-07649,m-035,74,8,8810.63,1101.33,347,INACTIVE,24.6
cust-07650,m-016,114,5,722.34,144.47,307,INACTIVE,42.01
cust-07651,m-002,116,6,9958.15,1659.69,354,INACTIVE,36.96
cust-07653,m-040,16,13,3535.7,271.98,354,RETURNING,6.65
cust-07654,m-018,5,11,1046.17,95.11,353,RETURNING,3.91
cust-07655,m-010,35,8,1283.82,160.48,268,AT_RISK,16.34
cust-07657,m-044,7,6,1707.67,284.61,346,RETURNING,6.3
cust-07658,m-036,41,7,759.98,108.57,352,AT_RISK,15.36
cust-07659,m-013,23,12,15968.72,1330.73,348,RETURNING,8.9
cust-07660,m-043,52,5,2959.12,591.82,335,AT_RISK,20.48
cust-07661,m-025,18,10,10107.11,1010.71,359,RETURNING,7.73
cust-07662,m-012,39,10,3131.22,313.12,362,AT_RISK,13.47
cust-07663,m-027,19,8,2354.75,294.34,327,RETURNING,9.13
cust-07664,m-022,30,8,14111.83,1763.98,351,RETURNING,11.86
cust-07665,m-003,16,5,1754.4,350.88,288,RETURNING,10.54
cust-07666,m-021,39,7,2186.67,312.38,336,AT_RISK,15.32
cust-07667,m-001,10,8,574.17,71.77,285,RETURNING,6.83
cust-07668,m-005,25,5,1469.74,293.95,344,RETURNING,12.25
cust-07669,m-012,34,5,1998.8,399.76,278,AT_RISK,17.19
cust-07670,m-002,187,6,10820.98,1803.5,345,INACTIVE,58.33
cust-07671,m-017,11,6,1230.89,205.15,350,RETURNING,7.42
cust-07672,m-012,14,6,1005.16,167.53,319,RETURNING,8.66
cust-07673,m-036,1,10,1340.6,134.06,279,RETURNING,3.08
cust-07674,m-020,50,9,969.64,107.74,336,AT_RISK,17.84
cust-07675,m-037,14,8,636.66,79.58,256,RETURNING,8.78
cust-07676,m-008,110,14,20005.51,1428.96,351,INACTIVE,33.25
cust-07677,m-031,11,7,867.59,123.94,321,RETURNING,7.17
cust-07678,m-008,5,6,11393.72,1898.95,360,RETURNING,5.67
cust-07679,m-025,12,5,6496.05,1299.21,224,RETURNING,10.33
cust-07680,m-009,45,6,809.71,134.95,289,AT_RISK,19.8
cust-07681,m-012,4,7,2447.96,349.71,247,RETURNING,5.36
cust-07682,m-006,87,3,604.06,201.35,94,INACTIVE,99.08
cust-07683,m-014,95,6,7362.96,1227.16,346,INACTIVE,31.66
cust-07684,m-011,9,6,1058.54,176.42,297,RETURNING,7.31
cust-07685,m-023,4,11,3032.88,275.72,273,RETURNING,3.96
cust-07686,m-043,96,6,8512.97,1418.83,323,INACTIVE,33.92
cust-07687,m-013,25,9,15798.69,1755.41,315,RETURNING,10.91
cust-07688,m-012,33,6,1462.58,243.76,355,AT_RISK,13.56
cust-07689,m-001,33,12,1571.63,130.97,353,AT_RISK,11.63
cust-07690,m-016,100,10,2046.61,204.66,361,INACTIVE,30.35
cust-07691,m-003,13,9,2114.42,234.94,364,RETURNING,6.56
cust-07692,m-001,89,12,1417.86,118.16,334,INACTIVE,28.87
cust-07693,m-016,13,9,1452.52,161.39,288,RETURNING,7.5
cust-07694,m-009,161,2,133.13,66.56,296,INACTIVE,64.21
cust-07695,m-008,15,10,9388.58,938.86,362,RETURNING,6.86
cust-07696,m-022,8,6,4066.34,677.72,192,RETURNING,8.43
cust-07697,m-029,27,7,1657.57,236.8,200,RETURNING,17.18
cust-07698,m-031,63,7,806.95,115.28,308,INACTIVE,24.14
cust-07699,m-044,6,6,2014.52,335.75,349,RETURNING,6.0
cust-07700,m-015,23,10,1449.53,144.95,320,RETURNING,9.89
cust-07701,m-013,1,8,10166.16,1270.77,344,RETURNING,3.62
cust-07702,m-045,27,9,1474.33,163.81,343,RETURNING,10.85
cust-07703,m-010,69,10,1025.69,102.57,358,INACTIVE,21.95
cust-07704,m-020,193,4,551.73,137.93,338,INACTIVE,62.93
cust-07705,m-001,26,12,1051.71,87.64,356,RETURNING,9.59
cust-07706,m-033,17,5,3289.8,657.96,337,RETURNING,10.03
cust-07707,m-011,16,7,1114.17,159.17,335,RETURNING,8.51
cust-07708,m-009,19,10,1351.44,135.14,359,RETURNING,8.01
cust-07709,m-039,103,13,1947.29,149.79,356,INACTIVE,30.99
cust-07710,m-008,29,12,15339.55,1278.3,341,RETURNING,10.79
cust-07711,m-038,26,6,1048.48,174.75,351,RETURNING,11.67
cust-07712,m-018,8,6,564.28,94.05,342,RETURNING,6.62
cust-07713,m-041,77,5,659.74,131.95,337,INACTIVE,27.78
cust-07714,m-028,142,14,3183.48,227.39,348,INACTIVE,42.69
cust-07715,m-001,2,16,2327.53,145.47,341,LOYAL,2.35
cust-07716,m-015,22,11,1314.89,119.54,324,RETURNING,9.27
cust-07718,m-044,1,10,1852.83,185.28,362,RETURNING,3.0
cust-07719,m-024,1,4,1418.53,354.63,235,RETURNING,6.42
cust-07720,m-010,22,8,657.03,82.13,330,RETURNING,9.98
cust-07721,m-031,85,10,1429.58,142.96,286,INACTIVE,32.34
cust-07722,m-009,4,11,1322.0,120.18,305,RETURNING,3.81
cust-07723,m-040,4,7,3784.06,540.58,315,RETURNING,5.02
cust-07724,m-042,7,8,604.65,75.58,348,RETURNING,5.34
cust-07725,m-003,20,7,1907.47,272.5,316,RETURNING,10.06
cust-07726,m-032,44,8,11051.79,1381.47,362,AT_RISK,15.45
cust-07727,m-022,13,9,9103.7,1011.52,345,RETURNING,6.76
cust-07728,m-006,123,10,1811.2,181.12,359,INACTIVE,36.89
cust-07729,m-023,8,9,2487.39,276.38,355,RETURNING,5.25
cust-07730,m-025,89,7,7810.49,1115.78,323,INACTIVE,31.22
cust-07731,m-036,34,12,1497.77,124.81,344,AT_RISK,12.16
cust-07732,m-014,151,3,5136.45,1712.15,310,INACTIVE,56.05
cust-07734,m-007,44,10,10309.73,1030.97,353,AT_RISK,15.16
cust-07735,m-047,44,9,689.19,76.58,355,AT_RISK,15.36
cust-07736,m-025,63,3,2374.2,791.4,351,INACTIVE,25.4
cust-07738,m-037,5,5,543.1,108.62,283,RETURNING,6.76
cust-07739,m-033,23,10,10301.31,1030.13,358,RETURNING,9.13
cust-07740,m-022,26,7,10742.41,1534.63,349,RETURNING,11.18
cust-07741,m-044,1,5,518.17,103.63,284,RETURNING,5.35
cust-07742,m-022,30,11,15237.77,1385.25,335,RETURNING,11.43
cust-07744,m-013,29,5,3410.44,682.09,349,RETURNING,13.29
cust-07745,m-004,31,6,6331.78,1055.3,313,AT_RISK,14.16
cust-07746,m-028,20,7,2465.89,352.27,357,RETURNING,9.34
cust-07747,m-045,117,8,813.93,101.74,347,INACTIVE,36.95
cust-07748,m-032,19,6,5042.41,840.4,345,RETURNING,9.78
cust-07749,m-019,10,10,810.22,81.02,322,RETURNING,5.82
cust-07750,m-008,44,8,10518.5,1314.81,358,AT_RISK,15.59
cust-07751,m-036,55,11,1194.13,108.56,342,AT_RISK,18.53
cust-07752,m-024,7,14,4884.26,348.88,363,RETURNING,3.92
cust-07753,m-040,14,10,3815.15,381.52,364,RETURNING,6.56
cust-07754,m-046,40,8,2455.86,306.98,212,AT_RISK,22.11
cust-07755,m-013,18,11,11415.11,1037.74,357,RETURNING,7.53
cust-07756,m-027,0,6,959.52,159.92,247,RETURNING,4.29
cust-07757,m-015,44,7,581.91,83.13,318,AT_RISK,17.54
cust-07758,m-015,8,6,488.78,81.46,350,RETURNING,6.56
cust-07759,m-036,6,10,1621.6,162.16,326,RETURNING,4.56
cust-07760,m-041,22,11,1745.83,158.71,358,RETURNING,8.63
cust-07761,m-018,33,8,833.98,104.25,348,AT_RISK,12.79
cust-07762,m-043,117,3,3248.87,1082.96,284,INACTIVE,48.55
cust-07763,m-005,22,6,2342.2,390.37,273,RETURNING,12.31
cust-07764,m-044,9,14,3975.42,283.96,313,RETURNING,4.87
cust-07765,m-008,39,12,13738.2,1144.85,362,AT_RISK,13.05
cust-07766,m-002,58,7,9308.49,1329.78,333,AT_RISK,21.12
cust-07767,m-047,50,7,664.37,94.91,298,AT_RISK,20.47
cust-07768,m-020,70,10,1328.44,132.84,361,INACTIVE,22.06
cust-07769,m-021,1,10,2169.89,216.99,361,RETURNING,3.0
cust-07770,m-047,11,8,625.21,78.15,355,RETURNING,6.42
cust-07771,m-036,93,11,2063.71,187.61,348,INACTIVE,29.15
cust-07772,m-033,35,5,7129.93,1425.99,332,AT_RISK,15.51
cust-07773,m-004,34,9,9419.29,1046.59,322,AT_RISK,13.53
cust-07775,m-034,72,10,849.31,84.93,316,INACTIVE,25.44
cust-07776,m-025,64,6,7360.46,1226.74,296,INACTIVE,25.83
cust-07777,m-017,27,10,3421.08,342.11,328,RETURNING,10.93
cust-07778,m-029,127,8,4851.31,606.41,264,INACTIVE,51.26
cust-07779,m-022,49,8,6751.77,843.97,358,AT_RISK,16.98
cust-07780,m-015,0,7,899.6,128.51,304,RETURNING,3.75
cust-07781,m-027,90,7,1441.15,205.88,313,INACTIVE,32.41
cust-07782,m-027,45,10,2702.55,270.26,346,AT_RISK,15.7
cust-07783,m-011,30,5,392.63,78.53,343,RETURNING,13.72
cust-07784,m-024,6,9,4751.34,527.93,306,RETURNING,4.95
cust-07785,m-033,31,9,11365.94,1262.88,353,AT_RISK,11.76
cust-07786,m-032,7,8,11086.59,1385.82,333,RETURNING,5.43
cust-07787,m-005,52,8,1526.64,190.83,291,AT_RISK,21.14
cust-07788,m-032,8,7,7763.55,1109.08,301,RETURNING,6.4
cust-07789,m-044,37,8,2354.1,294.26,322,AT_RISK,14.79
cust-07790,m-002,201,2,3389.24,1694.62,312,INACTIVE,74.22
cust-07791,m-012,9,13,4201.24,323.17,362,RETURNING,4.62
cust-07792,m-015,135,5,881.63,176.33,338,INACTIVE,44.82
cust-07794,m-018,62,5,537.22,107.44,278,INACTIVE,27.22
cust-07796,m-029,25,11,2553.43,232.13,356,RETURNING,9.5
cust-07797,m-006,26,14,2550.59,182.18,289,RETURNING,10.97
cust-07798,m-025,8,11,12661.7,1151.06,362,RETURNING,4.7
cust-07799,m-025,7,10,15598.47,1559.85,241,RETURNING,5.62
cust-07800,m-001,20,11,1826.66,166.06,337,RETURNING,8.42
cust-07801,m-013,46,6,9753.57,1625.6,346,AT_RISK,17.54
cust-07802,m-022,18,6,6585.11,1097.52,348,RETURNING,9.44
cust-07803,m-045,15,11,1200.65,109.15,342,RETURNING,6.87
cust-07804,m-002,97,3,1796.92,598.97,349,INACTIVE,35.21
cust-07805,m-016,145,11,1772.94,161.18,338,INACTIVE,45.27
cust-07807,m-042,45,12,1801.07,150.09,322,AT_RISK,16.24
cust-07809,m-015,135,10,1179.26,117.93,359,INACTIVE,40.23
cust-07810,m-037,22,15,1860.02,124.0,331,RETURNING,8.5
cust-07811,m-027,7,7,2116.49,302.36,276,RETURNING,6.28
cust-07812,m-019,33,16,1496.71,93.54,355,AT_RISK,11.03
cust-07813,m-025,29,7,10534.42,1504.92,355,RETURNING,11.9
cust-07814,m-012,19,15,4427.38,295.16,350,RETURNING,7.29
cust-07815,m-034,3,9,1309.19,145.47,341,RETURNING,3.88
cust-07816,m-026,20,5,692.46,138.49,292,RETURNING,11.83
cust-07818,m-002,1,6,9110.01,1518.34,266,RETURNING,4.66
cust-07819,m-040,101,10,3667.15,366.72,356,INACTIVE,31.02
cust-07820,m-001,20,7,642.2,91.74,329,RETURNING,9.81
cust-07821,m-001,12,14,1264.1,90.29,345,RETURNING,5.47
cust-07822,m-044,54,8,1317.95,164.74,362,AT_RISK,18.21
cust-07823,m-044,17,6,865.21,144.2,359,RETURNING,9.01
cust-07824,m-005,32,7,5075.93,725.13,344,AT_RISK,13.03
cust-07825,m-020,84,9,1304.23,144.91,285,INACTIVE,32.37
cust-07826,m-044,4,9,1411.59,156.84,338,RETURNING,4.18
cust-07827,m-022,12,6,11728.88,1954.81,269,RETURNING,8.73
cust-07828,m-004,85,3,6082.73,2027.58,310,INACTIVE,34.83
cust-07829,m-027,19,9,1431.31,159.03,359,RETURNING,8.28
cust-07830,m-025,32,10,13649.04,1364.9,335,AT_RISK,12.25
cust-07831,m-024,78,5,653.02,130.6,277,INACTIVE,33.06
cust-07832,m-019,7,11,1152.88,104.81,353,RETURNING,4.48
cust-07833,m-030,5,5,1892.97,378.59,321,RETURNING,6.55
cust-07834,m-013,4,6,8010.21,1335.04,252,RETURNING,5.87
cust-07835,m-034,88,12,1765.84,147.15,320,INACTIVE,29.72
cust-07836,m-038,207,2,84.4,42.2,249,INACTIVE,92.8
cust-07837,m-030,61,8,2230.21,278.78,328,INACTIVE,21.87
cust-07838,m-041,8,6,3142.04,523.67,292,RETURNING,7.02
cust-07839,m-017,145,3,459.47,153.16,338,INACTIVE,50.27
cust-07840,m-029,86,8,2118.37,264.8,279,INACTIVE,34.05
cust-07841,m-002,12,11,11996.31,1090.57,364,RETURNING,5.79
cust-07842,m-044,18,7,1399.55,199.94,259,RETURNING,10.67
cust-07843,m-029,60,6,1208.51,201.42,261,AT_RISK,27.19
cust-07844,m-022,44,3,1533.43,511.14,259,NEW,24.42
cust-07845,m-004,34,8,6873.42,859.18,268,AT_RISK,15.97
cust-07846,m-013,26,12,17092.84,1424.4,362,RETURNING,9.47
cust-07847,m-007,72,9,4895.25,543.92,341,INACTIVE,24.05
cust-07848,m-039,27,15,1862.37,124.16,312,RETURNING,10.5
cust-07849,m-039,19,11,1268.23,115.29,329,RETURNING,8.26
cust-07850,m-031,73,6,638.58,106.43,296,INACTIVE,28.86
cust-07851,m-002,242,4,6369.09,1592.27,305,INACTIVE,85.08
cust-07852,m-035,54,4,4363.76,1090.94,193,AT_RISK,33.84
cust-07853,m-034,18,10,1295.5,129.55,311,RETURNING,8.5
cust-07854,m-018,12,7,669.95,95.71,329,RETURNING,7.39
cust-07856,m-039,9,12,1838.24,153.19,300,RETURNING,5.3
cust-07857,m-037,17,11,961.2,87.38,351,RETURNING,7.33
cust-07858,m-038,74,6,1223.55,203.92,353,INACTIVE,25.19
cust-07859,m-044,24,13,4428.24,340.63,295,RETURNING,10.25
cust-07860,m-004,163,6,8823.74,1470.62,254,INACTIVE,68.21
cust-07861,m-010,7,11,1214.56,110.41,364,RETURNING,4.42
cust-07862,m-017,107,8,1563.42,195.43,352,INACTIVE,33.64
cust-07863,m-030,163,6,2292.93,382.16,295,INACTIVE,59.35
cust-07864,m-017,4,8,1486.75,185.84,318,RETURNING,4.59
cust-07865,m-002,4,7,12730.53,1818.65,319,RETURNING,5.0
cust-07866,m-008,91,6,7752.01,1292.0,324,INACTIVE,32.29
cust-07867,m-030,13,11,6472.31,588.39,345,RETURNING,6.26
cust-07868,m-037,53,10,1489.38,148.94,319,AT_RISK,19.29
cust-07869,m-026,14,12,1187.49,98.96,362,RETURNING,6.16
cust-07870,m-006,15,6,1211.8,201.97,347,RETURNING,8.6
cust-07871,m-027,6,9,2104.21,233.8,334,RETURNING,4.79
cust-07872,m-015,57,14,1914.91,136.78,335,AT_RISK,18.96
cust-07873,m-001,21,14,978.2,69.87,353,RETURNING,7.93
cust-07874,m-040,16,9,2560.81,284.53,325,RETURNING,7.91
cust-07875,m-026,52,11,1373.95,124.9,347,AT_RISK,17.44
cust-07876,m-015,10,9,1313.47,145.94,315,RETURNING,6.16
cust-07877,m-022,33,8,8925.86,1115.73,360,AT_RISK,12.47
cust-07878,m-011,46,8,1027.79,128.47,339,AT_RISK,16.86
cust-07879,m-040,64,1,73.02,73.02,64,INACTIVE,100.0
cust-07880,m-044,32,9,4041.55,449.06,267,AT_RISK,14.94
cust-07881,m-021,31,14,4287.23,306.23,343,AT_RISK,11.01
cust-07882,m-040,18,10,2468.31,246.83,354,RETURNING,7.8
cust-07883,m-014,84,9,7424.89,824.99,331,INACTIVE,28.3
cust-07884,m-018,14,11,1373.19,124.84,341,RETURNING,6.59
cust-07885,m-018,39,6,464.06,77.34,338,AT_RISK,15.79
cust-07886,m-012,34,9,3795.1,421.68,338,AT_RISK,13.03
cust-07887,m-016,36,8,1705.7,213.21,270,AT_RISK,16.62
cust-07888,m-006,1,9,1401.81,155.76,315,RETURNING,3.32
cust-07889,m-006,176,2,199.84,99.92,349,INACTIVE,60.29
cust-07890,m-047,95,7,745.23,106.46,356,INACTIVE,30.36
cust-07891,m-020,18,9,785.86,87.32,354,RETURNING,8.07
cust-07892,m-027,2,7,2524.74,360.68,141,RETURNING,5.16
cust-07893,m-045,54,11,1506.13,136.92,364,AT_RISK,17.29
cust-07895,m-017,3,12,2065.33,172.11,300,RETURNING,3.3
cust-07896,m-012,22,8,1804.49,225.56,362,RETURNING,9.39
cust-07897,m-014,42,9,10513.51,1168.17,319,AT_RISK,16.12
cust-07898,m-035,4,9,10137.63,1126.4,289,RETURNING,4.38
cust-07903,m-009,24,13,1184.07,91.08,363,RETURNING,8.74
cust-07904,m-007,6,7,6324.65,903.52,346,RETURNING,5.48
cust-07905,m-029,57,11,3345.29,304.12,298,AT_RISK,21.56
cust-07906,m-035,0,14,17038.26,1217.02,327,RETURNING,2.0
cust-07908,m-038,86,2,495.2,247.6,327,INACTIVE,36.22
cust-07909,m-004,2,6,7128.32,1188.05,339,RETURNING,4.87
cust-07910,m-013,49,6,6590.21,1098.37,299,AT_RISK,20.62
cust-07911,m-047,64,5,640.62,128.12,254,INACTIVE,30.1
cust-07912,m-002,162,6,9973.11,1662.19,329,INACTIVE,53.38
cust-07913,m-033,55,11,11429.55,1039.05,354,AT_RISK,17.99
cust-07914,m-029,2,12,3689.31,307.44,332,RETURNING,2.91
cust-07915,m-038,43,9,1514.35,168.26,354,AT_RISK,15.11
cust-07916,m-035,95,10,10957.56,1095.76,348,INACTIVE,29.95
cust-07917,m-012,67,8,3199.03,399.88,322,INACTIVE,24.08
cust-07918,m-047,254,3,221.36,73.79,362,INACTIVE,77.47
cust-07919,m-044,33,8,2478.55,309.82,332,AT_RISK,13.24
cust-07920,m-042,16,8,909.49,113.69,319,RETURNING,8.33
cust-07923,m-007,41,7,5236.61,748.09,312,AT_RISK,16.85
cust-07924,m-022,40,10,19769.25,1976.92,343,AT_RISK,14.36
cust-07925,m-032,24,14,14810.95,1057.92,340,RETURNING,9.04
cust-07926,m-004,41,3,3993.79,1331.26,309,NEW,20.73
cust-07927,m-035,32,5,7184.16,1436.83,291,AT_RISK,15.96
cust-07928,m-010,32,8,663.21,82.9,245,AT_RISK,16.34
cust-07929,m-031,18,7,423.29,60.47,348,RETURNING,8.91
cust-07930,m-042,23,12,1447.76,120.65,312,RETURNING,9.66
cust-07931,m-004,43,4,7287.68,1821.92,213,AT_RISK,26.09
cust-07932,m-026,64,5,944.62,188.92,330,INACTIVE,24.34
cust-07934,m-002,79,5,6113.86,1222.77,328,INACTIVE,29.01
cust-07935,m-022,85,8,8370.36,1046.3,280,INACTIVE,33.58
cust-07936,m-044,8,2,440.49,220.24,219,NEW,13.64
cust-07937,m-041,20,5,1551.58,310.32,359,RETURNING,10.56
cust-07938,m-003,18,2,427.58,213.79,239,NEW,17.5
cust-07939,m-045,52,6,758.73,126.46,253,AT_RISK,24.76
cust-07940,m-010,189,4,231.58,57.9,328,INACTIVE,63.45
cust-07941,m-014,18,4,2050.41,512.6,123,RETURNING,20.52
cust-07942,m-003,33,7,2951.5,421.64,341,AT_RISK,13.4
cust-07943,m-042,53,8,992.51,124.06,297,AT_RISK,21.12
cust-07944,m-005,33,7,2754.74,393.53,358,AT_RISK,12.94
cust-07945,m-011,117,7,395.65,56.52,331,INACTIVE,38.99
cust-07946,m-047,2,3,332.45,110.82,153,NEW,8.8
cust-07947,m-023,4,10,2895.95,289.59,352,RETURNING,3.86
cust-07948,m-024,30,6,1099.62,183.27,317,RETURNING,13.72
cust-07949,m-015,29,8,698.35,87.29,305,RETURNING,12.81
cust-07950,m-018,10,11,795.97,72.36,358,RETURNING,5.29
cust-07951,m-040,163,6,3725.88,620.98,350,INACTIVE,50.72
cust-07952,m-046,17,10,2218.22,221.82,330,RETURNING,7.86
cust-07953,m-019,11,12,2149.97,179.16,333,RETURNING,5.6
cust-07954,m-040,11,9,2403.69,267.08,329,RETURNING,6.33
cust-07955,m-010,52,11,1410.21,128.2,347,AT_RISK,17.44
cust-07956,m-013,8,5,3365.16,673.03,340,RETURNING,7.35
cust-07957,m-034,11,10,1434.96,143.5,222,RETURNING,7.66
cust-07958,m-013,11,6,6247.2,1041.2,260,RETURNING,8.5
cust-07959,m-031,23,11,1785.48,162.32,342,RETURNING,9.21
cust-07961,m-028,25,9,1693.43,188.16,364,RETURNING,9.85
cust-07962,m-020,47,7,910.46,130.07,323,AT_RISK,18.26
cust-07963,m-009,15,6,560.1,93.35,363,RETURNING,8.41
cust-07964,m-007,78,5,6308.03,1261.61,233,INACTIVE,38.33
cust-07965,m-028,74,2,730.17,365.08,114,INACTIVE,74.35
cust-07966,m-031,7,12,1347.72,112.31,314,RETURNING,4.53
cust-07968,m-027,74,7,2784.68,397.81,303,INACTIVE,28.09
cust-07969,m-020,25,8,883.66,110.46,295,RETURNING,11.78
cust-07970,m-012,22,8,3492.13,436.52,291,RETURNING,10.87
cust-07971,m-038,26,6,923.72,153.95,305,RETURNING,12.78
cust-07972,m-037,7,13,1405.99,108.15,353,RETURNING,4.12
cust-07973,m-011,13,8,558.82,69.85,274,RETURNING,8.06
cust-07974,m-044,90,6,679.03,113.17,334,INACTIVE,31.15
cust-07975,m-005,3,8,4113.59,514.2,354,RETURNING,4.18
cust-07976,m-047,57,5,358.17,71.63,341,AT_RISK,21.67
cust-07977,m-042,54,11,994.15,90.38,362,AT_RISK,17.38
cust-07978,m-005,105,11,4944.1,449.46,357,INACTIVE,31.83
cust-07981,m-047,62,7,478.51,68.36,362,INACTIVE,20.83
cust-07982,m-004,153,4,7264.5,1816.12,360,INACTIVE,48.38
cust-07983,m-018,25,7,902.15,128.88,364,RETURNING,10.6
cust-07984,m-004,136,7,7305.21,1043.6,315,INACTIVE,46.79
cust-07985,m-032,15,10,13450.26,1345.03,336,RETURNING,7.18
cust-07986,m-025,40,6,6509.24,1084.87,279,AT_RISK,18.57
cust-07987,m-002,6,8,9842.0,1230.25,285,RETURNING,5.43
cust-07988,m-041,4,10,875.98,87.6,295,RETURNING,4.08
cust-07989,m-031,0,3,257.76,85.92,343,NEW,7.5
cust-07990,m-027,59,4,1395.16,348.79,318,AT_RISK,24.5
cust-07991,m-023,134,9,3243.39,360.38,354,INACTIVE,40.75
cust-07992,m-031,64,9,1138.13,126.46,326,INACTIVE,22.57
cust-07993,m-009,11,4,311.77,77.94,270,RETURNING,10.06
cust-07994,m-001,20,14,1271.06,90.79,338,RETURNING,7.9
cust-07995,m-028,23,8,2212.17,276.52,299,RETURNING,11.0
cust-07996,m-026,7,16,1665.12,104.07,352,LOYAL,3.75
cust-07997,m-005,67,6,472.43,78.74,309,INACTIVE,25.9
cust-07998,m-045,18,5,2127.53,425.51,331,RETURNING,10.42
cust-07999,m-042,0,9,1118.03,124.23,358,RETURNING,3.0
cust-08000,m-029,9,11,3156.61,286.96,364,RETURNING,4.97
cust-08001,m-027,20,6,2314.36,385.73,314,RETURNING,10.63
cust-08002,m-035,78,6,9111.66,1518.61,362,INACTIVE,25.77
cust-08003,m-032,11,7,5444.67,777.81,316,RETURNING,7.22
cust-08004,m-012,21,9,2233.14,248.13,347,RETURNING,9.03
cust-08005,m-035,10,11,17225.68,1565.97,334,RETURNING,5.49
cust-08006,m-016,8,11,2788.5,253.5,317,RETURNING,5.02
cust-08007,m-027,87,3,3545.38,1181.79,326,INACTIVE,34.11
cust-08008,m-007,2,9,7804.51,867.17,340,RETURNING,3.59
cust-08009,m-037,21,8,1061.81,132.73,306,RETURNING,10.17
cust-08010,m-033,64,3,3832.6,1277.53,284,INACTIVE,29.96
cust-08011,m-036,45,9,1768.36,196.48,362,AT_RISK,15.4
cust-08012,m-009,181,7,794.74,113.53,338,INACTIVE,57.14
cust-08013,m-033,14,7,6478.73,925.53,235,RETURNING,9.68
cust-08014,m-044,83,5,848.27,169.65,263,INACTIVE,36.44
cust-08015,m-034,24,8,1588.58,198.57,325,RETURNING,10.7
cust-08016,m-011,94,8,611.59,76.45,343,INACTIVE,30.66
cust-08017,m-039,93,7,888.03,126.86,286,INACTIVE,36.15
cust-08018,m-045,74,7,914.43,130.63,271,INACTIVE,30.96
cust-08019,m-027,69,8,2472.51,309.06,348,INACTIVE,23.1
cust-08020,m-011,85,5,240.32,48.06,221,INACTIVE,43.29
cust-08021,m-027,18,6,1742.88,290.48,335,RETURNING,9.64
cust-08022,m-002,3,7,9915.62,1416.52,349,RETURNING,4.61
cust-08023,m-001,201,14,1069.7,76.41,359,INACTIVE,57.83
cust-08024,m-010,20,9,1044.06,116.01,354,RETURNING,8.63
cust-08025,m-042,54,8,1432.61,179.08,348,AT_RISK,18.81
cust-08026,m-004,46,5,6364.29,1272.86,330,AT_RISK,18.9
cust-08027,m-014,19,8,6480.15,810.02,354,RETURNING,8.69
cust-08028,m-018,126,12,1161.71,96.81,348,INACTIVE,38.41
cust-08029,m-029,2,14,3319.65,237.12,321,RETURNING,2.62
cust-08030,m-011,49,8,677.06,84.63,284,AT_RISK,20.53
cust-08031,m-014,48,12,10985.02,915.42,364,AT_RISK,15.46
cust-08032,m-046,131,10,4036.16,403.62,359,INACTIVE,39.12
cust-08033,m-042,28,13,1588.37,122.18,351,RETURNING,10.1
cust-08034,m-004,144,3,3476.85,1158.95,202,INACTIVE,78.44
cust-08035,m-034,12,12,1149.55,95.8,318,RETURNING,6.07
cust-08036,m-026,22,10,1550.24,155.02,360,RETURNING,8.82
cust-08037,m-006,10,7,994.89,142.13,358,RETURNING,6.54
cust-08038,m-024,5,12,3608.8,300.73,345,RETURNING,3.75
cust-08039,m-018,121,6,707.16,117.86,322,INACTIVE,41.75
cust-08040,m-005,300,2,150.63,75.32,321,INACTIVE,100.0
cust-08041,m-003,13,10,2385.1,238.51,352,RETURNING,6.41
cust-08042,m-022,85,8,7708.09,963.51,361,INACTIVE,26.81
cust-08043,m-031,87,7,394.13,56.3,309,INACTIVE,31.81
cust-08044,m-035,28,8,8595.82,1074.48,310,RETURNING,12.34
cust-08045,m-012,51,3,475.18,158.39,296,INACTIVE,24.67
cust-08046,m-035,34,6,7657.84,1276.31,359,AT_RISK,13.73
cust-08047,m-041,11,10,4099.06,409.91,321,RETURNING,6.14
cust-08048,m-032,0,4,3787.85,946.96,167,RETURNING,6.0
cust-08049,m-010,75,5,584.47,116.89,358,INACTIVE,25.89
cust-08050,m-027,2,7,2778.3,396.9,329,RETURNING,4.36
cust-08051,m-047,32,5,715.47,143.09,361,AT_RISK,13.84
cust-08052,m-009,24,8,787.09,98.39,355,RETURNING,10.07
cust-08053,m-040,3,7,1665.61,237.94,260,RETURNING,4.9
cust-08054,m-009,55,13,2181.75,167.83,358,AT_RISK,17.46
cust-08055,m-020,8,10,1226.11,122.61,327,RETURNING,5.17
cust-08056,m-032,199,3,3248.27,1082.76,351,INACTIVE,64.03
cust-08057,m-025,7,5,5130.26,1026.05,338,RETURNING,7.06
cust-08058,m-009,18,6,619.49,103.25,348,RETURNING,9.44
cust-08059,m-004,54,3,2736.39,912.13,192,INACTIVE,35.48
cust-08060,m-030,36,9,1644.84,182.76,357,AT_RISK,13.06
cust-08062,m-021,40,10,3808.62,380.86,353,AT_RISK,14.03
cust-08064,m-023,91,8,2406.25,300.78,345,INACTIVE,29.63
cust-08065,m-033,9,8,9360.39,1170.05,337,RETURNING,6.0
cust-08066,m-047,0,11,701.82,63.8,356,RETURNING,2.5
cust-08067,m-043,87,9,8893.27,988.14,293,INACTIVE,32.59
cust-08068,m-003,8,13,8152.79,627.14,356,RETURNING,4.38
cust-08069,m-042,14,10,1384.18,138.42,333,RETURNING,6.92
cust-08070,m-040,71,10,2997.74,299.77,356,INACTIVE,22.62
cust-08071,m-019,79,7,510.72,72.96,333,INACTIVE,27.4
cust-08072,m-003,19,16,3205.06,200.32,358,RETURNING,7.06
cust-08073,m-003,4,6,1985.06,330.84,351,RETURNING,5.42
cust-08074,m-038,2,10,1259.42,125.94,354,RETURNING,3.29
cust-08075,m-042,46,10,1140.52,114.05,349,AT_RISK,15.87
cust-08076,m-037,99,8,1161.35,145.17,362,INACTIVE,30.61
cust-08077,m-005,65,6,1352.84,225.47,278,INACTIVE,27.58
cust-08078,m-034,28,14,1998.29,142.73,344,RETURNING,10.12
cust-08079,m-013,126,8,10518.1,1314.76,363,INACTIVE,37.95
cust-08080,m-038,14,7,1244.16,177.74,353,RETURNING,7.7
cust-08081,m-015,11,11,1315.32,119.57,341,RETURNING,5.72
cust-08082,m-014,72,9,9211.13,1023.46,253,INACTIVE,31.35
cust-08083,m-038,55,9,1469.51,163.28,339,AT_RISK,19.18
cust-08085,m-047,50,4,247.1,61.78,277,AT_RISK,23.99
cust-08086,m-006,83,13,2185.42,168.11,340,INACTIVE,26.48
cust-08087,m-029,5,7,1849.89,264.27,229,RETURNING,5.92
cust-08088,m-005,4,10,3086.66,308.67,278,RETURNING,4.16
cust-08089,m-004,78,6,9069.06,1511.51,314,INACTIVE,29.05
cust-08090,m-024,19,8,1633.28,204.16,363,RETURNING,8.55
cust-08091,m-007,72,2,1217.75,608.88,73,INACTIVE,100.0
cust-08092,m-032,25,8,10980.45,1372.56,348,RETURNING,10.5
cust-08093,m-045,20,8,929.74,116.22,361,RETURNING,8.86
cust-08094,m-016,40,8,1667.72,208.46,331,AT_RISK,15.38
cust-08095,m-045,6,10,1084.22,108.42,356,RETURNING,4.41
cust-08096,m-032,17,8,7501.32,937.66,359,RETURNING,8.06
cust-08098,m-027,31,10,1376.31,137.63,332,AT_RISK,12.04
cust-08099,m-030,91,14,2365.56,168.97,349,INACTIVE,28.0
cust-08100,m-025,33,4,7128.53,1782.13,272,AT_RISK,18.09
cust-08101,m-018,76,9,906.08,100.68,299,INACTIVE,28.33
cust-08103,m-046,18,9,2470.49,274.5,312,RETURNING,8.75
cust-08104,m-011,4,7,791.34,113.05,353,RETURNING,4.88
cust-08105,m-041,51,9,2494.98,277.22,364,AT_RISK,16.97
cust-08106,m-013,90,11,19972.04,1815.64,317,INACTIVE,30.8
cust-08108,m-041,3,14,4064.19,290.3,301,RETURNING,2.99
cust-08109,m-011,20,7,775.59,110.8,325,RETURNING,9.88
cust-08110,m-005,85,9,1702.42,189.16,270,INACTIVE,34.37
cust-08111,m-042,43,4,732.53,183.13,359,AT_RISK,17.94
cust-08112,m-018,116,4,478.18,119.54,336,INACTIVE,40.42
cust-08113,m-043,33,8,6507.19,813.4,326,AT_RISK,13.43
cust-08114,m-033,7,11,14520.91,1320.08,336,RETURNING,4.58
cust-08115,m-017,71,6,1463.6,243.93,283,INACTIVE,29.29
cust-08116,m-038,19,8,1540.98,192.62,176,RETURNING,14.07
cust-08117,m-014,15,4,4162.44,1040.61,301,RETURNING,10.97
cust-08118,m-041,81,8,2636.09,329.51,269,INACTIVE,33.33
cust-08119,m-030,92,7,2353.91,336.27,240,INACTIVE,41.92
cust-08120,m-027,27,9,2789.29,309.92,222,RETURNING,15.11
cust-08121,m-041,63,6,1781.83,296.97,324,INACTIVE,23.67
cust-08122,m-032,32,8,10445.85,1305.73,296,AT_RISK,14.11
cust-08123,m-017,96,8,1807.7,225.96,319,INACTIVE,33.33
cust-08124,m-007,29,9,10712.79,1190.31,359,RETURNING,11.06
cust-08125,m-016,62,4,491.93,122.98,362,INACTIVE,23.08
cust-08126,m-046,39,7,3253.58,464.8,359,AT_RISK,14.58
cust-08127,m-009,54,7,778.82,111.26,340,AT_RISK,19.59
cust-08128,m-001,23,19,2161.79,113.78,351,RETURNING,8.03
cust-08129,m-017,11,11,2895.05,263.19,350,RETURNING,5.63
cust-08130,m-015,6,12,1198.43,99.87,345,RETURNING,4.04
cust-08131,m-009,38,6,550.88,91.81,354,AT_RISK,14.99
cust-08132,m-043,10,9,8537.24,948.58,320,RETURNING,6.12
cust-08133,m-046,46,8,1918.24,239.78,284,AT_RISK,19.47
cust-08134,m-008,16,12,11033.72,919.48,350,RETURNING,6.87
cust-08135,m-045,32,2,82.75,41.38,231,NEW,23.79
cust-08137,m-014,16,8,8786.8,1098.35,347,RETURNING,7.93
cust-08138,m-042,59,9,845.66,93.96,324,AT_RISK,21.15
cust-08139,m-025,3,5,4265.32,853.06,319,RETURNING,5.94
cust-08140,m-031,30,13,2275.77,175.06,332,RETURNING,11.15
cust-08141,m-038,34,12,1995.82,166.32,353,AT_RISK,11.91
cust-08142,m-031,23,6,780.0,130.0,277,RETURNING,12.56
cust-08143,m-033,18,11,10331.04,939.19,362,RETURNING,7.46
cust-08144,m-011,4,6,555.95,92.66,283,RETURNING,5.69
cust-08145,m-006,82,15,2859.2,190.61,330,INACTIVE,26.65
cust-08146,m-039,41,10,1165.66,116.57,320,AT_RISK,15.5
cust-08147,m-046,19,9,2940.55,326.73,303,RETURNING,9.25
cust-08148,m-011,24,6,1485.94,247.66,356,RETURNING,11.01
cust-08149,m-024,1,8,3000.17,375.02,348,RETURNING,3.62
cust-08150,m-037,42,7,1082.7,154.67,352,AT_RISK,15.65
cust-08151,m-011,9,12,1319.64,109.97,345,RETURNING,4.91
cust-08152,m-008,37,16,24169.11,1510.57,360,AT_RISK,12.01
cust-08153,m-046,54,9,3381.48,375.72,356,AT_RISK,18.13
cust-08154,m-047,77,8,1052.86,131.61,305,INACTIVE,28.5
cust-08156,m-004,7,10,12490.42,1249.04,350,RETURNING,4.72
cust-08157,m-012,9,11,1687.7,153.43,322,RETURNING,5.29
cust-08158,m-027,18,10,2928.22,292.82,343,RETURNING,7.96
cust-08159,m-026,3,6,695.75,115.96,249,RETURNING,5.49
cust-08161,m-025,122,5,5461.18,1092.24,360,INACTIVE,38.8
cust-08162,m-009,5,11,1181.36,107.4,337,RETURNING,3.98
cust-08163,m-044,74,8,2282.84,285.35,337,INACTIVE,25.23
cust-08165,m-042,102,11,1530.7,139.15,362,INACTIVE,30.6
cust-08166,m-027,159,8,1258.06,157.26,352,INACTIVE,48.38
cust-08167,m-021,38,5,1629.71,325.94,266,AT_RISK,19.23
cust-08168,m-028,3,10,1897.43,189.74,321,RETURNING,3.66
cust-08169,m-010,21,16,1499.36,93.71,353,RETURNING,7.7
cust-08170,m-041,6,11,3642.45,331.13,297,RETURNING,4.51
cust-08171,m-005,159,6,2023.75,337.29,359,INACTIVE,48.45
cust-08172,m-039,109,11,1703.17,154.83,334,INACTIVE,35.04
cust-08173,m-002,42,8,9988.26,1248.53,353,AT_RISK,15.2
cust-08174,m-024,12,8,2418.05,302.26,335,RETURNING,6.9
cust-08175,m-019,29,7,544.85,77.84,223,RETURNING,16.7
cust-08176,m-041,61,6,877.99,146.33,360,INACTIVE,21.18
cust-08177,m-041,25,5,1211.74,242.35,236,RETURNING,15.55
cust-08179,m-019,75,8,1042.3,130.29,363,INACTIVE,23.94
cust-08180,m-007,92,9,9240.78,1026.75,356,INACTIVE,28.77
cust-08181,m-002,33,5,8887.85,1777.57,271,AT_RISK,17.13
cust-08183,m-019,53,12,1666.84,138.9,324,AT_RISK,18.62
cust-08184,m-002,17,11,15699.57,1427.23,340,RETURNING,7.49
cust-08185,m-004,44,6,4189.26,698.21,261,AT_RISK,21.08
cust-08186,m-002,29,4,2246.9,561.72,269,RETURNING,16.74
cust-08187,m-047,18,6,732.39,122.06,311,RETURNING,10.05
cust-08188,m-027,7,8,1444.67,180.58,282,RETURNING,5.81
cust-08189,m-008,10,19,23029.22,1212.06,350,LOYAL,4.35
cust-08190,m-002,29,7,12043.41,1720.49,336,RETURNING,12.36
cust-08191,m-004,109,5,6402.79,1280.56,282,INACTIVE,43.52
cust-08192,m-008,12,11,18444.38,1676.76,348,RETURNING,5.94
cust-08193,m-047,5,5,391.96,78.39,332,RETURNING,6.5
cust-08194,m-017,56,7,2866.57,409.51,326,AT_RISK,20.88
cust-08195,m-001,36,14,1905.69,136.12,350,AT_RISK,12.26
cust-08196,m-014,66,9,7791.87,865.76,340,INACTIVE,22.35
cust-08197,m-012,36,10,3741.12,374.11,352,AT_RISK,12.93
cust-08198,m-042,18,6,532.5,88.75,357,RETURNING,9.31
cust-08199,m-034,128,9,804.64,89.4,344,INACTIVE,40.1
cust-08200,m-038,12,11,1826.46,166.04,278,RETURNING,6.8
cust-08201,m-007,89,5,3086.54,617.31,287,INACTIVE,35.9
cust-08202,m-038,7,4,465.56,116.39,307,RETURNING,8.27
cust-08203,m-040,30,7,2260.12,322.87,335,RETURNING,12.68
cust-08204,m-008,55,8,9871.93,1233.99,266,AT_RISK,23.93
cust-08205,m-020,140,11,769.63,69.97,347,INACTIVE,42.73
cust-08206,m-023,53,7,1851.38,264.48,302,AT_RISK,21.24
cust-08207,m-026,316,2,237.77,118.88,318,INACTIVE,100.0
cust-08208,m-046,6,10,2791.81,279.18,314,RETURNING,4.63
cust-08209,m-005,20,5,997.17,199.43,265,RETURNING,12.52
cust-08210,m-047,31,10,826.02,82.6,349,AT_RISK,11.58
cust-08211,m-002,34,7,9586.18,1369.45,364,AT_RISK,13.07
cust-08212,m-043,18,8,4627.18,578.4,318,RETURNING,8.98
cust-08213,m-001,15,14,1617.95,115.57,350,RETURNING,6.27
cust-08214,m-015,152,6,602.6,100.43,318,INACTIVE,51.93
cust-08215,m-030,16,12,2686.2,223.85,357,RETURNING,6.78
cust-08216,m-025,3,9,9190.08,1021.12,276,RETURNING,4.08
cust-08217,m-010,29,10,1240.39,124.04,311,RETURNING,12.02
cust-08218,m-042,53,8,706.72,88.34,277,AT_RISK,22.4
cust-08220,m-044,2,5,2137.67,427.53,256,RETURNING,5.78
cust-08221,m-031,7,7,872.34,124.62,321,RETURNING,5.92
cust-08222,m-014,11,9,11650.73,1294.53,201,RETURNING,8.45
cust-08223,m-045,158,5,586.69,117.34,330,INACTIVE,52.73
cust-08224,m-002,40,3,4259.72,1419.91,333,NEW,19.48
cust-08225,m-039,35,10,1683.94,168.39,327,AT_RISK,13.4
cust-08226,m-024,45,8,1824.31,228.04,359,AT_RISK,15.83
cust-08227,m-024,0,8,2280.91,285.11,331,RETURNING,3.33
cust-08228,m-019,35,17,2987.0,175.71,362,AT_RISK,11.31
cust-08229,m-004,128,5,6202.45,1240.49,333,INACTIVE,43.32
cust-08230,m-003,2,13,4499.96,346.15,354,RETURNING,2.71
cust-08232,m-034,35,11,673.76,61.25,354,AT_RISK,12.36
cust-08233,m-029,18,8,2974.5,371.81,330,RETURNING,8.77
cust-08234,m-029,114,8,1448.95,181.12,322,INACTIVE,38.63
cust-08235,m-022,31,10,15931.94,1593.19,313,AT_RISK,12.6
cust-08236,m-042,162,5,297.46,59.49,350,INACTIVE,51.15
cust-08237,m-035,14,5,6664.04,1332.81,299,RETURNING,9.67
cust-08238,m-014,6,14,12406.61,886.19,345,RETURNING,3.73
cust-08239,m-026,15,6,451.23,75.2,357,RETURNING,8.48
cust-08240,m-016,75,6,2511.54,418.59,242,INACTIVE,35.15
cust-08241,m-009,16,10,1385.87,138.59,344,RETURNING,7.36
cust-08242,m-035,66,11,10386.57,944.23,357,INACTIVE,20.94
cust-08243,m-001,0,23,2545.06,110.65,364,LOYAL,1.25
cust-08244,m-016,11,6,1088.58,181.43,331,RETURNING,7.6
cust-08245,m-040,67,8,4092.98,511.62,364,INACTIVE,21.69
cust-08246,m-023,16,8,3988.16,498.52,308,RETURNING,8.51
cust-08247,m-026,157,6,830.74,138.46,327,INACTIVE,52.15
cust-08248,m-038,6,8,1392.6,174.08,332,RETURNING,5.14
cust-08249,m-010,33,5,424.11,84.82,303,AT_RISK,15.86
cust-08250,m-028,61,5,2127.21,425.44,331,INACTIVE,23.37
cust-08251,m-047,109,7,454.05,64.86,332,INACTIVE,36.48
cust-08252,m-023,3,8,3762.26,470.28,314,RETURNING,4.29
cust-08253,m-025,216,3,2698.99,899.66,292,INACTIVE,81.22
cust-08254,m-014,49,9,8609.56,956.62,358,AT_RISK,16.65
cust-08255,m-039,55,8,1098.84,137.36,337,AT_RISK,19.61
cust-08256,m-036,22,9,954.46,106.05,325,RETURNING,9.75
cust-08257,m-047,133,8,726.99,90.87,345,INACTIVE,41.77
cust-08258,m-042,1,6,805.44,134.24,267,RETURNING,4.66
cust-08259,m-022,22,6,8340.0,1390.0,336,RETURNING,10.81
cust-08261,m-046,36,10,1653.86,165.39,304,AT_RISK,14.53
cust-08262,m-042,61,11,1172.97,106.63,357,INACTIVE,19.54
cust-08263,m-026,36,7,848.7,121.24,304,AT_RISK,15.55
cust-08264,m-032,13,7,5618.74,802.68,337,RETURNING,7.6
cust-08265,m-006,334,1,87.62,87.62,334,INACTIVE,100.0
cust-08266,m-033,16,3,4173.37,1391.12,284,NEW,13.11
cust-08267,m-024,42,10,3096.72,309.67,314,AT_RISK,16.06
cust-08268,m-017,11,8,1339.4,167.42,362,RETURNING,6.36
cust-08269,m-045,21,10,924.5,92.45,228,RETURNING,11.9
cust-08271,m-017,3,8,2543.44,317.93,299,RETURNING,4.33
cust-08272,m-046,64,7,1040.44,148.63,276,INACTIVE,26.85
cust-08273,m-015,20,3,285.03,95.01,295,NEW,14.26
cust-08274,m-030,44,9,1584.0,176.0,323,AT_RISK,16.58
cust-08275,m-032,10,6,4960.16,826.69,315,RETURNING,7.45
cust-08276,m-046,10,12,3141.82,261.82,362,RETURNING,5.06
cust-08277,m-039,36,15,2135.21,142.35,352,AT_RISK,12.07
cust-08278,m-033,16,5,3618.41,723.68,233,RETURNING,11.84
cust-08279,m-020,63,8,806.8,100.85,242,INACTIVE,29.26
cust-08280,m-030,13,17,7515.96,442.12,334,LOYAL,5.55
cust-08281,m-023,140,12,2290.82,190.9,360,INACTIVE,41.09
cust-08282,m-029,7,5,809.25,161.85,246,RETURNING,7.83
cust-08284,m-029,10,7,2631.38,375.91,278,RETURNING,7.33
cust-08285,m-031,27,10,777.89,77.79,299,RETURNING,11.73
cust-08286,m-040,8,10,3657.69,365.77,361,RETURNING,4.94
cust-08288,m-022,10,11,15669.13,1424.47,355,RETURNING,5.31
cust-08289,m-024,37,5,1477.35,295.47,263,AT_RISK,19.02
cust-08290,m-026,29,6,862.54,143.76,362,RETURNING,12.27
cust-08291,m-020,0,10,1492.21,149.22,342,RETURNING,2.73
cust-08292,m-027,33,4,561.42,140.36,311,AT_RISK,16.58
cust-08293,m-042,23,8,812.26,101.53,299,RETURNING,11.0
cust-08294,m-031,54,7,735.67,105.1,346,AT_RISK,19.31
cust-08295,m-020,48,13,1580.55,121.58,288,AT_RISK,18.75
cust-08296,m-018,62,10,801.07,80.11,345,INACTIVE,20.65
cust-08297,m-023,71,6,832.16,138.69,327,INACTIVE,25.93
cust-08298,m-025,95,6,5968.96,994.83,335,INACTIVE,32.56
cust-08299,m-022,31,7,7558.42,1079.77,354,AT_RISK,12.48
cust-08300,m-033,8,7,10338.77,1476.97,340,RETURNING,6.1
cust-08301,m-022,61,12,13640.98,1136.75,332,INACTIVE,20.63
cust-08302,m-044,103,5,848.86,169.77,215,INACTIVE,52.69
cust-08303,m-017,72,6,1031.4,171.9,338,INACTIVE,25.52
cust-08304,m-043,6,6,4182.4,697.07,360,RETURNING,5.95
cust-08305,m-029,30,11,3207.87,291.62,340,RETURNING,11.3
cust-08306,m-047,28,7,490.65,70.09,301,RETURNING,13.02
cust-08307,m-018,28,12,959.59,79.97,334,RETURNING,10.67
cust-08308,m-038,95,9,1914.43,212.71,364,INACTIVE,29.03
cust-08309,m-020,12,15,2364.54,157.64,354,LOYAL,5.26
cust-08311,m-034,4,5,701.29,140.26,250,RETURNING,6.59
cust-08312,m-035,20,13,12258.65,942.97,288,RETURNING,9.06
cust-08313,m-011,12,10,1496.71,149.67,351,RETURNING,6.14
cust-08314,m-029,0,8,1694.36,211.8,333,RETURNING,3.33
cust-08315,m-027,215,6,1737.57,289.59,339,INACTIVE,67.52
cust-08316,m-031,64,6,499.76,83.29,332,INACTIVE,23.5
cust-08317,m-019,4,16,1649.16,103.07,340,LOYAL,2.94
cust-08318,m-008,6,7,8472.32,1210.33,341,RETURNING,5.5
cust-08320,m-037,32,11,1562.37,142.03,356,AT_RISK,11.46
cust-08321,m-005,41,9,1681.21,186.8,291,AT_RISK,17.04
cust-08322,m-041,77,11,4311.8,391.98,354,INACTIVE,24.19
cust-08323,m-029,14,14,4602.29,328.74,350,RETURNING,5.99
cust-08324,m-041,109,5,1080.88,216.18,351,INACTIVE,35.97
cust-08325,m-010,26,6,557.65,92.94,306,RETURNING,12.75
cust-08326,m-021,291,4,1123.62,280.9,344,INACTIVE,90.35
cust-08327,m-019,11,12,1547.08,128.92,323,RETURNING,5.7
cust-08328,m-018,5,11,993.94,90.36,352,RETURNING,3.92
cust-08329,m-034,28,9,936.32,104.04,322,RETURNING,11.67
cust-08330,m-006,79,4,397.84,99.46,189,INACTIVE,47.58
cust-08331,m-028,124,11,3183.6,289.42,356,INACTIVE,37.23
cust-08332,m-008,13,5,31577.16,6315.43,352,RETURNING,8.68
cust-08333,m-036,80,9,1463.15,162.57,344,INACTIVE,26.19
cust-08334,m-001,25,13,1214.42,93.42,358,RETURNING,9.11
cust-08335,m-006,112,6,891.52,148.59,360,INACTIVE,35.31
cust-08336,m-021,2,10,3439.76,343.98,320,RETURNING,3.35
cust-08337,m-037,21,15,1462.76,97.52,339,RETURNING,8.05
cust-08338,m-024,12,8,2484.79,310.6,335,RETURNING,6.9
cust-08339,m-012,29,10,4197.35,419.74,361,RETURNING,10.74
cust-08340,m-025,15,7,5764.83,823.55,324,RETURNING,8.37
cust-08341,m-044,47,7,3995.42,570.77,351,AT_RISK,17.1
cust-08342,m-020,17,10,1903.85,190.38,359,RETURNING,7.45
cust-08343,m-002,33,5,5087.67,1017.53,181,AT_RISK,23.13
cust-08344,m-037,4,13,1877.9,144.45,353,RETURNING,3.27
cust-08345,m-038,1,7,4303.68,614.81,312,RETURNING,4.07
cust-08346,m-040,10,19,4560.74,240.04,364,LOYAL,4.24
cust-08347,m-028,19,9,2485.24,276.14,331,RETURNING,8.72
cust-08348,m-038,18,5,857.53,171.51,335,RETURNING,10.36
cust-08349,m-002,43,13,10230.03,786.93,340,AT_RISK,14.75
cust-08350,m-038,33,8,1559.87,194.98,309,AT_RISK,13.98
cust-08351,m-023,22,7,1476.83,210.98,291,RETURNING,11.28
cust-08352,m-047,22,4,441.49,110.37,319,RETURNING,12.88
cust-08353,m-047,135,9,894.37,99.37,349,INACTIVE,41.57
cust-08354,m-034,352,1,41.79,41.79,352,INACTIVE,100.0
cust-08355,m-016,5,6,1572.17,262.03,358,RETURNING,5.68
cust-08356,m-007,35,4,7352.03,1838.01,304,AT_RISK,17.48
cust-08357,m-041,101,4,301.0,75.25,279,INACTIVE,42.07
cust-08358,m-031,52,9,581.73,64.64,331,AT_RISK,18.66
cust-08359,m-004,342,1,687.11,687.11,342,INACTIVE,100.0
cust-08360,m-042,140,11,959.52,87.23,334,INACTIVE,44.29
cust-08361,m-037,19,5,364.59,72.92,277,RETURNING,11.83
cust-08362,m-002,15,7,9980.49,1425.78,356,RETURNING,7.95
cust-08363,m-022,20,9,14511.92,1612.44,343,RETURNING,8.81
cust-08364,m-019,57,9,774.39,86.04,359,AT_RISK,18.83
cust-08365,m-018,14,4,582.36,145.59,286,RETURNING,10.88
cust-08366,m-027,2,8,4567.75,570.97,360,RETURNING,3.89
cust-08367,m-002,45,8,5358.75,669.84,310,AT_RISK,17.8
cust-08368,m-044,13,8,1517.45,189.68,259,RETURNING,8.33
cust-08369,m-020,21,7,1679.63,239.95,268,RETURNING,11.56
cust-08370,m-045,51,10,1019.73,101.97,305,AT_RISK,19.39
cust-08371,m-047,1,10,617.04,61.7,360,RETURNING,3.0
cust-08372,m-029,52,7,1497.89,213.98,359,AT_RISK,18.19
cust-08373,m-024,20,9,2774.13,308.24,351,RETURNING,8.68
cust-08375,m-044,33,7,2496.52,356.65,336,AT_RISK,13.54
cust-08376,m-022,34,11,12969.75,1179.07,328,AT_RISK,12.83
cust-08377,m-045,28,11,1616.62,146.97,312,RETURNING,11.45
cust-08378,m-033,41,7,5337.89,762.56,257,AT_RISK,19.64
cust-08379,m-041,12,10,4178.88,417.89,339,RETURNING,6.26
cust-08380,m-013,41,9,8074.67,897.19,275,AT_RISK,17.86
cust-08381,m-010,4,10,1018.38,101.84,341,RETURNING,3.9
cust-08382,m-045,143,3,599.5,199.83,213,INACTIVE,74.32
cust-08383,m-017,36,6,1010.63,168.44,315,AT_RISK,15.68
cust-08384,m-047,53,13,1051.8,80.91,341,AT_RISK,17.64
cust-08385,m-004,40,8,13691.66,1711.46,287,AT_RISK,17.22
cust-08386,m-003,19,8,3578.39,447.3,306,RETURNING,9.52
cust-08387,m-043,3,12,10733.11,894.43,350,RETURNING,3.16
cust-08388,m-017,24,10,3296.48,329.65,332,RETURNING,9.93
cust-08389,m-021,35,9,2448.11,272.01,338,AT_RISK,13.32
cust-08390,m-024,28,10,4106.38,410.64,352,RETURNING,10.66
cust-08391,m-046,9,6,2798.61,466.44,269,RETURNING,7.62
cust-08392,m-013,1,5,5161.85,1032.37,197,RETURNING,5.51
cust-08393,m-007,12,14,16478.05,1177.0,349,RETURNING,5.43
cust-08394,m-015,30,8,561.31,70.16,361,RETURNING,11.62
cust-08395,m-022,22,12,17142.67,1428.56,340,RETURNING,8.76
cust-08396,m-027,187,3,1270.56,423.52,243,INACTIVE,84.14
cust-08397,m-005,24,9,1766.38,196.26,322,RETURNING,10.43
cust-08398,m-027,98,7,3052.85,436.12,354,INACTIVE,31.36
cust-08399,m-025,260,3,3734.58,1244.86,343,INACTIVE,83.08
cust-08400,m-042,64,8,679.74,84.97,295,INACTIVE,24.95
cust-08401,m-020,120,5,941.3,188.26,334,INACTIVE,40.82
cust-08402,m-032,131,9,12244.08,1360.45,348,INACTIVE,40.54
cust-08403,m-044,60,10,3999.32,399.93,332,AT_RISK,20.75
cust-08404,m-040,17,10,4151.52,415.15,318,RETURNING,8.06
cust-08405,m-026,65,6,382.74,63.79,276,INACTIVE,27.75
cust-08406,m-045,65,11,1748.09,158.92,325,INACTIVE,22.44
cust-08407,m-024,10,11,2922.47,265.68,325,RETURNING,5.57
cust-08409,m-038,15,7,1316.28,188.04,299,RETURNING,8.75
cust-08410,m-017,12,5,2339.98,468.0,339,RETURNING,8.53
cust-08411,m-013,71,8,14665.53,1833.19,343,INACTIVE,23.97
cust-08412,m-042,8,7,1007.66,143.95,256,RETURNING,6.86
cust-08413,m-010,102,5,505.61,101.12,264,INACTIVE,43.49
cust-08415,m-020,26,13,1114.14,85.7,364,RETURNING,9.27
cust-08416,m-007,6,6,8327.3,1387.88,334,RETURNING,6.08
cust-08417,m-004,60,7,10072.77,1438.97,362,AT_RISK,20.28
cust-08418,m-001,31,11,1100.43,100.04,359,AT_RISK,11.11
cust-08419,m-020,21,8,1205.39,150.67,234,RETURNING,12.27
cust-08420,m-044,39,8,3012.01,376.5,349,AT_RISK,14.48
cust-08422,m-004,75,5,7079.57,1415.91,324,INACTIVE,28.08
cust-08423,m-038,5,8,1628.7,203.59,310,RETURNING,4.94
cust-08424,m-038,196,4,709.46,177.36,338,INACTIVE,63.82
cust-08425,m-023,11,4,1875.07,468.77,244,RETURNING,10.49
cust-08426,m-025,6,12,12911.56,1075.96,336,RETURNING,4.09
cust-08427,m-037,39,6,706.62,117.77,255,AT_RISK,19.52
cust-08428,m-040,83,12,4291.51,357.63,362,INACTIVE,25.17
cust-08429,m-012,17,11,3781.85,343.8,325,RETURNING,7.71
cust-08430,m-047,70,14,1665.69,118.98,357,INACTIVE,21.55
cust-08431,m-042,30,11,1264.15,114.92,355,RETURNING,10.93
cust-08432,m-014,131,6,4019.53,669.92,342,INACTIVE,42.48
cust-08433,m-031,18,8,1142.44,142.8,354,RETURNING,8.4
cust-08434,m-032,25,6,5903.97,983.99,319,RETURNING,12.1
cust-08435,m-008,77,9,12350.28,1372.25,320,INACTIVE,26.99
cust-08436,m-038,178,4,796.81,199.2,339,INACTIVE,58.35
cust-08437,m-026,24,8,930.56,116.32,362,RETURNING,9.94
cust-08438,m-012,88,6,3357.12,559.52,326,INACTIVE,31.2
cust-08439,m-025,80,5,3782.14,756.43,280,INACTIVE,33.47
cust-08440,m-036,145,6,682.96,113.83,358,INACTIVE,44.68
cust-08441,m-042,176,2,149.33,74.66,208,INACTIVE,94.21
cust-08442,m-041,7,6,1592.39,265.4,258,RETURNING,6.99
cust-08444,m-029,16,5,851.57,170.31,344,RETURNING,9.64
cust-08445,m-020,81,6,839.82,139.97,330,INACTIVE,28.76
cust-08446,m-034,60,11,1496.55,136.05,347,AT_RISK,19.74
cust-08447,m-029,120,6,1874.67,312.44,295,INACTIVE,44.83
cust-08448,m-027,30,5,805.75,161.15,273,RETURNING,15.95
cust-08449,m-016,23,9,2171.37,241.26,343,RETURNING,9.69
cust-08450,m-007,6,8,7463.99,933.0,319,RETURNING,5.21
cust-08451,m-022,70,3,3545.86,1181.95,251,INACTIVE,35.28
cust-08452,m-030,49,8,1126.22,140.78,330,AT_RISK,18.14
cust-08453,m-029,27,14,5417.55,386.97,315,RETURNING,10.54
cust-08454,m-014,32,7,6703.38,957.63,301,AT_RISK,14.35
cust-08455,m-007,0,11,10487.59,953.42,327,RETURNING,2.5
cust-08456,m-041,40,5,1726.29,345.26,331,AT_RISK,17.05
cust-08457,m-045,133,6,552.22,92.04,277,INACTIVE,52.13
cust-08458,m-041,119,5,544.1,108.82,353,INACTIVE,38.62
cust-08459,m-041,62,5,997.45,199.49,358,INACTIVE,22.27
cust-08460,m-010,30,8,1042.81,130.35,331,RETURNING,12.37
cust-08461,m-009,6,7,954.8,136.4,306,RETURNING,5.7
cust-08462,m-001,5,6,503.45,83.91,264,RETURNING,6.17
cust-08463,m-025,90,3,5322.32,1774.11,196,INACTIVE,53.19
cust-08464,m-018,86,10,929.44,92.94,357,INACTIVE,26.75
cust-08465,m-015,9,6,920.3,153.38,357,RETURNING,6.8
cust-08466,m-011,51,11,1509.74,137.25,330,AT_RISK,17.91
cust-08467,m-012,115,5,1619.4,323.88,327,INACTIVE,40.06
cust-08468,m-026,3,10,1001.98,100.2,353,RETURNING,3.57
cust-08469,m-034,32,12,1370.07,114.17,364,AT_RISK,11.07
cust-08470,m-017,36,9,3136.26,348.47,333,AT_RISK,13.78
cust-08471,m-011,47,17,1989.43,117.03,351,AT_RISK,15.02
cust-08472,m-003,1,6,2500.63,416.77,314,RETURNING,4.6
cust-08473,m-007,36,12,13890.44,1157.54,351,AT_RISK,12.53
cust-08474,m-025,99,9,10272.82,1141.42,362,INACTIVE,30.27
cust-08475,m-022,59,11,13141.52,1194.68,298,AT_RISK,22.23
cust-08476,m-014,18,10,7720.84,772.08,322,RETURNING,8.3
cust-08477,m-014,34,6,4263.66,710.61,354,AT_RISK,13.86
cust-08478,m-010,19,7,624.95,89.28,212,RETURNING,12.67
cust-08479,m-037,26,8,1691.92,211.49,347,RETURNING,10.8
cust-08480,m-047,48,13,1316.23,101.25,352,AT_RISK,15.74
cust-08481,m-034,45,9,909.73,101.08,286,AT_RISK,18.68
cust-08482,m-005,186,2,456.84,228.42,290,INACTIVE,73.92
cust-08483,m-014,48,11,8971.47,815.59,330,AT_RISK,17.0
cust-08484,m-032,9,8,7891.77,986.47,333,RETURNING,6.03
cust-08485,m-042,12,11,1012.49,92.04,361,RETURNING,5.81
cust-08486,m-040,0,11,4247.8,386.16,358,RETURNING,2.5
cust-08487,m-046,56,12,3806.57,317.21,336,AT_RISK,18.92
cust-08488,m-020,81,5,711.12,142.22,286,INACTIVE,33.22
cust-08489,m-031,4,7,986.18,140.88,344,RETURNING,4.91
cust-08491,m-025,100,4,3677.84,919.46,330,INACTIVE,36.21
cust-08492,m-019,32,8,583.8,72.98,339,AT_RISK,12.75
cust-08493,m-030,5,9,3024.47,336.05,360,RETURNING,4.39
cust-08494,m-001,51,8,870.22,108.78,314,AT_RISK,19.52
cust-08496,m-019,124,6,674.47,112.41,250,INACTIVE,53.69
cust-08497,m-003,13,9,5891.05,654.56,355,RETURNING,6.65
cust-08498,m-044,117,5,1513.41,302.68,363,INACTIVE,37.14
cust-08499,m-033,42,5,5430.6,1086.12,273,AT_RISK,20.33
cust-08500,m-030,55,8,2539.4,317.42,322,AT_RISK,20.36
cust-08502,m-035,20,19,21254.34,1118.65,360,RETURNING,7.04
cust-08503,m-006,35,11,2116.48,192.41,304,AT_RISK,13.98
cust-08504,m-017,36,7,1218.07,174.01,224,AT_RISK,19.75
cust-08505,m-001,20,12,1059.32,88.28,348,RETURNING,8.04
cust-08506,m-033,10,5,5625.43,1125.09,307,RETURNING,8.25
cust-08507,m-026,85,7,378.52,54.07,363,INACTIVE,27.1
cust-08508,m-034,4,10,961.7,96.17,243,RETURNING,4.37
cust-08509,m-031,6,7,737.57,105.37,325,RETURNING,5.59
cust-08510,m-004,37,7,6586.87,940.98,335,AT_RISK,14.76
cust-08511,m-045,107,8,1044.5,130.56,344,INACTIVE,34.35
cust-08512,m-040,31,11,3976.57,361.51,327,AT_RISK,11.95
cust-08513,m-017,331,2,1156.38,578.19,344,INACTIVE,100.0
cust-08514,m-012,43,11,2130.59,193.69,351,AT_RISK,14.72
cust-08515,m-027,32,7,2570.06,367.15,271,AT_RISK,15.51
cust-08516,m-032,22,8,8527.44,1065.93,361,RETURNING,9.41
cust-08517,m-047,25,12,1403.72,116.98,340,RETURNING,9.64
cust-08519,m-040,152,6,1578.15,263.02,325,INACTIVE,50.91
cust-08520,m-043,36,8,8601.54,1075.19,334,AT_RISK,14.08
cust-08521,m-036,8,11,1048.12,95.28,338,RETURNING,4.86
cust-08522,m-047,23,12,1139.82,94.99,273,RETURNING,10.7
cust-08523,m-012,33,8,2860.92,357.62,355,AT_RISK,12.6
cust-08524,m-015,62,11,763.82,69.44,361,INACTIVE,19.63
cust-08525,m-007,71,11,11056.96,1005.18,348,INACTIVE,22.84
cust-08526,m-026,17,10,1134.6,113.46,357,RETURNING,7.48
cust-08527,m-024,8,11,4835.21,439.56,345,RETURNING,4.81
cust-08528,m-001,10,18,1846.65,102.59,339,LOYAL,4.52
cust-08529,m-015,13,9,1725.21,191.69,359,RETURNING,6.61
cust-08530,m-021,56,5,1790.03,358.01,324,AT_RISK,22.23
cust-08531,m-005,16,10,1995.29,199.53,340,RETURNING,7.42
cust-08532,m-001,26,11,1082.15,98.38,326,RETURNING,10.45
cust-08533,m-006,7,13,3084.1,237.24,309,RETURNING,4.4
cust-08534,m-014,50,4,4508.5,1127.12,335,AT_RISK,20.88
cust-08535,m-030,60,9,1013.34,112.59,301,AT_RISK,22.87
cust-08537,m-026,23,9,745.84,82.87,348,RETURNING,9.59
cust-08538,m-020,46,16,1694.42,105.9,264,AT_RISK,19.12
cust-08539,m-016,19,10,1504.55,150.45,347,RETURNING,8.19
cust-08540,m-019,16,5,308.94,61.79,309,RETURNING,10.16
cust-08541,m-008,37,9,10800.29,1200.03,320,AT_RISK,14.53
cust-08542,m-010,33,9,904.51,100.5,319,AT_RISK,13.31
cust-08543,m-038,5,11,1771.12,161.01,299,RETURNING,4.17
cust-08544,m-015,17,5,689.37,137.87,260,RETURNING,11.51
cust-08545,m-003,0,7,4044.65,577.81,334,RETURNING,3.75
cust-08546,m-036,55,15,2208.85,147.26,324,AT_RISK,18.8
cust-08547,m-007,45,7,7379.35,1054.19,309,AT_RISK,18.27
cust-08548,m-021,63,7,2152.96,307.57,233,INACTIVE,30.67
cust-08549,m-005,166,6,1379.81,229.97,336,INACTIVE,53.54
cust-08551,m-014,24,7,8527.83,1218.26,336,RETURNING,10.87
cust-08552,m-007,111,7,7498.99,1071.28,349,INACTIVE,35.46
cust-08553,m-026,11,8,910.01,113.75,343,RETURNING,6.53
cust-08554,m-045,107,11,1591.21,144.66,330,INACTIVE,34.83
cust-08555,m-044,58,7,2074.97,296.42,333,AT_RISK,21.12
cust-08556,m-028,2,11,2031.57,184.69,356,RETURNING,3.06
cust-08557,m-020,23,10,1261.36,126.14,289,RETURNING,10.66
cust-08558,m-014,15,9,10416.08,1157.34,340,RETURNING,7.4
cust-08559,m-019,5,12,1688.84,140.74,344,RETURNING,3.76
cust-08560,m-018,146,6,858.83,143.14,290,INACTIVE,54.46
cust-08561,m-031,102,5,321.57,64.31,364,INACTIVE,32.95
cust-08562,m-039,56,12,2160.35,180.03,360,AT_RISK,17.82
cust-08563,m-034,22,11,1024.56,93.14,337,RETURNING,9.01
cust-08565,m-018,11,6,925.05,154.17,259,RETURNING,8.52
cust-08566,m-040,27,14,4586.66,327.62,350,RETURNING,9.69
cust-08569,m-016,4,8,1999.42,249.93,283,RETURNING,4.74
cust-08570,m-007,24,6,5455.02,909.17,326,RETURNING,11.63
cust-08571,m-015,2,7,1037.2,148.17,353,RETURNING,4.31
cust-08572,m-023,7,4,1640.01,410.0,308,RETURNING,8.27
cust-08573,m-019,10,7,1410.45,201.49,313,RETURNING,6.93
cust-08574,m-023,18,12,5403.95,450.33,337,RETURNING,7.63
cust-08575,m-042,9,15,1645.24,109.68,317,LOYAL,4.71
cust-08576,m-014,122,6,6313.92,1052.32,319,INACTIVE,42.41
cust-08577,m-020,59,7,805.2,115.03,354,AT_RISK,20.37
cust-08578,m-039,4,8,952.01,119.0,328,RETURNING,4.55
cust-08579,m-026,1,7,805.91,115.13,271,RETURNING,4.12
cust-08580,m-032,34,9,10609.93,1178.88,295,AT_RISK,14.49
cust-08581,m-007,40,7,8153.21,1164.74,359,AT_RISK,14.86
cust-08582,m-041,45,9,3001.05,333.45,331,AT_RISK,16.55
cust-08583,m-018,23,8,730.59,91.32,295,RETURNING,11.1
cust-08584,m-033,4,11,6280.2,570.93,363,RETURNING,3.6
cust-08585,m-004,58,4,3768.02,942.01,349,AT_RISK,22.57
cust-08586,m-021,34,10,4601.76,460.18,347,AT_RISK,12.5
cust-08588,m-008,4,17,23960.59,1409.45,330,LOYAL,2.88
cust-08589,m-003,113,6,3147.86,524.64,361,INACTIVE,35.5
cust-08590,m-036,8,10,895.67,89.57,364,RETURNING,4.92
cust-08591,m-011,48,8,1512.08,189.01,357,AT_RISK,16.74
cust-08592,m-017,42,9,2338.21,259.8,235,AT_RISK,20.8
cust-08593,m-029,20,6,1508.2,251.37,364,RETURNING,9.77
cust-08594,m-002,64,7,10810.38,1544.34,285,INACTIVE,26.13
cust-08595,m-002,86,6,5252.94,875.49,249,INACTIVE,38.69
cust-08596,m-024,7,5,746.33,149.27,348,RETURNING,7.01
cust-08597,m-010,2,11,1227.92,111.63,331,RETURNING,3.1
cust-08598,m-006,74,12,2455.21,204.6,350,INACTIVE,23.39
cust-08599,m-023,72,9,2641.23,293.47,285,INACTIVE,28.17
cust-08600,m-044,16,2,205.6,102.8,300,NEW,15.32
cust-08601,m-021,0,11,2948.42,268.04,333,RETURNING,2.5
cust-08602,m-017,18,8,2676.66,334.58,355,RETURNING,8.39
cust-08603,m-025,47,12,10639.84,886.65,355,AT_RISK,15.51
cust-08604,m-014,24,6,4710.04,785.01,352,RETURNING,11.08
cust-08605,m-005,20,14,4814.26,343.88,351,RETURNING,7.68
cust-08606,m-036,103,7,1323.48,189.07,284,INACTIVE,39.89
cust-08607,m-004,109,8,8466.58,1058.32,357,INACTIVE,33.78
cust-08608,m-003,18,7,2863.72,409.1,341,RETURNING,9.01
cust-08609,m-032,55,16,15780.87,986.3,361,AT_RISK,16.96
cust-08610,m-044,66,6,2042.65,340.44,329,INACTIVE,24.29
cust-08611,m-047,11,4,414.46,103.62,308,RETURNING,9.56
cust-08612,m-043,6,6,6153.09,1025.52,327,RETURNING,6.11
cust-08613,m-005,38,6,1086.68,181.11,240,AT_RISK,20.05
cust-08614,m-002,45,9,12054.63,1339.4,350,AT_RISK,15.82
cust-08615,m-026,1,7,408.05,58.29,295,RETURNING,4.09
cust-08616,m-023,4,6,1285.42,214.24,334,RETURNING,5.48
cust-08617,m-018,20,7,482.89,68.98,314,RETURNING,10.1
cust-08618,m-019,3,7,646.28,92.33,310,RETURNING,4.71
cust-08619,m-037,20,8,1043.84,130.48,362,RETURNING,8.84
cust-08620,m-033,110,6,7637.23,1272.87,342,INACTIVE,36.36
cust-08621,m-041,30,5,847.48,169.5,313,RETURNING,14.55
cust-08622,m-003,30,6,1602.02,267.0,345,RETURNING,12.96
cust-08623,m-009,10,12,1187.62,98.97,347,RETURNING,5.18
cust-08624,m-037,44,12,1497.53,124.79,349,AT_RISK,14.88
cust-08625,m-014,10,6,5748.4,958.07,357,RETURNING,7.08
cust-08626,m-035,28,8,9941.28,1242.66,235,RETURNING,15.2
cust-08627,m-025,9,10,12681.59,1268.16,302,RETURNING,5.7
cust-08628,m-024,12,11,3958.03,359.82,354,RETURNING,5.88
cust-08629,m-001,15,10,1150.64,115.06,330,RETURNING,7.26
cust-08631,m-001,1,9,1038.19,115.35,353,RETURNING,3.28
cust-08632,m-001,33,14,2002.07,143.01,362,AT_RISK,11.09
cust-08633,m-022,8,5,10565.97,2113.19,316,RETURNING,7.52
cust-08634,m-041,5,9,1532.53,170.28,309,RETURNING,4.61
cust-08635,m-012,26,7,1488.96,212.71,331,RETURNING,11.58
cust-08636,m-032,56,7,5777.65,825.38,360,AT_RISK,19.26
cust-08637,m-030,0,9,2036.11,226.23,335,RETURNING,3.0
cust-08638,m-010,50,5,287.55,57.51,346,AT_RISK,19.41
cust-08640,m-011,8,7,631.62,90.23,324,RETURNING,6.21
cust-08641,m-040,33,8,1849.57,231.2,225,AT_RISK,17.94
cust-08642,m-011,9,3,381.73,127.24,92,NEW,17.18
cust-08643,m-023,12,5,2650.15,530.03,287,RETURNING,9.17
cust-08644,m-026,76,9,820.45,91.16,364,INACTIVE,23.82
cust-08645,m-003,3,12,2195.22,182.94,360,RETURNING,3.14
cust-08646,m-032,72,5,6536.06,1307.21,323,INACTIVE,27.22
cust-08649,m-027,0,9,3447.55,383.06,333,RETURNING,3.0
cust-08650,m-047,13,15,1802.76,120.18,332,LOYAL,5.78
cust-08651,m-026,52,9,1049.88,116.65,348,AT_RISK,17.9
cust-08652,m-005,39,7,1243.45,177.64,265,AT_RISK,18.41
cust-08653,m-022,117,10,11206.37,1120.64,364,INACTIVE,34.78
cust-08654,m-017,25,9,2445.7,271.74,364,RETURNING,9.85
cust-08655,m-035,150,8,7377.7,922.21,273,INACTIVE,58.08
cust-08656,m-041,1,8,1666.21,208.28,308,RETURNING,3.66
cust-08657,m-046,1,8,2604.83,325.6,321,RETURNING,3.64
cust-08658,m-041,16,7,2297.7,328.24,343,RETURNING,8.4
cust-08659,m-012,20,9,2494.21,277.13,330,RETURNING,9.04
cust-08660,m-038,59,8,1593.62,199.2,312,AT_RISK,22.18
cust-08661,m-032,47,5,5607.2,1121.44,347,AT_RISK,18.51
cust-08662,m-017,23,9,2632.96,292.55,308,RETURNING,10.44
cust-08663,m-044,7,9,3958.87,439.87,328,RETURNING,5.13
cust-08664,m-047,30,7,414.26,59.18,315,RETURNING,13.24
cust-08665,m-019,26,7,553.54,79.08,279,RETURNING,13.04
cust-08666,m-028,1,8,3341.84,417.73,332,RETURNING,3.63
cust-08667,m-022,65,6,8170.6,1361.77,355,INACTIVE,22.54
cust-08668,m-009,63,8,1108.27,138.53,333,INACTIVE,22.2
cust-08669,m-032,80,3,3442.17,1147.39,157,INACTIVE,58.13
cust-08670,m-008,54,11,12903.26,1173.02,298,AT_RISK,20.56
cust-08671,m-002,1,8,5432.57,679.07,342,RETURNING,3.62
cust-08672,m-001,1,9,670.75,74.53,363,RETURNING,3.27
cust-08673,m-007,98,5,7377.73,1475.55,312,INACTIVE,36.31
cust-08674,m-024,174,10,4244.35,424.44,346,INACTIVE,52.87
cust-08675,m-019,25,13,2704.2,208.02,299,RETURNING,10.48
cust-08676,m-046,47,9,4868.02,540.89,302,AT_RISK,18.51
cust-08677,m-012,1,12,3460.99,288.42,341,RETURNING,2.6
cust-08678,m-030,68,9,2077.77,230.86,312,INACTIVE,24.73
cust-08679,m-024,42,5,1319.35,263.87,322,AT_RISK,18.0
cust-08680,m-014,214,2,3026.58,1513.29,291,INACTIVE,83.29
cust-08681,m-038,78,10,2086.49,208.65,347,INACTIVE,25.14
cust-08682,m-018,18,10,896.2,89.62,362,RETURNING,7.69
cust-08683,m-017,61,5,642.54,128.51,273,INACTIVE,27.26
cust-08684,m-024,17,9,3806.47,422.94,355,RETURNING,7.78
cust-08685,m-040,4,9,5071.94,563.55,361,RETURNING,4.1
cust-08686,m-025,5,5,4558.99,911.8,215,RETURNING,7.31
cust-08687,m-002,173,6,5852.77,975.46,337,INACTIVE,55.47
cust-08688,m-001,11,14,1224.78,87.48,363,RETURNING,5.02
cust-08689,m-040,25,4,1407.9,351.98,361,RETURNING,12.91
cust-08691,m-036,53,5,379.93,75.99,271,AT_RISK,24.49
cust-08692,m-023,11,11,5733.27,521.21,254,RETURNING,6.81
cust-08693,m-047,2,10,594.27,59.43,312,RETURNING,3.37
cust-08694,m-036,19,10,1472.61,147.26,332,RETURNING,8.43
cust-08695,m-031,87,6,648.44,108.07,361,INACTIVE,28.32
cust-08696,m-018,156,5,574.27,114.85,350,INACTIVE,49.44
cust-08697,m-043,48,9,6573.83,730.43,351,AT_RISK,16.64
cust-08698,m-027,68,8,1173.69,146.71,342,INACTIVE,23.16
cust-08699,m-003,13,9,3729.1,414.34,362,RETURNING,6.58
cust-08701,m-034,40,13,1061.1,81.62,332,AT_RISK,14.15
cust-08702,m-032,30,6,7859.32,1309.89,308,RETURNING,13.99
cust-08703,m-031,27,9,1285.24,142.8,352,RETURNING,10.65
cust-08704,m-038,83,11,1693.9,153.99,305,INACTIVE,29.62
cust-08705,m-009,40,3,271.96,90.65,340,NEW,19.23
cust-08706,m-015,0,12,1492.79,124.4,348,RETURNING,2.31
cust-08707,m-017,33,6,2333.68,388.95,334,AT_RISK,14.14
cust-08708,m-011,0,6,1430.75,238.46,275,RETURNING,4.29
cust-08709,m-016,68,7,718.47,102.64,248,INACTIVE,31.06
cust-08711,m-032,22,9,9018.48,1002.05,299,RETURNING,10.33
cust-08712,m-006,17,9,1274.59,141.62,352,RETURNING,7.82
cust-08713,m-011,43,7,661.31,94.47,302,AT_RISK,17.94
cust-08714,m-030,35,13,3772.55,290.2,343,AT_RISK,12.32
cust-08715,m-014,16,4,6479.33,1619.83,331,RETURNING,10.82
cust-08716,m-016,10,5,937.11,187.42,355,RETURNING,7.81
cust-08717,m-017,27,15,3850.26,256.68,360,RETURNING,9.35
cust-08718,m-009,23,8,1059.69,132.46,359,RETURNING,9.72
cust-08719,m-038,23,8,1023.94,127.99,325,RETURNING,10.39
cust-08720,m-010,13,13,1450.24,111.56,314,RETURNING,6.27
cust-08721,m-032,75,3,3218.94,1072.98,293,INACTIVE,33.01
cust-08722,m-015,2,11,1398.47,127.13,354,RETURNING,3.06
cust-08723,m-007,54,9,9466.63,1051.85,282,AT_RISK,22.08
cust-08724,m-020,16,10,572.5,57.25,349,RETURNING,7.3
cust-08725,m-009,0,6,1746.11,291.02,358,RETURNING,4.29
cust-08726,m-002,68,7,5562.23,794.6,362,INACTIVE,22.48
cust-08727,m-031,25,8,1185.05,148.13,339,RETURNING,10.69
cust-08728,m-015,109,6,996.54,166.09,362,INACTIVE,34.31
cust-08729,m-034,32,10,862.58,86.26,344,AT_RISK,12.0
cust-08731,m-017,70,15,3594.71,239.65,330,INACTIVE,23.02
cust-08732,m-014,1,8,9493.52,1186.69,357,RETURNING,3.61
cust-08733,m-015,1,6,777.39,129.56,361,RETURNING,4.56
cust-08734,m-031,60,1,95.73,95.73,60,INACTIVE,100.0
cust-08735,m-016,96,5,1524.54,304.91,349,INACTIVE,32.43
cust-08736,m-030,6,10,17002.36,1700.24,360,RETURNING,4.39
cust-08737,m-022,151,3,6522.55,2174.18,342,INACTIVE,51.52
cust-08738,m-035,104,7,10387.78,1483.97,345,INACTIVE,33.81
cust-08739,m-018,8,11,1184.4,107.67,237,RETURNING,5.86
cust-08741,m-008,11,11,14518.48,1319.86,356,RETURNING,5.58
cust-08742,m-032,6,6,8789.25,1464.88,326,RETURNING,6.12
cust-08743,m-017,116,5,2117.49,423.5,331,INACTIVE,39.94
cust-08744,m-013,47,9,11415.75,1268.42,359,AT_RISK,16.06
cust-08745,m-007,12,11,8648.37,786.22,358,RETURNING,5.84
cust-08746,m-044,1,7,1688.88,241.27,323,RETURNING,4.06
cust-08748,m-008,24,12,14717.49,1226.46,326,RETURNING,9.65
cust-08749,m-043,15,10,12031.78,1203.18,328,RETURNING,7.29
cust-08750,m-031,71,8,939.06,117.38,304,INACTIVE,26.61
cust-08751,m-009,155,7,964.72,137.82,280,INACTIVE,58.91
cust-08752,m-028,9,11,2410.34,219.12,344,RETURNING,5.11
cust-08753,m-033,48,5,5208.29,1041.66,320,AT_RISK,19.95
cust-08754,m-040,35,14,3648.0,260.57,355,AT_RISK,11.83
cust-08755,m-041,11,10,2732.53,273.25,362,RETURNING,5.76
cust-08757,m-028,109,6,1329.29,221.55,325,INACTIVE,37.72
cust-08758,m-004,55,4,3918.64,979.66,223,AT_RISK,30.55
cust-08759,m-025,14,6,6000.08,1000.01,280,RETURNING,9.27
cust-08760,m-009,12,9,1715.66,190.63,228,RETURNING,8.24
cust-08761,m-014,130,6,3322.73,553.79,362,INACTIVE,40.1
cust-08762,m-016,3,11,1654.61,150.42,333,RETURNING,3.4
cust-08763,m-041,0,10,3029.87,302.99,313,RETURNING,2.73
cust-08764,m-005,87,6,1292.38,215.4,297,INACTIVE,33.48
cust-08765,m-038,33,7,1255.25,179.32,348,AT_RISK,13.21
cust-08766,m-009,88,7,1108.92,158.42,359,INACTIVE,28.19
cust-08768,m-015,76,6,506.76,84.46,356,INACTIVE,25.57
cust-08769,m-019,2,9,1106.85,122.98,318,RETURNING,3.63
cust-08770,m-011,4,5,753.87,150.77,318,RETURNING,6.25
cust-08771,m-025,271,2,1352.96,676.48,300,INACTIVE,100.0
cust-08772,m-023,68,4,738.11,184.53,321,INACTIVE,27.12
cust-08774,m-028,8,7,4354.5,622.07,313,RETURNING,6.3
cust-08775,m-045,38,9,757.49,84.17,343,AT_RISK,14.05
cust-08776,m-001,3,14,1311.01,93.64,350,RETURNING,2.85
cust-08777,m-047,38,4,697.81,174.45,309,AT_RISK,18.26
cust-08778,m-010,16,8,768.15,96.02,316,RETURNING,8.38
cust-08779,m-018,7,8,779.15,97.39,269,RETURNING,5.93
cust-08780,m-045,20,7,1058.79,151.26,331,RETURNING,9.77
cust-08781,m-005,40,5,1297.13,259.43,350,AT_RISK,16.4
cust-08782,m-016,133,5,836.27,167.25,361,INACTIVE,41.74
cust-08783,m-041,40,7,1130.72,161.53,283,AT_RISK,17.83
cust-08784,m-023,78,7,2072.84,296.12,308,INACTIVE,28.99
cust-08785,m-004,110,8,10898.2,1362.28,361,INACTIVE,33.72
cust-08786,m-016,26,8,2040.39,255.05,312,RETURNING,11.64
cust-08787,m-015,29,7,739.13,105.59,346,RETURNING,12.11
cust-08788,m-024,93,5,2040.37,408.07,338,INACTIVE,32.43
cust-08789,m-023,25,10,2835.47,283.55,347,RETURNING,9.91
cust-08791,m-026,78,9,1334.18,148.24,350,INACTIVE,25.22
cust-08792,m-004,45,5,7501.93,1500.39,361,AT_RISK,17.43
cust-08793,m-015,10,8,704.37,88.05,284,RETURNING,6.84
cust-08794,m-026,6,6,360.45,60.08,353,RETURNING,5.98
cust-08795,m-007,62,7,7155.85,1022.26,347,INACTIVE,21.57
cust-08796,m-005,39,8,4388.66,548.58,230,AT_RISK,20.22
cust-08797,m-030,18,12,4231.48,352.62,338,RETURNING,7.62
cust-08798,m-047,132,6,641.34,106.89,363,INACTIVE,40.55
cust-08799,m-025,50,8,10720.93,1340.12,270,AT_RISK,21.78
cust-08800,m-004,13,4,5762.38,1440.6,294,RETURNING,10.41
cust-08801,m-016,25,7,1944.39,277.77,353,RETURNING,10.81
cust-08802,m-027,79,4,705.05,176.26,327,INACTIVE,30.09
cust-08803,m-019,167,5,387.52,77.5,331,INACTIVE,55.3
cust-08804,m-034,47,10,1052.12,105.21,327,AT_RISK,17.06
cust-08805,m-018,45,10,1049.17,104.92,344,AT_RISK,15.77
cust-08807,m-034,47,4,264.95,66.24,317,AT_RISK,20.78
cust-08808,m-030,16,7,1314.29,187.76,312,RETURNING,8.86
cust-08809,m-037,108,7,815.02,116.43,353,INACTIVE,34.26
cust-08810,m-027,10,3,1606.87,535.62,339,NEW,10.44
cust-08811,m-029,33,11,2449.41,222.67,336,AT_RISK,12.29
cust-08812,m-005,43,3,597.38,199.13,269,NEW,23.43
cust-08814,m-022,33,6,12461.14,2076.86,348,AT_RISK,13.74
cust-08815,m-007,8,8,7736.5,967.06,359,RETURNING,5.56
cust-08816,m-045,48,10,922.17,92.22,361,AT_RISK,15.99
cust-08817,m-007,12,10,10694.68,1069.47,210,RETURNING,8.41
cust-08818,m-025,195,4,3517.9,879.48,356,INACTIVE,60.62
cust-08819,m-025,110,3,5458.11,1819.37,217,INACTIVE,57.96
cust-08820,m-008,16,10,14238.29,1423.83,287,RETURNING,8.28
cust-08821,m-012,15,8,2668.85,333.61,314,RETURNING,8.1
cust-08822,m-025,23,10,10486.55,1048.66,353,RETURNING,9.22
cust-08823,m-028,29,7,1897.17,271.02,239,RETURNING,15.83
cust-08824,m-021,0,10,3312.74,331.27,364,RETURNING,2.73
cust-08825,m-003,147,2,170.02,85.01,210,INACTIVE,79.67
cust-08826,m-010,23,6,973.75,162.29,275,RETURNING,12.62
cust-08827,m-030,31,9,2149.97,238.89,342,AT_RISK,12.04
cust-08828,m-010,11,7,1102.88,157.55,354,RETURNING,6.85
cust-08829,m-024,30,8,1071.79,133.97,339,RETURNING,12.16
cust-08830,m-033,17,7,8163.49,1166.21,258,RETURNING,10.31
cust-08831,m-002,81,7,5219.4,745.63,359,INACTIVE,26.25
cust-08832,m-016,97,4,1251.75,312.94,255,INACTIVE,43.89
cust-08833,m-020,74,6,1125.19,187.53,341,INACTIVE,25.92
cust-08834,m-032,191,3,3218.94,1072.98,343,INACTIVE,63.02
cust-08835,m-015,3,14,1602.58,114.47,332,RETURNING,2.9
cust-08837,m-039,92,6,631.09,105.18,287,INACTIVE,36.23
cust-08838,m-003,36,8,1220.67,152.58,364,AT_RISK,13.2
cust-08839,m-021,14,7,3005.98,429.43,204,RETURNING,10.58
cust-08840,m-023,42,7,1186.87,169.55,323,AT_RISK,16.71
cust-08841,m-023,6,12,1694.3,141.19,306,RETURNING,4.26
cust-08842,m-041,66,8,2080.95,260.12,275,INACTIVE,27.25
cust-08843,m-030,25,12,3724.52,310.38,361,RETURNING,9.21
cust-08844,m-032,94,10,12821.45,1282.14,328,INACTIVE,31.3
cust-08845,m-041,92,7,2107.39,301.06,332,INACTIVE,31.38
cust-08846,m-042,0,13,1302.14,100.16,359,RETURNING,2.14
cust-08847,m-019,20,9,885.17,98.35,362,RETURNING,8.51
cust-08848,m-016,93,4,1251.75,312.94,284,INACTIVE,38.63
cust-08849,m-027,10,5,1001.6,200.32,357,RETURNING,7.79
cust-08851,m-001,88,14,1009.45,72.1,342,INACTIVE,27.66
cust-08852,m-015,52,13,1723.41,132.57,351,AT_RISK,16.92
cust-08853,m-024,5,10,3167.27,316.73,364,RETURNING,4.1
cust-08854,m-008,48,16,23778.25,1486.14,331,AT_RISK,16.22
cust-08855,m-014,73,9,8375.35,930.59,351,INACTIVE,23.74
cust-08856,m-005,38,7,1267.12,181.02,363,AT_RISK,14.19
cust-08857,m-037,5,14,2167.26,154.8,358,RETURNING,3.39
cust-08858,m-024,55,8,1837.9,229.74,342,AT_RISK,19.37
cust-08859,m-003,10,10,4173.12,417.31,319,RETURNING,5.85
cust-08860,m-038,87,8,1514.66,189.33,308,INACTIVE,31.49
cust-08861,m-032,54,6,4751.5,791.92,357,AT_RISK,19.37
cust-08862,m-026,187,4,558.89,139.72,276,INACTIVE,73.51
cust-08863,m-013,8,6,7857.81,1309.64,251,RETURNING,7.46
cust-08864,m-011,59,7,651.14,93.02,316,AT_RISK,22.36
cust-08865,m-020,115,8,860.15,107.52,335,INACTIVE,37.56
cust-08866,m-039,62,9,1361.94,151.33,349,INACTIVE,20.71
cust-08867,m-028,32,9,3635.54,403.95,338,AT_RISK,12.44
cust-08868,m-017,4,8,3964.55,495.57,346,RETURNING,4.49
cust-08869,m-033,174,5,3638.67,727.73,318,INACTIVE,59.55
cust-08870,m-039,19,9,1005.31,111.7,298,RETURNING,9.35
cust-08871,m-043,29,10,7265.76,726.58,343,RETURNING,11.16
cust-08872,m-022,20,10,16317.41,1631.74,352,RETURNING,8.39
cust-08873,m-039,103,12,1932.2,161.02,323,INACTIVE,34.1
cust-08874,m-019,53,11,924.19,84.02,361,AT_RISK,17.14
cust-08875,m-008,26,9,11971.74,1330.19,359,RETURNING,10.22
cust-08876,m-026,86,9,974.48,108.28,309,INACTIVE,30.74
cust-08877,m-018,11,9,1195.35,132.82,341,RETURNING,6.22
cust-08878,m-040,7,7,2335.97,333.71,338,RETURNING,5.81
cust-08879,m-014,11,8,4110.07,513.76,334,RETURNING,6.62
cust-08880,m-043,2,7,4608.95,658.42,359,RETURNING,4.31
cust-08881,m-022,4,6,5269.79,878.3,332,RETURNING,5.49
cust-08882,m-032,1,10,8822.73,882.27,338,RETURNING,3.02
cust-08883,m-020,55,7,743.86,106.27,305,AT_RISK,21.72
cust-08884,m-007,66,5,6687.89,1337.58,209,INACTIVE,36.43
cust-08885,m-043,18,6,5567.03,927.84,322,RETURNING,9.86
cust-08886,m-037,34,7,538.48,76.93,346,AT_RISK,13.55
cust-08887,m-038,11,9,1495.83,166.2,329,RETURNING,6.33
cust-08888,m-005,7,10,2412.05,241.2,352,RETURNING,4.71
cust-08889,m-023,5,6,1080.41,180.07,328,RETURNING,5.81
cust-08890,m-018,149,7,883.77,126.25,337,INACTIVE,47.83
cust-08891,m-040,52,9,1574.8,174.98,355,AT_RISK,17.61
cust-08893,m-027,165,4,3152.85,788.21,266,INACTIVE,67.8
cust-08894,m-043,32,11,10148.72,922.61,355,AT_RISK,11.49
cust-08895,m-043,72,7,3950.13,564.3,360,INACTIVE,23.69
cust-08896,m-025,7,8,11635.56,1454.45,310,RETURNING,5.58
cust-08897,m-035,50,11,12168.34,1106.21,306,AT_RISK,18.79
cust-08898,m-019,50,7,647.97,92.57,348,AT_RISK,18.08
cust-08900,m-020,11,7,1047.76,149.68,207,RETURNING,9.04
cust-08901,m-026,66,8,1213.7,151.71,323,INACTIVE,23.7
cust-08902,m-015,17,10,1169.43,116.94,360,RETURNING,7.44
cust-08903,m-010,155,10,1367.4,136.74,314,INACTIVE,51.93
cust-08904,m-013,7,13,16371.65,1259.36,336,RETURNING,4.22
cust-08905,m-006,4,5,710.13,142.03,356,RETURNING,6.12
cust-08906,m-020,0,4,730.11,182.53,151,RETURNING,6.0
cust-08907,m-044,4,10,1370.71,137.07,346,RETURNING,3.88
cust-08908,m-019,21,8,717.73,89.72,295,RETURNING,10.43
cust-08909,m-007,63,7,7101.41,1014.49,335,INACTIVE,22.5
cust-08910,m-046,1,10,1998.55,199.86,325,RETURNING,3.03
cust-08911,m-045,14,10,1167.18,116.72,323,RETURNING,7.05
cust-08912,m-022,146,2,5077.76,2538.88,189,INACTIVE,86.84
cust-08913,m-025,64,8,9576.31,1197.04,291,INACTIVE,25.25
cust-08914,m-046,102,7,1837.23,262.46,337,INACTIVE,33.93
cust-08915,m-027,11,8,1715.12,214.39,331,RETURNING,6.65
cust-08916,m-032,4,10,12797.54,1279.75,344,RETURNING,3.89
cust-08917,m-018,3,5,770.36,154.07,361,RETURNING,5.83
cust-08918,m-034,0,9,1124.25,124.92,307,RETURNING,3.0
cust-08919,m-004,67,5,7279.91,1455.98,331,INACTIVE,25.18
cust-08920,m-033,49,9,11723.79,1302.64,348,AT_RISK,17.04
cust-08921,m-038,16,7,809.74,115.68,307,RETURNING,8.94
cust-08922,m-006,243,3,381.23,127.08,334,INACTIVE,80.04
cust-08923,m-007,4,6,5660.52,943.42,207,RETURNING,6.21
cust-08924,m-022,41,8,14011.81,1751.48,339,AT_RISK,15.39
cust-08925,m-024,119,8,3505.58,438.2,360,INACTIVE,36.3
cust-08926,m-034,35,6,561.44,93.57,357,AT_RISK,14.06
cust-08927,m-009,1,6,668.84,111.47,186,RETURNING,4.82
cust-08928,m-034,28,5,538.24,107.65,316,RETURNING,13.83
cust-08929,m-022,69,6,8242.18,1373.7,257,INACTIVE,31.03
cust-08930,m-040,68,8,1651.69,206.46,347,INACTIVE,22.87
cust-08931,m-009,9,7,774.4,110.63,287,RETURNING,6.88
cust-08932,m-016,5,10,1915.19,191.52,309,RETURNING,4.34
cust-08933,m-009,39,8,994.31,124.29,306,AT_RISK,16.04
cust-08934,m-025,23,6,3854.66,642.44,320,RETURNING,11.45
cust-08936,m-006,126,10,1360.37,136.04,344,INACTIVE,39.25
cust-08937,m-013,84,7,6591.54,941.65,336,INACTIVE,28.68
cust-08938,m-041,9,9,3026.94,336.33,355,RETURNING,5.53
cust-08939,m-045,39,7,773.26,110.47,360,AT_RISK,14.55
cust-08940,m-033,1,10,11608.49,1160.85,330,RETURNING,3.03
cust-08942,m-018,53,12,1499.53,124.96,297,AT_RISK,20.09
cust-08943,m-014,25,6,7611.12,1268.52,300,RETURNING,12.59
cust-08944,m-043,4,9,12508.47,1389.83,357,RETURNING,4.12
cust-08945,m-045,28,9,1366.86,151.87,347,RETURNING,11.05
cust-08946,m-006,141,4,596.07,149.02,253,INACTIVE,61.51
cust-08947,m-034,32,7,509.08,72.73,363,AT_RISK,12.54
cust-08949,m-024,39,12,2038.08,169.84,359,AT_RISK,13.14
cust-08950,m-004,0,6,8310.94,1385.16,356,RETURNING,4.29
cust-08951,m-032,138,7,7283.63,1040.52,331,INACTIVE,45.32
cust-08952,m-013,33,6,4044.06,674.01,357,AT_RISK,13.5
cust-08953,m-004,47,6,5409.24,901.54,264,AT_RISK,22.02
cust-08954,m-016,19,12,2273.59,189.47,332,RETURNING,8.01
cust-08955,m-044,143,7,1224.01,174.86,353,INACTIVE,44.15
cust-08956,m-043,76,10,8227.22,822.72,310,INACTIVE,27.16
cust-08957,m-024,13,10,1739.48,173.95,333,RETURNING,6.62
cust-08958,m-046,2,12,2005.59,167.13,346,RETURNING,2.88
cust-08959,m-023,24,13,5944.36,457.26,350,RETURNING,8.98
cust-08960,m-045,52,7,1145.7,163.67,271,AT_RISK,22.87
cust-08961,m-030,51,8,1585.58,198.2,340,AT_RISK,18.29
cust-08962,m-025,26,6,7284.79,1214.13,268,RETURNING,13.95
cust-08963,m-007,38,10,16440.42,1644.04,260,AT_RISK,17.29
cust-08964,m-034,226,5,480.67,96.13,360,INACTIVE,67.6
cust-08965,m-034,52,8,764.22,95.53,345,AT_RISK,18.36
cust-08966,m-022,44,9,7257.27,806.36,339,AT_RISK,15.94
cust-08967,m-007,88,5,3757.27,751.45,349,INACTIVE,30.14
cust-08968,m-024,31,4,966.33,241.58,241,AT_RISK,18.81
cust-08969,m-039,52,13,1556.72,119.75,354,AT_RISK,16.79
cust-08970,m-045,5,15,1356.32,90.42,327,LOYAL,3.4
cust-08972,m-028,9,10,2165.86,216.59,358,RETURNING,5.23
cust-08973,m-027,108,6,2690.58,448.43,307,INACTIVE,39.35
cust-08974,m-020,16,6,416.64,69.44,340,RETURNING,8.98
cust-08975,m-023,79,8,1630.78,203.85,351,INACTIVE,25.78
cust-08976,m-042,25,5,638.4,127.68,280,RETURNING,13.9
cust-08977,m-004,80,3,4980.69,1660.23,324,INACTIVE,32.12
cust-08978,m-004,19,3,4236.21,1412.07,334,NEW,13.17
cust-08979,m-014,9,10,9929.27,992.93,342,RETURNING,5.35
cust-08980,m-016,20,7,2159.16,308.45,294,RETURNING,10.53
cust-08981,m-005,27,9,2034.62,226.07,264,RETURNING,13.19
cust-08982,m-026,12,8,1038.44,129.8,320,RETURNING,7.07
cust-08983,m-047,110,4,360.71,90.18,323,INACTIVE,39.95
cust-08984,m-007,58,11,10783.07,980.28,345,AT_RISK,19.26
cust-08985,m-046,23,13,3512.67,270.21,337,RETURNING,8.95
cust-08986,m-037,102,9,1178.36,130.93,302,INACTIVE,36.66
cust-08987,m-004,68,2,2476.26,1238.13,241,INACTIVE,38.1
cust-08988,m-027,147,4,594.6,148.65,332,INACTIVE,50.14
cust-08989,m-011,10,14,1196.4,85.46,359,RETURNING,4.78
cust-08990,m-021,62,8,2157.95,269.74,346,INACTIVE,21.2
cust-08991,m-029,60,7,1450.62,207.23,261,AT_RISK,26.65
cust-08992,m-030,48,6,8452.34,1408.72,245,AT_RISK,23.8
cust-08993,m-045,74,7,815.57,116.51,306,INACTIVE,27.85
cust-08995,m-009,12,5,305.63,61.13,271,RETURNING,9.41
cust-08996,m-018,28,12,7949.67,662.47,362,RETURNING,10.02
cust-08997,m-001,11,6,559.26,93.21,337,RETURNING,7.54
cust-08999,m-020,6,7,708.23,101.18,321,RETURNING,5.61
cust-09000,m-047,218,3,320.46,106.82,347,INACTIVE,70.14
cust-09001,m-046,4,6,3261.92,543.65,333,RETURNING,5.48
cust-09002,m-011,27,11,902.15,82.01,364,RETURNING,9.9
cust-09003,m-042,9,6,511.78,85.3,341,RETURNING,6.92
cust-09004,m-024,87,7,1622.33,231.76,297,INACTIVE,32.94
cust-09005,m-038,18,6,961.13,160.19,332,RETURNING,9.69
cust-09006,m-033,67,5,6736.73,1347.35,358,INACTIVE,23.66
cust-09007,m-024,9,9,2814.76,312.75,264,RETURNING,6.4
cust-09008,m-020,5,11,1487.34,135.21,364,RETURNING,3.87
cust-09009,m-021,104,10,2082.39,208.24,357,INACTIVE,31.78
cust-09011,m-043,33,6,4612.37,768.73,302,AT_RISK,15.18
cust-09012,m-010,88,6,821.15,136.86,254,INACTIVE,38.8
cust-09013,m-010,53,8,1049.53,131.19,354,AT_RISK,18.26
cust-09014,m-008,20,14,17388.95,1242.07,328,RETURNING,8.08
cust-09015,m-025,23,9,8796.21,977.36,304,RETURNING,10.54
cust-09017,m-028,41,11,2239.35,203.58,356,AT_RISK,13.98
cust-09018,m-034,76,7,780.95,111.56,330,INACTIVE,26.71
cust-09019,m-047,41,9,676.18,75.13,339,AT_RISK,15.06
cust-09020,m-010,22,6,595.88,99.31,335,RETURNING,10.83
cust-09021,m-041,77,5,912.04,182.41,328,INACTIVE,28.4
cust-09022,m-041,61,9,3346.02,371.78,334,INACTIVE,21.21
cust-09023,m-025,14,5,5332.3,1066.46,260,RETURNING,10.36
cust-09024,m-019,61,6,540.41,90.07,359,INACTIVE,21.23
cust-09025,m-026,25,9,713.8,79.31,277,RETURNING,11.99
cust-09026,m-035,38,13,14458.09,1112.16,361,AT_RISK,12.64
cust-09027,m-029,7,6,1448.43,241.4,313,RETURNING,6.52
cust-09028,m-005,92,6,1094.88,182.48,308,INACTIVE,34.06
cust-09029,m-017,29,11,2916.25,265.11,338,RETURNING,11.05
cust-09030,m-003,75,13,5035.38,387.34,361,INACTIVE,22.86
cust-09031,m-028,42,5,1492.38,298.48,270,AT_RISK,20.5
cust-09032,m-016,21,6,1033.11,172.18,340,RETURNING,10.44
cust-09033,m-013,186,4,6877.37,1719.34,321,INACTIVE,63.76
cust-09034,m-008,6,6,8142.87,1357.14,332,RETURNING,6.09
cust-09035,m-010,154,8,1036.21,129.53,361,INACTIVE,45.87
cust-09036,m-012,2,9,2180.0,242.22,334,RETURNING,3.6
cust-09037,m-031,4,10,723.69,72.37,361,RETURNING,3.83
cust-09038,m-030,13,13,1886.25,145.1,329,RETURNING,6.08
cust-09039,m-046,10,6,1905.01,317.5,319,RETURNING,7.41
cust-09040,m-038,25,9,2005.07,222.79,335,RETURNING,10.44
cust-09041,m-021,197,8,3160.11,395.01,350,INACTIVE,59.46
cust-09042,m-033,44,7,3962.33,566.05,363,AT_RISK,15.84
cust-09043,m-018,73,4,324.32,81.08,280,INACTIVE,31.98
cust-09044,m-040,5,9,4111.89,456.88,347,RETURNING,4.44
cust-09045,m-037,14,13,1230.84,94.68,337,RETURNING,6.28
cust-09046,m-010,4,13,1024.61,78.82,354,RETURNING,3.27
cust-09047,m-016,30,9,1297.62,144.18,317,RETURNING,12.43
cust-09048,m-030,10,15,4566.54,304.44,325,LOYAL,4.94
cust-09050,m-007,75,5,6906.66,1381.33,318,INACTIVE,28.51
cust-09051,m-001,21,11,1117.4,101.58,293,RETURNING,9.64
cust-09052,m-022,11,9,7590.81,843.42,345,RETURNING,6.18
cust-09053,m-006,6,15,2056.13,137.08,333,LOYAL,3.67
cust-09054,m-043,55,3,1440.01,480.0,200,INACTIVE,34.86
cust-09055,m-028,45,7,2655.35,379.34,330,AT_RISK,17.35
cust-09058,m-039,25,4,750.08,187.52,265,RETURNING,15.4
cust-09059,m-028,2,9,4808.21,534.25,352,RETURNING,3.57
cust-09061,m-005,13,10,2808.49,280.85,333,RETURNING,6.62
cust-09062,m-005,55,7,1977.1,282.44,309,AT_RISK,21.49
cust-09063,m-033,96,6,7803.53,1300.59,203,INACTIVE,51.34
cust-09064,m-025,11,12,11319.85,943.32,354,RETURNING,5.41
cust-09065,m-021,81,7,1725.75,246.54,270,INACTIVE,33.64
cust-09066,m-037,81,10,1692.67,169.27,329,INACTIVE,27.27
cust-09067,m-012,18,8,2630.59,328.82,335,RETURNING,8.69
cust-09068,m-023,195,6,1127.83,187.97,350,INACTIVE,59.84
cust-09069,m-007,214,3,1973.89,657.96,346,INACTIVE,69.17
cust-09070,m-047,66,8,974.1,121.76,332,INACTIVE,23.15
cust-09071,m-017,0,5,615.57,123.11,315,RETURNING,5.0
cust-09072,m-039,5,5,483.83,96.77,347,RETURNING,6.44
cust-09073,m-005,10,10,3848.25,384.82,319,RETURNING,5.85
cust-09074,m-033,177,5,3597.49,719.5,312,INACTIVE,61.55
cust-09075,m-025,13,6,7220.31,1203.38,298,RETURNING,8.63
cust-09076,m-038,79,7,1246.86,178.12,275,INACTIVE,32.37
cust-09077,m-007,10,7,6063.83,866.26,343,RETURNING,6.66
cust-09078,m-026,49,10,1385.35,138.54,331,AT_RISK,17.49
cust-09079,m-002,186,3,2124.63,708.21,237,INACTIVE,85.65
cust-09080,m-030,16,12,2868.58,239.05,359,RETURNING,6.75
cust-09081,m-037,14,11,1281.36,116.49,350,RETURNING,6.49
cust-09082,m-015,101,8,1322.85,165.36,343,INACTIVE,32.69
cust-09083,m-013,39,8,9536.3,1192.04,328,AT_RISK,15.19
cust-09084,m-008,17,12,11837.36,986.45,352,RETURNING,7.12
cust-09086,m-005,42,10,4044.75,404.48,309,AT_RISK,16.28
cust-09087,m-009,3,5,528.61,105.72,362,RETURNING,5.83
cust-09088,m-015,53,5,515.63,103.13,350,AT_RISK,20.1
cust-09089,m-024,3,16,5404.98,337.81,364,LOYAL,2.59
cust-09090,m-025,8,3,3637.15,1212.38,225,NEW,11.04
cust-09091,m-041,69,10,2970.62,297.06,322,INACTIVE,24.09
cust-09092,m-027,62,7,2720.19,388.6,334,INACTIVE,22.26
cust-09093,m-004,89,6,6311.54,1051.92,277,INACTIVE,36.3
cust-09094,m-008,14,21,31158.81,1483.75,362,LOYAL,5.22
cust-09095,m-018,42,18,2597.13,144.28,355,AT_RISK,13.38
cust-09096,m-036,31,10,1320.1,132.01,326,AT_RISK,12.21
cust-09097,m-047,137,7,549.53,78.5,356,INACTIVE,42.13
cust-09099,m-039,25,4,407.66,101.92,310,RETURNING,14.04
cust-09100,m-003,146,5,882.15,176.43,361,INACTIVE,45.33
cust-09101,m-028,30,8,4590.84,573.86,331,RETURNING,12.37
cust-09103,m-028,30,9,2282.99,253.67,360,RETURNING,11.31
cust-09104,m-011,57,9,1041.94,115.77,349,AT_RISK,19.29
cust-09105,m-007,233,6,11511.32,1918.55,357,INACTIVE,69.37
cust-09106,m-020,40,9,1226.01,136.22,354,AT_RISK,14.27
cust-09107,m-020,19,8,740.23,92.53,357,RETURNING,8.64
cust-09108,m-046,7,6,2749.75,458.29,351,RETURNING,6.27
cust-09109,m-043,15,4,2165.24,541.31,298,RETURNING,11.02
cust-09110,m-028,0,11,4263.26,387.57,358,RETURNING,2.5
cust-09111,m-019,8,10,1335.74,133.57,323,RETURNING,5.2
cust-09112,m-029,7,8,2124.65,265.58,266,RETURNING,5.96
cust-09114,m-023,14,7,2476.53,353.79,341,RETURNING,7.84
cust-09115,m-014,12,6,9188.55,1531.42,350,RETURNING,7.7
cust-09116,m-001,26,19,2240.73,117.93,335,RETURNING,9.24
cust-09117,m-013,6,4,5871.2,1467.8,312,RETURNING,7.92
cust-09119,m-037,52,6,1236.86,206.14,356,AT_RISK,18.85
cust-09120,m-010,66,7,855.84,122.26,294,INACTIVE,26.12
cust-09121,m-017,10,12,5635.72,469.64,344,RETURNING,5.21
cust-09122,m-007,21,8,7675.42,959.43,319,RETURNING,9.9
cust-09123,m-017,27,6,1939.95,323.32,352,RETURNING,11.93
cust-09124,m-042,10,10,1148.63,114.86,360,RETURNING,5.5
cust-09125,m-021,5,9,2582.1,286.9,341,RETURNING,4.46
cust-09126,m-024,0,12,3804.25,317.02,281,RETURNING,2.31
cust-09127,m-044,93,8,4274.18,534.27,361,INACTIVE,29.02
cust-09128,m-028,20,7,3029.69,432.81,306,RETURNING,10.26
cust-09129,m-005,26,7,5604.48,800.64,341,RETURNING,11.35
cust-09130,m-032,6,9,7919.62,879.96,355,RETURNING,4.69
cust-09131,m-020,16,5,335.44,67.09,355,RETURNING,9.49
cust-09132,m-038,14,8,1567.3,195.91,301,RETURNING,7.97
cust-09133,m-014,11,13,14316.72,1101.29,361,RETURNING,5.18
cust-09134,m-028,8,8,2023.56,252.94,341,RETURNING,5.67
cust-09135,m-034,1,8,452.62,56.58,271,RETURNING,3.7
cust-09136,m-030,28,8,7610.86,951.36,356,RETURNING,11.18
cust-09137,m-030,72,10,1368.33,136.83,349,INACTIVE,23.3
cust-09138,m-001,8,13,1781.34,137.03,345,RETURNING,4.45
cust-09139,m-023,1,14,5344.46,381.75,332,RETURNING,2.3
cust-09140,m-033,82,4,4890.78,1222.7,338,INACTIVE,30.19
cust-09141,m-041,4,7,2053.81,293.4,313,RETURNING,5.02
cust-09142,m-014,76,6,7054.46,1175.74,339,INACTIVE,26.64
cust-09143,m-017,20,6,2508.26,418.04,291,RETURNING,11.14
cust-09144,m-004,5,5,5507.57,1101.51,312,RETURNING,6.6
cust-09145,m-011,81,9,1311.64,145.74,307,INACTIVE,29.3
cust-09147,m-007,29,11,10402.48,945.68,349,RETURNING,10.79
cust-09148,m-019,41,9,967.79,107.53,359,AT_RISK,14.39
cust-09149,m-036,32,10,1143.84,114.38,348,AT_RISK,11.9
cust-09150,m-045,49,11,3652.63,332.06,361,AT_RISK,16.04
cust-09151,m-006,2,10,1184.9,118.49,332,RETURNING,3.33
cust-09152,m-024,12,9,2583.57,287.06,339,RETURNING,6.53
cust-09153,m-024,32,7,1265.06,180.72,335,AT_RISK,13.27
cust-09154,m-035,15,5,5674.33,1134.87,108,RETURNING,18.76
cust-09155,m-017,86,8,4259.83,532.48,341,INACTIVE,28.48
cust-09156,m-035,64,10,8982.93,898.29,355,INACTIVE,20.7
cust-09157,m-037,9,7,986.47,140.92,324,RETURNING,6.52
cust-09158,m-032,96,3,1498.79,499.6,283,INACTIVE,41.3
cust-09159,m-023,2,8,2769.08,346.14,350,RETURNING,3.9
cust-09160,m-044,9,5,1674.6,334.92,259,RETURNING,8.46
cust-09161,m-028,9,8,962.27,120.28,308,RETURNING,6.25
cust-09162,m-006,18,7,1099.35,157.05,287,RETURNING,10.0
cust-09163,m-015,40,5,549.15,109.83,228,AT_RISK,22.47
cust-09165,m-033,30,7,9981.63,1425.95,303,RETURNING,13.62
cust-09166,m-033,48,6,11022.72,1837.12,338,AT_RISK,18.45
cust-09167,m-013,20,8,7864.78,983.1,361,RETURNING,8.86
cust-09168,m-014,64,4,3654.29,913.57,347,INACTIVE,24.39
cust-09169,m-012,42,5,1888.67,377.73,344,AT_RISK,17.17
cust-09170,m-027,92,6,1043.58,173.93,307,INACTIVE,34.16
cust-09173,m-005,42,7,5017.16,716.74,353,AT_RISK,15.61
cust-09174,m-046,3,10,2926.62,292.66,353,RETURNING,3.57
cust-09175,m-007,80,9,10905.92,1211.77,319,INACTIVE,28.0
cust-09176,m-036,2,9,713.54,79.28,352,RETURNING,3.57
cust-09177,m-015,4,9,1313.16,145.91,363,RETURNING,4.1
cust-09178,m-021,1,10,2984.97,298.5,354,RETURNING,3.01
cust-09179,m-021,1,12,3124.19,260.35,314,RETURNING,2.63
cust-09180,m-036,96,8,1185.96,148.24,303,INACTIVE,34.91
cust-09181,m-023,21,10,3415.6,341.56,310,RETURNING,9.48
cust-09182,m-012,20,12,3100.38,258.36,352,RETURNING,7.97
cust-09183,m-018,22,8,838.18,104.77,340,RETURNING,9.78
cust-09184,m-025,117,12,12616.36,1051.36,359,INACTIVE,34.81
cust-09185,m-006,52,5,683.69,136.74,346,AT_RISK,19.99
cust-09186,m-023,16,9,2320.33,257.81,331,RETURNING,7.82
cust-09187,m-031,15,12,1376.72,114.73,292,RETURNING,7.43
cust-09188,m-012,7,12,2988.97,249.08,353,RETURNING,4.29
cust-09189,m-001,33,12,1313.72,109.48,346,AT_RISK,11.82
cust-09190,m-039,53,3,296.97,98.99,306,INACTIVE,24.76
cust-09191,m-036,81,7,590.19,84.31,266,INACTIVE,34.09
cust-09192,m-037,68,6,463.86,77.31,280,INACTIVE,28.49
cust-09193,m-037,53,4,390.83,97.71,317,AT_RISK,22.67
cust-09194,m-012,23,7,1636.34,233.76,300,RETURNING,11.39
cust-09195,m-010,5,12,1252.62,104.38,360,RETURNING,3.69
cust-09196,m-034,20,11,1112.61,101.15,340,RETURNING,8.37
cust-09197,m-011,59,5,536.19,107.24,357,AT_RISK,21.48
cust-09198,m-027,1,7,2648.77,378.4,299,RETURNING,4.08
cust-09199,m-018,73,6,1042.88,173.81,261,INACTIVE,32.15
cust-09200,m-046,62,10,1771.76,177.18,353,INACTIVE,20.24
cust-09201,m-040,45,4,2421.05,605.26,282,AT_RISK,21.9
cust-09202,m-019,23,8,988.6,123.57,294,RETURNING,11.13
cust-09203,m-005,22,9,2521.58,280.18,310,RETURNING,10.07
cust-09204,m-022,111,8,8352.64,1044.08,310,INACTIVE,39.02
cust-09206,m-022,2,11,9936.43,903.31,340,RETURNING,3.09
cust-09207,m-017,28,10,2540.82,254.08,313,RETURNING,11.64
cust-09208,m-023,49,14,2905.32,207.52,356,AT_RISK,15.73
cust-09209,m-033,57,5,3354.92,670.98,318,AT_RISK,22.87
cust-09210,m-047,69,9,629.91,69.99,335,INACTIVE,23.54
cust-09211,m-007,91,10,8348.58,834.86,358,INACTIVE,28.08
cust-09212,m-043,47,6,3282.97,547.16,312,AT_RISK,19.3
cust-09213,m-011,39,5,495.68,99.14,279,AT_RISK,18.93
cust-09214,m-012,54,10,3398.69,339.87,332,AT_RISK,18.94
cust-09215,m-018,114,7,1025.99,146.57,354,INACTIVE,35.86
cust-09216,m-039,79,8,1114.56,139.32,362,INACTIVE,25.1
cust-09217,m-035,37,10,11129.21,1112.92,362,AT_RISK,12.92
cust-09218,m-016,9,17,2395.41,140.91,361,LOYAL,4.15
cust-09219,m-012,27,8,2651.17,331.4,347,RETURNING,11.09
cust-09220,m-036,27,9,1663.87,184.87,312,RETURNING,11.63
cust-09221,m-025,2,13,15440.63,1187.74,318,RETURNING,2.77
cust-09222,m-001,63,13,1918.21,147.55,334,INACTIVE,20.95
cust-09223,m-028,26,5,408.31,81.66,274,RETURNING,14.45
cust-09224,m-005,11,7,1578.33,225.48,354,RETURNING,6.85
cust-09225,m-004,10,7,7312.13,1044.59,307,RETURNING,7.0
cust-09226,m-039,14,10,1769.85,176.98,347,RETURNING,6.75
cust-09227,m-016,8,5,1167.96,233.59,337,RETURNING,7.37
cust-09228,m-013,45,13,16980.27,1306.17,328,AT_RISK,15.82
cust-09229,m-015,260,5,434.34,86.87,323,INACTIVE,85.25
cust-09230,m-025,7,10,9733.67,973.37,327,RETURNING,4.86
cust-09231,m-016,41,11,2087.13,189.74,359,AT_RISK,13.89
cust-09232,m-015,24,9,1252.87,139.21,349,RETURNING,9.86
cust-09233,m-042,132,6,725.69,120.95,352,INACTIVE,41.68
cust-09234,m-038,21,13,2141.56,164.74,355,RETURNING,8.04
cust-09235,m-016,40,10,2026.13,202.61,256,AT_RISK,18.29
cust-09236,m-046,4,9,2167.33,240.81,288,RETURNING,4.38
cust-09237,m-027,26,12,5800.24,483.35,359,RETURNING,9.53
cust-09238,m-033,65,4,6662.84,1665.71,347,INACTIVE,24.68
cust-09239,m-033,48,10,10463.58,1046.36,324,AT_RISK,17.5
cust-09240,m-037,5,6,737.66,122.94,263,RETURNING,6.18
cust-09241,m-030,80,11,4558.57,414.42,321,INACTIVE,27.34
cust-09242,m-043,61,11,8870.46,806.41,363,INACTIVE,19.26
cust-09243,m-019,94,7,1165.95,166.56,315,INACTIVE,33.5
cust-09244,m-010,6,10,1599.61,159.96,358,RETURNING,4.4
cust-09245,m-022,14,14,22816.85,1629.78,348,RETURNING,6.01
cust-09246,m-002,38,9,9536.61,1059.62,349,AT_RISK,13.86
cust-09247,m-002,201,6,6017.57,1002.93,342,INACTIVE,62.89
cust-09248,m-027,123,10,2648.7,264.87,343,INACTIVE,38.48
cust-09249,m-017,47,7,1211.9,173.13,234,AT_RISK,23.75
cust-09250,m-033,102,9,10246.06,1138.45,358,INACTIVE,31.41
cust-09251,m-031,41,5,504.06,100.81,205,AT_RISK,24.9
cust-09252,m-013,18,6,6882.74,1147.12,278,RETURNING,10.74
cust-09253,m-032,19,5,5553.59,1110.72,352,RETURNING,10.38
cust-09254,m-001,12,8,669.13,83.64,317,RETURNING,7.11
cust-09255,m-025,27,5,6833.94,1366.79,245,RETURNING,15.98
cust-09256,m-035,39,4,4283.49,1070.87,362,AT_RISK,16.74
cust-09257,m-027,17,8,2496.24,312.03,356,RETURNING,8.1
cust-09258,m-010,50,14,1394.14,99.58,353,AT_RISK,16.12
cust-09259,m-033,36,7,5747.91,821.13,360,AT_RISK,13.72
cust-09261,m-011,23,9,1507.38,167.49,313,RETURNING,10.32
cust-09262,m-003,70,4,2236.08,559.02,256,INACTIVE,33.24
cust-09263,m-013,121,8,11005.16,1375.64,330,INACTIVE,39.89
cust-09264,m-047,155,5,634.43,126.89,305,INACTIVE,55.65
cust-09265,m-002,38,5,6350.67,1270.13,348,AT_RISK,15.89
cust-09266,m-037,102,8,769.79,96.22,342,INACTIVE,33.07
cust-09267,m-041,0,9,3068.43,340.94,332,RETURNING,3.0
cust-09268,m-014,51,16,16647.3,1040.46,347,AT_RISK,16.42
cust-09269,m-037,35,12,1261.41,105.12,333,AT_RISK,12.79
cust-09270,m-008,27,12,15076.64,1256.39,324,RETURNING,10.62
cust-09271,m-031,103,6,490.05,81.68,361,INACTIVE,32.74
cust-09272,m-036,26,5,382.09,76.42,299,RETURNING,13.67
cust-09273,m-001,36,16,1643.81,102.74,347,AT_RISK,12.11
cust-09275,m-017,11,13,6157.66,473.67,361,RETURNING,5.18
cust-09276,m-026,7,12,1406.98,117.25,364,RETURNING,4.23
cust-09277,m-044,17,6,2168.91,361.48,303,RETURNING,9.88
cust-09278,m-033,117,10,12330.51,1233.05,301,INACTIVE,41.47
cust-09279,m-005,18,10,4584.67,458.47,352,RETURNING,7.83
cust-09280,m-042,57,6,1041.65,173.61,320,AT_RISK,22.04
cust-09281,m-036,9,10,773.84,77.38,257,RETURNING,6.22
cust-09282,m-013,18,11,18663.34,1696.67,333,RETURNING,7.89
cust-09283,m-022,17,9,11587.18,1287.46,343,RETURNING,7.94
cust-09284,m-038,10,7,1194.22,170.6,332,RETURNING,6.75
cust-09285,m-042,96,4,212.53,53.13,358,INACTIVE,32.74
cust-09286,m-014,4,12,11789.84,982.49,351,RETURNING,3.44
cust-09288,m-009,11,9,1101.61,122.4,343,RETURNING,6.2
cust-09289,m-021,117,4,2735.34,683.84,323,INACTIVE,42.11
cust-09290,m-031,76,3,199.27,66.42,330,INACTIVE,30.46
cust-09291,m-008,2,10,12126.33,1212.63,345,RETURNING,3.31
cust-09292,m-006,29,8,1162.02,145.25,331,RETURNING,12.07
cust-09293,m-027,35,8,1674.87,209.36,275,AT_RISK,16.01
cust-09294,m-031,16,11,1322.48,120.23,342,RETURNING,7.16
cust-09295,m-012,99,6,1449.16,241.53,325,INACTIVE,34.65
cust-09296,m-008,58,13,15302.53,1177.12,342,AT_RISK,19.05
cust-09297,m-007,20,6,4084.52,680.75,327,RETURNING,10.38
cust-09298,m-022,42,10,8264.81,826.48,281,AT_RISK,17.62
cust-09299,m-001,11,13,1843.21,141.79,323,RETURNING,5.54
cust-09300,m-016,69,10,1676.94,167.69,341,INACTIVE,22.9
cust-09301,m-026,74,9,1125.86,125.1,350,INACTIVE,24.08
cust-09302,m-012,17,11,1582.52,143.87,255,RETURNING,9.14
cust-09303,m-033,12,9,9960.39,1106.71,334,RETURNING,6.58
cust-09304,m-015,21,5,786.68,157.34,283,RETURNING,12.39
cust-09305,m-001,86,9,1132.31,125.81,348,INACTIVE,27.64
cust-09306,m-041,1,9,1965.94,218.44,277,RETURNING,3.36
cust-09307,m-008,2,15,25624.58,1708.31,336,LOYAL,2.47
cust-09308,m-006,86,15,2258.04,150.54,318,INACTIVE,28.83
cust-09309,m-025,39,8,7166.41,895.8,354,AT_RISK,14.32
cust-09310,m-037,90,10,936.81,93.68,347,INACTIVE,28.59
cust-09311,m-038,39,8,1954.85,244.36,324,AT_RISK,15.33
cust-09312,m-024,6,15,4739.17,315.94,334,LOYAL,3.67
cust-09313,m-043,48,8,4839.74,604.97,268,AT_RISK,21.18
cust-09315,m-007,64,5,3335.98,667.2,296,INACTIVE,26.55
cust-09316,m-020,27,6,732.98,122.16,329,RETURNING,12.47
cust-09317,m-009,8,7,803.95,114.85,226,RETURNING,7.27
cust-09318,m-035,25,4,4199.39,1049.85,142,RETURNING,23.48
cust-09319,m-017,42,7,1075.8,153.69,317,AT_RISK,16.96
cust-09320,m-032,2,6,7074.24,1179.04,358,RETURNING,4.84
cust-09321,m-042,34,6,877.47,146.24,340,AT_RISK,14.26
cust-09322,m-043,8,11,10561.51,960.14,329,RETURNING,4.92
cust-09323,m-045,67,10,1107.62,110.76,358,INACTIVE,21.39
cust-09324,m-004,30,5,7371.75,1474.35,183,RETURNING,21.3
cust-09325,m-009,42,7,1350.53,192.93,279,AT_RISK,18.75
cust-09326,m-023,5,11,3041.59,276.51,333,RETURNING,4.0
cust-09328,m-025,92,11,9976.13,906.92,348,INACTIVE,28.86
cust-09329,m-026,47,5,901.73,180.35,349,AT_RISK,18.43
cust-09330,m-006,41,7,996.73,142.39,319,AT_RISK,16.56
cust-09331,m-045,110,2,257.95,128.98,308,INACTIVE,45.6
cust-09332,m-013,37,13,21146.96,1626.69,364,AT_RISK,12.28
cust-09333,m-027,25,8,2189.49,273.69,321,RETURNING,11.1
cust-09334,m-027,27,8,3485.51,435.69,356,RETURNING,10.9
cust-09335,m-041,33,6,2452.12,408.69,352,AT_RISK,13.63
cust-09336,m-005,68,6,1460.44,243.41,317,INACTIVE,25.67
cust-09337,m-014,65,10,8747.49,874.75,354,INACTIVE,21.04
cust-09338,m-024,51,7,2475.92,353.7,310,AT_RISK,20.15
cust-09339,m-046,16,9,1585.37,176.15,344,RETURNING,7.64
cust-09340,m-037,4,6,1193.46,198.91,353,RETURNING,5.42
cust-09341,m-023,2,9,2745.84,305.09,335,RETURNING,3.6
cust-09342,m-020,20,6,692.41,115.4,250,RETURNING,12.25
cust-09343,m-029,48,8,1793.57,224.2,342,AT_RISK,17.33
cust-09344,m-040,44,12,2359.0,196.58,363,AT_RISK,14.4
cust-09345,m-018,7,6,661.46,110.24,292,RETURNING,6.67
cust-09346,m-008,20,11,15030.07,1366.37,350,RETURNING,8.2
cust-09348,m-006,68,10,1754.45,175.44,349,INACTIVE,22.16
cust-09349,m-030,24,7,965.94,137.99,200,RETURNING,15.69
cust-09350,m-020,8,8,1048.22,131.03,322,RETURNING,5.81
cust-09351,m-018,23,10,1122.09,112.21,284,RETURNING,10.8
cust-09352,m-006,130,5,674.84,134.97,322,INACTIVE,45.25
cust-09353,m-021,116,5,998.46,199.69,316,INACTIVE,41.59
cust-09354,m-035,95,5,3940.62,788.12,362,INACTIVE,31.17
cust-09355,m-017,9,7,2451.83,350.26,243,RETURNING,7.44
cust-09356,m-025,198,4,5020.49,1255.12,336,INACTIVE,64.75
cust-09357,m-037,28,10,959.53,95.95,235,RETURNING,14.59
cust-09358,m-018,1,7,913.14,130.45,242,RETURNING,4.16
cust-09359,m-018,134,10,1140.43,114.04,323,INACTIVE,44.09
cust-09361,m-025,115,7,5411.04,773.01,361,INACTIVE,35.52
cust-09362,m-029,66,4,1707.09,426.77,219,INACTIVE,36.0
cust-09363,m-004,55,11,83141.33,7558.3,341,AT_RISK,18.58
cust-09365,m-005,56,11,2432.76,221.16,336,AT_RISK,19.12
cust-09366,m-027,18,10,2411.17,241.12,354,RETURNING,7.8
cust-09367,m-001,39,13,852.89,65.61,330,AT_RISK,13.93
cust-09368,m-026,97,3,356.96,118.99,282,INACTIVE,41.78
cust-09369,m-024,29,7,842.24,120.32,348,RETURNING,12.06
cust-09370,m-047,82,6,803.39,133.9,306,INACTIVE,31.0
cust-09371,m-047,100,5,632.33,126.47,201,INACTIVE,54.5
cust-09372,m-030,10,5,766.47,153.29,327,RETURNING,8.05
cust-09374,m-044,59,8,1432.11,179.01,306,AT_RISK,22.55
cust-09375,m-028,103,4,2803.62,700.9,269,INACTIVE,44.15
cust-09376,m-035,67,9,6920.29,768.92,330,INACTIVE,23.24
cust-09377,m-002,12,11,10053.34,913.94,362,RETURNING,5.81
cust-09378,m-031,49,5,358.58,71.72,239,AT_RISK,25.42
cust-09379,m-001,14,12,1555.86,129.66,337,RETURNING,6.45
cust-09381,m-032,133,10,8870.17,887.02,311,INACTIVE,45.36
cust-09382,m-014,27,11,8297.84,754.35,358,RETURNING,10.02
cust-09383,m-027,20,7,2666.96,380.99,321,RETURNING,9.96
cust-09384,m-029,10,13,4589.33,353.03,362,RETURNING,4.9
cust-09385,m-022,56,9,12615.08,1401.68,296,AT_RISK,21.86
cust-09386,m-024,81,9,3222.25,358.03,319,INACTIVE,28.31
cust-09387,m-037,18,13,2690.48,206.96,341,RETURNING,7.41
cust-09388,m-040,1,14,5069.1,362.08,292,RETURNING,2.34
cust-09389,m-012,29,12,2311.32,192.61,354,RETURNING,10.48
cust-09390,m-036,13,6,1828.22,304.7,291,RETURNING,8.74
cust-09391,m-005,6,9,3158.2,350.91,248,RETURNING,5.41
cust-09392,m-020,33,6,580.07,96.68,269,AT_RISK,16.51
cust-09393,m-047,0,8,1138.78,142.35,327,RETURNING,3.33
cust-09395,m-043,28,11,12279.23,1116.29,322,RETURNING,11.17
cust-09396,m-043,8,14,12332.52,880.89,335,RETURNING,4.38
cust-09397,m-021,2,10,5615.42,561.54,324,RETURNING,3.34
cust-09398,m-026,67,10,1465.16,146.52,332,INACTIVE,22.85
cust-09399,m-047,167,7,580.35,82.91,332,INACTIVE,53.9
cust-09400,m-009,78,8,934.97,116.87,318,INACTIVE,27.78
cust-09401,m-040,12,11,3336.04,303.28,309,RETURNING,6.37
cust-09403,m-017,37,4,308.67,77.17,264,AT_RISK,19.96
cust-09405,m-007,59,8,6547.46,818.43,346,AT_RISK,20.34
cust-09406,m-005,99,8,2155.82,269.48,340,INACTIVE,32.37
cust-09407,m-043,47,5,3196.26,639.25,326,AT_RISK,19.37
cust-09408,m-021,71,8,3610.74,451.34,326,INACTIVE,25.05
cust-09409,m-011,21,5,697.86,139.57,207,RETURNING,15.1
cust-09410,m-004,46,12,19385.06,1615.42,352,AT_RISK,15.34
cust-09411,m-003,12,10,3467.86,346.79,289,RETURNING,6.87
cust-09412,m-044,197,6,1353.65,225.61,311,INACTIVE,67.43
cust-09413,m-015,0,9,1449.25,161.03,326,RETURNING,3.0
cust-09414,m-041,18,7,1115.42,159.35,290,RETURNING,9.94
cust-09415,m-016,2,13,2663.3,204.87,361,RETURNING,2.7
cust-09416,m-039,5,7,891.56,127.37,312,RETURNING,5.35
cust-09417,m-033,127,5,5135.6,1027.12,350,INACTIVE,41.18
cust-09418,m-013,30,8,8038.78,1004.85,345,RETURNING,12.0
cust-09419,m-040,2,7,819.67,117.1,363,RETURNING,4.3
cust-09420,m-002,148,7,9521.19,1360.17,357,INACTIVE,45.09
cust-09421,m-030,1,11,4313.52,392.14,335,RETURNING,2.8
cust-09422,m-026,83,7,919.89,131.41,349,INACTIVE,27.46
cust-09423,m-012,67,6,1554.17,259.03,328,INACTIVE,24.65
cust-09424,m-010,75,5,425.23,85.05,316,INACTIVE,28.66
cust-09425,m-012,11,8,2969.44,371.18,330,RETURNING,6.66
cust-09426,m-038,120,6,1440.76,240.13,320,INACTIVE,41.67
cust-09427,m-012,8,10,4020.14,402.01,304,RETURNING,5.35
cust-09428,m-006,9,9,1244.47,138.27,345,RETURNING,5.6
cust-09429,m-007,58,10,14594.61,1459.46,325,AT_RISK,20.52
cust-09430,m-001,49,10,1176.78,117.68,341,AT_RISK,17.05
cust-09431,m-004,237,4,5017.9,1254.47,349,INACTIVE,73.71
cust-09432,m-016,124,7,2058.32,294.05,326,INACTIVE,41.67
cust-09433,m-030,25,4,917.11,229.28,270,RETURNING,15.23
cust-09435,m-023,69,7,1346.28,192.33,350,INACTIVE,23.41
cust-09437,m-028,18,7,2386.55,340.94,325,RETURNING,9.27
cust-09438,m-009,57,4,504.84,126.21,295,AT_RISK,25.26
cust-09439,m-023,139,5,1957.17,391.43,306,INACTIVE,50.28
cust-09440,m-040,31,9,1779.4,197.71,361,AT_RISK,11.56
cust-09441,m-018,18,12,2279.72,189.98,362,RETURNING,7.27
cust-09442,m-027,63,9,1293.64,143.74,329,INACTIVE,22.09
cust-09443,m-017,181,5,2548.11,509.62,360,INACTIVE,55.14
cust-09444,m-005,10,9,2743.53,304.84,336,RETURNING,5.97
cust-09445,m-032,142,6,3877.97,646.33,336,INACTIVE,46.42
cust-09446,m-025,9,5,8151.6,1630.32,128,RETURNING,11.98
cust-09447,m-028,19,9,2776.97,308.55,362,RETURNING,8.23
cust-09448,m-037,5,10,1082.95,108.3,312,RETURNING,4.32
cust-09449,m-046,8,9,2407.15,267.46,329,RETURNING,5.42
cust-09450,m-031,187,6,689.71,114.95,348,INACTIVE,57.87
cust-09451,m-010,66,9,1456.82,161.87,285,INACTIVE,26.08
cust-09452,m-036,20,11,1011.31,91.94,364,RETURNING,7.98
cust-09453,m-016,74,3,378.44,126.15,255,INACTIVE,36.41
cust-09454,m-025,15,5,7164.59,1432.92,350,RETURNING,9.27
cust-09455,m-047,37,9,595.58,66.18,349,AT_RISK,13.57
cust-09457,m-038,36,4,622.11,155.53,156,AT_RISK,28.93
cust-09458,m-031,176,2,98.22,49.11,184,INACTIVE,100.0
cust-09459,m-012,1,10,2026.37,202.64,348,RETURNING,3.01
cust-09460,m-035,36,10,9587.96,958.8,333,AT_RISK,13.51
cust-09461,m-037,0,6,716.99,119.5,347,RETURNING,4.29
cust-09462,m-008,5,17,20185.35,1187.37,354,LOYAL,3.08
cust-09463,m-030,2,10,1947.15,194.72,359,RETURNING,3.28
cust-09464,m-037,70,5,423.15,84.63,350,INACTIVE,24.94
cust-09465,m-034,1,8,1060.98,132.62,338,RETURNING,3.63
cust-09466,m-012,10,9,2152.18,239.13,329,RETURNING,6.03
cust-09467,m-004,34,7,10882.63,1554.66,296,AT_RISK,15.2
cust-09468,m-009,49,7,509.48,72.78,260,AT_RISK,22.52
cust-09469,m-043,219,3,1581.42,527.14,300,INACTIVE,80.26
cust-09470,m-020,7,7,660.52,94.36,338,RETURNING,5.81
cust-09471,m-043,81,11,13349.78,1213.62,347,INACTIVE,25.78
cust-09472,m-033,6,13,16726.37,1286.64,364,RETURNING,3.79
cust-09474,m-047,64,7,678.87,96.98,297,INACTIVE,25.23
cust-09475,m-013,65,7,7306.2,1043.74,351,INACTIVE,22.22
cust-09476,m-031,174,7,624.49,89.21,327,INACTIVE,56.8
cust-09477,m-022,7,11,18033.74,1639.43,358,RETURNING,4.45
cust-09478,m-026,32,9,1068.3,118.7,314,AT_RISK,13.16
cust-09479,m-045,176,5,415.78,83.16,305,INACTIVE,62.52
cust-09480,m-008,56,17,28125.46,1654.44,361,AT_RISK,17.14
cust-09481,m-040,34,14,2683.12,191.65,362,AT_RISK,11.37
cust-09482,m-019,25,12,1351.1,112.59,347,RETURNING,9.49
cust-09483,m-006,54,9,1373.53,152.61,347,AT_RISK,18.52
cust-09484,m-042,96,8,721.27,90.16,360,INACTIVE,29.93
cust-09485,m-022,131,10,11455.87,1145.59,364,INACTIVE,38.62
cust-09486,m-047,99,9,1294.74,143.86,364,INACTIVE,30.12
cust-09487,m-018,67,5,811.54,162.31,332,INACTIVE,25.12
cust-09488,m-013,21,7,13746.66,1963.81,357,RETURNING,9.62
cust-09489,m-044,37,5,823.68,164.74,224,AT_RISK,21.44
cust-09490,m-011,4,14,5301.11,378.65,353,RETURNING,3.13
cust-09491,m-031,54,7,1174.11,167.73,316,AT_RISK,20.78
cust-09492,m-004,5,6,7456.1,1242.68,189,RETURNING,6.92
cust-09493,m-047,31,5,426.26,85.25,302,AT_RISK,15.23
cust-09494,m-006,1,5,828.5,165.7,329,RETURNING,5.3
cust-09495,m-042,31,7,619.92,88.56,310,AT_RISK,13.72
cust-09496,m-040,13,8,2855.29,356.91,363,RETURNING,6.9
cust-09497,m-028,24,8,1587.74,198.47,357,RETURNING,10.04
cust-09498,m-007,30,6,7248.55,1208.09,331,RETURNING,13.32
cust-09499,m-009,49,14,2007.5,143.39,354,AT_RISK,15.8
cust-09500,m-020,144,5,714.96,142.99,351,INACTIVE,45.91
cust-09501,m-021,3,5,2882.08,576.42,313,RETURNING,5.96
cust-09502,m-038,15,7,1286.67,183.81,300,RETURNING,8.73
cust-09503,m-034,34,5,421.83,84.37,321,AT_RISK,15.56
cust-09504,m-028,130,6,898.5,149.75,331,INACTIVE,43.44
cust-09505,m-043,17,7,3536.42,505.2,355,RETURNING,8.53
cust-09506,m-043,69,9,9908.73,1100.97,297,INACTIVE,26.15
cust-09507,m-001,39,13,1767.52,135.96,308,AT_RISK,14.76
cust-09508,m-024,11,7,2041.52,291.65,350,RETURNING,6.88
cust-09509,m-047,13,5,814.06,162.81,219,RETURNING,10.91
cust-09510,m-035,108,8,10992.98,1374.12,352,INACTIVE,33.93
cust-09511,m-029,35,9,2422.53,269.17,331,AT_RISK,13.54
cust-09512,m-041,6,9,1513.75,168.19,301,RETURNING,4.99
cust-09513,m-043,47,8,6042.75,755.34,324,AT_RISK,17.79
cust-09514,m-001,6,18,2246.86,124.83,353,LOYAL,3.27
cust-09515,m-028,7,8,1430.02,178.75,340,RETURNING,5.39
cust-09516,m-031,60,6,780.72,130.12,361,AT_RISK,20.86
cust-09517,m-002,16,3,2265.32,755.11,316,NEW,12.55
cust-09518,m-004,41,3,3190.69,1063.56,274,NEW,22.41
cust-09519,m-002,111,5,2057.82,411.56,357,INACTIVE,36.01
cust-09520,m-007,208,4,4236.63,1059.16,329,INACTIVE,69.03
cust-09521,m-030,14,13,2681.75,206.29,355,RETURNING,6.08
cust-09522,m-027,12,11,6678.82,607.17,307,RETURNING,6.4
cust-09523,m-036,65,10,1479.61,147.96,334,INACTIVE,22.13
cust-09524,m-022,46,8,9713.4,1214.18,273,AT_RISK,20.12
cust-09525,m-019,40,10,1459.36,145.94,361,AT_RISK,13.78
cust-09526,m-044,33,12,5633.74,469.48,359,AT_RISK,11.47
cust-09527,m-009,98,9,977.48,108.61,303,INACTIVE,35.24
cust-09528,m-041,14,4,2193.27,548.32,214,RETURNING,12.51
cust-09529,m-027,24,9,1420.9,157.88,314,RETURNING,10.62
cust-09530,m-011,4,13,2029.22,156.09,349,RETURNING,3.29
cust-09531,m-028,20,15,4347.63,289.84,318,RETURNING,8.14
cust-09532,m-039,20,12,1549.68,129.14,356,RETURNING,7.91
cust-09533,m-028,31,12,3865.2,322.1,363,AT_RISK,10.82
cust-09534,m-021,35,6,1500.92,250.15,335,AT_RISK,14.7
cust-09535,m-042,24,10,1012.32,101.23,361,RETURNING,9.36
cust-09536,m-030,147,4,1691.58,422.9,335,INACTIVE,49.75
cust-09537,m-033,0,11,13546.41,1231.49,362,RETURNING,2.5
cust-09538,m-035,19,6,5336.19,889.37,333,RETURNING,9.97
cust-09539,m-006,16,8,1329.94,166.24,358,RETURNING,7.79
cust-09540,m-041,213,6,1847.17,307.86,346,INACTIVE,65.67
cust-09541,m-011,39,14,1633.99,116.71,364,AT_RISK,12.68
cust-09542,m-043,30,5,2318.11,463.62,279,RETURNING,15.71
cust-09543,m-004,207,5,5864.39,1172.88,361,INACTIVE,62.18
cust-09544,m-039,40,16,1987.88,124.24,362,AT_RISK,12.78
cust-09545,m-013,22,12,19616.66,1634.72,325,RETURNING,9.06
cust-09547,m-030,4,14,6735.99,481.14,364,RETURNING,3.1
cust-09548,m-008,33,8,9526.72,1190.84,331,AT_RISK,13.27
cust-09549,m-041,33,7,2077.23,296.75,343,AT_RISK,13.34
cust-09550,m-024,153,8,2117.07,264.63,322,INACTIVE,50.7
cust-09551,m-045,59,15,1701.19,113.41,312,AT_RISK,20.72
cust-09552,m-025,48,6,7518.01,1253.0,347,AT_RISK,18.08
cust-09553,m-016,43,12,1868.93,155.74,351,AT_RISK,14.52
cust-09554,m-005,72,14,3142.02,224.43,361,INACTIVE,21.89
cust-09555,m-008,13,15,17529.68,1168.65,331,LOYAL,5.79
cust-09556,m-011,52,10,1270.42,127.04,322,AT_RISK,18.83
cust-09557,m-043,64,9,14454.64,1606.07,351,INACTIVE,21.18
cust-09558,m-038,25,12,1489.87,124.16,335,RETURNING,9.75
cust-09559,m-025,46,6,8596.65,1432.78,302,AT_RISK,19.47
cust-09560,m-031,148,2,193.13,96.56,340,INACTIVE,53.4
cust-09561,m-021,5,11,2877.53,261.59,343,RETURNING,3.95
cust-09562,m-005,63,6,1009.93,168.32,247,INACTIVE,29.69
cust-09563,m-027,83,5,682.58,136.52,354,INACTIVE,28.38
cust-09564,m-033,32,7,6985.8,997.97,331,AT_RISK,13.39
cust-09565,m-004,79,2,2453.98,1226.99,270,INACTIVE,39.15
cust-09566,m-042,45,8,982.45,122.81,325,AT_RISK,17.14
cust-09567,m-026,33,6,313.01,52.17,351,AT_RISK,13.66
cust-09568,m-028,57,9,1805.74,200.64,287,AT_RISK,22.79
cust-09569,m-017,58,5,1592.46,318.49,160,AT_RISK,41.02
cust-09570,m-036,45,9,1622.08,180.23,310,AT_RISK,17.47
cust-09571,m-023,16,7,1939.6,277.09,334,RETURNING,8.53
cust-09573,m-010,80,7,609.14,87.02,357,INACTIVE,26.1
cust-09574,m-010,12,7,865.97,123.71,326,RETURNING,7.42
cust-09575,m-038,62,12,2276.76,189.73,357,INACTIVE,19.63
cust-09577,m-011,2,9,1041.53,115.73,331,RETURNING,3.6
cust-09578,m-014,26,10,9391.31,939.13,328,RETURNING,10.63
cust-09579,m-009,31,8,937.94,117.24,348,AT_RISK,12.22
cust-09580,m-032,4,5,6458.18,1291.64,330,RETURNING,6.21
cust-09582,m-012,2,10,3429.65,342.96,333,RETURNING,3.33
cust-09583,m-018,45,9,714.58,79.4,282,AT_RISK,18.9
cust-09584,m-029,52,3,1578.8,526.27,112,INACTIVE,53.52
cust-09585,m-040,72,7,1405.32,200.76,348,INACTIVE,24.38
cust-09586,m-015,17,4,774.56,193.64,307,RETURNING,11.52
cust-09587,m-006,58,10,1680.3,168.03,341,AT_RISK,19.69
cust-09588,m-047,163,5,381.65,76.33,335,INACTIVE,53.51
cust-09589,m-046,95,7,1583.99,226.28,359,INACTIVE,30.14
cust-09590,m-032,13,9,8248.35,916.48,277,RETURNING,7.68
cust-09591,m-012,31,10,3107.31,310.73,358,AT_RISK,11.36
cust-09592,m-036,5,6,538.73,89.79,363,RETURNING,5.66
cust-09593,m-032,37,5,6036.3,1207.26,270,AT_RISK,18.65
cust-09594,m-045,83,5,597.22,119.44,282,INACTIVE,34.33
cust-09595,m-011,13,7,560.27,80.04,298,RETURNING,8.1
cust-09596,m-029,21,3,1455.55,485.18,191,NEW,18.44
cust-09597,m-022,92,9,10362.34,1151.37,356,INACTIVE,28.77
cust-09598,m-035,23,9,12984.76,1442.75,222,RETURNING,13.31
cust-09599,m-030,14,9,3283.82,364.87,326,RETURNING,7.28
cust-09600,m-018,5,9,1092.97,121.44,358,RETURNING,4.39
cust-09601,m-043,42,8,9129.59,1141.2,312,AT_RISK,16.75
cust-09602,m-012,40,10,4097.77,409.78,353,AT_RISK,14.03
cust-09603,m-043,31,7,8957.93,1279.7,316,AT_RISK,13.53
cust-09604,m-024,39,5,3754.08,750.82,298,AT_RISK,18.04
cust-09605,m-031,52,11,1174.6,106.78,356,AT_RISK,17.07
cust-09606,m-021,12,10,2202.09,220.21,332,RETURNING,6.33
cust-09607,m-046,33,6,1383.18,230.53,358,AT_RISK,13.48
cust-09608,m-020,12,4,325.39,81.35,362,RETURNING,9.31
cust-09609,m-040,81,7,2986.26,426.61,364,INACTIVE,25.94
cust-09610,m-038,6,8,1418.92,177.36,313,RETURNING,5.24
cust-09611,m-044,64,10,3857.77,385.78,333,INACTIVE,21.89
cust-09612,m-004,13,9,15383.47,1709.27,363,RETURNING,6.57
cust-09613,m-033,32,11,9729.83,884.53,353,AT_RISK,11.54
cust-09614,m-038,50,4,491.88,122.97,220,AT_RISK,28.62
cust-09616,m-037,43,9,709.32,78.81,358,AT_RISK,14.98
cust-09617,m-038,73,7,1087.98,155.43,328,INACTIVE,25.94
cust-09618,m-044,92,5,1448.29,289.66,248,INACTIVE,41.95
cust-09619,m-030,82,5,574.32,114.86,346,INACTIVE,28.63
cust-09620,m-040,7,9,3165.88,351.76,361,RETURNING,4.93
cust-09621,m-012,25,11,2946.85,267.9,324,RETURNING,10.19
cust-09622,m-042,44,6,791.98,132.0,335,AT_RISK,17.38
cust-09623,m-007,115,7,8955.35,1279.34,340,INACTIVE,37.47
cust-09624,m-025,162,3,2667.87,889.29,250,INACTIVE,72.04
cust-09625,m-011,46,7,1230.23,175.75,300,AT_RISK,19.03
cust-09627,m-002,48,7,5349.53,764.22,296,AT_RISK,19.91
cust-09628,m-018,58,3,369.43,123.14,340,INACTIVE,24.51
cust-09629,m-004,9,4,3828.2,957.05,190,RETURNING,10.71
cust-09630,m-009,0,5,376.61,75.32,316,RETURNING,5.0
cust-09631,m-039,85,9,1139.95,126.66,359,INACTIVE,26.61
cust-09633,m-043,11,10,7148.15,714.82,350,RETURNING,5.86
cust-09634,m-012,44,6,1939.87,323.31,357,AT_RISK,16.58
cust-09636,m-042,19,13,2166.94,166.69,363,RETURNING,7.36
cust-09638,m-015,32,8,726.21,90.78,355,AT_RISK,12.32
cust-09639,m-031,223,3,264.2,88.07,313,INACTIVE,78.52
cust-09640,m-021,0,12,3301.1,275.09,363,RETURNING,2.31
cust-09641,m-043,52,8,6391.73,798.97,311,AT_RISK,20.0
cust-09642,m-025,9,12,13562.97,1130.25,363,RETURNING,4.78
cust-09643,m-045,52,5,426.72,85.34,243,AT_RISK,26.31
cust-09644,m-046,36,7,4162.64,594.66,319,AT_RISK,15.0
cust-09645,m-008,53,13,18937.07,1456.7,347,AT_RISK,17.37
cust-09646,m-020,26,13,2074.87,159.61,306,RETURNING,10.61
cust-09647,m-017,31,10,3938.43,393.84,327,AT_RISK,12.18
cust-09648,m-008,119,9,12955.8,1439.53,302,INACTIVE,42.27
cust-09649,m-018,5,8,1657.1,207.14,292,RETURNING,5.04
cust-09650,m-047,30,5,445.58,89.12,329,RETURNING,14.09
cust-09651,m-042,11,5,951.6,190.32,333,RETURNING,8.29
cust-09652,m-039,70,13,1479.47,113.81,344,INACTIVE,22.43
cust-09653,m-003,77,6,3528.92,588.15,361,INACTIVE,25.56
cust-09654,m-039,14,8,2316.43,289.55,347,RETURNING,7.36
cust-09655,m-003,41,8,2559.26,319.91,331,AT_RISK,15.68
cust-09656,m-026,160,7,1092.83,156.12,360,INACTIVE,48.07
cust-09657,m-013,38,7,6403.74,914.82,286,AT_RISK,16.99
cust-09658,m-019,26,7,617.92,88.27,354,RETURNING,11.07
cust-09659,m-022,0,9,9040.38,1004.49,340,RETURNING,3.0
cust-09660,m-002,1,5,2648.82,529.76,329,RETURNING,5.3
cust-09661,m-037,39,8,702.11,87.76,320,AT_RISK,15.48
cust-09662,m-021,12,13,4055.25,311.94,345,RETURNING,5.61
cust-09663,m-014,71,6,5161.93,860.32,332,INACTIVE,25.61
cust-09664,m-035,33,18,18824.07,1045.78,361,AT_RISK,10.69
cust-09665,m-028,8,9,3176.31,352.92,294,RETURNING,5.71
cust-09666,m-017,0,9,1415.52,157.28,363,RETURNING,3.0
cust-09667,m-033,168,6,4250.83,708.47,352,INACTIVE,51.88
cust-09668,m-004,12,7,7660.31,1094.33,362,RETURNING,7.06
cust-09669,m-032,58,11,9342.78,849.34,338,AT_RISK,19.61
cust-09670,m-046,40,18,6683.12,371.28,354,AT_RISK,12.85
cust-09671,m-042,16,13,1238.95,95.3,358,RETURNING,6.6
cust-09672,m-007,34,8,6032.71,754.09,261,AT_RISK,16.31
cust-09673,m-020,11,10,1053.96,105.4,334,RETURNING,6.01
cust-09674,m-017,55,7,1086.84,155.26,327,AT_RISK,20.52
cust-09675,m-021,10,8,1601.63,200.2,251,RETURNING,7.3
cust-09676,m-035,20,9,12776.95,1419.66,350,RETURNING,8.7
cust-09677,m-005,3,9,4137.3,459.7,342,RETURNING,3.87
cust-09678,m-046,2,11,3932.24,357.48,359,RETURNING,3.06
cust-09679,m-042,170,7,991.89,141.7,332,INACTIVE,54.8
cust-09681,m-036,8,9,803.51,89.28,336,RETURNING,5.37
cust-09682,m-026,58,10,921.0,92.1,329,AT_RISK,20.3
cust-09683,m-042,17,18,2844.42,158.02,356,RETURNING,6.34
cust-09684,m-038,47,10,1450.31,145.03,341,AT_RISK,16.47
cust-09685,m-007,31,6,6911.38,1151.9,358,AT_RISK,12.92
cust-09686,m-015,19,5,397.51,79.5,364,RETURNING,10.21
cust-09688,m-030,24,16,3670.19,229.39,321,RETURNING,9.22
cust-09689,m-015,49,2,145.04,72.52,312,INACTIVE,25.65
cust-09690,m-029,37,8,2188.25,273.53,315,AT_RISK,15.04
cust-09691,m-009,160,12,857.04,71.42,362,INACTIVE,46.38
cust-09692,m-029,9,9,3253.64,361.52,272,RETURNING,6.3
cust-09693,m-042,33,8,593.38,74.17,343,AT_RISK,12.93
cust-09694,m-044,27,8,1445.36,180.67,225,RETURNING,15.28
cust-09697,m-021,74,8,710.09,88.76,354,INACTIVE,24.18
cust-09698,m-044,40,9,2671.42,296.82,332,AT_RISK,15.01
cust-09699,m-019,91,5,1114.76,222.95,311,INACTIVE,34.17
cust-09700,m-017,48,9,1745.34,193.93,310,AT_RISK,18.43
cust-09701,m-042,31,6,458.82,76.47,313,AT_RISK,14.16
cust-09702,m-007,35,10,11024.65,1102.46,279,AT_RISK,15.23
cust-09703,m-007,37,10,10318.44,1031.84,327,AT_RISK,14.01
cust-09704,m-032,15,7,8815.64,1259.38,359,RETURNING,7.92
cust-09705,m-007,195,5,3435.49,687.1,331,INACTIVE,63.73
cust-09706,m-005,18,4,758.35,189.59,235,RETURNING,13.63
cust-09707,m-045,18,7,725.49,103.64,263,RETURNING,10.57
cust-09709,m-007,68,11,12771.41,1161.04,361,INACTIVE,21.28
cust-09710,m-024,28,6,570.13,95.02,310,RETURNING,13.29
cust-09711,m-025,54,9,10770.98,1196.78,327,AT_RISK,19.46
cust-09712,m-009,30,5,669.12,133.82,284,RETURNING,15.53
cust-09713,m-026,18,12,1836.12,153.01,333,RETURNING,7.7
cust-09714,m-045,9,6,1020.1,170.02,279,RETURNING,7.5
cust-09715,m-041,5,15,2839.67,189.31,359,LOYAL,3.26
cust-09716,m-011,5,5,468.04,93.61,270,RETURNING,6.85
cust-09717,m-047,4,7,596.2,85.17,344,RETURNING,4.91
cust-09718,m-004,8,4,4480.56,1120.14,160,RETURNING,10.97
cust-09719,m-016,115,7,835.38,119.34,259,INACTIVE,47.98
cust-09720,m-044,64,5,2818.61,563.72,245,INACTIVE,31.02
cust-09721,m-003,37,10,2302.13,230.21,348,AT_RISK,13.33
cust-09722,m-046,11,11,4504.48,409.5,266,RETURNING,6.62
cust-09723,m-014,90,9,10737.8,1193.09,329,INACTIVE,30.27
cust-09725,m-011,55,11,1530.23,139.11,338,AT_RISK,18.72
cust-09726,m-035,162,3,2455.53,818.51,255,INACTIVE,70.78
cust-09727,m-030,19,19,5442.67,286.46,345,RETURNING,6.99
cust-09728,m-039,103,12,1853.51,154.46,330,INACTIVE,33.43
cust-09730,m-030,24,9,3035.74,337.3,317,RETURNING,10.55
cust-09731,m-047,28,11,925.17,84.11,246,RETURNING,13.84
cust-09732,m-011,65,5,760.26,152.05,292,INACTIVE,27.18
cust-09733,m-037,9,9,1195.88,132.88,317,RETURNING,5.83
cust-09734,m-023,36,13,3452.13,265.55,352,AT_RISK,12.34
cust-09735,m-006,25,10,1512.19,151.22,335,RETURNING,10.17
cust-09737,m-005,40,5,946.88,189.38,259,AT_RISK,20.38
cust-09738,m-035,8,9,10902.32,1211.37,308,RETURNING,5.59
cust-09740,m-024,69,6,1287.34,214.56,254,INACTIVE,31.34
cust-09741,m-012,23,8,1701.95,212.74,299,RETURNING,11.0
cust-09742,m-040,84,7,1275.7,182.24,354,INACTIVE,27.41
cust-09743,m-047,2,7,446.37,63.77,293,RETURNING,4.43
cust-09744,m-046,25,12,4939.25,411.6,337,RETURNING,9.7
cust-09746,m-044,72,8,2263.93,282.99,357,INACTIVE,23.45
cust-09747,m-016,72,5,681.37,136.27,339,INACTIVE,26.18
cust-09748,m-001,6,11,923.72,83.97,363,RETURNING,4.15
cust-09749,m-044,52,9,1804.19,200.47,270,AT_RISK,22.19
cust-09750,m-026,10,6,875.37,145.9,341,RETURNING,7.21
cust-09751,m-044,22,8,4069.2,508.65,331,RETURNING,9.96
cust-09752,m-020,84,9,1112.81,123.65,285,INACTIVE,32.37
cust-09753,m-039,34,8,913.87,114.23,353,AT_RISK,12.94
cust-09754,m-025,5,10,10615.81,1061.58,337,RETURNING,4.21
cust-09755,m-022,211,3,2328.09,776.03,348,INACTIVE,67.96
cust-09756,m-044,162,2,1142.48,571.24,230,INACTIVE,80.13
cust-09757,m-006,87,9,1709.56,189.95,363,INACTIVE,26.9
cust-09758,m-037,5,10,1257.47,125.75,353,RETURNING,4.14
cust-09759,m-010,16,11,1566.69,142.43,324,RETURNING,7.42
cust-09760,m-032,171,3,2379.18,793.06,330,INACTIVE,59.16
cust-09761,m-026,28,7,633.5,90.5,299,RETURNING,13.08
cust-09762,m-025,25,6,6785.05,1130.84,330,RETURNING,11.84
cust-09763,m-001,6,17,2537.98,149.29,356,LOYAL,3.35
cust-09764,m-019,65,6,280.89,46.82,278,INACTIVE,27.58
cust-09765,m-038,98,6,881.21,146.87,340,INACTIVE,33.02
cust-09766,m-022,25,6,11053.14,1842.19,352,RETURNING,11.37
cust-09767,m-044,189,4,1265.98,316.5,269,INACTIVE,76.0
cust-09768,m-015,12,10,1368.99,136.9,314,RETURNING,6.54
cust-09769,m-020,57,8,672.48,84.06,356,AT_RISK,19.3
cust-09770,m-012,26,14,2184.1,156.01,348,RETURNING,9.45
cust-09771,m-002,23,7,6738.37,962.62,328,RETURNING,10.74
cust-09773,m-010,123,12,938.81,78.23,348,INACTIVE,37.55
cust-09774,m-014,4,4,3960.97,990.24,305,RETURNING,7.31
cust-09775,m-019,32,15,2013.31,134.22,342,AT_RISK,11.2
cust-09776,m-036,75,5,1013.45,202.69,363,INACTIVE,25.6
cust-09777,m-002,18,9,12794.14,1421.57,341,RETURNING,8.26
cust-09778,m-019,10,10,760.56,76.06,315,RETURNING,5.89
cust-09779,m-014,39,9,11605.17,1289.46,200,AT_RISK,22.4
cust-09780,m-029,36,6,1071.23,178.54,313,AT_RISK,15.75
cust-09781,m-009,9,7,1323.04,189.01,364,RETURNING,6.22
cust-09782,m-040,132,10,2827.03,282.7,336,INACTIVE,41.9
cust-09783,m-029,53,10,2158.66,215.87,357,AT_RISK,17.53
cust-09784,m-033,7,7,12439.3,1777.04,278,RETURNING,6.26
cust-09785,m-023,48,6,2047.21,341.2,307,AT_RISK,19.87
cust-09786,m-019,37,7,1241.7,177.39,299,AT_RISK,16.08
cust-09787,m-017,123,5,1991.79,398.36,328,INACTIVE,42.39
cust-09789,m-009,1,15,1798.28,119.89,338,LOYAL,2.17
cust-09790,m-041,9,9,2396.91,266.32,346,RETURNING,5.59
cust-09791,m-045,11,6,948.44,158.07,332,RETURNING,7.59
cust-09792,m-045,13,7,827.63,118.23,229,RETURNING,9.4
cust-09793,m-021,20,10,2570.4,257.04,354,RETURNING,8.36
cust-09794,m-025,87,10,9205.74,920.57,344,INACTIVE,27.94
cust-09796,m-027,17,3,1011.46,337.15,267,NEW,13.84
cust-09797,m-026,117,3,364.15,121.38,319,INACTIVE,44.06
cust-09798,m-024,72,9,3336.77,370.75,364,INACTIVE,22.73
cust-09799,m-008,15,16,15087.61,942.98,355,RETURNING,5.98
cust-09800,m-021,5,14,5208.77,372.06,332,RETURNING,3.5
cust-09801,m-006,57,7,1279.99,182.86,353,AT_RISK,19.85
cust-09802,m-036,55,6,866.0,144.33,338,AT_RISK,20.51
cust-09804,m-009,20,5,664.17,132.83,340,RETURNING,10.87
cust-09805,m-045,1,6,981.16,163.53,194,RETURNING,4.8
cust-09806,m-038,43,6,1022.16,170.36,298,AT_RISK,18.67
cust-09807,m-005,36,9,4396.89,488.54,350,AT_RISK,13.26
cust-09809,m-030,6,16,5763.65,360.23,326,LOYAL,3.6
cust-09810,m-013,7,13,13101.33,1007.79,294,RETURNING,4.52
cust-09811,m-044,70,12,3868.55,322.38,358,INACTIVE,21.81
cust-09812,m-007,44,11,14809.43,1346.31,355,AT_RISK,14.86
cust-09813,m-039,59,5,508.66,101.73,316,AT_RISK,23.61
cust-09814,m-030,16,9,3302.76,366.97,349,RETURNING,7.57
cust-09815,m-034,110,4,436.22,109.06,362,INACTIVE,36.3
cust-09816,m-020,0,15,2226.32,148.42,340,LOYAL,1.88
cust-09817,m-036,21,9,849.94,94.44,334,RETURNING,9.27
cust-09818,m-047,76,6,477.14,79.52,361,INACTIVE,25.28
cust-09819,m-036,45,11,1091.63,99.24,358,AT_RISK,15.03
cust-09820,m-027,2,2,1783.88,891.94,61,NEW,13.23
cust-09821,m-007,54,8,7938.68,992.34,313,AT_RISK,20.53
cust-09822,m-019,23,9,1029.54,114.39,289,RETURNING,10.93
cust-09823,m-039,41,2,239.15,119.57,143,NEW,38.47
cust-09825,m-002,219,6,9274.81,1545.8,353,INACTIVE,66.15
cust-09826,m-001,26,8,1151.27,143.91,353,RETURNING,10.68
cust-09827,m-021,25,8,2495.7,311.96,361,RETURNING,10.24
cust-09828,m-012,19,10,3714.62,371.46,242,RETURNING,10.55
cust-09829,m-040,6,6,860.58,143.43,291,RETURNING,6.34
cust-09830,m-046,12,8,1030.45,128.81,333,RETURNING,6.93
cust-09831,m-017,76,7,701.08,100.15,353,INACTIVE,25.22
cust-09832,m-036,33,10,1586.44,158.64,339,AT_RISK,12.43
cust-09833,m-042,105,5,717.22,143.44,309,INACTIVE,38.87
cust-09834,m-044,5,13,4582.01,352.46,354,RETURNING,3.55
cust-09835,m-008,14,14,15973.33,1140.95,352,RETURNING,5.97
cust-09836,m-046,93,8,3640.85,455.11,291,INACTIVE,35.18
cust-09837,m-042,33,13,1129.32,86.87,333,AT_RISK,12.02
cust-09839,m-009,10,8,732.46,91.56,256,RETURNING,7.22
cust-09840,m-044,12,5,1411.45,282.29,353,RETURNING,8.39
cust-09841,m-043,70,11,14501.8,1318.35,287,INACTIVE,26.81
cust-09842,m-032,9,6,5486.46,914.41,268,RETURNING,7.63
cust-09843,m-014,30,7,6129.4,875.63,279,RETURNING,14.46
cust-09844,m-026,2,11,1214.25,110.39,356,RETURNING,3.06
cust-09845,m-030,41,9,3976.87,441.87,331,AT_RISK,15.35
cust-09846,m-023,78,8,3339.5,417.44,306,INACTIVE,28.74
cust-09847,m-015,31,5,632.01,126.4,357,AT_RISK,13.66
cust-09849,m-044,21,10,3207.24,320.72,333,RETURNING,9.01
cust-09852,m-018,8,6,979.44,163.24,271,RETURNING,7.23
cust-09853,m-017,32,7,1679.23,239.89,323,AT_RISK,13.63
cust-09854,m-029,41,8,4272.71,534.09,359,AT_RISK,14.72
cust-09855,m-045,60,8,1053.25,131.66,281,AT_RISK,24.61
cust-09856,m-045,11,8,1081.34,135.17,329,RETURNING,6.67
cust-09857,m-008,21,13,17960.97,1381.61,358,RETURNING,7.99
cust-09858,m-039,33,10,1393.36,139.34,327,AT_RISK,12.79
cust-09859,m-026,178,8,961.29,120.16,339,INACTIVE,55.69
cust-09860,m-002,90,7,5684.67,812.1,335,INACTIVE,30.54
cust-09861,m-044,73,7,1020.1,145.73,355,INACTIVE,24.26
cust-09862,m-035,43,11,13133.35,1193.94,349,AT_RISK,14.79
cust-09863,m-040,12,11,4141.36,376.49,323,RETURNING,6.2
cust-09865,m-015,152,3,322.1,107.37,281,INACTIVE,61.4
cust-09866,m-036,22,13,1443.5,111.04,348,RETURNING,8.45
cust-09867,m-032,11,6,6831.8,1138.63,337,RETURNING,7.54
cust-09868,m-045,18,9,918.46,102.05,344,RETURNING,8.22
cust-09869,m-040,14,8,1702.67,212.83,331,RETURNING,7.55
cust-09870,m-026,39,13,1781.8,137.06,336,AT_RISK,13.72
cust-09871,m-018,18,7,799.83,114.26,317,RETURNING,9.41
cust-09872,m-035,76,5,4998.09,999.62,362,INACTIVE,25.94
cust-09873,m-026,10,7,889.06,127.01,268,RETURNING,7.47
cust-09875,m-035,20,6,6646.39,1107.73,293,RETURNING,11.09
cust-09876,m-011,143,8,642.94,80.37,335,INACTIVE,45.89
cust-09878,m-022,1,7,13243.03,1891.86,357,RETURNING,4.03
cust-09879,m-042,27,4,303.44,75.86,113,RETURNING,29.68
cust-09880,m-023,20,11,2187.2,198.84,329,RETURNING,8.56
cust-09881,m-045,129,8,1311.37,163.92,351,INACTIVE,39.98
cust-09882,m-035,51,6,5584.57,930.76,341,AT_RISK,19.2
cust-09883,m-009,44,14,2233.28,159.52,351,AT_RISK,14.5
cust-09884,m-045,74,2,135.63,67.82,310,INACTIVE,33.79
cust-09885,m-047,19,7,794.24,113.46,356,RETURNING,9.07
cust-09886,m-035,8,7,7765.49,1109.36,281,RETURNING,6.59
cust-09887,m-032,83,9,7083.03,787.0,337,INACTIVE,27.56
cust-09888,m-009,72,9,846.93,94.1,333,INACTIVE,24.56
cust-09890,m-006,12,15,1868.59,124.57,360,LOYAL,5.2
cust-09891,m-016,37,11,3079.22,279.93,354,AT_RISK,12.92
cust-09892,m-041,131,5,1340.26,268.05,278,INACTIVE,51.95
cust-09893,m-012,46,5,1557.49,311.5,325,AT_RISK,19.11
cust-09894,m-015,73,11,1915.66,174.15,302,INACTIVE,26.59
cust-09895,m-019,137,3,455.56,151.85,330,INACTIVE,48.89
cust-09896,m-011,16,5,439.12,87.82,201,RETURNING,12.92
cust-09897,m-029,30,8,2622.96,327.87,257,RETURNING,14.96
cust-09898,m-002,138,3,1844.98,614.99,320,INACTIVE,50.49
cust-09900,m-014,48,3,1583.8,527.93,264,INACTIVE,25.61
cust-09901,m-025,6,9,9126.7,1014.08,320,RETURNING,4.87
cust-09902,m-035,7,6,7413.99,1235.66,130,RETURNING,9.63
cust-09903,m-005,60,10,3315.97,331.6,339,AT_RISK,20.37
cust-09904,m-014,73,7,8567.21,1223.89,322,INACTIVE,26.35
cust-09905,m-031,94,11,1426.28,129.66,359,INACTIVE,28.61
cust-09906,m-021,6,15,6068.05,404.54,343,LOYAL,3.62
cust-09908,m-012,34,11,4298.7,390.79,340,AT_RISK,12.47
cust-09909,m-009,33,7,476.03,68.0,316,AT_RISK,14.16
cust-09910,m-005,0,5,3219.82,643.96,315,RETURNING,5.0
cust-09911,m-040,19,15,4729.44,315.3,345,RETURNING,7.37
cust-09912,m-014,1,9,6707.81,745.31,337,RETURNING,3.3
cust-09913,m-018,23,7,647.31,92.47,310,RETURNING,11.15
cust-09914,m-014,79,5,4645.26,929.05,355,INACTIVE,27.19
cust-09915,m-020,20,7,1254.09,179.16,236,RETURNING,12.19
cust-09916,m-040,8,8,3629.29,453.66,306,RETURNING,5.94
cust-09917,m-001,12,11,1899.46,172.68,329,RETURNING,6.14
cust-09918,m-033,201,4,4879.53,1219.88,361,INACTIVE,61.52
cust-09919,m-035,84,9,5857.48,650.83,348,INACTIVE,27.07
cust-09920,m-007,19,12,11863.42,988.62,341,RETURNING,7.86
cust-09921,m-039,34,7,744.73,106.39,352,AT_RISK,13.38
cust-09922,m-043,75,6,3297.66,549.61,353,INACTIVE,25.47
cust-09923,m-046,18,10,2386.51,238.65,343,RETURNING,7.96
cust-09924,m-018,57,6,655.38,109.23,322,AT_RISK,21.93
cust-09925,m-001,48,15,1661.52,110.77,356,AT_RISK,15.32
cust-09926,m-009,76,7,841.35,120.19,339,INACTIVE,26.1
cust-09927,m-016,89,7,1205.06,172.15,323,INACTIVE,31.22
cust-09928,m-001,0,11,1364.53,124.05,336,RETURNING,2.5
cust-09929,m-026,12,9,1025.27,113.92,350,RETURNING,6.42
cust-09930,m-039,33,7,1065.85,152.26,324,AT_RISK,13.9
cust-09931,m-040,15,4,805.02,201.26,277,RETURNING,11.4
cust-09932,m-026,6,9,1083.14,120.35,281,RETURNING,5.13
cust-09933,m-044,349,3,1112.3,370.77,364,INACTIVE,100.0
cust-09934,m-002,11,9,14561.57,1617.95,312,RETURNING,6.51
cust-09935,m-005,8,11,2526.7,229.7,321,RETURNING,4.98
cust-09936,m-021,14,12,3899.22,324.94,339,RETURNING,6.43
cust-09937,m-023,5,6,2245.16,374.19,140,RETURNING,7.83
cust-09938,m-026,36,5,472.24,94.45,290,AT_RISK,17.37
cust-09939,m-035,27,5,4460.74,892.15,175,RETURNING,20.34
cust-09940,m-022,41,14,12638.74,902.77,354,AT_RISK,13.55
cust-09941,m-006,118,6,889.68,148.28,292,INACTIVE,44.56
cust-09942,m-017,86,5,1645.79,329.16,248,INACTIVE,39.54
cust-09943,m-038,20,8,1699.86,212.48,337,RETURNING,9.25
cust-09944,m-034,123,8,989.32,123.66,302,INACTIVE,43.93
cust-09945,m-033,41,7,6327.71,903.96,268,AT_RISK,18.99
cust-09946,m-033,25,9,5876.64,652.96,284,RETURNING,11.77
cust-09947,m-026,5,12,1484.3,123.69,349,RETURNING,3.74
cust-09948,m-029,68,8,2996.94,374.62,359,INACTIVE,22.22
cust-09949,m-031,71,6,1287.65,214.61,302,INACTIVE,27.72
cust-09950,m-019,22,10,1408.03,140.8,356,RETURNING,8.89
cust-09952,m-013,75,4,3064.55,766.14,290,INACTIVE,31.77
cust-09953,m-015,138,8,995.63,124.45,358,INACTIVE,41.77
cust-09954,m-047,57,6,672.33,112.06,306,AT_RISK,22.85
cust-09955,m-006,20,11,1594.29,144.94,361,RETURNING,8.02
cust-09957,m-009,70,9,1346.29,149.59,305,INACTIVE,25.88
cust-09958,m-017,26,13,3917.74,301.36,332,RETURNING,9.95
cust-09959,m-027,8,7,476.01,68.0,194,RETURNING,7.85
cust-09961,m-035,116,6,7598.0,1266.33,348,INACTIVE,37.52
cust-09962,m-006,28,7,1322.18,188.88,350,RETURNING,11.73
cust-09963,m-021,26,5,1595.83,319.17,345,RETURNING,12.51
cust-09964,m-001,52,11,1566.92,142.45,346,AT_RISK,17.49
cust-09965,m-040,26,8,658.9,82.36,197,RETURNING,16.46
cust-09966,m-002,32,3,711.84,237.28,364,NEW,16.27
cust-09967,m-011,104,7,1003.49,143.36,341,INACTIVE,34.16
cust-09968,m-033,121,8,6416.57,802.07,333,INACTIVE,39.56
cust-09969,m-038,20,5,1075.11,215.02,324,RETURNING,11.15
cust-09970,m-023,12,10,3824.03,382.4,354,RETURNING,6.11
cust-09971,m-004,56,8,16453.8,2056.72,362,AT_RISK,18.76
cust-09972,m-024,123,7,3932.52,561.79,294,INACTIVE,45.44
cust-09973,m-038,54,6,1157.12,192.85,361,AT_RISK,19.2
cust-09974,m-019,42,8,665.61,83.2,306,AT_RISK,17.01
cust-09975,m-008,31,14,20470.66,1462.19,353,AT_RISK,10.76
cust-09976,m-029,126,9,2101.53,233.5,356,INACTIVE,38.29
cust-09977,m-019,34,7,530.88,75.84,362,AT_RISK,13.12
cust-09978,m-021,160,9,2820.62,313.4,341,INACTIVE,49.78
cust-09979,m-015,83,8,1086.68,135.84,341,INACTIVE,27.6
cust-09980,m-025,40,7,6648.01,949.72,307,AT_RISK,16.74
cust-09981,m-002,70,7,3732.63,533.23,338,INACTIVE,24.4
cust-09982,m-025,11,6,6402.45,1067.08,252,RETURNING,8.63
cust-09983,m-044,12,9,4998.88,555.43,361,RETURNING,6.31
cust-09984,m-013,27,6,8432.34,1405.39,298,RETURNING,13.32
cust-09985,m-034,12,10,822.09,82.21,321,RETURNING,6.45
cust-09986,m-023,64,12,3283.5,273.62,357,INACTIVE,20.18
cust-09987,m-039,36,9,1274.01,141.56,348,AT_RISK,13.32
cust-09988,m-038,72,9,1323.46,147.05,338,INACTIVE,24.24
cust-09989,m-016,113,10,2029.12,202.91,361,INACTIVE,33.94
cust-09990,m-037,11,13,1415.65,108.9,340,RETURNING,5.37
cust-09991,m-044,239,2,281.73,140.86,307,INACTIVE,87.6
cust-09993,m-035,13,9,11358.48,1262.05,301,RETURNING,7.3
cust-09994,m-041,106,6,4247.99,708.0,246,INACTIVE,47.2
cust-09995,m-007,137,9,9298.48,1033.16,350,INACTIVE,42.03
cust-09996,m-031,21,8,817.68,102.21,335,RETURNING,9.58
cust-09997,m-036,47,10,1013.21,101.32,325,AT_RISK,17.14
cust-09998,m-028,0,9,3625.65,402.85,349,RETURNING,3.0
cust-09999,m-004,34,5,5436.17,1087.23,286,AT_RISK,16.85
cust-10000,m-006,6,9,1203.58,133.73,349,RETURNING,4.71
