merchant_id,date,daily_revenue,daily_transactions,unique_customers,avg_order_value,day_of_week,is_weekend,is_festival
m-001,2025-09-18,7295.1,60,48,121.58,Thursday,False,False
m-001,2025-09-19,9730.44,82,59,118.66,Friday,False,False
m-001,2025-09-20,9502.75,85,58,111.8,Saturday,True,False
m-001,2025-09-21,10844.14,91,67,119.17,Sunday,True,False
m-001,2025-09-22,8855.16,84,56,105.42,Monday,False,False
m-001,2025-09-23,8656.41,69,48,125.46,Tuesday,False,False
m-001,2025-09-24,6115.82,58,39,105.45,Wednesday,False,False
m-001,2025-09-25,6536.07,60,41,108.93,Thursday,False,False
m-001,2025-09-26,8705.27,74,53,117.64,Friday,False,False
m-001,2025-09-27,10431.14,95,58,109.8,Saturday,True,False
m-001,2025-09-28,9665.03,88,60,109.83,Sunday,True,False
m-001,2025-09-29,8062.6,68,47,118.57,Monday,False,False
m-001,2025-09-30,6696.51,70,46,95.66,Tuesday,False,False
m-001,2025-10-01,9607.28,72,51,133.43,Wednesday,False,False
m-001,2025-10-02,7863.61,68,53,115.64,Thursday,False,False
m-001,2025-10-03,8414.96,73,50,115.27,Friday,False,False
m-001,2025-10-04,11310.12,96,64,117.81,Saturday,True,False
m-001,2025-10-05,11903.95,102,74,116.71,Sunday,True,False
m-001,2025-10-06,10067.13,79,60,127.43,Monday,False,False
m-001,2025-10-07,8081.78,61,46,132.49,Tuesday,False,False
m-001,2025-10-08,7204.18,63,48,114.35,Wednesday,False,False
m-001,2025-10-09,7526.79,63,47,119.47,Thursday,False,False
m-001,2025-10-10,7306.79,71,56,102.91,Friday,False,False
m-001,2025-10-11,12705.02,95,68,133.74,Saturday,True,False
m-001,2025-10-12,10460.14,81,54,129.14,Sunday,True,False
m-001,2025-10-13,7717.14,66,48,116.93,Monday,False,False
m-001,2025-10-14,7737.98,69,46,112.14,Tuesday,False,False
m-001,2025-10-15,9231.56,69,47,133.79,Wednesday,False,False
m-001,2025-10-16,9797.13,71,53,137.99,Thursday,False,False
m-001,2025-10-17,8203.14,73,45,112.37,Friday,False,False
m-001,2025-10-18,11067.92,97,72,114.1,Saturday,True,False
m-001,2025-10-19,12157.81,102,75,119.19,Sunday,True,False
m-001,2025-10-20,13560.35,119,83,113.95,Monday,False,True
m-001,2025-10-21,18653.22,151,101,123.53,Tuesday,False,True
m-001,2025-10-22,12100.89,113,78,107.09,Wednesday,False,True
m-001,2025-10-23,7828.56,61,40,128.34,Thursday,False,False
m-001,2025-10-24,6525.82,67,49,97.4,Friday,False,False
m-001,2025-10-25,12671.32,102,68,124.23,Saturday,True,False
m-001,2025-10-26,9539.44,83,51,114.93,Sunday,True,False
m-001,2025-10-27,8671.49,76,57,114.1,Monday,False,False
m-001,2025-10-28,7432.79,71,51,104.69,Tuesday,False,False
m-001,2025-10-29,6482.68,59,38,109.88,Wednesday,False,False
m-001,2025-10-30,8019.59,64,40,125.31,Thursday,False,False
m-001,2025-10-31,8129.66,74,56,109.86,Friday,False,False
m-001,2025-11-01,12001.27,88,61,136.38,Saturday,True,False
m-001,2025-11-02,10520.14,88,62,119.55,Sunday,True,False
m-001,2025-11-03,10517.66,83,52,126.72,Monday,False,False
m-001,2025-11-04,9380.96,67,48,140.01,Tuesday,False,False
m-001,2025-11-05,7630.98,57,43,133.88,Wednesday,False,False
m-001,2025-11-06,7497.23,58,43,129.26,Thursday,False,False
m-001,2025-11-07,8050.07,68,48,118.38,Friday,False,False
m-001,2025-11-08,10010.68,87,55,115.07,Saturday,True,False
m-001,2025-11-09,10576.48,90,64,117.52,Sunday,True,False
m-001,2025-11-10,8839.18,72,54,122.77,Monday,False,False
m-001,2025-11-11,8034.77,77,51,104.35,Tuesday,False,False
m-001,2025-11-12,9053.16,77,47,117.57,Wednesday,False,False
m-001,2025-11-13,6312.6,58,39,108.84,Thursday,False,False
m-001,2025-11-14,7806.28,66,54,118.28,Friday,False,False
m-001,2025-11-15,10171.09,91,69,111.77,Saturday,True,False
m-001,2025-11-16,11131.69,92,62,121.0,Sunday,True,False
m-001,2025-11-17,9491.71,73,49,130.02,Monday,False,False
m-001,2025-11-18,8129.86,77,54,105.58,Tuesday,False,False
m-001,2025-11-19,8354.88,70,43,119.36,Wednesday,False,False
m-001,2025-11-20,6945.27,61,48,113.86,Thursday,False,False
m-001,2025-11-21,7809.73,69,53,113.18,Friday,False,False
m-001,2025-11-22,11812.99,92,63,128.4,Saturday,True,False
m-001,2025-11-23,9714.36,88,64,110.39,Sunday,True,False
m-001,2025-11-24,7276.73,73,53,99.68,Monday,False,False
m-001,2025-11-25,8513.67,63,43,135.14,Tuesday,False,False
m-001,2025-11-26,9523.59,73,54,130.46,Wednesday,False,False
m-001,2025-11-27,9689.66,77,53,125.84,Thursday,False,False
m-001,2025-11-28,8922.52,80,49,111.53,Friday,False,False
m-001,2025-11-29,11012.69,86,61,128.05,Saturday,True,False
m-001,2025-11-30,11439.48,96,65,119.16,Sunday,True,False
m-001,2025-12-01,8982.91,69,50,130.19,Monday,False,False
m-001,2025-12-02,6695.4,76,59,88.1,Tuesday,False,False
m-001,2025-12-03,8422.28,60,37,140.37,Wednesday,False,False
m-001,2025-12-04,7681.97,74,50,103.81,Thursday,False,False
m-001,2025-12-05,7405.64,70,46,105.79,Friday,False,False
m-001,2025-12-06,10200.03,92,68,110.87,Saturday,True,False
m-001,2025-12-07,11528.31,91,65,126.68,Sunday,True,False
m-001,2025-12-08,5695.15,53,36,107.46,Monday,False,False
m-001,2025-12-09,8833.31,67,43,131.84,Tuesday,False,False
m-001,2025-12-10,9703.47,83,62,116.91,Wednesday,False,False
m-001,2025-12-11,11372.65,72,53,157.95,Thursday,False,False
m-001,2025-12-12,8265.4,71,48,116.41,Friday,False,False
m-001,2025-12-13,9833.59,78,46,126.07,Saturday,True,False
m-001,2025-12-14,7929.18,82,58,96.7,Sunday,True,False
m-001,2025-12-15,8853.62,82,55,107.97,Monday,False,False
m-001,2025-12-16,7558.09,59,44,128.1,Tuesday,False,False
m-001,2025-12-17,8290.18,75,49,110.54,Wednesday,False,False
m-001,2025-12-18,7602.29,65,44,116.96,Thursday,False,False
m-001,2025-12-19,8372.78,75,57,111.64,Friday,False,False
m-001,2025-12-20,10114.33,87,61,116.26,Saturday,True,False
m-001,2025-12-21,10506.59,93,53,112.97,Sunday,True,False
m-001,2025-12-22,7732.21,63,48,122.73,Monday,False,False
m-001,2025-12-23,4795.32,52,38,92.22,Tuesday,False,False
m-001,2025-12-24,8075.75,77,54,104.88,Wednesday,False,False
m-001,2025-12-25,13347.36,96,69,139.04,Thursday,False,True
m-001,2025-12-26,7926.85,64,39,123.86,Friday,False,False
m-001,2025-12-27,9654.96,94,56,102.71,Saturday,True,False
m-001,2025-12-28,11719.28,92,59,127.38,Sunday,True,False
m-001,2025-12-29,6432.93,57,41,112.86,Monday,False,False
m-001,2025-12-30,7240.71,53,37,136.62,Tuesday,False,False
m-001,2025-12-31,15436.17,132,88,116.94,Wednesday,False,True
m-001,2026-01-01,12576.32,103,71,122.1,Thursday,False,True
m-001,2026-01-02,8863.21,67,47,132.29,Friday,False,False
m-001,2026-01-03,10458.96,85,62,123.05,Saturday,True,False
m-001,2026-01-04,7919.39,83,54,95.41,Sunday,True,False
m-001,2026-01-05,6018.43,60,42,100.31,Monday,False,False
m-001,2026-01-06,7349.89,65,43,113.08,Tuesday,False,False
m-001,2026-01-07,10089.63,90,60,112.11,Wednesday,False,False
m-001,2026-01-08,14779.55,75,52,197.06,Thursday,False,False
m-001,2026-01-09,6036.25,56,42,107.79,Friday,False,False
m-001,2026-01-10,8973.65,85,58,105.57,Saturday,True,False
m-001,2026-01-11,11561.13,93,69,124.31,Sunday,True,False
m-001,2026-01-12,7227.32,65,40,111.19,Monday,False,False
m-001,2026-01-13,7243.76,65,43,111.44,Tuesday,False,False
m-001,2026-01-14,8593.8,85,59,101.1,Wednesday,False,True
m-001,2026-01-15,6949.28,67,49,103.72,Thursday,False,False
m-001,2026-01-16,9626.46,69,43,139.51,Friday,False,False
m-001,2026-01-17,10561.11,94,68,112.35,Saturday,True,False
m-001,2026-01-18,11458.5,92,63,124.55,Sunday,True,False
m-001,2026-01-19,7235.92,59,46,122.64,Monday,False,False
m-001,2026-01-20,8604.98,85,49,101.24,Tuesday,False,False
m-001,2026-01-21,7223.36,63,43,114.66,Wednesday,False,False
m-001,2026-01-22,8102.1,82,54,98.81,Thursday,False,False
m-001,2026-01-23,8764.14,72,48,121.72,Friday,False,False
m-001,2026-01-24,13901.31,114,69,121.94,Saturday,True,False
m-001,2026-01-25,11465.75,87,53,131.79,Sunday,True,False
m-001,2026-01-26,10362.43,73,52,141.95,Monday,False,False
m-001,2026-01-27,7493.48,66,40,113.54,Tuesday,False,False
m-001,2026-01-28,8315.66,67,47,124.11,Wednesday,False,False
m-001,2026-01-29,8345.31,66,53,126.44,Thursday,False,False
m-001,2026-01-30,7470.88,64,52,116.73,Friday,False,False
m-001,2026-01-31,11268.68,90,63,125.21,Saturday,True,False
m-001,2026-02-01,9786.17,87,59,112.48,Sunday,True,False
m-001,2026-02-02,7309.91,67,44,109.1,Monday,False,False
m-001,2026-02-03,6429.68,63,42,102.06,Tuesday,False,False
m-001,2026-02-04,10429.03,81,59,128.75,Wednesday,False,False
m-001,2026-02-05,6504.81,60,46,108.41,Thursday,False,False
m-001,2026-02-06,8787.11,80,56,109.84,Friday,False,False
m-001,2026-02-07,10068.02,87,55,115.72,Saturday,True,False
m-001,2026-02-08,9857.59,79,52,124.78,Sunday,True,False
m-001,2026-02-09,8622.79,74,44,116.52,Monday,False,False
m-001,2026-02-10,9733.01,77,48,126.4,Tuesday,False,False
m-001,2026-02-11,8049.84,74,48,108.78,Wednesday,False,False
m-001,2026-02-12,7589.72,61,45,124.42,Thursday,False,False
m-001,2026-02-13,7988.06,69,48,115.77,Friday,False,False
m-001,2026-02-14,16215.03,90,62,180.17,Saturday,True,False
m-001,2026-02-15,10180.4,98,69,103.88,Sunday,True,False
m-001,2026-02-16,10070.39,74,58,136.09,Monday,False,False
m-001,2026-02-17,7847.65,58,37,135.3,Tuesday,False,False
m-001,2026-02-18,6739.58,61,40,110.48,Wednesday,False,False
m-001,2026-02-19,8663.11,67,40,129.3,Thursday,False,False
m-001,2026-02-20,9271.36,72,50,128.77,Friday,False,False
m-001,2026-02-21,10627.85,98,62,108.45,Saturday,True,False
m-001,2026-02-22,10372.62,89,67,116.55,Sunday,True,False
m-001,2026-02-23,7319.1,55,38,133.07,Monday,False,False
m-001,2026-02-24,7644.51,71,52,107.67,Tuesday,False,False
m-001,2026-02-25,8197.7,70,51,117.11,Wednesday,False,False
m-001,2026-02-26,7247.59,65,38,111.5,Thursday,False,False
m-001,2026-02-27,10584.63,75,55,141.13,Friday,False,False
m-001,2026-02-28,10943.85,95,59,115.2,Saturday,True,False
m-001,2026-03-01,10068.53,87,58,115.73,Sunday,True,False
m-001,2026-03-02,5606.78,53,38,105.79,Monday,False,False
m-001,2026-03-03,9770.26,75,50,130.27,Tuesday,False,False
m-001,2026-03-04,16861.51,133,88,126.78,Wednesday,False,True
m-001,2026-03-05,6995.95,60,44,116.6,Thursday,False,False
m-001,2026-03-06,5869.49,60,40,97.82,Friday,False,False
m-001,2026-03-07,13957.09,98,67,142.42,Saturday,True,False
m-001,2026-03-08,9262.41,90,62,102.92,Sunday,True,False
m-001,2026-03-09,7259.6,57,40,127.36,Monday,False,False
m-001,2026-03-10,6558.84,63,44,104.11,Tuesday,False,False
m-001,2026-03-11,8995.81,79,57,113.87,Wednesday,False,False
m-001,2026-03-12,10282.0,75,53,137.09,Thursday,False,False
m-001,2026-03-13,6047.94,60,40,100.8,Friday,False,False
m-001,2026-03-14,12104.17,102,71,118.67,Saturday,True,False
m-001,2026-03-15,9059.91,81,57,111.85,Sunday,True,False
m-001,2026-03-16,9296.05,67,44,138.75,Monday,False,False
m-001,2026-03-17,7753.17,63,52,123.07,Tuesday,False,False
m-001,2026-03-18,8173.34,66,52,123.84,Wednesday,False,False
m-001,2026-03-19,10511.63,86,57,122.23,Thursday,False,False
m-001,2026-03-20,15527.73,132,97,117.63,Friday,False,True
m-001,2026-03-21,8804.92,84,60,104.82,Saturday,True,False
m-001,2026-03-22,10080.32,81,60,124.45,Sunday,True,False
m-001,2026-03-23,6771.22,66,40,102.59,Monday,False,False
m-001,2026-03-24,8553.7,74,43,115.59,Tuesday,False,False
m-001,2026-03-25,6937.03,62,32,111.89,Wednesday,False,False
m-001,2026-03-26,8010.76,64,44,125.17,Thursday,False,False
m-001,2026-03-27,7414.84,72,50,102.98,Friday,False,False
m-001,2026-03-28,13024.64,109,65,119.49,Saturday,True,False
m-001,2026-03-29,9776.15,81,55,120.69,Sunday,True,False
m-001,2026-03-30,8653.66,72,56,120.19,Monday,False,False
m-001,2026-03-31,7043.84,57,38,123.58,Tuesday,False,False
m-001,2026-04-01,9038.96,72,50,125.54,Wednesday,False,False
m-001,2026-04-02,8367.1,63,46,132.81,Thursday,False,False
m-001,2026-04-03,6951.81,61,43,113.96,Friday,False,False
m-001,2026-04-04,8770.01,82,67,106.95,Saturday,True,False
m-001,2026-04-05,9815.54,94,65,104.42,Sunday,True,False
m-001,2026-04-06,6988.67,63,45,110.93,Monday,False,False
m-001,2026-04-07,8438.16,74,49,114.03,Tuesday,False,False
m-001,2026-04-08,6696.65,57,39,117.49,Wednesday,False,False
m-001,2026-04-09,7773.05,79,53,98.39,Thursday,False,False
m-001,2026-04-10,8465.6,62,50,136.54,Friday,False,False
m-001,2026-04-11,10453.6,90,62,116.15,Saturday,True,False
m-001,2026-04-12,8664.67,79,52,109.68,Sunday,True,False
m-001,2026-04-13,8636.95,70,46,123.38,Monday,False,False
m-001,2026-04-14,6363.14,67,42,94.97,Tuesday,False,False
m-001,2026-04-15,10011.25,71,52,141.0,Wednesday,False,False
m-001,2026-04-16,8103.56,60,35,135.06,Thursday,False,False
m-001,2026-04-17,8192.29,70,49,117.03,Friday,False,False
m-001,2026-04-18,8584.72,81,54,105.98,Saturday,True,False
m-001,2026-04-19,11810.24,97,65,121.76,Sunday,True,False
m-001,2026-04-20,7611.67,66,45,115.33,Monday,False,False
m-001,2026-04-21,7658.32,63,43,121.56,Tuesday,False,False
m-001,2026-04-22,6688.68,61,44,109.65,Wednesday,False,False
m-001,2026-04-23,7504.84,69,47,108.77,Thursday,False,False
m-001,2026-04-24,10111.03,78,59,129.63,Friday,False,False
m-001,2026-04-25,11272.18,104,76,108.39,Saturday,True,False
m-001,2026-04-26,12491.52,97,70,128.78,Sunday,True,False
m-001,2026-04-27,7965.47,77,55,103.45,Monday,False,False
m-001,2026-04-28,8045.7,74,52,108.73,Tuesday,False,False
m-001,2026-04-29,7583.37,68,52,111.52,Wednesday,False,False
m-001,2026-04-30,7953.78,69,41,115.27,Thursday,False,False
m-001,2026-05-01,8193.47,66,43,124.14,Friday,False,False
m-001,2026-05-02,10311.12,93,69,110.87,Saturday,True,False
m-001,2026-05-03,8544.49,87,59,98.21,Sunday,True,False
m-001,2026-05-04,7896.22,70,49,112.8,Monday,False,False
m-001,2026-05-05,8477.72,67,41,126.53,Tuesday,False,False
m-001,2026-05-06,8250.7,69,47,119.58,Wednesday,False,False
m-001,2026-05-07,7932.43,75,53,105.77,Thursday,False,False
m-001,2026-05-08,9323.15,63,47,147.99,Friday,False,False
m-001,2026-05-09,9479.57,82,57,115.6,Saturday,True,False
m-001,2026-05-10,9980.02,97,65,102.89,Sunday,True,False
m-001,2026-05-11,9595.32,82,56,117.02,Monday,False,False
m-001,2026-05-12,7494.53,62,40,120.88,Tuesday,False,False
m-001,2026-05-13,8369.66,70,53,119.57,Wednesday,False,False
m-001,2026-05-14,9582.31,73,54,131.26,Thursday,False,False
m-001,2026-05-15,8296.35,72,54,115.23,Friday,False,False
m-001,2026-05-16,8402.69,78,60,107.73,Saturday,True,False
m-001,2026-05-17,8968.12,80,57,112.1,Sunday,True,False
m-001,2026-05-18,7237.96,66,45,109.67,Monday,False,False
m-001,2026-05-19,7937.96,72,53,110.25,Tuesday,False,False
m-001,2026-05-20,8222.3,67,48,122.72,Wednesday,False,False
m-001,2026-05-21,7783.81,64,47,121.62,Thursday,False,False
m-001,2026-05-22,7986.48,69,48,115.75,Friday,False,False
m-001,2026-05-23,9609.3,91,64,105.6,Saturday,True,False
m-001,2026-05-24,9607.21,78,58,123.17,Sunday,True,False
m-001,2026-05-25,6463.88,58,44,111.45,Monday,False,False
m-001,2026-05-26,7591.81,71,49,106.93,Tuesday,False,False
m-001,2026-05-27,7572.15,66,43,114.73,Wednesday,False,False
m-001,2026-05-28,9017.27,71,49,127.0,Thursday,False,False
m-001,2026-05-29,6476.77,62,38,104.46,Friday,False,False
m-001,2026-05-30,10843.37,85,56,127.57,Saturday,True,False
m-001,2026-05-31,8904.36,75,51,118.72,Sunday,True,False
m-001,2026-06-01,6805.84,72,44,94.53,Monday,False,False
m-001,2026-06-02,8331.69,67,46,124.35,Tuesday,False,False
m-001,2026-06-03,7378.9,62,41,119.01,Wednesday,False,False
m-001,2026-06-04,8209.46,68,41,120.73,Thursday,False,False
m-001,2026-06-05,8341.35,70,44,119.16,Friday,False,False
m-001,2026-06-06,13684.52,94,68,145.58,Saturday,True,False
m-001,2026-06-07,10587.72,93,66,113.85,Sunday,True,False
m-001,2026-06-08,5822.66,56,43,103.98,Monday,False,False
m-001,2026-06-09,6905.36,53,36,130.29,Tuesday,False,False
m-001,2026-06-10,6404.05,56,36,114.36,Wednesday,False,False
m-001,2026-06-11,9238.53,79,49,116.94,Thursday,False,False
m-001,2026-06-12,7535.62,59,37,127.72,Friday,False,False
m-001,2026-06-13,7856.58,71,51,110.66,Saturday,True,False
m-001,2026-06-14,13043.08,95,58,137.3,Sunday,True,False
m-001,2026-06-15,8329.04,71,51,117.31,Monday,False,False
m-001,2026-06-16,8816.3,71,46,124.17,Tuesday,False,False
m-001,2026-06-17,14394.65,62,41,232.17,Wednesday,False,False
m-001,2026-06-18,7337.78,64,43,114.65,Thursday,False,False
m-001,2026-06-19,7568.6,65,47,116.44,Friday,False,False
m-001,2026-06-20,11434.53,88,57,129.94,Saturday,True,False
m-001,2026-06-21,10106.09,93,67,108.67,Sunday,True,False
m-001,2026-06-22,8074.3,72,49,112.14,Monday,False,False
m-001,2026-06-23,7049.15,64,47,110.14,Tuesday,False,False
m-001,2026-06-24,9130.51,73,55,125.08,Wednesday,False,False
m-001,2026-06-25,8630.01,77,55,112.08,Thursday,False,False
m-001,2026-06-26,6997.12,65,45,107.65,Friday,False,False
m-001,2026-06-27,9476.39,86,56,110.19,Saturday,True,False
m-001,2026-06-28,7962.15,82,52,97.1,Sunday,True,False
m-001,2026-06-29,6213.27,62,47,100.21,Monday,False,False
m-001,2026-06-30,7342.1,61,45,120.36,Tuesday,False,False
m-001,2026-07-01,6943.64,58,40,119.72,Wednesday,False,False
m-001,2026-07-02,6291.4,63,43,99.86,Thursday,False,False
m-001,2026-07-03,6757.24,64,41,105.58,Friday,False,False
m-001,2026-07-04,10714.21,101,66,106.08,Saturday,True,False
m-001,2026-07-05,7088.22,90,68,78.76,Sunday,True,False
m-001,2026-07-06,4723.11,52,39,90.83,Monday,False,False
m-001,2026-07-07,7231.68,65,44,111.26,Tuesday,False,False
m-001,2026-07-08,5757.7,49,32,117.5,Wednesday,False,False
m-001,2026-07-09,8839.42,69,48,128.11,Thursday,False,False
m-001,2026-07-10,7678.5,75,56,102.38,Friday,False,False
m-001,2026-07-11,12203.44,90,59,135.59,Saturday,True,False
m-001,2026-07-12,13576.87,92,63,147.57,Sunday,True,False
m-001,2026-07-13,10169.69,75,52,135.6,Monday,False,False
m-001,2026-07-14,7512.84,67,42,112.13,Tuesday,False,False
m-001,2026-07-15,7930.78,63,39,125.89,Wednesday,False,False
m-001,2026-07-16,8767.07,73,46,120.1,Thursday,False,False
m-001,2026-07-17,6254.16,67,46,93.35,Friday,False,False
m-001,2026-07-18,10543.99,94,63,112.17,Saturday,True,False
m-001,2026-07-19,9067.77,73,55,124.22,Sunday,True,False
m-001,2026-07-20,6540.07,63,43,103.81,Monday,False,False
m-001,2026-07-21,6846.74,62,43,110.43,Tuesday,False,False
m-001,2026-07-22,7800.85,71,45,109.87,Wednesday,False,False
m-001,2026-07-23,8400.26,67,47,125.38,Thursday,False,False
m-001,2026-07-24,8538.11,72,50,118.58,Friday,False,False
m-001,2026-07-25,10469.99,91,68,115.05,Saturday,True,False
m-001,2026-07-26,11335.42,98,65,115.67,Sunday,True,False
m-001,2026-07-27,8206.3,71,56,115.58,Monday,False,False
m-001,2026-07-28,11698.55,84,57,139.27,Tuesday,False,False
m-001,2026-07-29,6498.11,61,43,106.53,Wednesday,False,False
m-001,2026-07-30,8004.19,71,49,112.74,Thursday,False,False
m-001,2026-07-31,6875.9,68,46,101.12,Friday,False,False
m-001,2026-08-01,10139.93,91,59,111.43,Saturday,True,False
m-001,2026-08-02,9645.2,92,69,104.84,Sunday,True,False
m-001,2026-08-03,6801.67,62,46,109.7,Monday,False,False
m-001,2026-08-04,8621.19,72,47,119.74,Tuesday,False,False
m-001,2026-08-05,8765.65,79,54,110.96,Wednesday,False,False
m-001,2026-08-06,7730.36,80,60,96.63,Thursday,False,False
m-001,2026-08-07,8441.04,71,47,118.89,Friday,False,False
m-001,2026-08-08,11642.77,104,74,111.95,Saturday,True,False
m-001,2026-08-09,8615.75,80,56,107.7,Sunday,True,False
m-001,2026-08-10,6250.4,57,41,109.66,Monday,False,False
m-001,2026-08-11,6690.83,65,46,102.94,Tuesday,False,False
m-001,2026-08-12,7705.07,69,47,111.67,Wednesday,False,False
m-001,2026-08-13,8257.12,67,44,123.24,Thursday,False,False
m-001,2026-08-14,7470.2,65,43,114.93,Friday,False,False
m-001,2026-08-15,15961.6,145,107,110.08,Saturday,True,True
m-001,2026-08-16,10256.86,86,64,119.27,Sunday,True,False
m-001,2026-08-17,8094.41,65,47,124.53,Monday,False,False
m-001,2026-08-18,7574.57,73,46,103.76,Tuesday,False,False
m-001,2026-08-19,8779.28,71,50,123.65,Wednesday,False,False
m-001,2026-08-20,6501.67,64,41,101.59,Thursday,False,False
m-001,2026-08-21,7392.21,66,43,112.0,Friday,False,False
m-001,2026-08-22,9772.98,90,57,108.59,Saturday,True,False
m-001,2026-08-23,7877.78,73,57,107.91,Sunday,True,False
m-001,2026-08-24,5357.08,63,42,85.03,Monday,False,False
m-001,2026-08-25,8881.15,71,46,125.09,Tuesday,False,False
m-001,2026-08-26,7699.57,60,40,128.33,Wednesday,False,False
m-001,2026-08-27,8588.73,67,52,128.19,Thursday,False,False
m-001,2026-08-28,13781.62,124,84,111.14,Friday,False,True
m-001,2026-08-29,13404.41,103,68,130.14,Saturday,True,False
m-001,2026-08-30,9162.0,76,54,120.55,Sunday,True,False
m-001,2026-08-31,8689.82,70,41,124.14,Monday,False,False
m-001,2026-09-01,8953.31,73,56,122.65,Tuesday,False,False
m-001,2026-09-02,7485.7,74,53,101.16,Wednesday,False,False
m-001,2026-09-03,7856.77,68,50,115.54,Thursday,False,False
m-001,2026-09-04,6899.95,54,36,127.78,Friday,False,False
m-001,2026-09-05,12062.22,96,68,125.65,Saturday,True,False
m-001,2026-09-06,10873.4,96,68,113.26,Sunday,True,False
m-001,2026-09-07,6408.88,62,50,103.37,Monday,False,False
m-001,2026-09-08,7309.66,67,49,109.1,Tuesday,False,False
m-001,2026-09-09,7720.86,69,49,111.9,Wednesday,False,False
m-001,2026-09-10,8548.01,74,52,115.51,Thursday,False,False
m-001,2026-09-11,8673.37,70,52,123.91,Friday,False,False
m-001,2026-09-12,9156.9,87,61,105.25,Saturday,True,False
m-001,2026-09-13,12196.05,94,65,129.75,Sunday,True,False
m-001,2026-09-14,7712.67,61,35,126.44,Monday,False,False
m-001,2026-09-15,9302.78,74,52,125.71,Tuesday,False,False
m-001,2026-09-16,8991.22,84,61,107.04,Wednesday,False,False
m-001,2026-09-17,6676.84,64,45,104.33,Thursday,False,False
m-002,2025-09-18,26794.68,24,19,1116.44,Thursday,False,False
m-002,2025-09-19,29678.86,21,14,1413.28,Friday,False,False
m-002,2025-09-20,46286.14,46,27,1006.22,Saturday,True,False
m-002,2025-09-21,49511.48,41,27,1207.6,Sunday,True,False
m-002,2025-09-22,33634.07,31,17,1084.97,Monday,False,False
m-002,2025-09-23,33199.5,26,20,1276.9,Tuesday,False,False
m-002,2025-09-24,20689.09,23,16,899.53,Wednesday,False,False
m-002,2025-09-25,31275.26,35,28,893.58,Thursday,False,False
m-002,2025-09-26,48663.0,41,32,1186.9,Friday,False,False
m-002,2025-09-27,49493.95,44,30,1124.86,Saturday,True,False
m-002,2025-09-28,60558.73,56,45,1081.41,Sunday,True,False
m-002,2025-09-29,31920.39,24,19,1330.02,Monday,False,False
m-002,2025-09-30,40416.16,28,20,1443.43,Tuesday,False,False
m-002,2025-10-01,27971.25,30,22,932.38,Wednesday,False,False
m-002,2025-10-02,26641.3,30,18,888.04,Thursday,False,False
m-002,2025-10-03,44737.82,37,26,1209.13,Friday,False,False
m-002,2025-10-04,38087.18,43,29,885.75,Saturday,True,False
m-002,2025-10-05,44065.71,34,24,1296.05,Sunday,True,False
m-002,2025-10-06,33758.62,33,21,1022.99,Monday,False,False
m-002,2025-10-07,34991.95,30,24,1166.4,Tuesday,False,False
m-002,2025-10-08,37414.58,32,21,1169.21,Wednesday,False,False
m-002,2025-10-09,33989.9,32,22,1062.18,Thursday,False,False
m-002,2025-10-10,36159.0,32,27,1129.97,Friday,False,False
m-002,2025-10-11,43905.66,39,24,1125.79,Saturday,True,False
m-002,2025-10-12,40303.92,43,30,937.3,Sunday,True,False
m-002,2025-10-13,28989.92,23,20,1260.43,Monday,False,False
m-002,2025-10-14,32550.46,36,17,904.18,Tuesday,False,False
m-002,2025-10-15,77814.51,41,29,1897.91,Wednesday,False,False
m-002,2025-10-16,28423.22,28,16,1015.12,Thursday,False,False
m-002,2025-10-17,30375.02,31,20,979.84,Friday,False,False
m-002,2025-10-18,39105.22,36,27,1086.26,Saturday,True,False
m-002,2025-10-19,45720.47,39,27,1172.32,Sunday,True,False
m-002,2025-10-20,59256.52,47,38,1260.78,Monday,False,True
m-002,2025-10-21,72487.48,67,48,1081.9,Tuesday,False,True
m-002,2025-10-22,71991.18,55,40,1308.93,Wednesday,False,True
m-002,2025-10-23,52815.5,46,35,1148.16,Thursday,False,False
m-002,2025-10-24,40970.39,37,26,1107.31,Friday,False,False
m-002,2025-10-25,45055.51,38,30,1185.67,Saturday,True,False
m-002,2025-10-26,43705.15,42,32,1040.6,Sunday,True,False
m-002,2025-10-27,54359.03,44,30,1235.43,Monday,False,False
m-002,2025-10-28,42923.38,34,26,1262.45,Tuesday,False,False
m-002,2025-10-29,47929.88,37,28,1295.4,Wednesday,False,False
m-002,2025-10-30,30897.98,24,17,1287.42,Thursday,False,False
m-002,2025-10-31,38402.1,28,18,1371.5,Friday,False,False
m-002,2025-11-01,39690.35,38,24,1044.48,Saturday,True,False
m-002,2025-11-02,36693.7,35,22,1048.39,Sunday,True,False
m-002,2025-11-03,44957.45,35,25,1284.5,Monday,False,False
m-002,2025-11-04,22622.25,21,13,1077.25,Tuesday,False,False
m-002,2025-11-05,29196.8,28,20,1042.74,Wednesday,False,False
m-002,2025-11-06,41706.54,33,27,1263.83,Thursday,False,False
m-002,2025-11-07,30169.87,23,18,1311.73,Friday,False,False
m-002,2025-11-08,45013.59,37,21,1216.58,Saturday,True,False
m-002,2025-11-09,39978.3,32,27,1249.32,Sunday,True,False
m-002,2025-11-10,39071.61,31,20,1260.37,Monday,False,False
m-002,2025-11-11,28345.45,21,14,1349.78,Tuesday,False,False
m-002,2025-11-12,48080.13,33,24,1456.97,Wednesday,False,False
m-002,2025-11-13,33378.81,35,23,953.68,Thursday,False,False
m-002,2025-11-14,42027.47,38,26,1105.99,Friday,False,False
m-002,2025-11-15,48784.84,38,24,1283.81,Saturday,True,False
m-002,2025-11-16,50711.72,41,32,1236.87,Sunday,True,False
m-002,2025-11-17,43372.92,31,19,1399.13,Monday,False,False
m-002,2025-11-18,25906.26,23,16,1126.36,Tuesday,False,False
m-002,2025-11-19,21412.18,20,17,1070.61,Wednesday,False,False
m-002,2025-11-20,37739.68,29,17,1301.37,Thursday,False,False
m-002,2025-11-21,17566.23,21,15,836.49,Friday,False,False
m-002,2025-11-22,44278.64,37,28,1196.72,Saturday,True,False
m-002,2025-11-23,45283.52,37,22,1223.88,Sunday,True,False
m-002,2025-11-24,33943.61,23,19,1475.81,Monday,False,False
m-002,2025-11-25,44655.56,36,22,1240.43,Tuesday,False,False
m-002,2025-11-26,61417.79,37,29,1659.94,Wednesday,False,False
m-002,2025-11-27,27940.37,25,18,1117.61,Thursday,False,False
m-002,2025-11-28,43237.12,35,20,1235.35,Friday,False,False
m-002,2025-11-29,40040.5,28,21,1430.02,Saturday,True,False
m-002,2025-11-30,53337.45,42,25,1269.94,Sunday,True,False
m-002,2025-12-01,45376.68,34,26,1334.61,Monday,False,False
m-002,2025-12-02,30081.83,25,16,1203.27,Tuesday,False,False
m-002,2025-12-03,28389.77,32,22,887.18,Wednesday,False,False
m-002,2025-12-04,53375.65,29,24,1840.54,Thursday,False,False
m-002,2025-12-05,28853.7,26,21,1109.76,Friday,False,False
m-002,2025-12-06,48562.37,37,26,1312.5,Saturday,True,False
m-002,2025-12-07,24292.13,31,23,783.62,Sunday,True,False
m-002,2025-12-08,35251.51,25,19,1410.06,Monday,False,False
m-002,2025-12-09,35971.77,28,21,1284.71,Tuesday,False,False
m-002,2025-12-10,28024.14,25,17,1120.97,Wednesday,False,False
m-002,2025-12-11,45081.1,34,22,1325.91,Thursday,False,False
m-002,2025-12-12,69304.83,27,14,2566.85,Friday,False,False
m-002,2025-12-13,24904.53,29,17,858.78,Saturday,True,False
m-002,2025-12-14,36916.07,42,31,878.95,Sunday,True,False
m-002,2025-12-15,23313.21,25,16,932.53,Monday,False,False
m-002,2025-12-16,36398.81,29,23,1255.13,Tuesday,False,False
m-002,2025-12-17,26390.32,31,26,851.3,Wednesday,False,False
m-002,2025-12-18,30665.93,28,21,1095.21,Thursday,False,False
m-002,2025-12-19,27404.54,19,10,1442.34,Friday,False,False
m-002,2025-12-20,30870.28,33,21,935.46,Saturday,True,False
m-002,2025-12-21,40871.5,34,23,1202.1,Sunday,True,False
m-002,2025-12-22,44800.58,33,22,1357.59,Monday,False,False
m-002,2025-12-23,38918.42,31,24,1255.43,Tuesday,False,False
m-002,2025-12-24,26656.76,23,12,1158.99,Wednesday,False,False
m-002,2025-12-25,62899.7,49,36,1283.67,Thursday,False,True
m-002,2025-12-26,38395.3,33,25,1163.49,Friday,False,False
m-002,2025-12-27,34904.38,29,21,1203.6,Saturday,True,False
m-002,2025-12-28,40694.29,32,23,1271.7,Sunday,True,False
m-002,2025-12-29,28800.37,32,22,900.01,Monday,False,False
m-002,2025-12-30,27559.92,19,13,1450.52,Tuesday,False,False
m-002,2025-12-31,54742.02,55,42,995.31,Wednesday,False,True
m-002,2026-01-01,59241.86,47,32,1260.47,Thursday,False,True
m-002,2026-01-02,31685.34,25,13,1267.41,Friday,False,False
m-002,2026-01-03,52736.65,48,32,1098.68,Saturday,True,False
m-002,2026-01-04,46385.83,33,23,1405.63,Sunday,True,False
m-002,2026-01-05,38727.34,28,21,1383.12,Monday,False,False
m-002,2026-01-06,30736.62,33,23,931.41,Tuesday,False,False
m-002,2026-01-07,32000.04,27,19,1185.19,Wednesday,False,False
m-002,2026-01-08,35409.44,25,21,1416.38,Thursday,False,False
m-002,2026-01-09,41756.72,33,22,1265.36,Friday,False,False
m-002,2026-01-10,43192.08,34,30,1270.36,Saturday,True,False
m-002,2026-01-11,43649.64,35,22,1247.13,Sunday,True,False
m-002,2026-01-12,31727.95,24,16,1322.0,Monday,False,False
m-002,2026-01-13,23360.86,27,23,865.22,Tuesday,False,False
m-002,2026-01-14,38485.91,37,24,1040.16,Wednesday,False,True
m-002,2026-01-15,26964.11,30,23,898.8,Thursday,False,False
m-002,2026-01-16,29486.6,24,12,1228.61,Friday,False,False
m-002,2026-01-17,46540.75,38,25,1224.76,Saturday,True,False
m-002,2026-01-18,51215.38,43,31,1191.06,Sunday,True,False
m-002,2026-01-19,23568.22,23,18,1024.71,Monday,False,False
m-002,2026-01-20,28679.04,25,16,1147.16,Tuesday,False,False
m-002,2026-01-21,30316.36,26,19,1166.01,Wednesday,False,False
m-002,2026-01-22,18659.15,22,18,848.14,Thursday,False,False
m-002,2026-01-23,24220.27,24,19,1009.18,Friday,False,False
m-002,2026-01-24,36336.03,26,19,1397.54,Saturday,True,False
m-002,2026-01-25,35920.57,35,23,1026.3,Sunday,True,False
m-002,2026-01-26,43337.18,27,21,1605.08,Monday,False,False
m-002,2026-01-27,31075.3,23,17,1351.1,Tuesday,False,False
m-002,2026-01-28,67842.82,34,22,1995.38,Wednesday,False,False
m-002,2026-01-29,32900.09,28,19,1175.0,Thursday,False,False
m-002,2026-01-30,39758.97,34,18,1169.38,Friday,False,False
m-002,2026-01-31,29318.84,34,20,862.32,Saturday,True,False
m-002,2026-02-01,47704.66,42,31,1135.83,Sunday,True,False
m-002,2026-02-02,23399.07,21,17,1114.24,Monday,False,False
m-002,2026-02-03,35396.61,34,20,1041.08,Tuesday,False,False
m-002,2026-02-04,32667.32,22,16,1484.88,Wednesday,False,False
m-002,2026-02-05,32377.44,26,18,1245.29,Thursday,False,False
m-002,2026-02-06,28310.0,28,22,1011.07,Friday,False,False
m-002,2026-02-07,64446.76,47,26,1371.21,Saturday,True,False
m-002,2026-02-08,44444.74,43,34,1033.6,Sunday,True,False
m-002,2026-02-09,42401.73,28,16,1514.35,Monday,False,False
m-002,2026-02-10,30741.07,26,19,1182.35,Tuesday,False,False
m-002,2026-02-11,28518.03,23,15,1239.91,Wednesday,False,False
m-002,2026-02-12,29979.55,23,18,1303.46,Thursday,False,False
m-002,2026-02-13,34055.05,31,25,1098.55,Friday,False,False
m-002,2026-02-14,33717.54,29,22,1162.67,Saturday,True,False
m-002,2026-02-15,41677.0,33,28,1262.94,Sunday,True,False
m-002,2026-02-16,27473.08,30,13,915.77,Monday,False,False
m-002,2026-02-17,27510.09,26,18,1058.08,Tuesday,False,False
m-002,2026-02-18,18943.18,26,17,728.58,Wednesday,False,False
m-002,2026-02-19,27261.43,25,21,1090.46,Thursday,False,False
m-002,2026-02-20,46707.24,38,34,1229.14,Friday,False,False
m-002,2026-02-21,48512.56,36,24,1347.57,Saturday,True,False
m-002,2026-02-22,45704.02,30,24,1523.47,Sunday,True,False
m-002,2026-02-23,18769.5,19,10,987.87,Monday,False,False
m-002,2026-02-24,25766.07,22,16,1171.18,Tuesday,False,False
m-002,2026-02-25,31008.14,29,20,1069.25,Wednesday,False,False
m-002,2026-02-26,31396.35,28,18,1121.3,Thursday,False,False
m-002,2026-02-27,25687.5,20,16,1284.38,Friday,False,False
m-002,2026-02-28,43143.71,35,22,1232.68,Saturday,True,False
m-002,2026-03-01,53299.03,44,24,1211.34,Sunday,True,False
m-002,2026-03-02,29865.97,28,19,1066.64,Monday,False,False
m-002,2026-03-03,27472.1,23,15,1194.44,Tuesday,False,False
m-002,2026-03-04,53983.55,44,31,1226.9,Wednesday,False,True
m-002,2026-03-05,43652.65,30,17,1455.09,Thursday,False,False
m-002,2026-03-06,40186.86,26,17,1545.65,Friday,False,False
m-002,2026-03-07,48037.09,39,27,1231.72,Saturday,True,False
m-002,2026-03-08,26458.58,29,21,912.36,Sunday,True,False
m-002,2026-03-09,148301.11,29,24,5113.83,Monday,False,False
m-002,2026-03-10,35944.76,31,24,1159.51,Tuesday,False,False
m-002,2026-03-11,23829.36,21,14,1134.73,Wednesday,False,False
m-002,2026-03-12,30478.11,25,20,1219.12,Thursday,False,False
m-002,2026-03-13,29540.18,25,17,1181.61,Friday,False,False
m-002,2026-03-14,35407.21,33,23,1072.95,Saturday,True,False
m-002,2026-03-15,41943.65,38,26,1103.78,Sunday,True,False
m-002,2026-03-16,35074.92,30,24,1169.16,Monday,False,False
m-002,2026-03-17,19344.77,16,12,1209.05,Tuesday,False,False
m-002,2026-03-18,47597.6,29,19,1641.3,Wednesday,False,False
m-002,2026-03-19,28545.5,19,11,1502.39,Thursday,False,False
m-002,2026-03-20,39705.13,43,29,923.38,Friday,False,True
m-002,2026-03-21,45575.83,35,24,1302.17,Saturday,True,False
m-002,2026-03-22,40954.88,37,26,1106.89,Sunday,True,False
m-002,2026-03-23,27810.34,23,15,1209.15,Monday,False,False
m-002,2026-03-24,30777.91,28,19,1099.21,Tuesday,False,False
m-002,2026-03-25,26883.22,24,17,1120.13,Wednesday,False,False
m-002,2026-03-26,37462.8,28,16,1337.96,Thursday,False,False
m-002,2026-03-27,17625.98,22,14,801.18,Friday,False,False
m-002,2026-03-28,46448.59,31,18,1498.34,Saturday,True,False
m-002,2026-03-29,47097.77,45,34,1046.62,Sunday,True,False
m-002,2026-03-30,24461.35,26,13,940.82,Monday,False,False
m-002,2026-03-31,33196.44,30,14,1106.55,Tuesday,False,False
m-002,2026-04-01,21262.55,27,21,787.5,Wednesday,False,False
m-002,2026-04-02,28442.37,27,21,1053.42,Thursday,False,False
m-002,2026-04-03,54361.85,44,31,1235.5,Friday,False,False
m-002,2026-04-04,37695.78,34,25,1108.7,Saturday,True,False
m-002,2026-04-05,28379.37,32,18,886.86,Sunday,True,False
m-002,2026-04-06,30098.06,28,20,1074.93,Monday,False,False
m-002,2026-04-07,29521.65,21,14,1405.79,Tuesday,False,False
m-002,2026-04-08,43261.12,32,24,1351.91,Wednesday,False,False
m-002,2026-04-09,29588.57,24,16,1232.86,Thursday,False,False
m-002,2026-04-10,48990.37,30,21,1633.01,Friday,False,False
m-002,2026-04-11,33328.67,30,21,1110.96,Saturday,True,False
m-002,2026-04-12,42211.32,36,23,1172.54,Sunday,True,False
m-002,2026-04-13,22876.22,18,9,1270.9,Monday,False,False
m-002,2026-04-14,34512.85,25,15,1380.51,Tuesday,False,False
m-002,2026-04-15,31068.04,22,13,1412.18,Wednesday,False,False
m-002,2026-04-16,36328.39,23,16,1579.5,Thursday,False,False
m-002,2026-04-17,24037.09,24,17,1001.55,Friday,False,False
m-002,2026-04-18,40029.25,34,24,1177.33,Saturday,True,False
m-002,2026-04-19,38076.47,28,19,1359.87,Sunday,True,False
m-002,2026-04-20,27477.99,28,16,981.36,Monday,False,False
m-002,2026-04-21,25735.83,22,17,1169.81,Tuesday,False,False
m-002,2026-04-22,35319.74,26,17,1358.45,Wednesday,False,False
m-002,2026-04-23,23327.3,21,15,1110.82,Thursday,False,False
m-002,2026-04-24,33916.54,25,17,1356.66,Friday,False,False
m-002,2026-04-25,25020.49,31,21,807.11,Saturday,True,False
m-002,2026-04-26,55003.38,36,29,1527.87,Sunday,True,False
m-002,2026-04-27,33749.14,22,16,1534.05,Monday,False,False
m-002,2026-04-28,35636.17,23,15,1549.4,Tuesday,False,False
m-002,2026-04-29,35436.97,26,18,1362.96,Wednesday,False,False
m-002,2026-04-30,34361.21,28,20,1227.19,Thursday,False,False
m-002,2026-05-01,29199.11,29,23,1006.87,Friday,False,False
m-002,2026-05-02,38567.86,32,21,1205.25,Saturday,True,False
m-002,2026-05-03,15986.44,19,12,841.39,Sunday,True,False
m-002,2026-05-04,33482.59,23,15,1455.76,Monday,False,False
m-002,2026-05-05,32044.28,28,21,1144.44,Tuesday,False,False
m-002,2026-05-06,25271.89,24,17,1053.0,Wednesday,False,False
m-002,2026-05-07,35582.51,31,21,1147.82,Thursday,False,False
m-002,2026-05-08,36495.99,31,24,1177.29,Friday,False,False
m-002,2026-05-09,34207.54,27,21,1266.95,Saturday,True,False
m-002,2026-05-10,28074.36,28,18,1002.66,Sunday,True,False
m-002,2026-05-11,36730.72,31,18,1184.86,Monday,False,False
m-002,2026-05-12,33575.82,26,16,1291.38,Tuesday,False,False
m-002,2026-05-13,17851.18,21,17,850.06,Wednesday,False,False
m-002,2026-05-14,37276.82,31,18,1202.48,Thursday,False,False
m-002,2026-05-15,23988.15,21,20,1142.29,Friday,False,False
m-002,2026-05-16,36457.02,33,23,1104.76,Saturday,True,False
m-002,2026-05-17,33112.85,33,20,1003.42,Sunday,True,False
m-002,2026-05-18,24971.92,22,16,1135.09,Monday,False,False
m-002,2026-05-19,30466.35,25,16,1218.65,Tuesday,False,False
m-002,2026-05-20,24890.7,24,17,1037.11,Wednesday,False,False
m-002,2026-05-21,29772.24,34,22,875.65,Thursday,False,False
m-002,2026-05-22,26026.29,28,16,929.51,Friday,False,False
m-002,2026-05-23,36358.53,27,19,1346.61,Saturday,True,False
m-002,2026-05-24,26965.71,23,15,1172.42,Sunday,True,False
m-002,2026-05-25,39936.93,35,23,1141.06,Monday,False,False
m-002,2026-05-26,29196.48,25,17,1167.86,Tuesday,False,False
m-002,2026-05-27,24760.01,19,11,1303.16,Wednesday,False,False
m-002,2026-05-28,32986.52,22,19,1499.39,Thursday,False,False
m-002,2026-05-29,30206.03,26,19,1161.77,Friday,False,False
m-002,2026-05-30,60119.73,45,30,1335.99,Saturday,True,False
m-002,2026-05-31,34224.24,31,23,1104.01,Sunday,True,False
m-002,2026-06-01,28268.33,27,17,1046.98,Monday,False,False
m-002,2026-06-02,42557.43,27,18,1576.2,Tuesday,False,False
m-002,2026-06-03,31956.58,24,13,1331.52,Wednesday,False,False
m-002,2026-06-04,33804.28,27,18,1252.01,Thursday,False,False
m-002,2026-06-05,17069.55,19,13,898.4,Friday,False,False
m-002,2026-06-06,23861.94,20,10,1193.1,Saturday,True,False
m-002,2026-06-07,26560.28,23,19,1154.79,Sunday,True,False
m-002,2026-06-08,27010.55,18,12,1500.59,Monday,False,False
m-002,2026-06-09,48710.09,26,19,1873.46,Tuesday,False,False
m-002,2026-06-10,30313.88,27,16,1122.74,Wednesday,False,False
m-002,2026-06-11,30601.81,27,24,1133.4,Thursday,False,False
m-002,2026-06-12,37952.18,29,20,1308.7,Friday,False,False
m-002,2026-06-13,26923.1,27,19,997.15,Saturday,True,False
m-002,2026-06-14,39025.16,35,22,1115.0,Sunday,True,False
m-002,2026-06-15,37478.97,23,16,1629.52,Monday,False,False
m-002,2026-06-16,22227.19,20,14,1111.36,Tuesday,False,False
m-002,2026-06-17,30853.44,26,17,1186.67,Wednesday,False,False
m-002,2026-06-18,32088.27,26,17,1234.16,Thursday,False,False
m-002,2026-06-19,47783.68,32,26,1493.24,Friday,False,False
m-002,2026-06-20,42305.6,36,24,1175.16,Saturday,True,False
m-002,2026-06-21,33516.25,27,19,1241.34,Sunday,True,False
m-002,2026-06-22,16524.08,20,12,826.2,Monday,False,False
m-002,2026-06-23,26219.68,21,14,1248.56,Tuesday,False,False
m-002,2026-06-24,23155.57,25,15,926.22,Wednesday,False,False
m-002,2026-06-25,27889.0,20,11,1394.45,Thursday,False,False
m-002,2026-06-26,18425.46,18,8,1023.64,Friday,False,False
m-002,2026-06-27,32252.81,31,22,1040.41,Saturday,True,False
m-002,2026-06-28,36455.8,34,21,1072.23,Sunday,True,False
m-002,2026-06-29,29933.83,26,19,1151.3,Monday,False,False
m-002,2026-06-30,33922.72,26,19,1304.72,Tuesday,False,False
m-002,2026-07-01,17956.03,17,15,1056.24,Wednesday,False,False
m-002,2026-07-02,23260.71,28,18,830.74,Thursday,False,False
m-002,2026-07-03,18755.18,27,22,694.64,Friday,False,False
m-002,2026-07-04,32596.37,27,17,1207.27,Saturday,True,False
m-002,2026-07-05,42907.98,31,20,1384.13,Sunday,True,False
m-002,2026-07-06,22579.07,22,13,1026.32,Monday,False,False
m-002,2026-07-07,40663.16,26,17,1563.97,Tuesday,False,False
m-002,2026-07-08,23834.09,26,19,916.7,Wednesday,False,False
m-002,2026-07-09,24917.21,23,17,1083.36,Thursday,False,False
m-002,2026-07-10,30925.62,23,15,1344.59,Friday,False,False
m-002,2026-07-11,42467.66,37,22,1147.77,Saturday,True,False
m-002,2026-07-12,34373.26,32,23,1074.16,Sunday,True,False
m-002,2026-07-13,45577.27,30,18,1519.24,Monday,False,False
m-002,2026-07-14,26708.42,29,18,920.98,Tuesday,False,False
m-002,2026-07-15,17059.73,14,9,1218.55,Wednesday,False,False
m-002,2026-07-16,30107.57,27,19,1115.1,Thursday,False,False
m-002,2026-07-17,25642.34,23,16,1114.88,Friday,False,False
m-002,2026-07-18,25896.0,22,17,1177.09,Saturday,True,False
m-002,2026-07-19,32572.1,26,14,1252.77,Sunday,True,False
m-002,2026-07-20,26214.88,22,17,1191.59,Monday,False,False
m-002,2026-07-21,29429.16,23,19,1279.53,Tuesday,False,False
m-002,2026-07-22,28985.08,26,16,1114.81,Wednesday,False,False
m-002,2026-07-23,22384.19,17,7,1316.72,Thursday,False,False
m-002,2026-07-24,21546.81,16,12,1346.68,Friday,False,False
m-002,2026-07-25,24096.7,17,9,1417.45,Saturday,True,False
m-002,2026-07-26,31443.74,31,24,1014.31,Sunday,True,False
m-002,2026-07-27,19810.64,20,14,990.53,Monday,False,False
m-002,2026-07-28,17810.85,13,8,1370.07,Tuesday,False,False
m-002,2026-07-29,22211.18,20,11,1110.56,Wednesday,False,False
m-002,2026-07-30,32354.46,26,19,1244.4,Thursday,False,False
m-002,2026-07-31,17749.08,16,12,1109.32,Friday,False,False
m-002,2026-08-01,35245.06,28,17,1258.75,Saturday,True,False
m-002,2026-08-02,25730.9,20,14,1286.54,Sunday,True,False
m-002,2026-08-03,40166.0,27,18,1487.63,Monday,False,False
m-002,2026-08-04,25770.16,22,16,1171.37,Tuesday,False,False
m-002,2026-08-05,30761.41,25,20,1230.46,Wednesday,False,False
m-002,2026-08-06,24678.27,18,16,1371.02,Thursday,False,False
m-002,2026-08-07,17382.57,16,11,1086.41,Friday,False,False
m-002,2026-08-08,28496.86,25,16,1139.87,Saturday,True,False
m-002,2026-08-09,39397.84,39,26,1010.2,Sunday,True,False
m-002,2026-08-10,25999.17,19,15,1368.38,Monday,False,False
m-002,2026-08-11,21067.06,24,13,877.79,Tuesday,False,False
m-002,2026-08-12,30273.21,22,17,1376.06,Wednesday,False,False
m-002,2026-08-13,33739.32,29,21,1163.42,Thursday,False,False
m-002,2026-08-14,23536.4,21,15,1120.78,Friday,False,False
m-002,2026-08-15,59016.78,45,32,1311.48,Saturday,True,True
m-002,2026-08-16,38281.2,34,31,1125.92,Sunday,True,False
m-002,2026-08-17,26829.41,20,16,1341.47,Monday,False,False
m-002,2026-08-18,30095.9,22,14,1368.0,Tuesday,False,False
m-002,2026-08-19,32377.51,25,16,1295.1,Wednesday,False,False
m-002,2026-08-20,26158.45,22,15,1189.02,Thursday,False,False
m-002,2026-08-21,23064.68,24,19,961.03,Friday,False,False
m-002,2026-08-22,29099.0,31,22,938.68,Saturday,True,False
m-002,2026-08-23,31646.92,27,20,1172.11,Sunday,True,False
m-002,2026-08-24,34393.96,22,13,1563.36,Monday,False,False
m-002,2026-08-25,33490.6,29,20,1154.85,Tuesday,False,False
m-002,2026-08-26,20373.82,21,18,970.18,Wednesday,False,False
m-002,2026-08-27,19208.27,18,10,1067.13,Thursday,False,False
m-002,2026-08-28,46957.66,41,30,1145.31,Friday,False,True
m-002,2026-08-29,42362.46,29,23,1460.77,Saturday,True,False
m-002,2026-08-30,35744.0,28,21,1276.57,Sunday,True,False
m-002,2026-08-31,28101.35,21,16,1338.16,Monday,False,False
m-002,2026-09-01,19418.14,20,13,970.91,Tuesday,False,False
m-002,2026-09-02,23678.13,24,14,986.59,Wednesday,False,False
m-002,2026-09-03,25579.74,24,17,1065.82,Thursday,False,False
m-002,2026-09-04,21136.47,23,18,918.98,Friday,False,False
m-002,2026-09-05,34035.39,28,23,1215.55,Saturday,True,False
m-002,2026-09-06,27185.45,24,17,1132.73,Sunday,True,False
m-002,2026-09-07,15926.22,16,13,995.39,Monday,False,False
m-002,2026-09-08,36071.67,25,19,1442.87,Tuesday,False,False
m-002,2026-09-09,27623.08,25,16,1104.92,Wednesday,False,False
m-002,2026-09-10,12629.88,14,11,902.13,Thursday,False,False
m-002,2026-09-11,22950.19,22,15,1043.19,Friday,False,False
m-002,2026-09-12,20769.29,18,14,1153.85,Saturday,True,False
m-002,2026-09-13,36671.52,30,18,1222.38,Sunday,True,False
m-002,2026-09-14,12863.76,15,10,857.58,Monday,False,False
m-002,2026-09-15,28261.64,19,13,1487.45,Tuesday,False,False
m-002,2026-09-16,21956.23,18,10,1219.79,Wednesday,False,False
m-002,2026-09-17,29369.7,23,15,1276.94,Thursday,False,False
m-003,2025-09-18,8602.08,24,15,358.42,Thursday,False,False
m-003,2025-09-19,6046.68,28,18,215.95,Friday,False,False
m-003,2025-09-20,7352.23,34,24,216.24,Saturday,True,False
m-003,2025-09-21,15142.85,37,26,409.27,Sunday,True,False
m-003,2025-09-22,12619.06,31,20,407.07,Monday,False,False
m-003,2025-09-23,11086.11,36,24,307.95,Tuesday,False,False
m-003,2025-09-24,8581.42,30,23,286.05,Wednesday,False,False
m-003,2025-09-25,8475.88,26,20,326.0,Thursday,False,False
m-003,2025-09-26,5725.29,23,20,248.93,Friday,False,False
m-003,2025-09-27,11850.52,33,21,359.11,Saturday,True,False
m-003,2025-09-28,6509.62,31,21,209.99,Sunday,True,False
m-003,2025-09-29,11026.28,30,24,367.54,Monday,False,False
m-003,2025-09-30,4623.25,27,20,171.23,Tuesday,False,False
m-003,2025-10-01,14939.49,42,31,355.7,Wednesday,False,False
m-003,2025-10-02,7668.52,22,15,348.57,Thursday,False,False
m-003,2025-10-03,11505.81,30,22,383.53,Friday,False,False
m-003,2025-10-04,30194.09,34,25,888.06,Saturday,True,False
m-003,2025-10-05,8507.41,25,14,340.3,Sunday,True,False
m-003,2025-10-06,11284.4,31,21,364.01,Monday,False,False
m-003,2025-10-07,4407.17,24,19,183.63,Tuesday,False,False
m-003,2025-10-08,8224.35,30,21,274.15,Wednesday,False,False
m-003,2025-10-09,8123.52,25,19,324.94,Thursday,False,False
m-003,2025-10-10,7294.26,32,21,227.95,Friday,False,False
m-003,2025-10-11,11089.14,30,21,369.64,Saturday,True,False
m-003,2025-10-12,10282.67,41,28,250.8,Sunday,True,False
m-003,2025-10-13,8300.06,25,17,332.0,Monday,False,False
m-003,2025-10-14,7294.03,28,14,260.5,Tuesday,False,False
m-003,2025-10-15,12809.17,45,34,284.65,Wednesday,False,False
m-003,2025-10-16,10950.92,27,18,405.59,Thursday,False,False
m-003,2025-10-17,9937.15,29,19,342.66,Friday,False,False
m-003,2025-10-18,14191.1,48,32,295.65,Saturday,True,False
m-003,2025-10-19,11666.83,37,24,315.32,Sunday,True,False
m-003,2025-10-20,19192.08,49,35,391.68,Monday,False,True
m-003,2025-10-21,20574.43,58,44,354.73,Tuesday,False,True
m-003,2025-10-22,17233.78,48,38,359.04,Wednesday,False,True
m-003,2025-10-23,7864.7,26,18,302.49,Thursday,False,False
m-003,2025-10-24,9076.54,33,25,275.05,Friday,False,False
m-003,2025-10-25,6848.4,34,28,201.42,Saturday,True,False
m-003,2025-10-26,12765.56,40,28,319.14,Sunday,True,False
m-003,2025-10-27,5612.58,24,15,233.86,Monday,False,False
m-003,2025-10-28,7331.5,24,14,305.48,Tuesday,False,False
m-003,2025-10-29,5841.94,14,7,417.28,Wednesday,False,False
m-003,2025-10-30,7584.53,22,12,344.75,Thursday,False,False
m-003,2025-10-31,9128.39,32,23,285.26,Friday,False,False
m-003,2025-11-01,13896.36,34,27,408.72,Saturday,True,False
m-003,2025-11-02,12542.05,46,24,272.65,Sunday,True,False
m-003,2025-11-03,7494.17,20,13,374.71,Monday,False,False
m-003,2025-11-04,9043.13,28,22,322.97,Tuesday,False,False
m-003,2025-11-05,5922.45,23,16,257.5,Wednesday,False,False
m-003,2025-11-06,7546.46,19,14,397.18,Thursday,False,False
m-003,2025-11-07,8613.11,40,27,215.33,Friday,False,False
m-003,2025-11-08,12622.51,40,26,315.56,Saturday,True,False
m-003,2025-11-09,11552.39,35,22,330.07,Sunday,True,False
m-003,2025-11-10,5975.89,17,12,351.52,Monday,False,False
m-003,2025-11-11,10569.31,32,21,330.29,Tuesday,False,False
m-003,2025-11-12,4249.03,18,15,236.06,Wednesday,False,False
m-003,2025-11-13,9282.26,28,21,331.51,Thursday,False,False
m-003,2025-11-14,8152.66,27,19,301.95,Friday,False,False
m-003,2025-11-15,6648.0,31,24,214.45,Saturday,True,False
m-003,2025-11-16,13786.63,47,33,293.33,Sunday,True,False
m-003,2025-11-17,10618.22,25,17,424.73,Monday,False,False
m-003,2025-11-18,6528.42,27,20,241.79,Tuesday,False,False
m-003,2025-11-19,14369.61,31,22,463.54,Wednesday,False,False
m-003,2025-11-20,9292.28,27,13,344.16,Thursday,False,False
m-003,2025-11-21,11668.49,29,18,402.36,Friday,False,False
m-003,2025-11-22,9871.56,26,21,379.68,Saturday,True,False
m-003,2025-11-23,11080.33,34,23,325.89,Sunday,True,False
m-003,2025-11-24,10521.14,32,23,328.79,Monday,False,False
m-003,2025-11-25,6589.32,26,19,253.44,Tuesday,False,False
m-003,2025-11-26,10364.01,35,26,296.11,Wednesday,False,False
m-003,2025-11-27,11603.86,30,24,386.8,Thursday,False,False
m-003,2025-11-28,7893.08,29,24,272.18,Friday,False,False
m-003,2025-11-29,11734.49,31,20,378.53,Saturday,True,False
m-003,2025-11-30,14635.21,44,32,332.62,Sunday,True,False
m-003,2025-12-01,4540.35,20,11,227.02,Monday,False,False
m-003,2025-12-02,7609.02,31,23,245.45,Tuesday,False,False
m-003,2025-12-03,11069.75,31,19,357.09,Wednesday,False,False
m-003,2025-12-04,14751.06,33,25,447.0,Thursday,False,False
m-003,2025-12-05,9345.07,35,21,267.0,Friday,False,False
m-003,2025-12-06,12815.33,36,25,355.98,Saturday,True,False
m-003,2025-12-07,8398.86,34,22,247.03,Sunday,True,False
m-003,2025-12-08,9055.32,23,18,393.71,Monday,False,False
m-003,2025-12-09,8308.7,24,16,346.2,Tuesday,False,False
m-003,2025-12-10,4665.07,19,15,245.53,Wednesday,False,False
m-003,2025-12-11,8749.34,30,20,291.64,Thursday,False,False
m-003,2025-12-12,7370.91,18,12,409.5,Friday,False,False
m-003,2025-12-13,14150.43,40,28,353.76,Saturday,True,False
m-003,2025-12-14,11081.29,40,31,277.03,Sunday,True,False
m-003,2025-12-15,6286.9,20,14,314.34,Monday,False,False
m-003,2025-12-16,13674.8,36,27,379.86,Tuesday,False,False
m-003,2025-12-17,10233.58,30,21,341.12,Wednesday,False,False
m-003,2025-12-18,6848.34,20,15,342.42,Thursday,False,False
m-003,2025-12-19,13582.54,34,21,399.49,Friday,False,False
m-003,2025-12-20,9370.92,28,19,334.68,Saturday,True,False
m-003,2025-12-21,9980.56,39,20,255.91,Sunday,True,False
m-003,2025-12-22,13768.29,31,22,444.14,Monday,False,False
m-003,2025-12-23,7310.98,24,16,304.62,Tuesday,False,False
m-003,2025-12-24,10886.8,38,23,286.49,Wednesday,False,False
m-003,2025-12-25,13138.27,41,26,320.45,Thursday,False,True
m-003,2025-12-26,9552.75,24,14,398.03,Friday,False,False
m-003,2025-12-27,8427.13,26,18,324.12,Saturday,True,False
m-003,2025-12-28,13682.29,32,18,427.57,Sunday,True,False
m-003,2025-12-29,6032.19,21,17,287.25,Monday,False,False
m-003,2025-12-30,10305.23,32,20,322.04,Tuesday,False,False
m-003,2025-12-31,14782.15,49,33,301.68,Wednesday,False,True
m-003,2026-01-01,11110.48,37,32,300.28,Thursday,False,True
m-003,2026-01-02,11648.05,30,19,388.27,Friday,False,False
m-003,2026-01-03,12912.84,41,28,314.95,Saturday,True,False
m-003,2026-01-04,7721.01,30,21,257.37,Sunday,True,False
m-003,2026-01-05,13306.08,33,22,403.21,Monday,False,False
m-003,2026-01-06,8416.98,28,21,300.61,Tuesday,False,False
m-003,2026-01-07,6361.71,25,19,254.47,Wednesday,False,False
m-003,2026-01-08,7849.54,20,14,392.48,Thursday,False,False
m-003,2026-01-09,7354.78,25,20,294.19,Friday,False,False
m-003,2026-01-10,14646.74,37,22,395.86,Saturday,True,False
m-003,2026-01-11,12710.74,37,24,343.53,Sunday,True,False
m-003,2026-01-12,11008.32,35,20,314.52,Monday,False,False
m-003,2026-01-13,10875.16,26,20,418.28,Tuesday,False,False
m-003,2026-01-14,19492.32,52,38,374.85,Wednesday,False,True
m-003,2026-01-15,7860.51,28,18,280.73,Thursday,False,False
m-003,2026-01-16,6594.21,23,15,286.7,Friday,False,False
m-003,2026-01-17,16313.99,35,26,466.11,Saturday,True,False
m-003,2026-01-18,12300.56,36,22,341.68,Sunday,True,False
m-003,2026-01-19,10096.46,26,17,388.33,Monday,False,False
m-003,2026-01-20,8744.66,25,15,349.79,Tuesday,False,False
m-003,2026-01-21,11150.43,35,24,318.58,Wednesday,False,False
m-003,2026-01-22,7799.89,21,15,371.42,Thursday,False,False
m-003,2026-01-23,7471.07,32,20,233.47,Friday,False,False
m-003,2026-01-24,12175.5,39,27,312.19,Saturday,True,False
m-003,2026-01-25,13217.14,36,30,367.14,Sunday,True,False
m-003,2026-01-26,12249.24,29,24,422.39,Monday,False,False
m-003,2026-01-27,7310.94,18,11,406.16,Tuesday,False,False
m-003,2026-01-28,10091.14,30,20,336.37,Wednesday,False,False
m-003,2026-01-29,11044.12,33,20,334.67,Thursday,False,False
m-003,2026-01-30,11320.96,28,21,404.32,Friday,False,False
m-003,2026-01-31,13242.59,42,27,315.3,Saturday,True,False
m-003,2026-02-01,12931.85,35,22,369.48,Sunday,True,False
m-003,2026-02-02,7241.41,19,13,381.13,Monday,False,False
m-003,2026-02-03,10297.83,30,23,343.26,Tuesday,False,False
m-003,2026-02-04,7001.63,27,20,259.32,Wednesday,False,False
m-003,2026-02-05,15345.09,37,23,414.73,Thursday,False,False
m-003,2026-02-06,3549.61,18,12,197.2,Friday,False,False
m-003,2026-02-07,11952.17,39,28,306.47,Saturday,True,False
m-003,2026-02-08,13587.4,40,32,339.69,Sunday,True,False
m-003,2026-02-09,7929.2,24,17,330.38,Monday,False,False
m-003,2026-02-10,6434.65,23,17,279.77,Tuesday,False,False
m-003,2026-02-11,42690.3,32,24,1334.07,Wednesday,False,False
m-003,2026-02-12,3583.28,21,13,170.63,Thursday,False,False
m-003,2026-02-13,3038.47,17,11,178.73,Friday,False,False
m-003,2026-02-14,9622.23,43,35,223.77,Saturday,True,False
m-003,2026-02-15,12428.05,42,29,295.91,Sunday,True,False
m-003,2026-02-16,4931.93,20,12,246.6,Monday,False,False
m-003,2026-02-17,12002.3,36,25,333.4,Tuesday,False,False
m-003,2026-02-18,9890.62,31,25,319.05,Wednesday,False,False
m-003,2026-02-19,13501.0,28,20,482.18,Thursday,False,False
m-003,2026-02-20,6826.14,21,13,325.05,Friday,False,False
m-003,2026-02-21,17712.93,48,37,369.02,Saturday,True,False
m-003,2026-02-22,14294.44,39,28,366.52,Sunday,True,False
m-003,2026-02-23,5268.86,19,17,277.31,Monday,False,False
m-003,2026-02-24,5060.11,26,20,194.62,Tuesday,False,False
m-003,2026-02-25,9933.71,27,15,367.92,Wednesday,False,False
m-003,2026-02-26,6349.68,24,16,264.57,Thursday,False,False
m-003,2026-02-27,10521.95,30,19,350.73,Friday,False,False
m-003,2026-02-28,14261.46,34,23,419.45,Saturday,True,False
m-003,2026-03-01,10833.13,30,21,361.1,Sunday,True,False
m-003,2026-03-02,9238.49,26,17,355.33,Monday,False,False
m-003,2026-03-03,9072.32,23,21,394.45,Tuesday,False,False
m-003,2026-03-04,22118.36,59,42,374.89,Wednesday,False,True
m-003,2026-03-05,4876.14,19,13,256.64,Thursday,False,False
m-003,2026-03-06,8232.41,28,21,294.01,Friday,False,False
m-003,2026-03-07,15660.52,42,36,372.87,Saturday,True,False
m-003,2026-03-08,17031.25,47,34,362.37,Sunday,True,False
m-003,2026-03-09,6584.97,23,17,286.3,Monday,False,False
m-003,2026-03-10,6492.66,26,17,249.72,Tuesday,False,False
m-003,2026-03-11,9483.41,30,18,316.11,Wednesday,False,False
m-003,2026-03-12,8468.84,36,27,235.25,Thursday,False,False
m-003,2026-03-13,12358.92,30,21,411.96,Friday,False,False
m-003,2026-03-14,19012.37,40,27,475.31,Saturday,True,False
m-003,2026-03-15,8261.67,30,21,275.39,Sunday,True,False
m-003,2026-03-16,11540.07,32,22,360.63,Monday,False,False
m-003,2026-03-17,9708.65,31,23,313.18,Tuesday,False,False
m-003,2026-03-18,10265.6,27,20,380.21,Wednesday,False,False
m-003,2026-03-19,6853.66,27,18,253.84,Thursday,False,False
m-003,2026-03-20,17934.67,56,41,320.26,Friday,False,True
m-003,2026-03-21,9308.24,28,20,332.44,Saturday,True,False
m-003,2026-03-22,14948.53,36,23,415.24,Sunday,True,False
m-003,2026-03-23,17002.25,22,20,772.83,Monday,False,False
m-003,2026-03-24,9262.08,32,19,289.44,Tuesday,False,False
m-003,2026-03-25,6663.56,24,17,277.65,Wednesday,False,False
m-003,2026-03-26,7961.38,33,21,241.25,Thursday,False,False
m-003,2026-03-27,8581.62,27,19,317.84,Friday,False,False
m-003,2026-03-28,11088.81,42,31,264.02,Saturday,True,False
m-003,2026-03-29,6656.68,29,21,229.54,Sunday,True,False
m-003,2026-03-30,10869.16,29,22,374.8,Monday,False,False
m-003,2026-03-31,11481.14,32,23,358.79,Tuesday,False,False
m-003,2026-04-01,11906.73,29,15,410.58,Wednesday,False,False
m-003,2026-04-02,10852.67,27,16,401.95,Thursday,False,False
m-003,2026-04-03,10415.42,20,16,520.77,Friday,False,False
m-003,2026-04-04,16876.7,48,32,351.6,Saturday,True,False
m-003,2026-04-05,13825.71,31,22,445.99,Sunday,True,False
m-003,2026-04-06,3281.94,13,11,252.46,Monday,False,False
m-003,2026-04-07,10108.26,28,20,361.01,Tuesday,False,False
m-003,2026-04-08,8566.46,29,22,295.4,Wednesday,False,False
m-003,2026-04-09,4670.16,25,18,186.81,Thursday,False,False
m-003,2026-04-10,11111.76,29,18,383.16,Friday,False,False
m-003,2026-04-11,12050.1,44,34,273.87,Saturday,True,False
m-003,2026-04-12,13754.35,37,30,371.74,Sunday,True,False
m-003,2026-04-13,6386.81,19,9,336.15,Monday,False,False
m-003,2026-04-14,8368.1,23,13,363.83,Tuesday,False,False
m-003,2026-04-15,8874.25,22,18,403.38,Wednesday,False,False
m-003,2026-04-16,13317.41,32,28,416.17,Thursday,False,False
m-003,2026-04-17,7406.31,25,18,296.25,Friday,False,False
m-003,2026-04-18,7530.84,34,18,221.5,Saturday,True,False
m-003,2026-04-19,8543.29,31,25,275.59,Sunday,True,False
m-003,2026-04-20,7177.89,31,23,231.54,Monday,False,False
m-003,2026-04-21,12835.58,30,21,427.85,Tuesday,False,False
m-003,2026-04-22,6007.9,25,17,240.32,Wednesday,False,False
m-003,2026-04-23,9519.21,27,20,352.56,Thursday,False,False
m-003,2026-04-24,5623.02,17,14,330.77,Friday,False,False
m-003,2026-04-25,13875.88,40,21,346.9,Saturday,True,False
m-003,2026-04-26,12092.72,43,27,281.23,Sunday,True,False
m-003,2026-04-27,6500.7,21,14,309.56,Monday,False,False
m-003,2026-04-28,8210.78,27,20,304.1,Tuesday,False,False
m-003,2026-04-29,6991.79,24,19,291.32,Wednesday,False,False
m-003,2026-04-30,7205.88,27,17,266.88,Thursday,False,False
m-003,2026-05-01,6231.86,25,17,249.27,Friday,False,False
m-003,2026-05-02,13333.35,39,27,341.88,Saturday,True,False
m-003,2026-05-03,15168.59,35,22,433.39,Sunday,True,False
m-003,2026-05-04,7160.09,26,19,275.39,Monday,False,False
m-003,2026-05-05,13525.81,35,22,386.45,Tuesday,False,False
m-003,2026-05-06,6995.17,27,21,259.08,Wednesday,False,False
m-003,2026-05-07,9295.9,25,21,371.84,Thursday,False,False
m-003,2026-05-08,5194.99,22,15,236.14,Friday,False,False
m-003,2026-05-09,11312.47,45,31,251.39,Saturday,True,False
m-003,2026-05-10,11914.08,30,24,397.14,Sunday,True,False
m-003,2026-05-11,8806.53,27,17,326.17,Monday,False,False
m-003,2026-05-12,10961.43,31,26,353.59,Tuesday,False,False
m-003,2026-05-13,7701.65,23,15,334.85,Wednesday,False,False
m-003,2026-05-14,10176.27,16,8,636.02,Thursday,False,False
m-003,2026-05-15,13845.02,31,25,446.61,Friday,False,False
m-003,2026-05-16,5232.41,22,16,237.84,Saturday,True,False
m-003,2026-05-17,8780.93,29,20,302.79,Sunday,True,False
m-003,2026-05-18,10269.0,32,18,320.91,Monday,False,False
m-003,2026-05-19,7386.88,27,21,273.59,Tuesday,False,False
m-003,2026-05-20,7570.2,28,21,270.36,Wednesday,False,False
m-003,2026-05-21,8653.44,31,27,279.14,Thursday,False,False
m-003,2026-05-22,10699.3,27,14,396.27,Friday,False,False
m-003,2026-05-23,12054.62,44,37,273.97,Saturday,True,False
m-003,2026-05-24,15577.68,33,26,472.05,Sunday,True,False
m-003,2026-05-25,8937.54,26,21,343.75,Monday,False,False
m-003,2026-05-26,8059.17,26,16,309.97,Tuesday,False,False
m-003,2026-05-27,5656.97,17,13,332.76,Wednesday,False,False
m-003,2026-05-28,4992.11,21,16,237.72,Thursday,False,False
m-003,2026-05-29,6871.1,24,16,286.3,Friday,False,False
m-003,2026-05-30,8083.57,23,18,351.46,Saturday,True,False
m-003,2026-05-31,9335.14,30,21,311.17,Sunday,True,False
m-003,2026-06-01,10091.48,26,18,388.13,Monday,False,False
m-003,2026-06-02,6503.49,29,17,224.26,Tuesday,False,False
m-003,2026-06-03,18026.49,32,22,563.33,Wednesday,False,False
m-003,2026-06-04,10026.4,34,21,294.89,Thursday,False,False
m-003,2026-06-05,8723.06,27,18,323.08,Friday,False,False
m-003,2026-06-06,9773.99,35,25,279.26,Saturday,True,False
m-003,2026-06-07,13808.18,42,30,328.77,Sunday,True,False
m-003,2026-06-08,8950.7,30,24,298.36,Monday,False,False
m-003,2026-06-09,10980.99,28,19,392.18,Tuesday,False,False
m-003,2026-06-10,10529.42,26,16,404.98,Wednesday,False,False
m-003,2026-06-11,13803.51,29,17,475.98,Thursday,False,False
m-003,2026-06-12,7005.26,23,16,304.58,Friday,False,False
m-003,2026-06-13,9680.45,49,36,197.56,Saturday,True,False
m-003,2026-06-14,9722.94,33,26,294.63,Sunday,True,False
m-003,2026-06-15,7674.66,22,12,348.85,Monday,False,False
m-003,2026-06-16,8018.85,23,17,348.65,Tuesday,False,False
m-003,2026-06-17,11168.37,30,18,372.28,Wednesday,False,False
m-003,2026-06-18,10485.18,18,9,582.51,Thursday,False,False
m-003,2026-06-19,9592.76,25,17,383.71,Friday,False,False
m-003,2026-06-20,17130.07,35,19,489.43,Saturday,True,False
m-003,2026-06-21,8961.98,26,15,344.69,Sunday,True,False
m-003,2026-06-22,12895.95,34,24,379.29,Monday,False,False
m-003,2026-06-23,12545.17,26,19,482.51,Tuesday,False,False
m-003,2026-06-24,16671.46,30,20,555.72,Wednesday,False,False
m-003,2026-06-25,13730.22,29,15,473.46,Thursday,False,False
m-003,2026-06-26,14100.8,30,27,470.03,Friday,False,False
m-003,2026-06-27,14799.48,30,22,493.32,Saturday,True,False
m-003,2026-06-28,12672.75,28,22,452.6,Sunday,True,False
m-003,2026-06-29,10072.32,24,16,419.68,Monday,False,False
m-003,2026-06-30,10759.95,31,19,347.1,Tuesday,False,False
m-003,2026-07-01,15218.16,40,26,380.45,Wednesday,False,False
m-003,2026-07-02,12874.7,30,23,429.16,Thursday,False,False
m-003,2026-07-03,9081.6,26,18,349.29,Friday,False,False
m-003,2026-07-04,13902.65,35,25,397.22,Saturday,True,False
m-003,2026-07-05,14348.9,36,28,398.58,Sunday,True,False
m-003,2026-07-06,9503.4,23,16,413.19,Monday,False,False
m-003,2026-07-07,10569.88,27,18,391.48,Tuesday,False,False
m-003,2026-07-08,12515.79,33,20,379.27,Wednesday,False,False
m-003,2026-07-09,12473.83,20,15,623.69,Thursday,False,False
m-003,2026-07-10,7862.34,22,13,357.38,Friday,False,False
m-003,2026-07-11,15808.51,33,22,479.05,Saturday,True,False
m-003,2026-07-12,13642.48,39,29,349.81,Sunday,True,False
m-003,2026-07-13,9190.95,24,14,382.96,Monday,False,False
m-003,2026-07-14,11635.68,22,14,528.89,Tuesday,False,False
m-003,2026-07-15,8029.32,30,22,267.64,Wednesday,False,False
m-003,2026-07-16,15158.12,26,17,583.0,Thursday,False,False
m-003,2026-07-17,8910.25,23,16,387.4,Friday,False,False
m-003,2026-07-18,21532.84,44,28,489.38,Saturday,True,False
m-003,2026-07-19,18105.19,45,31,402.34,Sunday,True,False
m-003,2026-07-20,9845.28,26,16,378.66,Monday,False,False
m-003,2026-07-21,13471.42,35,24,384.9,Tuesday,False,False
m-003,2026-07-22,9316.51,26,21,358.33,Wednesday,False,False
m-003,2026-07-23,10984.26,33,21,332.86,Thursday,False,False
m-003,2026-07-24,26434.81,32,23,826.09,Friday,False,False
m-003,2026-07-25,12542.62,33,25,380.08,Saturday,True,False
m-003,2026-07-26,12821.13,41,27,312.71,Sunday,True,False
m-003,2026-07-27,6652.78,18,15,369.6,Monday,False,False
m-003,2026-07-28,10293.95,26,11,395.92,Tuesday,False,False
m-003,2026-07-29,16530.88,39,26,423.87,Wednesday,False,False
m-003,2026-07-30,8924.42,25,15,356.98,Thursday,False,False
m-003,2026-07-31,12929.12,25,19,517.16,Friday,False,False
m-003,2026-08-01,17925.62,38,27,471.73,Saturday,True,False
m-003,2026-08-02,25222.11,45,32,560.49,Sunday,True,False
m-003,2026-08-03,11443.95,30,18,381.46,Monday,False,False
m-003,2026-08-04,9277.21,27,18,343.6,Tuesday,False,False
m-003,2026-08-05,9344.55,23,16,406.28,Wednesday,False,False
m-003,2026-08-06,9608.79,26,18,369.57,Thursday,False,False
m-003,2026-08-07,10235.41,26,21,393.67,Friday,False,False
m-003,2026-08-08,8864.38,27,16,328.31,Saturday,True,False
m-003,2026-08-09,17422.75,37,26,470.89,Sunday,True,False
m-003,2026-08-10,17298.89,37,27,467.54,Monday,False,False
m-003,2026-08-11,11136.39,28,20,397.73,Tuesday,False,False
m-003,2026-08-12,10921.08,24,14,455.04,Wednesday,False,False
m-003,2026-08-13,13132.68,30,21,437.76,Thursday,False,False
m-003,2026-08-14,16266.33,36,27,451.84,Friday,False,False
m-003,2026-08-15,24631.7,59,41,417.49,Saturday,True,True
m-003,2026-08-16,12898.68,36,28,358.3,Sunday,True,False
m-003,2026-08-17,17733.79,34,24,521.58,Monday,False,False
m-003,2026-08-18,8513.17,22,15,386.96,Tuesday,False,False
m-003,2026-08-19,12429.95,21,15,591.9,Wednesday,False,False
m-003,2026-08-20,11315.82,30,23,377.19,Thursday,False,False
m-003,2026-08-21,11095.37,26,18,426.74,Friday,False,False
m-003,2026-08-22,15998.57,41,27,390.21,Saturday,True,False
m-003,2026-08-23,14769.81,42,26,351.66,Sunday,True,False
m-003,2026-08-24,13039.73,29,18,449.65,Monday,False,False
m-003,2026-08-25,9195.95,22,14,418.0,Tuesday,False,False
m-003,2026-08-26,10048.65,22,16,456.76,Wednesday,False,False
m-003,2026-08-27,11327.78,33,19,343.27,Thursday,False,False
m-003,2026-08-28,20726.28,52,32,398.58,Friday,False,True
m-003,2026-08-29,16721.64,37,26,451.94,Saturday,True,False
m-003,2026-08-30,9216.48,33,27,279.29,Sunday,True,False
m-003,2026-08-31,10344.22,29,26,356.7,Monday,False,False
m-003,2026-09-01,12117.03,34,25,356.38,Tuesday,False,False
m-003,2026-09-02,26534.07,21,17,1263.53,Wednesday,False,False
m-003,2026-09-03,7738.39,21,16,368.49,Thursday,False,False
m-003,2026-09-04,14799.25,27,16,548.12,Friday,False,False
m-003,2026-09-05,22896.02,44,34,520.36,Saturday,True,False
m-003,2026-09-06,15665.2,35,26,447.58,Sunday,True,False
m-003,2026-09-07,12326.44,32,22,385.2,Monday,False,False
m-003,2026-09-08,10084.34,27,18,373.49,Tuesday,False,False
m-003,2026-09-09,9148.63,18,15,508.26,Wednesday,False,False
m-003,2026-09-10,9552.47,26,18,367.4,Thursday,False,False
m-003,2026-09-11,5771.91,18,10,320.66,Friday,False,False
m-003,2026-09-12,16989.75,44,28,386.13,Saturday,True,False
m-003,2026-09-13,13263.52,28,21,473.7,Sunday,True,False
m-003,2026-09-14,13856.2,34,23,407.54,Monday,False,False
m-003,2026-09-15,6882.99,25,17,275.32,Tuesday,False,False
m-003,2026-09-16,13751.41,32,23,429.73,Wednesday,False,False
m-003,2026-09-17,14617.76,23,16,635.55,Thursday,False,False
m-004,2025-09-18,18642.26,16,9,1165.14,Thursday,False,False
m-004,2025-09-19,36056.68,26,17,1386.8,Friday,False,False
m-004,2025-09-20,33386.3,30,23,1112.88,Saturday,True,False
m-004,2025-09-21,36672.13,31,20,1182.97,Sunday,True,False
m-004,2025-09-22,32028.24,24,19,1334.51,Monday,False,False
m-004,2025-09-23,31581.94,24,18,1315.91,Tuesday,False,False
m-004,2025-09-24,21698.95,17,13,1276.41,Wednesday,False,False
m-004,2025-09-25,25729.97,19,9,1354.21,Thursday,False,False
m-004,2025-09-26,27740.89,21,15,1320.99,Friday,False,False
m-004,2025-09-27,31049.86,20,16,1552.49,Saturday,True,False
m-004,2025-09-28,33004.43,25,17,1320.18,Sunday,True,False
m-004,2025-09-29,27319.08,20,11,1365.95,Monday,False,False
m-004,2025-09-30,22924.34,16,11,1432.77,Tuesday,False,False
m-004,2025-10-01,26050.66,20,9,1302.53,Wednesday,False,False
m-004,2025-10-02,31671.6,24,19,1319.65,Thursday,False,False
m-004,2025-10-03,37663.81,31,22,1214.96,Friday,False,False
m-004,2025-10-04,31561.38,22,15,1434.61,Saturday,True,False
m-004,2025-10-05,24308.16,22,17,1104.92,Sunday,True,False
m-004,2025-10-06,18431.55,15,12,1228.77,Monday,False,False
m-004,2025-10-07,21731.28,18,10,1207.29,Tuesday,False,False
m-004,2025-10-08,17049.14,14,11,1217.8,Wednesday,False,False
m-004,2025-10-09,32791.98,26,19,1261.23,Thursday,False,False
m-004,2025-10-10,28844.12,30,22,961.47,Friday,False,False
m-004,2025-10-11,34568.9,28,17,1234.6,Saturday,True,False
m-004,2025-10-12,39061.0,32,25,1220.66,Sunday,True,False
m-004,2025-10-13,22075.66,16,12,1379.73,Monday,False,False
m-004,2025-10-14,24846.84,18,13,1380.38,Tuesday,False,False
m-004,2025-10-15,22564.94,16,13,1410.31,Wednesday,False,False
m-004,2025-10-16,19062.82,14,9,1361.63,Thursday,False,False
m-004,2025-10-17,23510.71,19,13,1237.41,Friday,False,False
m-004,2025-10-18,38574.77,27,17,1428.7,Saturday,True,False
m-004,2025-10-19,45556.53,37,27,1231.26,Sunday,True,False
m-004,2025-10-20,50812.15,39,26,1302.88,Monday,False,True
m-004,2025-10-21,60071.47,47,34,1278.12,Tuesday,False,True
m-004,2025-10-22,47447.26,34,22,1395.51,Wednesday,False,True
m-004,2025-10-23,11510.4,12,10,959.2,Thursday,False,False
m-004,2025-10-24,19406.01,17,8,1141.53,Friday,False,False
m-004,2025-10-25,44373.72,32,19,1386.68,Saturday,True,False
m-004,2025-10-26,33377.65,25,16,1335.11,Sunday,True,False
m-004,2025-10-27,19829.84,14,12,1416.42,Monday,False,False
m-004,2025-10-28,32025.34,24,16,1334.39,Tuesday,False,False
m-004,2025-10-29,34098.49,25,17,1363.94,Wednesday,False,False
m-004,2025-10-30,27191.8,22,18,1235.99,Thursday,False,False
m-004,2025-10-31,22533.71,15,11,1502.25,Friday,False,False
m-004,2025-11-01,48066.72,32,25,1502.08,Saturday,True,False
m-004,2025-11-02,38857.8,36,25,1079.38,Sunday,True,False
m-004,2025-11-03,20174.3,18,12,1120.79,Monday,False,False
m-004,2025-11-04,34985.72,22,17,1590.26,Tuesday,False,False
m-004,2025-11-05,29932.29,23,13,1301.4,Wednesday,False,False
m-004,2025-11-06,31207.97,25,17,1248.32,Thursday,False,False
m-004,2025-11-07,17460.15,17,13,1027.07,Friday,False,False
m-004,2025-11-08,39446.32,34,27,1160.19,Saturday,True,False
m-004,2025-11-09,42972.16,32,28,1342.88,Sunday,True,False
m-004,2025-11-10,26525.74,20,15,1326.29,Monday,False,False
m-004,2025-11-11,23128.65,23,14,1005.59,Tuesday,False,False
m-004,2025-11-12,26175.94,18,15,1454.22,Wednesday,False,False
m-004,2025-11-13,18300.36,14,8,1307.17,Thursday,False,False
m-004,2025-11-14,25714.85,17,11,1512.64,Friday,False,False
m-004,2025-11-15,38460.02,36,23,1068.33,Saturday,True,False
m-004,2025-11-16,34059.56,26,21,1309.98,Sunday,True,False
m-004,2025-11-17,31550.27,21,14,1502.39,Monday,False,False
m-004,2025-11-18,44808.02,26,19,1723.39,Tuesday,False,False
m-004,2025-11-19,34612.03,25,14,1384.48,Wednesday,False,False
m-004,2025-11-20,42173.75,33,21,1277.99,Thursday,False,False
m-004,2025-11-21,28098.93,21,17,1338.04,Friday,False,False
m-004,2025-11-22,41428.34,28,18,1479.58,Saturday,True,False
m-004,2025-11-23,34980.73,23,16,1520.9,Sunday,True,False
m-004,2025-11-24,18647.25,15,11,1243.15,Monday,False,False
m-004,2025-11-25,19692.4,16,10,1230.78,Tuesday,False,False
m-004,2025-11-26,32545.34,22,12,1479.33,Wednesday,False,False
m-004,2025-11-27,34932.08,26,16,1343.54,Thursday,False,False
m-004,2025-11-28,16590.38,12,9,1382.53,Friday,False,False
m-004,2025-11-29,38123.11,27,21,1411.97,Saturday,True,False
m-004,2025-11-30,25075.7,22,9,1139.8,Sunday,True,False
m-004,2025-12-01,23407.88,20,15,1170.39,Monday,False,False
m-004,2025-12-02,23068.61,15,10,1537.91,Tuesday,False,False
m-004,2025-12-03,33688.77,21,16,1604.23,Wednesday,False,False
m-004,2025-12-04,30093.88,24,16,1253.91,Thursday,False,False
m-004,2025-12-05,26910.06,22,16,1223.18,Friday,False,False
m-004,2025-12-06,36903.07,31,18,1190.42,Saturday,True,False
m-004,2025-12-07,35533.79,31,22,1146.25,Sunday,True,False
m-004,2025-12-08,24081.83,21,15,1146.75,Monday,False,False
m-004,2025-12-09,29915.02,26,19,1150.58,Tuesday,False,False
m-004,2025-12-10,34155.3,22,14,1552.51,Wednesday,False,False
m-004,2025-12-11,24366.35,15,11,1624.42,Thursday,False,False
m-004,2025-12-12,20756.87,17,15,1220.99,Friday,False,False
m-004,2025-12-13,48847.61,33,22,1480.23,Saturday,True,False
m-004,2025-12-14,34589.54,26,22,1330.37,Sunday,True,False
m-004,2025-12-15,22853.82,18,11,1269.66,Monday,False,False
m-004,2025-12-16,25418.75,21,13,1210.42,Tuesday,False,False
m-004,2025-12-17,18952.19,13,9,1457.86,Wednesday,False,False
m-004,2025-12-18,21869.72,18,15,1214.98,Thursday,False,False
m-004,2025-12-19,27400.49,19,13,1442.13,Friday,False,False
m-004,2025-12-20,33624.78,24,18,1401.03,Saturday,True,False
m-004,2025-12-21,37184.59,27,19,1377.21,Sunday,True,False
m-004,2025-12-22,21505.07,15,9,1433.67,Monday,False,False
m-004,2025-12-23,26001.01,17,13,1529.47,Tuesday,False,False
m-004,2025-12-24,21155.22,18,11,1175.29,Wednesday,False,False
m-004,2025-12-25,56447.52,38,28,1485.46,Thursday,False,True
m-004,2025-12-26,24389.44,20,16,1219.47,Friday,False,False
m-004,2025-12-27,46521.63,33,26,1409.75,Saturday,True,False
m-004,2025-12-28,25319.71,19,13,1332.62,Sunday,True,False
m-004,2025-12-29,31056.24,24,17,1294.01,Monday,False,False
m-004,2025-12-30,17714.48,14,9,1265.32,Tuesday,False,False
m-004,2025-12-31,59354.69,51,30,1163.82,Wednesday,False,True
m-004,2026-01-01,42753.41,35,26,1221.53,Thursday,False,True
m-004,2026-01-02,23888.37,23,17,1038.62,Friday,False,False
m-004,2026-01-03,35473.38,28,12,1266.91,Saturday,True,False
m-004,2026-01-04,43393.37,31,21,1399.79,Sunday,True,False
m-004,2026-01-05,25361.71,17,7,1491.87,Monday,False,False
m-004,2026-01-06,27395.57,21,16,1304.55,Tuesday,False,False
m-004,2026-01-07,35485.22,26,18,1364.82,Wednesday,False,False
m-004,2026-01-08,21183.05,19,11,1114.9,Thursday,False,False
m-004,2026-01-09,18497.52,14,11,1321.25,Friday,False,False
m-004,2026-01-10,44497.16,32,17,1390.54,Saturday,True,False
m-004,2026-01-11,26928.34,22,13,1224.02,Sunday,True,False
m-004,2026-01-12,23973.68,20,16,1198.68,Monday,False,False
m-004,2026-01-13,22116.0,16,13,1382.25,Tuesday,False,False
m-004,2026-01-14,41620.34,32,22,1300.64,Wednesday,False,True
m-004,2026-01-15,31566.23,23,14,1372.44,Thursday,False,False
m-004,2026-01-16,20563.52,18,11,1142.42,Friday,False,False
m-004,2026-01-17,45753.57,35,30,1307.24,Saturday,True,False
m-004,2026-01-18,39055.43,29,17,1346.74,Sunday,True,False
m-004,2026-01-19,17060.53,15,9,1137.37,Monday,False,False
m-004,2026-01-20,29924.6,24,15,1246.86,Tuesday,False,False
m-004,2026-01-21,29276.67,21,15,1394.13,Wednesday,False,False
m-004,2026-01-22,28077.22,18,13,1559.85,Thursday,False,False
m-004,2026-01-23,22974.75,15,11,1531.65,Friday,False,False
m-004,2026-01-24,39924.92,26,20,1535.57,Saturday,True,False
m-004,2026-01-25,39241.56,30,21,1308.05,Sunday,True,False
m-004,2026-01-26,26067.37,23,16,1133.36,Monday,False,False
m-004,2026-01-27,32994.81,31,25,1064.35,Tuesday,False,False
m-004,2026-01-28,25752.18,18,13,1430.68,Wednesday,False,False
m-004,2026-01-29,11877.33,9,7,1319.7,Thursday,False,False
m-004,2026-01-30,21283.91,17,11,1251.99,Friday,False,False
m-004,2026-01-31,40283.28,30,20,1342.78,Saturday,True,False
m-004,2026-02-01,51957.04,34,21,1528.15,Sunday,True,False
m-004,2026-02-02,25078.85,21,12,1194.23,Monday,False,False
m-004,2026-02-03,47252.95,22,16,2147.86,Tuesday,False,False
m-004,2026-02-04,41793.26,28,20,1492.62,Wednesday,False,False
m-004,2026-02-05,39823.34,28,19,1422.26,Thursday,False,False
m-004,2026-02-06,19874.48,16,10,1242.16,Friday,False,False
m-004,2026-02-07,25598.27,17,11,1505.78,Saturday,True,False
m-004,2026-02-08,37878.56,30,20,1262.62,Sunday,True,False
m-004,2026-02-09,25483.67,21,14,1213.51,Monday,False,False
m-004,2026-02-10,45678.35,31,19,1473.5,Tuesday,False,False
m-004,2026-02-11,23739.25,17,15,1396.43,Wednesday,False,False
m-004,2026-02-12,19272.05,19,16,1014.32,Thursday,False,False
m-004,2026-02-13,34617.83,27,19,1282.14,Friday,False,False
m-004,2026-02-14,32950.72,22,12,1497.76,Saturday,True,False
m-004,2026-02-15,23445.06,20,15,1172.25,Sunday,True,False
m-004,2026-02-16,35711.67,21,12,1700.56,Monday,False,False
m-004,2026-02-17,34544.58,24,18,1439.36,Tuesday,False,False
m-004,2026-02-18,19996.68,20,14,999.83,Wednesday,False,False
m-004,2026-02-19,30547.88,26,18,1174.92,Thursday,False,False
m-004,2026-02-20,22400.68,16,11,1400.04,Friday,False,False
m-004,2026-02-21,25633.52,18,13,1424.08,Saturday,True,False
m-004,2026-02-22,31811.51,25,16,1272.46,Sunday,True,False
m-004,2026-02-23,37885.4,32,22,1183.92,Monday,False,False
m-004,2026-02-24,31718.6,20,16,1585.93,Tuesday,False,False
m-004,2026-02-25,29415.5,22,14,1337.07,Wednesday,False,False
m-004,2026-02-26,24579.2,22,15,1117.24,Thursday,False,False
m-004,2026-02-27,33476.05,27,22,1239.85,Friday,False,False
m-004,2026-02-28,40347.18,30,19,1344.91,Saturday,True,False
m-004,2026-03-01,39960.7,34,22,1175.31,Sunday,True,False
m-004,2026-03-02,19928.7,18,15,1107.15,Monday,False,False
m-004,2026-03-03,23918.86,22,12,1087.22,Tuesday,False,False
m-004,2026-03-04,51239.09,39,24,1313.82,Wednesday,False,True
m-004,2026-03-05,22046.89,21,15,1049.85,Thursday,False,False
m-004,2026-03-06,23351.42,20,14,1167.57,Friday,False,False
m-004,2026-03-07,33863.74,28,13,1209.42,Saturday,True,False
m-004,2026-03-08,43564.83,37,28,1177.43,Sunday,True,False
m-004,2026-03-09,27797.15,17,12,1635.13,Monday,False,False
m-004,2026-03-10,21218.94,16,14,1326.18,Tuesday,False,False
m-004,2026-03-11,19210.83,17,12,1130.05,Wednesday,False,False
m-004,2026-03-12,29322.11,19,17,1543.27,Thursday,False,False
m-004,2026-03-13,24792.35,21,15,1180.59,Friday,False,False
m-004,2026-03-14,27630.42,22,10,1255.93,Saturday,True,False
m-004,2026-03-15,63743.49,28,21,2276.55,Sunday,True,False
m-004,2026-03-16,29367.83,23,14,1276.86,Monday,False,False
m-004,2026-03-17,35049.31,25,16,1401.97,Tuesday,False,False
m-004,2026-03-18,31421.03,29,23,1083.48,Wednesday,False,False
m-004,2026-03-19,27004.71,23,16,1174.12,Thursday,False,False
m-004,2026-03-20,38158.42,28,14,1362.8,Friday,False,True
m-004,2026-03-21,44304.89,33,21,1342.57,Saturday,True,False
m-004,2026-03-22,50211.2,38,27,1321.35,Sunday,True,False
m-004,2026-03-23,27222.57,19,13,1432.77,Monday,False,False
m-004,2026-03-24,26624.77,21,14,1267.85,Tuesday,False,False
m-004,2026-03-25,29797.48,22,17,1354.43,Wednesday,False,False
m-004,2026-03-26,91466.17,24,13,3811.09,Thursday,False,False
m-004,2026-03-27,32032.79,21,8,1525.37,Friday,False,False
m-004,2026-03-28,27418.56,24,12,1142.44,Saturday,True,False
m-004,2026-03-29,41395.1,24,16,1724.8,Sunday,True,False
m-004,2026-03-30,24202.57,15,9,1613.5,Monday,False,False
m-004,2026-03-31,29663.04,18,14,1647.95,Tuesday,False,False
m-004,2026-04-01,32369.56,22,12,1471.34,Wednesday,False,False
m-004,2026-04-02,30563.43,19,12,1608.6,Thursday,False,False
m-004,2026-04-03,20138.33,17,9,1184.61,Friday,False,False
m-004,2026-04-04,34243.96,26,18,1317.08,Saturday,True,False
m-004,2026-04-05,34222.18,22,19,1555.55,Sunday,True,False
m-004,2026-04-06,24004.25,21,13,1143.06,Monday,False,False
m-004,2026-04-07,26065.36,20,16,1303.27,Tuesday,False,False
m-004,2026-04-08,36435.36,18,12,2024.19,Wednesday,False,False
m-004,2026-04-09,19201.27,21,18,914.35,Thursday,False,False
m-004,2026-04-10,26658.86,20,8,1332.94,Friday,False,False
m-004,2026-04-11,23113.09,19,12,1216.48,Saturday,True,False
m-004,2026-04-12,32761.16,26,19,1260.04,Sunday,True,False
m-004,2026-04-13,21759.87,19,13,1145.26,Monday,False,False
m-004,2026-04-14,20867.59,15,10,1391.17,Tuesday,False,False
m-004,2026-04-15,25183.22,18,15,1399.07,Wednesday,False,False
m-004,2026-04-16,24302.89,19,11,1279.1,Thursday,False,False
m-004,2026-04-17,29065.24,24,15,1211.05,Friday,False,False
m-004,2026-04-18,32811.44,30,21,1093.71,Saturday,True,False
m-004,2026-04-19,26907.46,20,14,1345.37,Sunday,True,False
m-004,2026-04-20,41727.95,29,19,1438.89,Monday,False,False
m-004,2026-04-21,32118.26,22,14,1459.92,Tuesday,False,False
m-004,2026-04-22,29836.18,22,15,1356.19,Wednesday,False,False
m-004,2026-04-23,31184.9,22,13,1417.5,Thursday,False,False
m-004,2026-04-24,24242.01,17,10,1426.0,Friday,False,False
m-004,2026-04-25,39229.36,26,16,1508.82,Saturday,True,False
m-004,2026-04-26,27773.34,22,16,1262.42,Sunday,True,False
m-004,2026-04-27,28974.15,23,16,1259.75,Monday,False,False
m-004,2026-04-28,24394.6,22,13,1108.85,Tuesday,False,False
m-004,2026-04-29,18581.79,19,13,977.99,Wednesday,False,False
m-004,2026-04-30,31252.21,25,15,1250.09,Thursday,False,False
m-004,2026-05-01,27172.09,19,15,1430.11,Friday,False,False
m-004,2026-05-02,40587.37,29,17,1399.56,Saturday,True,False
m-004,2026-05-03,46031.43,33,21,1394.89,Sunday,True,False
m-004,2026-05-04,31484.76,24,18,1311.86,Monday,False,False
m-004,2026-05-05,31029.3,26,17,1193.43,Tuesday,False,False
m-004,2026-05-06,27300.09,21,15,1300.0,Wednesday,False,False
m-004,2026-05-07,24578.44,20,13,1228.92,Thursday,False,False
m-004,2026-05-08,26397.32,18,13,1466.52,Friday,False,False
m-004,2026-05-09,40041.91,31,22,1291.67,Saturday,True,False
m-004,2026-05-10,31123.88,26,19,1197.07,Sunday,True,False
m-004,2026-05-11,19444.6,14,11,1388.9,Monday,False,False
m-004,2026-05-12,33538.91,23,17,1458.21,Tuesday,False,False
m-004,2026-05-13,29900.59,23,15,1300.03,Wednesday,False,False
m-004,2026-05-14,33906.38,22,15,1541.2,Thursday,False,False
m-004,2026-05-15,15436.33,15,11,1029.09,Friday,False,False
m-004,2026-05-16,22787.24,22,15,1035.78,Saturday,True,False
m-004,2026-05-17,45115.22,32,24,1409.85,Sunday,True,False
m-004,2026-05-18,35900.37,23,14,1560.89,Monday,False,False
m-004,2026-05-19,25387.89,21,14,1208.95,Tuesday,False,False
m-004,2026-05-20,39590.68,28,24,1413.95,Wednesday,False,False
m-004,2026-05-21,28317.67,21,15,1348.46,Thursday,False,False
m-004,2026-05-22,23575.4,22,19,1071.61,Friday,False,False
m-004,2026-05-23,26194.48,18,12,1455.25,Saturday,True,False
m-004,2026-05-24,46788.99,31,21,1509.32,Sunday,True,False
m-004,2026-05-25,18167.33,15,9,1211.16,Monday,False,False
m-004,2026-05-26,25283.4,20,13,1264.17,Tuesday,False,False
m-004,2026-05-27,31917.58,24,17,1329.9,Wednesday,False,False
m-004,2026-05-28,39556.63,25,19,1582.27,Thursday,False,False
m-004,2026-05-29,40349.93,25,18,1614.0,Friday,False,False
m-004,2026-05-30,50710.74,34,24,1491.49,Saturday,True,False
m-004,2026-05-31,56144.19,41,30,1369.37,Sunday,True,False
m-004,2026-06-01,25615.31,17,15,1506.78,Monday,False,False
m-004,2026-06-02,24387.83,19,12,1283.57,Tuesday,False,False
m-004,2026-06-03,32337.99,27,22,1197.7,Wednesday,False,False
m-004,2026-06-04,23645.52,22,12,1074.8,Thursday,False,False
m-004,2026-06-05,18853.39,17,11,1109.02,Friday,False,False
m-004,2026-06-06,41219.11,31,20,1329.65,Saturday,True,False
m-004,2026-06-07,35603.6,26,16,1369.37,Sunday,True,False
m-004,2026-06-08,18833.55,19,13,991.24,Monday,False,False
m-004,2026-06-09,20046.26,18,15,1113.68,Tuesday,False,False
m-004,2026-06-10,39699.11,29,24,1368.93,Wednesday,False,False
m-004,2026-06-11,33902.2,22,14,1541.01,Thursday,False,False
m-004,2026-06-12,30127.94,24,15,1255.33,Friday,False,False
m-004,2026-06-13,26293.17,25,16,1051.73,Saturday,True,False
m-004,2026-06-14,39846.65,23,15,1732.46,Sunday,True,False
m-004,2026-06-15,28257.05,19,12,1487.21,Monday,False,False
m-004,2026-06-16,31000.53,27,16,1148.17,Tuesday,False,False
m-004,2026-06-17,30290.89,21,15,1442.42,Wednesday,False,False
m-004,2026-06-18,29104.78,20,12,1455.24,Thursday,False,False
m-004,2026-06-19,41349.37,25,18,1653.97,Friday,False,False
m-004,2026-06-20,45059.39,29,25,1553.77,Saturday,True,False
m-004,2026-06-21,27145.17,23,20,1180.22,Sunday,True,False
m-004,2026-06-22,23084.28,20,14,1154.21,Monday,False,False
m-004,2026-06-23,32429.14,26,20,1247.27,Tuesday,False,False
m-004,2026-06-24,32873.19,23,14,1429.27,Wednesday,False,False
m-004,2026-06-25,21083.77,17,13,1240.22,Thursday,False,False
m-004,2026-06-26,33376.11,27,19,1236.15,Friday,False,False
m-004,2026-06-27,28639.28,22,15,1301.79,Saturday,True,False
m-004,2026-06-28,47429.42,36,21,1317.48,Sunday,True,False
m-004,2026-06-29,30456.45,23,16,1324.19,Monday,False,False
m-004,2026-06-30,24766.27,21,15,1179.35,Tuesday,False,False
m-004,2026-07-01,32670.33,25,18,1306.81,Wednesday,False,False
m-004,2026-07-02,32688.03,25,22,1307.52,Thursday,False,False
m-004,2026-07-03,33565.91,25,18,1342.64,Friday,False,False
m-004,2026-07-04,42390.44,36,21,1177.51,Saturday,True,False
m-004,2026-07-05,41781.68,30,20,1392.72,Sunday,True,False
m-004,2026-07-06,34492.01,25,15,1379.68,Monday,False,False
m-004,2026-07-07,22354.44,18,13,1241.91,Tuesday,False,False
m-004,2026-07-08,37182.55,27,20,1377.13,Wednesday,False,False
m-004,2026-07-09,20944.91,19,11,1102.36,Thursday,False,False
m-004,2026-07-10,28926.73,21,16,1377.46,Friday,False,False
m-004,2026-07-11,42029.69,26,14,1616.53,Saturday,True,False
m-004,2026-07-12,39502.4,28,23,1410.8,Sunday,True,False
m-004,2026-07-13,20950.54,18,15,1163.92,Monday,False,False
m-004,2026-07-14,28829.67,25,18,1153.19,Tuesday,False,False
m-004,2026-07-15,22918.12,22,16,1041.73,Wednesday,False,False
m-004,2026-07-16,22010.17,15,8,1467.34,Thursday,False,False
m-004,2026-07-17,34623.41,25,15,1384.94,Friday,False,False
m-004,2026-07-18,28225.75,29,21,973.3,Saturday,True,False
m-004,2026-07-19,18774.53,17,10,1104.38,Sunday,True,False
m-004,2026-07-20,29028.78,22,17,1319.49,Monday,False,False
m-004,2026-07-21,22652.87,15,11,1510.19,Tuesday,False,False
m-004,2026-07-22,30790.3,26,20,1184.24,Wednesday,False,False
m-004,2026-07-23,35649.82,24,15,1485.41,Thursday,False,False
m-004,2026-07-24,93695.95,19,15,4931.37,Friday,False,False
m-004,2026-07-25,40558.2,34,25,1192.89,Saturday,True,False
m-004,2026-07-26,35575.8,26,20,1368.3,Sunday,True,False
m-004,2026-07-27,24624.78,20,12,1231.24,Monday,False,False
m-004,2026-07-28,27435.06,18,12,1524.17,Tuesday,False,False
m-004,2026-07-29,19744.02,14,10,1410.29,Wednesday,False,False
m-004,2026-07-30,21310.55,15,10,1420.7,Thursday,False,False
m-004,2026-07-31,18660.88,14,9,1332.92,Friday,False,False
m-004,2026-08-01,33273.84,22,18,1512.45,Saturday,True,False
m-004,2026-08-02,31717.78,26,19,1219.91,Sunday,True,False
m-004,2026-08-03,26676.86,24,19,1111.54,Monday,False,False
m-004,2026-08-04,52005.46,29,22,1793.29,Tuesday,False,False
m-004,2026-08-05,31040.08,28,24,1108.57,Wednesday,False,False
m-004,2026-08-06,17728.26,18,13,984.9,Thursday,False,False
m-004,2026-08-07,26900.28,20,15,1345.01,Friday,False,False
m-004,2026-08-08,31668.14,26,15,1218.01,Saturday,True,False
m-004,2026-08-09,26842.5,20,12,1342.12,Sunday,True,False
m-004,2026-08-10,28574.87,21,14,1360.71,Monday,False,False
m-004,2026-08-11,23705.57,21,14,1128.84,Tuesday,False,False
m-004,2026-08-12,26750.76,18,11,1486.15,Wednesday,False,False
m-004,2026-08-13,36922.79,27,20,1367.51,Thursday,False,False
m-004,2026-08-14,37638.24,28,20,1344.22,Friday,False,False
m-004,2026-08-15,61548.98,46,36,1338.02,Saturday,True,True
m-004,2026-08-16,38437.82,32,22,1201.18,Sunday,True,False
m-004,2026-08-17,21042.76,22,17,956.49,Monday,False,False
m-004,2026-08-18,18364.36,18,12,1020.24,Tuesday,False,False
m-004,2026-08-19,29523.69,19,17,1553.88,Wednesday,False,False
m-004,2026-08-20,16485.5,14,12,1177.54,Thursday,False,False
m-004,2026-08-21,25850.59,17,11,1520.62,Friday,False,False
m-004,2026-08-22,43691.51,31,25,1409.4,Saturday,True,False
m-004,2026-08-23,39501.39,27,21,1463.01,Sunday,True,False
m-004,2026-08-24,33384.45,23,15,1451.5,Monday,False,False
m-004,2026-08-25,28035.56,24,17,1168.15,Tuesday,False,False
m-004,2026-08-26,33813.17,27,14,1252.34,Wednesday,False,False
m-004,2026-08-27,23373.49,19,12,1230.18,Thursday,False,False
m-004,2026-08-28,42327.54,26,17,1627.98,Friday,False,True
m-004,2026-08-29,44279.46,32,20,1383.73,Saturday,True,False
m-004,2026-08-30,37161.69,27,23,1376.36,Sunday,True,False
m-004,2026-08-31,18743.37,15,13,1249.56,Monday,False,False
m-004,2026-09-01,16464.94,14,10,1176.07,Tuesday,False,False
m-004,2026-09-02,17362.28,16,11,1085.14,Wednesday,False,False
m-004,2026-09-03,30044.02,22,17,1365.64,Thursday,False,False
m-004,2026-09-04,38459.43,29,23,1326.19,Friday,False,False
m-004,2026-09-05,35545.51,25,18,1421.82,Saturday,True,False
m-004,2026-09-06,38055.81,27,16,1409.47,Sunday,True,False
m-004,2026-09-07,32735.82,24,15,1363.99,Monday,False,False
m-004,2026-09-08,29655.16,22,12,1347.96,Tuesday,False,False
m-004,2026-09-09,33895.51,27,26,1255.39,Wednesday,False,False
m-004,2026-09-10,25760.04,18,12,1431.11,Thursday,False,False
m-004,2026-09-11,22486.4,20,14,1124.32,Friday,False,False
m-004,2026-09-12,36371.83,33,27,1102.18,Saturday,True,False
m-004,2026-09-13,37235.62,30,23,1241.19,Sunday,True,False
m-004,2026-09-14,22929.19,17,13,1348.78,Monday,False,False
m-004,2026-09-15,19217.42,14,11,1372.67,Tuesday,False,False
m-004,2026-09-16,24899.3,20,14,1244.96,Wednesday,False,False
m-004,2026-09-17,36470.97,29,21,1257.62,Thursday,False,False
m-005,2025-09-18,1741.09,6,4,290.18,Thursday,False,False
m-005,2025-09-19,310.45,2,1,155.22,Friday,False,False
m-005,2025-09-20,1242.4,2,2,621.2,Saturday,True,False
m-005,2025-09-21,317.92,1,1,317.92,Sunday,True,False
m-005,2025-09-22,1106.8,3,2,368.93,Monday,False,False
m-005,2025-09-23,837.44,2,2,418.72,Tuesday,False,False
m-005,2025-09-24,735.85,3,2,245.28,Wednesday,False,False
m-005,2025-09-25,863.63,3,3,287.88,Thursday,False,False
m-005,2025-09-27,2639.34,6,4,439.89,Saturday,True,False
m-005,2025-09-28,1081.92,3,3,360.64,Sunday,True,False
m-005,2025-09-29,1260.79,3,3,420.26,Monday,False,False
m-005,2025-09-30,2883.55,6,5,480.59,Tuesday,False,False
m-005,2025-10-01,1881.86,4,4,470.46,Wednesday,False,False
m-005,2025-10-02,4265.17,4,2,1066.29,Thursday,False,False
m-005,2025-10-04,8664.12,3,1,2888.04,Saturday,True,False
m-005,2025-10-05,409.59,3,1,136.53,Sunday,True,False
m-005,2025-10-06,362.31,2,0,181.16,Monday,False,False
m-005,2025-10-07,467.7,3,3,155.9,Tuesday,False,False
m-005,2025-10-08,589.73,5,3,117.95,Wednesday,False,False
m-005,2025-10-10,550.6,3,2,183.53,Friday,False,False
m-005,2025-10-11,2574.13,5,2,514.83,Saturday,True,False
m-005,2025-10-12,4833.73,11,9,439.43,Sunday,True,False
m-005,2025-10-13,1900.62,7,5,271.52,Monday,False,False
m-005,2025-10-14,215.39,2,0,107.7,Tuesday,False,False
m-005,2025-10-15,784.74,2,1,392.37,Wednesday,False,False
m-005,2025-10-16,891.24,6,3,148.54,Thursday,False,False
m-005,2025-10-17,247.41,1,0,247.41,Friday,False,False
m-005,2025-10-18,170.31,2,2,85.16,Saturday,True,False
m-005,2025-10-19,2199.45,7,5,314.21,Sunday,True,False
m-005,2025-10-20,3458.06,5,5,691.61,Monday,False,True
m-005,2025-10-21,1188.65,3,3,396.22,Tuesday,False,True
m-005,2025-10-22,398.04,3,1,132.68,Wednesday,False,True
m-005,2025-10-23,3490.28,5,3,698.06,Thursday,False,False
m-005,2025-10-24,685.24,1,1,685.24,Friday,False,False
m-005,2025-10-25,509.74,3,2,169.91,Saturday,True,False
m-005,2025-10-26,314.29,1,1,314.29,Sunday,True,False
m-005,2025-10-27,970.91,2,2,485.46,Monday,False,False
m-005,2025-10-28,260.6,2,2,130.3,Tuesday,False,False
m-005,2025-10-29,1408.5,2,1,704.25,Wednesday,False,False
m-005,2025-10-30,715.45,4,3,178.86,Thursday,False,False
m-005,2025-10-31,1557.6,7,6,222.51,Friday,False,False
m-005,2025-11-01,1999.1,4,4,499.78,Saturday,True,False
m-005,2025-11-02,2055.06,8,7,256.88,Sunday,True,False
m-005,2025-11-03,342.62,1,1,342.62,Monday,False,False
m-005,2025-11-04,526.99,3,3,175.66,Tuesday,False,False
m-005,2025-11-05,2265.98,6,4,377.66,Wednesday,False,False
m-005,2025-11-06,2611.52,4,4,652.88,Thursday,False,False
m-005,2025-11-07,54.06,1,1,54.06,Friday,False,False
m-005,2025-11-08,1869.09,7,5,267.01,Saturday,True,False
m-005,2025-11-09,326.88,3,1,108.96,Sunday,True,False
m-005,2025-11-10,599.98,5,2,120.0,Monday,False,False
m-005,2025-11-11,2831.74,4,2,707.94,Tuesday,False,False
m-005,2025-11-12,1583.28,7,6,226.18,Wednesday,False,False
m-005,2025-11-13,870.61,3,2,290.2,Thursday,False,False
m-005,2025-11-14,733.5,4,4,183.38,Friday,False,False
m-005,2025-11-15,54.06,1,0,54.06,Saturday,True,False
m-005,2025-11-16,213.2,1,0,213.2,Sunday,True,False
m-005,2025-11-17,1465.11,4,1,366.28,Monday,False,False
m-005,2025-11-18,742.44,2,1,371.22,Tuesday,False,False
m-005,2025-11-19,936.9,4,3,234.23,Wednesday,False,False
m-005,2025-11-20,106.6,1,0,106.6,Thursday,False,False
m-005,2025-11-21,503.79,6,6,83.96,Friday,False,False
m-005,2025-11-22,849.89,5,2,169.98,Saturday,True,False
m-005,2025-11-23,847.36,4,3,211.84,Sunday,True,False
m-005,2025-11-24,513.78,4,2,128.44,Monday,False,False
m-005,2025-11-26,1049.47,3,2,349.82,Wednesday,False,False
m-005,2025-11-27,632.0,1,0,632.0,Thursday,False,False
m-005,2025-11-28,132.01,2,2,66.0,Friday,False,False
m-005,2025-11-29,1034.22,4,3,258.56,Saturday,True,False
m-005,2025-11-30,1245.56,4,4,311.39,Sunday,True,False
m-005,2025-12-01,590.03,2,1,295.02,Monday,False,False
m-005,2025-12-02,1264.04,5,5,252.81,Tuesday,False,False
m-005,2025-12-03,251.94,2,2,125.97,Wednesday,False,False
m-005,2025-12-04,1339.55,3,1,446.52,Thursday,False,False
m-005,2025-12-05,835.02,3,2,278.34,Friday,False,False
m-005,2025-12-06,470.25,3,2,156.75,Saturday,True,False
m-005,2025-12-07,2105.43,2,1,1052.71,Sunday,True,False
m-005,2025-12-08,1297.44,4,3,324.36,Monday,False,False
m-005,2025-12-09,418.86,1,1,418.86,Tuesday,False,False
m-005,2025-12-10,942.87,2,0,471.44,Wednesday,False,False
m-005,2025-12-11,1493.26,4,2,373.32,Thursday,False,False
m-005,2025-12-12,2030.97,6,5,338.5,Friday,False,False
m-005,2025-12-13,2140.17,12,7,178.35,Saturday,True,False
m-005,2025-12-14,1624.23,7,2,232.03,Sunday,True,False
m-005,2025-12-15,2968.85,6,5,494.81,Monday,False,False
m-005,2025-12-16,1267.22,4,2,316.8,Tuesday,False,False
m-005,2025-12-17,1429.6,7,5,204.23,Wednesday,False,False
m-005,2025-12-18,682.35,2,1,341.17,Thursday,False,False
m-005,2025-12-19,1781.94,6,3,296.99,Friday,False,False
m-005,2025-12-20,1401.35,4,2,350.34,Saturday,True,False
m-005,2025-12-21,1579.56,8,5,197.44,Sunday,True,False
m-005,2025-12-22,2493.38,4,3,623.34,Monday,False,False
m-005,2025-12-23,377.33,2,1,188.67,Tuesday,False,False
m-005,2025-12-24,268.6,3,3,89.53,Wednesday,False,False
m-005,2025-12-25,1195.44,6,3,199.24,Thursday,False,True
m-005,2025-12-26,1365.46,5,3,273.09,Friday,False,False
m-005,2025-12-27,957.51,6,4,159.58,Saturday,True,False
m-005,2025-12-28,107.27,1,1,107.27,Sunday,True,False
m-005,2025-12-29,632.0,1,1,632.0,Monday,False,False
m-005,2025-12-30,1121.48,5,2,224.3,Tuesday,False,False
m-005,2025-12-31,900.76,5,4,180.15,Wednesday,False,True
m-005,2026-01-01,85.02,1,1,85.02,Thursday,False,True
m-005,2026-01-02,1710.51,5,5,342.1,Friday,False,False
m-005,2026-01-03,1198.48,6,3,199.75,Saturday,True,False
m-005,2026-01-04,3846.4,9,6,427.38,Sunday,True,False
m-005,2026-01-05,342.62,1,0,342.62,Monday,False,False
m-005,2026-01-06,277.31,2,1,138.66,Tuesday,False,False
m-005,2026-01-07,356.8,2,2,178.4,Wednesday,False,False
m-005,2026-01-08,314.29,1,0,314.29,Thursday,False,False
m-005,2026-01-09,1198.01,4,4,299.5,Friday,False,False
m-005,2026-01-10,776.44,6,6,129.41,Saturday,True,False
m-005,2026-01-11,382.21,3,1,127.4,Sunday,True,False
m-005,2026-01-12,763.42,3,3,254.47,Monday,False,False
m-005,2026-01-13,579.84,3,3,193.28,Tuesday,False,False
m-005,2026-01-14,1137.6,8,4,142.2,Wednesday,False,True
m-005,2026-01-17,42.51,1,1,42.51,Saturday,True,False
m-005,2026-01-18,872.67,5,4,174.53,Sunday,True,False
m-005,2026-01-19,1914.07,4,3,478.52,Monday,False,False
m-005,2026-01-20,2329.11,5,3,465.82,Tuesday,False,False
m-005,2026-01-21,2890.73,8,7,361.34,Wednesday,False,False
m-005,2026-01-22,942.87,1,1,942.87,Thursday,False,False
m-005,2026-01-23,711.01,3,1,237.0,Friday,False,False
m-005,2026-01-24,549.13,3,3,183.04,Saturday,True,False
m-005,2026-01-25,1482.64,4,4,370.66,Sunday,True,False
m-005,2026-01-26,171.16,2,1,85.58,Monday,False,False
m-005,2026-01-27,1233.48,4,3,308.37,Tuesday,False,False
m-005,2026-01-28,845.2,2,1,422.6,Wednesday,False,False
m-005,2026-01-29,946.29,2,1,473.14,Thursday,False,False
m-005,2026-01-30,548.88,2,2,274.44,Friday,False,False
m-005,2026-01-31,1363.16,7,4,194.74,Saturday,True,False
m-005,2026-02-01,1422.66,5,2,284.53,Sunday,True,False
m-005,2026-02-02,1034.24,3,3,344.75,Monday,False,False
m-005,2026-02-03,2092.25,7,7,298.89,Tuesday,False,False
m-005,2026-02-04,502.29,2,1,251.14,Wednesday,False,False
m-005,2026-02-05,63.04,1,0,63.04,Thursday,False,False
m-005,2026-02-06,1424.66,3,1,474.89,Friday,False,False
m-005,2026-02-07,1971.0,7,3,281.57,Saturday,True,False
m-005,2026-02-08,940.67,5,3,188.13,Sunday,True,False
m-005,2026-02-09,1475.12,4,3,368.78,Monday,False,False
m-005,2026-02-10,1422.96,3,2,474.32,Tuesday,False,False
m-005,2026-02-11,1390.08,3,3,463.36,Wednesday,False,False
m-005,2026-02-12,265.56,2,2,132.78,Thursday,False,False
m-005,2026-02-13,633.59,4,4,158.4,Friday,False,False
m-005,2026-02-14,4263.09,8,6,532.89,Saturday,True,False
m-005,2026-02-15,1286.2,3,2,428.73,Sunday,True,False
m-005,2026-02-16,106.6,1,0,106.6,Monday,False,False
m-005,2026-02-17,594.16,3,2,198.05,Tuesday,False,False
m-005,2026-02-18,630.67,4,3,157.67,Wednesday,False,False
m-005,2026-02-20,560.63,4,4,140.16,Friday,False,False
m-005,2026-02-21,2179.72,6,5,363.29,Saturday,True,False
m-005,2026-02-22,1531.81,3,1,510.6,Sunday,True,False
m-005,2026-02-23,429.08,1,1,429.08,Monday,False,False
m-005,2026-02-24,460.43,3,2,153.48,Tuesday,False,False
m-005,2026-02-25,1478.55,4,2,369.64,Wednesday,False,False
m-005,2026-02-26,247.41,1,0,247.41,Thursday,False,False
m-005,2026-02-27,88.45,2,2,44.22,Friday,False,False
m-005,2026-02-28,3304.89,10,7,330.49,Saturday,True,False
m-005,2026-03-01,1015.09,8,6,126.89,Sunday,True,False
m-005,2026-03-02,1675.8,7,5,239.4,Monday,False,False
m-005,2026-03-03,1740.88,2,2,870.44,Tuesday,False,False
m-005,2026-03-04,663.09,3,2,221.03,Wednesday,False,True
m-005,2026-03-05,1800.73,5,1,360.15,Thursday,False,False
m-005,2026-03-06,3754.91,6,4,625.82,Friday,False,False
m-005,2026-03-07,845.67,4,2,211.42,Saturday,True,False
m-005,2026-03-08,787.33,4,4,196.83,Sunday,True,False
m-005,2026-03-09,321.14,2,1,160.57,Monday,False,False
m-005,2026-03-10,656.91,2,0,328.46,Tuesday,False,False
m-005,2026-03-11,2041.53,6,3,340.26,Wednesday,False,False
m-005,2026-03-12,377.33,2,1,188.67,Thursday,False,False
m-005,2026-03-13,974.56,5,3,194.91,Friday,False,False
m-005,2026-03-14,1005.91,3,1,335.3,Saturday,True,False
m-005,2026-03-15,1471.05,5,5,294.21,Sunday,True,False
m-005,2026-03-16,63.04,1,1,63.04,Monday,False,False
m-005,2026-03-17,869.97,3,3,289.99,Tuesday,False,False
m-005,2026-03-18,371.96,3,3,123.99,Wednesday,False,False
m-005,2026-03-19,570.35,3,2,190.12,Thursday,False,False
m-005,2026-03-20,2708.66,5,5,541.73,Friday,False,True
m-005,2026-03-22,161.33,2,1,80.66,Sunday,True,False
m-005,2026-03-23,795.67,4,4,198.92,Monday,False,False
m-005,2026-03-24,610.41,4,2,152.6,Tuesday,False,False
m-005,2026-03-25,758.56,3,2,252.85,Wednesday,False,False
m-005,2026-03-26,841.27,4,2,210.32,Thursday,False,False
m-005,2026-03-27,965.9,4,2,241.48,Friday,False,False
m-005,2026-03-28,988.77,5,3,197.75,Saturday,True,False
m-005,2026-03-29,956.98,3,2,318.99,Sunday,True,False
m-005,2026-03-30,986.01,3,1,328.67,Monday,False,False
m-005,2026-03-31,1295.54,5,3,259.11,Tuesday,False,False
m-005,2026-04-01,203.76,2,2,101.88,Wednesday,False,False
m-005,2026-04-02,106.6,1,0,106.6,Thursday,False,False
m-005,2026-04-03,1396.22,3,2,465.41,Friday,False,False
m-005,2026-04-04,2345.43,4,2,586.36,Saturday,True,False
m-005,2026-04-05,1415.06,6,3,235.84,Sunday,True,False
m-005,2026-04-06,310.45,2,1,155.22,Monday,False,False
m-005,2026-04-07,291.64,3,0,97.21,Tuesday,False,False
m-005,2026-04-08,4394.09,4,2,1098.52,Wednesday,False,False
m-005,2026-04-10,632.0,1,1,632.0,Friday,False,False
m-005,2026-04-11,161.33,2,1,80.66,Saturday,True,False
m-005,2026-04-12,2027.51,4,2,506.88,Sunday,True,False
m-005,2026-04-13,63.04,1,1,63.04,Monday,False,False
m-005,2026-04-14,157.42,2,1,78.71,Tuesday,False,False
m-005,2026-04-15,511.21,3,3,170.4,Wednesday,False,False
m-005,2026-04-16,1266.62,5,4,253.32,Thursday,False,False
m-005,2026-04-17,1510.11,4,3,377.53,Friday,False,False
m-005,2026-04-19,628.28,4,2,157.07,Sunday,True,False
m-005,2026-04-20,316.38,3,1,105.46,Monday,False,False
m-005,2026-04-21,1215.69,3,3,405.23,Tuesday,False,False
m-005,2026-04-22,385.84,3,1,128.61,Wednesday,False,False
m-005,2026-04-23,2528.21,3,1,842.74,Thursday,False,False
m-005,2026-04-24,2650.62,5,3,530.12,Friday,False,False
m-005,2026-04-25,427.74,4,2,106.94,Saturday,True,False
m-005,2026-04-26,2053.84,5,3,410.77,Sunday,True,False
m-005,2026-04-27,916.8,4,4,229.2,Monday,False,False
m-005,2026-04-28,448.21,5,4,89.64,Tuesday,False,False
m-005,2026-04-29,158.96,1,1,158.96,Wednesday,False,False
m-005,2026-04-30,1792.16,5,2,358.43,Thursday,False,False
m-005,2026-05-01,425.19,3,1,141.73,Friday,False,False
m-005,2026-05-02,25.41,1,1,25.41,Saturday,True,False
m-005,2026-05-03,490.38,3,2,163.46,Sunday,True,False
m-005,2026-05-04,644.09,3,3,214.7,Monday,False,False
m-005,2026-05-05,127.53,1,1,127.53,Tuesday,False,False
m-005,2026-05-06,989.64,2,1,494.82,Wednesday,False,False
m-005,2026-05-07,110.43,3,2,36.81,Thursday,False,False
m-005,2026-05-08,1928.25,3,1,642.75,Friday,False,False
m-005,2026-05-09,1878.93,7,4,268.42,Saturday,True,False
m-005,2026-05-10,632.0,1,0,632.0,Sunday,True,False
m-005,2026-05-11,1515.25,5,3,303.05,Monday,False,False
m-005,2026-05-12,841.78,3,2,280.59,Tuesday,False,False
m-005,2026-05-13,1108.88,4,3,277.22,Wednesday,False,False
m-005,2026-05-14,1290.5,6,6,215.08,Thursday,False,False
m-005,2026-05-15,1252.9,4,2,313.23,Friday,False,False
m-005,2026-05-16,1818.82,4,3,454.71,Saturday,True,False
m-005,2026-05-17,1140.13,6,4,190.02,Sunday,True,False
m-005,2026-05-18,2486.03,3,3,828.68,Monday,False,False
m-005,2026-05-19,1501.14,3,2,500.38,Tuesday,False,False
m-005,2026-05-20,946.29,2,1,473.14,Wednesday,False,False
m-005,2026-05-21,213.2,1,0,213.2,Thursday,False,False
m-005,2026-05-22,209.43,1,1,209.43,Friday,False,False
m-005,2026-05-23,951.83,5,3,190.37,Saturday,True,False
m-005,2026-05-24,1814.04,5,4,362.81,Sunday,True,False
m-005,2026-05-25,477.63,5,4,95.53,Monday,False,False
m-005,2026-05-26,426.04,2,1,213.02,Tuesday,False,False
m-005,2026-05-27,317.92,1,0,317.92,Wednesday,False,False
m-005,2026-05-28,1095.62,4,4,273.91,Thursday,False,False
m-005,2026-05-29,492.12,2,1,246.06,Friday,False,False
m-005,2026-05-30,2581.71,9,8,286.86,Saturday,True,False
m-005,2026-05-31,913.94,4,2,228.48,Sunday,True,False
m-005,2026-06-01,938.1,6,5,156.35,Monday,False,False
m-005,2026-06-02,789.24,4,3,197.31,Tuesday,False,False
m-005,2026-06-04,590.53,3,2,196.84,Thursday,False,False
m-005,2026-06-05,605.6,4,4,151.4,Friday,False,False
m-005,2026-06-06,971.7,3,2,323.9,Saturday,True,False
m-005,2026-06-07,222.0,2,0,111.0,Sunday,True,False
m-005,2026-06-08,1791.49,3,2,597.16,Monday,False,False
m-005,2026-06-09,942.87,1,1,942.87,Tuesday,False,False
m-005,2026-06-10,106.6,1,1,106.6,Wednesday,False,False
m-005,2026-06-11,1327.04,3,3,442.35,Thursday,False,False
m-005,2026-06-12,734.89,2,1,367.44,Friday,False,False
m-005,2026-06-13,1289.41,2,1,644.71,Saturday,True,False
m-005,2026-06-14,1659.86,2,1,829.93,Sunday,True,False
m-005,2026-06-15,107.27,1,1,107.27,Monday,False,False
m-005,2026-06-16,1370.48,1,1,1370.48,Tuesday,False,False
m-005,2026-06-17,1084.55,4,3,271.14,Wednesday,False,False
m-005,2026-06-18,5737.35,6,4,956.22,Thursday,False,False
m-005,2026-06-19,892.88,4,2,223.22,Friday,False,False
m-005,2026-06-20,686.06,2,2,343.03,Saturday,True,False
m-005,2026-06-21,1280.2,6,6,213.37,Sunday,True,False
m-005,2026-06-22,1058.04,3,3,352.68,Monday,False,False
m-005,2026-06-23,3062.59,6,5,510.43,Tuesday,False,False
m-005,2026-06-24,1866.78,5,4,373.36,Wednesday,False,False
m-005,2026-06-25,149.11,2,2,74.55,Thursday,False,False
m-005,2026-06-26,1580.03,3,3,526.68,Friday,False,False
m-005,2026-06-27,2411.73,5,4,482.35,Saturday,True,False
m-005,2026-06-28,616.15,4,1,154.04,Sunday,True,False
m-005,2026-06-29,675.82,5,3,135.16,Monday,False,False
m-005,2026-06-30,435.02,3,1,145.01,Tuesday,False,False
m-005,2026-07-01,450.74,2,2,225.37,Wednesday,False,False
m-005,2026-07-02,429.08,1,1,429.08,Thursday,False,False
m-005,2026-07-03,380.96,2,1,190.48,Friday,False,False
m-005,2026-07-04,1194.74,4,2,298.68,Saturday,True,False
m-005,2026-07-05,720.86,5,4,144.17,Sunday,True,False
m-005,2026-07-06,1496.09,5,4,299.22,Monday,False,False
m-005,2026-07-07,1511.41,2,2,755.7,Tuesday,False,False
m-005,2026-07-08,354.01,2,1,177.0,Wednesday,False,False
m-005,2026-07-09,3461.15,6,6,576.86,Thursday,False,False
m-005,2026-07-10,861.93,3,0,287.31,Friday,False,False
m-005,2026-07-11,1291.81,5,2,258.36,Saturday,True,False
m-005,2026-07-12,583.11,5,4,116.62,Sunday,True,False
m-005,2026-07-13,222.0,2,1,111.0,Monday,False,False
m-005,2026-07-14,3000.66,6,5,500.11,Tuesday,False,False
m-005,2026-07-15,411.74,4,3,102.94,Wednesday,False,False
m-005,2026-07-16,2564.88,8,6,320.61,Thursday,False,False
m-005,2026-07-17,342.62,1,1,342.62,Friday,False,False
m-005,2026-07-18,1039.25,3,3,346.42,Saturday,True,False
m-005,2026-07-19,898.1,5,3,179.62,Sunday,True,False
m-005,2026-07-20,1361.16,4,3,340.29,Monday,False,False
m-005,2026-07-21,335.51,3,2,111.84,Tuesday,False,False
m-005,2026-07-22,149.11,2,1,74.55,Wednesday,False,False
m-005,2026-07-23,2340.58,4,4,585.14,Thursday,False,False
m-005,2026-07-24,649.8,3,2,216.6,Friday,False,False
m-005,2026-07-25,1452.75,6,3,242.12,Saturday,True,False
m-005,2026-07-26,1286.94,3,2,428.98,Sunday,True,False
m-005,2026-07-27,1216.38,6,3,202.73,Monday,False,False
m-005,2026-07-28,1289.2,4,2,322.3,Tuesday,False,False
m-005,2026-07-29,373.86,3,2,124.62,Wednesday,False,False
m-005,2026-07-30,771.33,3,2,257.11,Thursday,False,False
m-005,2026-07-31,1239.84,5,4,247.97,Friday,False,False
m-005,2026-08-01,875.17,7,6,125.02,Saturday,True,False
m-005,2026-08-02,1618.22,2,2,809.11,Sunday,True,False
m-005,2026-08-03,342.62,1,1,342.62,Monday,False,False
m-005,2026-08-04,636.1,3,2,212.03,Tuesday,False,False
m-005,2026-08-05,2526.08,4,3,631.52,Wednesday,False,False
m-005,2026-08-06,4145.89,4,4,1036.47,Thursday,False,False
m-005,2026-08-07,453.37,4,4,113.34,Friday,False,False
m-005,2026-08-08,1289.82,4,3,322.46,Saturday,True,False
m-005,2026-08-09,2230.07,7,6,318.58,Sunday,True,False
m-005,2026-08-10,1623.35,6,3,270.56,Monday,False,False
m-005,2026-08-11,1362.47,4,2,340.62,Tuesday,False,False
m-005,2026-08-12,1215.05,4,2,303.76,Wednesday,False,False
m-005,2026-08-13,771.19,4,3,192.8,Thursday,False,False
m-005,2026-08-14,290.97,3,2,96.99,Friday,False,False
m-005,2026-08-15,696.29,3,3,232.1,Saturday,True,True
m-005,2026-08-16,2084.95,7,4,297.85,Sunday,True,False
m-005,2026-08-17,1082.74,4,3,270.68,Monday,False,False
m-005,2026-08-18,1053.27,3,2,351.09,Tuesday,False,False
m-005,2026-08-19,1050.92,2,1,525.46,Wednesday,False,False
m-005,2026-08-20,710.97,3,2,236.99,Thursday,False,False
m-005,2026-08-21,764.87,5,5,152.97,Friday,False,False
m-005,2026-08-22,1896.0,1,1,1896.0,Saturday,True,False
m-005,2026-08-23,289.92,2,1,144.96,Sunday,True,False
m-005,2026-08-24,296.39,3,2,98.8,Monday,False,False
m-005,2026-08-25,339.7,2,1,169.85,Tuesday,False,False
m-005,2026-08-26,446.28,3,3,148.76,Wednesday,False,False
m-005,2026-08-28,1177.64,3,2,392.55,Friday,False,True
m-005,2026-08-29,682.32,3,2,227.44,Saturday,True,False
m-005,2026-08-30,2469.32,8,6,308.67,Sunday,True,False
m-005,2026-09-01,418.86,1,1,418.86,Tuesday,False,False
m-005,2026-09-02,591.87,3,2,197.29,Wednesday,False,False
m-005,2026-09-03,1255.79,4,1,313.95,Thursday,False,False
m-005,2026-09-04,1964.83,4,2,491.21,Friday,False,False
m-005,2026-09-05,2618.75,7,5,374.11,Saturday,True,False
m-005,2026-09-06,588.85,4,3,147.21,Sunday,True,False
m-005,2026-09-07,685.58,5,4,137.12,Monday,False,False
m-005,2026-09-08,686.06,2,1,343.03,Tuesday,False,False
m-005,2026-09-09,384.85,2,1,192.42,Wednesday,False,False
m-005,2026-09-10,319.8,1,1,319.8,Thursday,False,False
m-005,2026-09-11,883.25,2,2,441.62,Friday,False,False
m-005,2026-09-12,1126.43,4,2,281.61,Saturday,True,False
m-005,2026-09-13,314.29,1,1,314.29,Sunday,True,False
m-005,2026-09-14,432.24,5,4,86.45,Monday,False,False
m-005,2026-09-15,1029.3,6,4,171.55,Tuesday,False,False
m-005,2026-09-16,1189.86,3,2,396.62,Wednesday,False,False
m-005,2026-09-17,1896.0,1,1,1896.0,Thursday,False,False
m-006,2025-09-18,198.0,2,1,99.0,Thursday,False,False
m-006,2025-09-19,552.79,5,4,110.56,Friday,False,False
m-006,2025-09-20,1036.33,6,5,172.72,Saturday,True,False
m-006,2025-09-21,811.89,4,4,202.97,Sunday,True,False
m-006,2025-09-22,658.86,7,5,94.12,Monday,False,False
m-006,2025-09-23,708.52,3,3,236.17,Tuesday,False,False
m-006,2025-09-24,567.79,4,2,141.95,Wednesday,False,False
m-006,2025-09-25,175.24,2,2,87.62,Thursday,False,False
m-006,2025-09-26,383.07,3,2,127.69,Friday,False,False
m-006,2025-09-27,287.46,3,2,95.82,Saturday,True,False
m-006,2025-09-28,1209.96,6,4,201.66,Sunday,True,False
m-006,2025-09-29,596.07,4,2,149.02,Monday,False,False
m-006,2025-09-30,381.23,3,2,127.08,Tuesday,False,False
m-006,2025-10-01,534.89,3,1,178.3,Wednesday,False,False
m-006,2025-10-02,483.85,3,3,161.28,Thursday,False,False
m-006,2025-10-03,916.35,4,3,229.09,Friday,False,False
m-006,2025-10-04,883.76,5,3,176.75,Saturday,True,False
m-006,2025-10-05,1284.42,8,4,160.55,Sunday,True,False
m-006,2025-10-06,483.85,3,2,161.28,Monday,False,False
m-006,2025-10-07,285.62,3,2,95.21,Tuesday,False,False
m-006,2025-10-08,828.73,3,2,276.24,Wednesday,False,False
m-006,2025-10-09,1095.67,7,4,156.52,Thursday,False,False
m-006,2025-10-10,503.28,3,3,167.76,Friday,False,False
m-006,2025-10-11,344.96,4,2,86.24,Saturday,True,False
m-006,2025-10-12,838.33,4,3,209.58,Sunday,True,False
m-006,2025-10-14,293.61,2,1,146.8,Tuesday,False,False
m-006,2025-10-15,295.45,2,2,147.73,Wednesday,False,False
m-006,2025-10-16,718.12,4,3,179.53,Thursday,False,False
m-006,2025-10-17,467.01,4,3,116.75,Friday,False,False
m-006,2025-10-18,977.3,7,5,139.61,Saturday,True,False
m-006,2025-10-19,581.07,5,4,116.21,Sunday,True,False
m-006,2025-10-20,975.46,7,5,139.35,Monday,False,True
m-006,2025-10-21,681.85,5,4,136.37,Tuesday,False,True
m-006,2025-10-22,995.98,6,4,166.0,Wednesday,False,True
m-006,2025-10-23,581.07,5,3,116.21,Thursday,False,False
m-006,2025-10-24,716.28,4,2,179.07,Friday,False,False
m-006,2025-10-25,171.56,2,2,85.78,Saturday,True,False
m-006,2025-10-26,1109.18,6,2,184.86,Sunday,True,False
m-006,2025-10-27,925.95,5,4,185.19,Monday,False,False
m-006,2025-10-28,398.07,2,1,199.04,Tuesday,False,False
m-006,2025-10-29,343.12,4,3,85.78,Wednesday,False,False
m-006,2025-10-30,527.88,3,1,175.96,Thursday,False,False
m-006,2025-10-31,112.22,1,1,112.22,Friday,False,False
m-006,2025-11-01,1158.38,6,6,193.06,Saturday,True,False
m-006,2025-11-02,802.06,5,3,160.41,Sunday,True,False
m-006,2025-11-03,839.94,6,4,139.99,Monday,False,False
m-006,2025-11-04,398.07,2,1,199.04,Tuesday,False,False
m-006,2025-11-05,1200.13,7,4,171.45,Wednesday,False,False
m-006,2025-11-06,381.23,3,3,127.08,Thursday,False,False
m-006,2025-11-07,87.62,1,0,87.62,Friday,False,False
m-006,2025-11-08,518.28,2,1,259.14,Saturday,True,False
m-006,2025-11-09,880.08,5,5,176.02,Sunday,True,False
m-006,2025-11-10,1003.97,5,4,200.79,Monday,False,False
m-006,2025-11-11,199.84,2,1,99.92,Tuesday,False,False
m-006,2025-11-12,287.46,3,2,95.82,Wednesday,False,False
m-006,2025-11-13,199.84,2,2,99.92,Thursday,False,False
m-006,2025-11-14,1513.17,9,5,168.13,Friday,False,False
m-006,2025-11-15,1018.74,6,6,169.79,Saturday,True,False
m-006,2025-11-16,285.62,3,2,95.21,Sunday,True,False
m-006,2025-11-17,293.61,2,1,146.8,Monday,False,False
m-006,2025-11-18,257.34,3,2,85.78,Tuesday,False,False
m-006,2025-11-19,112.22,1,1,112.22,Wednesday,False,False
m-006,2025-11-20,1000.29,5,4,200.06,Thursday,False,False
m-006,2025-11-21,880.08,5,5,176.02,Friday,False,False
m-006,2025-11-22,708.06,7,7,101.15,Saturday,True,False
m-006,2025-11-23,569.4,6,5,94.9,Sunday,True,False
m-006,2025-11-25,691.68,4,3,172.92,Tuesday,False,False
m-006,2025-11-26,594.23,4,3,148.56,Wednesday,False,False
m-006,2025-11-27,283.78,3,3,94.59,Thursday,False,False
m-006,2025-11-28,171.56,2,1,85.78,Friday,False,False
m-006,2025-11-29,589.06,4,4,147.27,Saturday,True,False
m-006,2025-11-30,432.27,3,2,144.09,Sunday,True,False
m-006,2025-12-01,706.68,3,2,235.56,Monday,False,False
m-006,2025-12-02,2060.51,8,5,257.56,Tuesday,False,False
m-006,2025-12-03,320.05,2,2,160.02,Wednesday,False,False
m-006,2025-12-04,581.07,5,4,116.21,Thursday,False,False
m-006,2025-12-05,285.62,3,2,95.21,Friday,False,False
m-006,2025-12-06,285.62,3,2,95.21,Saturday,True,False
m-006,2025-12-07,620.9,2,2,310.45,Sunday,True,False
m-006,2025-12-08,85.78,1,1,85.78,Monday,False,False
m-006,2025-12-09,283.78,3,2,94.59,Tuesday,False,False
m-006,2025-12-10,405.83,3,1,135.28,Wednesday,False,False
m-006,2025-12-11,85.78,1,1,85.78,Thursday,False,False
m-006,2025-12-12,398.07,2,1,199.04,Friday,False,False
m-006,2025-12-13,718.12,4,1,179.53,Saturday,True,False
m-006,2025-12-14,828.73,3,2,276.24,Sunday,True,False
m-006,2025-12-15,173.4,2,1,86.7,Monday,False,False
m-006,2025-12-16,581.07,5,5,116.21,Tuesday,False,False
m-006,2025-12-17,1000.29,5,5,200.06,Wednesday,False,False
m-006,2025-12-18,112.22,1,1,112.22,Thursday,False,False
m-006,2025-12-19,398.07,2,1,199.04,Friday,False,False
m-006,2025-12-20,803.9,5,5,160.78,Saturday,True,False
m-006,2025-12-21,2731.46,6,6,455.24,Sunday,True,False
m-006,2025-12-22,285.62,3,1,95.21,Monday,False,False
m-006,2025-12-23,916.35,4,3,229.09,Tuesday,False,False
m-006,2025-12-25,398.07,2,1,199.04,Thursday,False,True
m-006,2025-12-26,1173.69,7,5,167.67,Friday,False,False
m-006,2025-12-27,467.01,4,2,116.75,Saturday,True,False
m-006,2025-12-28,727.72,5,2,145.54,Sunday,True,False
m-006,2025-12-29,579.23,5,4,115.85,Monday,False,False
m-006,2025-12-30,932.96,5,4,186.59,Tuesday,False,False
m-006,2025-12-31,1018.74,6,2,169.79,Wednesday,False,True
m-006,2026-01-01,1053.17,5,3,210.63,Thursday,False,True
m-006,2026-01-02,613.66,4,4,153.42,Friday,False,False
m-006,2026-01-03,1224.96,5,3,244.99,Saturday,True,False
m-006,2026-01-04,1220.42,8,8,152.55,Sunday,True,False
m-006,2026-01-05,589.06,4,4,147.27,Monday,False,False
m-006,2026-01-07,482.01,3,2,160.67,Wednesday,False,False
m-006,2026-01-08,293.61,2,1,146.8,Thursday,False,False
m-006,2026-01-09,1339.02,6,4,223.17,Friday,False,False
m-006,2026-01-10,173.4,2,1,86.7,Saturday,True,False
m-006,2026-01-11,990.46,6,4,165.08,Sunday,True,False
m-006,2026-01-12,310.45,1,1,310.45,Monday,False,False
m-006,2026-01-13,596.07,4,4,149.02,Tuesday,False,False
m-006,2026-01-14,383.07,3,2,127.69,Wednesday,False,True
m-006,2026-01-15,310.45,1,1,310.45,Thursday,False,False
m-006,2026-01-16,693.52,4,4,173.38,Friday,False,False
m-006,2026-01-17,691.68,4,3,172.92,Saturday,True,False
m-006,2026-01-18,865.08,6,3,144.18,Sunday,True,False
m-006,2026-01-19,112.22,1,0,112.22,Monday,False,False
m-006,2026-01-20,310.45,1,1,310.45,Tuesday,False,False
m-006,2026-01-21,1141.77,5,3,228.35,Wednesday,False,False
m-006,2026-01-22,381.23,3,2,127.08,Thursday,False,False
m-006,2026-01-23,605.9,3,3,201.97,Friday,False,False
m-006,2026-01-24,1104.75,5,4,220.95,Saturday,True,False
m-006,2026-01-25,396.23,2,2,198.12,Sunday,True,False
m-006,2026-01-26,293.61,2,2,146.8,Monday,False,False
m-006,2026-01-27,405.83,3,0,135.28,Tuesday,False,False
m-006,2026-01-28,398.07,2,2,199.04,Wednesday,False,False
m-006,2026-01-29,716.28,4,2,179.07,Thursday,False,False
m-006,2026-01-30,866.92,6,4,144.49,Friday,False,False
m-006,2026-01-31,620.9,2,2,310.45,Saturday,True,False
m-006,2026-02-01,794.3,4,4,198.58,Sunday,True,False
m-006,2026-02-02,285.62,3,2,95.21,Monday,False,False
m-006,2026-02-03,501.44,3,3,167.15,Tuesday,False,False
m-006,2026-02-04,1148.78,5,4,229.76,Wednesday,False,False
m-006,2026-02-05,579.23,5,2,115.85,Thursday,False,False
m-006,2026-02-06,777.46,5,3,155.49,Friday,False,False
m-006,2026-02-07,518.28,2,2,259.14,Saturday,True,False
m-006,2026-02-08,706.68,3,3,235.56,Sunday,True,False
m-006,2026-02-09,1026.73,5,2,205.35,Monday,False,False
m-006,2026-02-10,383.07,3,2,127.69,Tuesday,False,False
m-006,2026-02-11,112.22,1,1,112.22,Wednesday,False,False
m-006,2026-02-12,398.07,2,2,199.04,Thursday,False,False
m-006,2026-02-13,199.84,2,1,99.92,Friday,False,False
m-006,2026-02-14,596.07,4,3,149.02,Saturday,True,False
m-006,2026-02-15,379.39,3,0,126.46,Sunday,True,False
m-006,2026-02-16,828.5,5,5,165.7,Monday,False,False
m-006,2026-02-17,734.73,5,4,146.95,Tuesday,False,False
m-006,2026-02-18,87.62,1,1,87.62,Wednesday,False,False
m-006,2026-02-19,640.1,4,1,160.02,Thursday,False,False
m-006,2026-02-20,1398.36,7,6,199.77,Friday,False,False
m-006,2026-02-21,681.85,5,3,136.37,Saturday,True,False
m-006,2026-02-22,491.61,4,1,122.9,Sunday,True,False
m-006,2026-02-23,398.07,2,1,199.04,Monday,False,False
m-006,2026-02-24,422.67,2,1,211.33,Tuesday,False,False
m-006,2026-02-25,310.45,1,1,310.45,Wednesday,False,False
m-006,2026-02-26,293.61,2,0,146.8,Thursday,False,False
m-006,2026-02-27,85.78,1,1,85.78,Friday,False,False
m-006,2026-02-28,283.78,3,1,94.59,Saturday,True,False
m-006,2026-03-01,381.23,3,2,127.08,Sunday,True,False
m-006,2026-03-02,415.66,2,2,207.83,Monday,False,False
m-006,2026-03-03,569.63,4,3,142.41,Tuesday,False,False
m-006,2026-03-04,811.66,6,5,135.28,Wednesday,False,True
m-006,2026-03-05,1013.57,6,6,168.93,Thursday,False,False
m-006,2026-03-06,285.62,3,3,95.21,Friday,False,False
m-006,2026-03-07,424.28,4,4,106.07,Saturday,True,False
m-006,2026-03-08,1106.36,7,4,158.05,Sunday,True,False
m-006,2026-03-09,173.4,2,1,86.7,Monday,False,False
m-006,2026-03-10,1209.96,6,4,201.66,Tuesday,False,False
m-006,2026-03-11,914.51,4,4,228.63,Wednesday,False,False
m-006,2026-03-12,482.01,3,2,160.67,Thursday,False,False
m-006,2026-03-13,285.62,3,3,95.21,Friday,False,False
m-006,2026-03-14,1017.13,4,4,254.28,Saturday,True,False
m-006,2026-03-15,807.35,7,6,115.34,Sunday,True,False
m-006,2026-03-16,85.78,1,1,85.78,Monday,False,False
m-006,2026-03-17,1502.82,7,2,214.69,Tuesday,False,False
m-006,2026-03-18,495.29,4,3,123.82,Wednesday,False,False
m-006,2026-03-19,293.61,2,2,146.8,Thursday,False,False
m-006,2026-03-20,681.85,5,5,136.37,Friday,False,True
m-006,2026-03-21,865.08,6,2,144.18,Saturday,True,False
m-006,2026-03-22,285.62,3,0,95.21,Sunday,True,False
m-006,2026-03-23,310.45,1,1,310.45,Monday,False,False
m-006,2026-03-24,371.4,4,3,92.85,Tuesday,False,False
m-006,2026-03-25,596.07,4,3,149.02,Wednesday,False,False
m-006,2026-03-26,811.89,4,3,202.97,Thursday,False,False
m-006,2026-03-27,569.63,4,2,142.41,Friday,False,False
m-006,2026-03-28,832.49,7,3,118.93,Saturday,True,False
m-006,2026-03-29,630.5,3,2,210.17,Sunday,True,False
m-006,2026-03-30,534.89,3,2,178.3,Monday,False,False
m-006,2026-03-31,112.22,1,1,112.22,Tuesday,False,False
m-006,2026-04-01,198.0,2,1,99.0,Wednesday,False,False
m-006,2026-04-02,405.83,3,1,135.28,Thursday,False,False
m-006,2026-04-03,803.9,5,4,160.78,Friday,False,False
m-006,2026-04-04,1028.57,5,3,205.71,Saturday,True,False
m-006,2026-04-05,940.95,4,4,235.24,Sunday,True,False
m-006,2026-04-06,175.24,2,2,87.62,Monday,False,False
m-006,2026-04-07,681.85,5,2,136.37,Tuesday,False,False
m-006,2026-04-08,371.4,4,3,92.85,Wednesday,False,False
m-006,2026-04-09,112.22,1,1,112.22,Thursday,False,False
m-006,2026-04-10,665.01,6,4,110.84,Friday,False,False
m-006,2026-04-11,396.23,2,1,198.12,Saturday,True,False
m-006,2026-04-12,397.84,4,4,99.46,Sunday,True,False
m-006,2026-04-13,171.56,2,2,85.78,Monday,False,False
m-006,2026-04-14,1424.57,9,5,158.29,Tuesday,False,False
m-006,2026-04-15,320.05,2,1,160.02,Wednesday,False,False
m-006,2026-04-16,112.22,1,1,112.22,Thursday,False,False
m-006,2026-04-17,85.78,1,1,85.78,Friday,False,False
m-006,2026-04-18,1459.0,8,7,182.38,Saturday,True,False
m-006,2026-04-19,295.45,2,1,147.73,Sunday,True,False
m-006,2026-04-20,468.85,4,4,117.21,Monday,False,False
m-006,2026-04-21,224.44,2,2,112.22,Tuesday,False,False
m-006,2026-04-22,914.28,6,5,152.38,Wednesday,False,False
m-006,2026-04-23,1363.62,6,5,227.27,Thursday,False,False
m-006,2026-04-24,718.12,4,3,179.53,Friday,False,False
m-006,2026-04-25,1011.73,6,6,168.62,Saturday,True,False
m-006,2026-04-26,396.23,2,1,198.12,Sunday,True,False
m-006,2026-04-27,718.12,4,1,179.53,Monday,False,False
m-006,2026-04-28,685.53,5,4,137.11,Tuesday,False,False
m-006,2026-04-29,470.69,4,3,117.67,Wednesday,False,False
m-006,2026-04-30,371.4,4,3,92.85,Thursday,False,False
m-006,2026-05-01,207.83,1,1,207.83,Friday,False,False
m-006,2026-05-02,503.28,3,2,167.76,Saturday,True,False
m-006,2026-05-03,1009.89,6,3,168.32,Sunday,True,False
m-006,2026-05-04,518.28,2,2,259.14,Monday,False,False
m-006,2026-05-05,422.67,2,1,211.33,Tuesday,False,False
m-006,2026-05-06,483.85,3,2,161.28,Wednesday,False,False
m-006,2026-05-07,173.4,2,1,86.7,Thursday,False,False
m-006,2026-05-08,620.9,2,1,310.45,Friday,False,False
m-006,2026-05-09,1444.23,7,4,206.32,Saturday,True,False
m-006,2026-05-10,794.3,4,3,198.58,Sunday,True,False
m-006,2026-05-11,112.22,1,1,112.22,Monday,False,False
m-006,2026-05-12,924.11,5,4,184.82,Tuesday,False,False
m-006,2026-05-13,779.3,5,5,155.86,Wednesday,False,False
m-006,2026-05-14,285.62,3,2,95.21,Thursday,False,False
m-006,2026-05-15,604.06,3,0,201.35,Friday,False,False
m-006,2026-05-16,1226.8,5,1,245.36,Saturday,True,False
m-006,2026-05-17,1324.02,7,4,189.15,Sunday,True,False
m-006,2026-05-18,398.07,2,2,199.04,Monday,False,False
m-006,2026-05-19,493.45,4,3,123.36,Tuesday,False,False
m-006,2026-05-20,207.83,1,1,207.83,Wednesday,False,False
m-006,2026-05-21,620.67,4,2,155.17,Thursday,False,False
m-006,2026-05-22,579.23,5,4,115.85,Friday,False,False
m-006,2026-05-23,87.62,1,1,87.62,Saturday,True,False
m-006,2026-05-24,683.69,5,3,136.74,Sunday,True,False
m-006,2026-05-25,112.22,1,1,112.22,Monday,False,False
m-006,2026-05-26,615.5,4,2,153.88,Tuesday,False,False
m-006,2026-05-27,716.28,4,2,179.07,Wednesday,False,False
m-006,2026-05-28,350.48,4,3,87.62,Thursday,False,False
m-006,2026-05-29,396.23,2,1,198.12,Friday,False,False
m-006,2026-05-30,199.84,2,1,99.92,Saturday,True,False
m-006,2026-05-31,379.39,3,3,126.46,Sunday,True,False
m-006,2026-06-01,581.07,5,5,116.21,Monday,False,False
m-006,2026-06-02,85.78,1,0,85.78,Tuesday,False,False
m-006,2026-06-03,371.4,4,3,92.85,Wednesday,False,False
m-006,2026-06-04,1866.67,11,9,169.7,Thursday,False,False
m-006,2026-06-05,1002.13,5,1,200.43,Friday,False,False
m-006,2026-06-06,857.09,7,5,122.44,Saturday,True,False
m-006,2026-06-07,510.29,3,3,170.1,Sunday,True,False
m-006,2026-06-08,503.28,3,1,167.76,Monday,False,False
m-006,2026-06-09,467.01,4,1,116.75,Tuesday,False,False
m-006,2026-06-10,283.78,3,3,94.59,Wednesday,False,False
m-006,2026-06-11,534.89,3,2,178.3,Thursday,False,False
m-006,2026-06-12,85.78,1,0,85.78,Friday,False,False
m-006,2026-06-13,605.9,3,3,201.97,Saturday,True,False
m-006,2026-06-14,587.22,4,4,146.8,Sunday,True,False
m-006,2026-06-15,518.28,2,2,259.14,Monday,False,False
m-006,2026-06-16,525.72,6,6,87.62,Tuesday,False,False
m-006,2026-06-18,501.44,3,1,167.15,Thursday,False,False
m-006,2026-06-19,383.07,3,3,127.69,Friday,False,False
m-006,2026-06-20,285.62,3,2,95.21,Saturday,True,False
m-006,2026-06-21,519.89,4,2,129.97,Sunday,True,False
m-006,2026-06-22,716.28,4,3,179.07,Monday,False,False
m-006,2026-06-23,597.91,4,3,149.48,Tuesday,False,False
m-006,2026-06-24,1552.25,5,2,310.45,Wednesday,False,False
m-006,2026-06-25,310.45,1,1,310.45,Thursday,False,False
m-006,2026-06-26,990.46,6,5,165.08,Friday,False,False
m-006,2026-06-27,828.73,3,2,276.24,Saturday,True,False
m-006,2026-06-28,293.61,2,0,146.8,Sunday,True,False
m-006,2026-06-29,381.23,3,2,127.08,Monday,False,False
m-006,2026-06-30,283.78,3,2,94.59,Tuesday,False,False
m-006,2026-07-01,733.12,3,3,244.37,Wednesday,False,False
m-006,2026-07-02,994.14,6,4,165.69,Thursday,False,False
m-006,2026-07-03,589.06,4,1,147.27,Friday,False,False
m-006,2026-07-04,604.06,3,2,201.35,Saturday,True,False
m-006,2026-07-05,605.67,5,5,121.13,Sunday,True,False
m-006,2026-07-06,615.5,4,3,153.88,Monday,False,False
m-006,2026-07-07,518.28,2,1,259.14,Tuesday,False,False
m-006,2026-07-08,917.96,6,3,152.99,Wednesday,False,False
m-006,2026-07-09,596.07,4,4,149.02,Thursday,False,False
m-006,2026-07-10,716.28,4,2,179.07,Friday,False,False
m-006,2026-07-11,1028.57,5,2,205.71,Saturday,True,False
m-006,2026-07-12,259.18,3,3,86.39,Sunday,True,False
m-006,2026-07-13,508.45,3,2,169.48,Monday,False,False
m-006,2026-07-14,396.23,2,2,198.12,Tuesday,False,False
m-006,2026-07-15,407.67,3,2,135.89,Wednesday,False,False
m-006,2026-07-16,518.28,2,0,259.14,Thursday,False,False
m-006,2026-07-17,173.4,2,1,86.7,Friday,False,False
m-006,2026-07-18,597.91,4,3,149.48,Saturday,True,False
m-006,2026-07-19,1028.34,7,6,146.91,Sunday,True,False
m-006,2026-07-20,293.61,2,2,146.8,Monday,False,False
m-006,2026-07-21,508.45,3,1,169.48,Tuesday,False,False
m-006,2026-07-22,483.85,3,1,161.28,Wednesday,False,False
m-006,2026-07-23,964.02,6,4,160.67,Thursday,False,False
m-006,2026-07-24,483.85,3,3,161.28,Friday,False,False
m-006,2026-07-25,931.12,5,5,186.22,Saturday,True,False
m-006,2026-07-26,691.68,4,4,172.92,Sunday,True,False
m-006,2026-07-27,344.96,4,3,86.24,Monday,False,False
m-006,2026-07-28,501.44,3,1,167.15,Tuesday,False,False
m-006,2026-07-29,828.73,3,2,276.24,Wednesday,False,False
m-006,2026-07-30,346.8,4,2,86.7,Thursday,False,False
m-006,2026-07-31,415.66,2,2,207.83,Friday,False,False
m-006,2026-08-01,112.22,1,1,112.22,Saturday,True,False
m-006,2026-08-02,432.27,3,1,144.09,Sunday,True,False
m-006,2026-08-03,1341.61,7,3,191.66,Monday,False,False
m-006,2026-08-04,407.67,3,1,135.89,Tuesday,False,False
m-006,2026-08-05,1043.57,4,2,260.89,Wednesday,False,False
m-006,2026-08-07,295.45,2,2,147.73,Friday,False,False
m-006,2026-08-08,336.66,3,2,112.22,Saturday,True,False
m-006,2026-08-09,295.45,2,1,147.73,Sunday,True,False
m-006,2026-08-10,398.07,2,2,199.04,Monday,False,False
m-006,2026-08-11,415.66,2,2,207.83,Tuesday,False,False
m-006,2026-08-12,518.28,2,2,259.14,Wednesday,False,False
m-006,2026-08-13,173.4,2,1,86.7,Thursday,False,False
m-006,2026-08-14,199.84,2,2,99.92,Friday,False,False
m-006,2026-08-15,259.18,3,3,86.39,Saturday,True,True
m-006,2026-08-16,405.83,3,2,135.28,Sunday,True,False
m-006,2026-08-17,310.45,1,1,310.45,Monday,False,False
m-006,2026-08-18,483.85,3,2,161.28,Tuesday,False,False
m-006,2026-08-19,581.07,5,4,116.21,Wednesday,False,False
m-006,2026-08-20,1123.72,9,9,124.86,Thursday,False,False
m-006,2026-08-22,605.9,3,2,201.97,Saturday,True,False
m-006,2026-08-23,87.62,1,1,87.62,Sunday,True,False
m-006,2026-08-24,689.84,4,4,172.46,Monday,False,False
m-006,2026-08-25,491.61,4,4,122.9,Tuesday,False,False
m-006,2026-08-26,483.62,5,2,96.72,Wednesday,False,False
m-006,2026-08-27,397.84,4,2,99.46,Thursday,False,False
m-006,2026-08-28,432.58,5,2,86.52,Friday,False,True
m-006,2026-08-29,708.29,5,4,141.66,Saturday,True,False
m-006,2026-08-30,483.62,5,5,96.72,Sunday,True,False
m-006,2026-08-31,493.45,4,3,123.36,Monday,False,False
m-006,2026-09-01,283.78,3,3,94.59,Tuesday,False,False
m-006,2026-09-02,407.67,3,1,135.89,Wednesday,False,False
m-006,2026-09-03,630.5,3,2,210.17,Thursday,False,False
m-006,2026-09-04,112.22,1,1,112.22,Friday,False,False
m-006,2026-09-05,847.93,5,3,169.59,Saturday,True,False
m-006,2026-09-06,293.61,2,1,146.8,Sunday,True,False
m-006,2026-09-07,407.67,3,2,135.89,Monday,False,False
m-006,2026-09-08,485.69,3,3,161.9,Tuesday,False,False
m-006,2026-09-09,655.41,5,4,131.08,Wednesday,False,False
m-006,2026-09-10,312.06,3,2,104.02,Thursday,False,False
m-006,2026-09-11,681.85,5,5,136.37,Friday,False,False
m-006,2026-09-12,397.84,4,4,99.46,Saturday,True,False
m-006,2026-09-13,1114.35,6,4,185.72,Sunday,True,False
m-006,2026-09-14,398.07,2,0,199.04,Monday,False,False
m-006,2026-09-15,605.9,3,3,201.97,Tuesday,False,False
m-006,2026-09-16,615.5,4,4,153.88,Wednesday,False,False
m-006,2026-09-17,87.62,1,1,87.62,Thursday,False,False
m-007,2025-09-18,1314.17,1,0,1314.17,Thursday,False,False
m-007,2025-09-19,2460.84,4,2,615.21,Friday,False,False
m-007,2025-09-20,1357.85,1,1,1357.85,Saturday,True,False
m-007,2025-09-21,486.95,1,1,486.95,Sunday,True,False
m-007,2025-09-23,6259.25,6,5,1043.21,Tuesday,False,False
m-007,2025-09-24,7630.17,8,6,953.77,Wednesday,False,False
m-007,2025-09-25,3542.55,3,2,1180.85,Thursday,False,False
m-007,2025-09-26,3086.54,5,2,617.31,Friday,False,False
m-007,2025-09-27,6238.65,4,4,1559.66,Saturday,True,False
m-007,2025-09-28,486.95,1,0,486.95,Sunday,True,False
m-007,2025-09-29,4926.1,5,3,985.22,Monday,False,False
m-007,2025-09-30,4323.13,4,2,1080.78,Tuesday,False,False
m-007,2025-10-01,4472.52,3,3,1490.84,Wednesday,False,False
m-007,2025-10-02,2634.31,2,2,1317.16,Thursday,False,False
m-007,2025-10-03,10287.5,7,5,1469.64,Friday,False,False
m-007,2025-10-04,1139.08,1,1,1139.08,Saturday,True,False
m-007,2025-10-05,2575.6,3,2,858.53,Sunday,True,False
m-007,2025-10-06,4743.24,7,6,677.61,Monday,False,False
m-007,2025-10-07,2866.77,4,2,716.69,Tuesday,False,False
m-007,2025-10-08,3773.39,3,3,1257.8,Wednesday,False,False
m-007,2025-10-09,3301.07,4,3,825.27,Thursday,False,False
m-007,2025-10-10,2634.31,2,2,1317.16,Friday,False,False
m-007,2025-10-11,4273.97,5,5,854.79,Saturday,True,False
m-007,2025-10-12,4196.3,5,2,839.26,Sunday,True,False
m-007,2025-10-13,1869.88,2,0,934.94,Monday,False,False
m-007,2025-10-14,1041.57,3,2,347.19,Tuesday,False,False
m-007,2025-10-15,1626.03,2,2,813.02,Wednesday,False,False
m-007,2025-10-16,4053.58,3,1,1351.19,Thursday,False,False
m-007,2025-10-17,1875.12,4,2,468.78,Friday,False,False
m-007,2025-10-18,4614.24,4,3,1153.56,Saturday,True,False
m-007,2025-10-19,2923.46,4,1,730.86,Sunday,True,False
m-007,2025-10-20,3741.72,2,1,1870.86,Monday,False,True
m-007,2025-10-21,9254.81,7,6,1322.12,Tuesday,False,True
m-007,2025-10-22,4121.61,5,3,824.32,Wednesday,False,True
m-007,2025-10-23,2192.66,3,2,730.89,Thursday,False,False
m-007,2025-10-24,3842.77,4,3,960.69,Friday,False,False
m-007,2025-10-25,5639.16,6,6,939.86,Saturday,True,False
m-007,2025-10-26,12638.0,9,8,1404.22,Sunday,True,False
m-007,2025-10-27,1314.17,1,1,1314.17,Monday,False,False
m-007,2025-10-28,5003.15,4,2,1250.79,Tuesday,False,False
m-007,2025-10-29,6726.6,6,5,1121.1,Wednesday,False,False
m-007,2025-10-30,6724.98,4,4,1681.24,Thursday,False,False
m-007,2025-10-31,6623.85,6,2,1103.98,Friday,False,False
m-007,2025-11-01,2914.5,2,1,1457.25,Saturday,True,False
m-007,2025-11-02,7152.13,7,6,1021.73,Sunday,True,False
m-007,2025-11-03,6656.22,4,2,1664.06,Monday,False,False
m-007,2025-11-04,2007.88,3,3,669.29,Tuesday,False,False
m-007,2025-11-05,3974.18,4,2,993.54,Wednesday,False,False
m-007,2025-11-06,2959.8,4,3,739.95,Thursday,False,False
m-007,2025-11-07,937.56,2,2,468.78,Friday,False,False
m-007,2025-11-08,3642.25,6,2,607.04,Saturday,True,False
m-007,2025-11-09,5271.33,5,5,1054.27,Sunday,True,False
m-007,2025-11-10,1358.85,2,2,679.42,Monday,False,False
m-007,2025-11-11,9440.68,6,3,1573.45,Tuesday,False,False
m-007,2025-11-12,1727.69,3,1,575.9,Wednesday,False,False
m-007,2025-11-13,3121.26,3,3,1040.42,Thursday,False,False
m-007,2025-11-14,2427.55,1,0,2427.55,Friday,False,False
m-007,2025-11-15,8427.59,7,5,1203.94,Saturday,True,False
m-007,2025-11-16,8421.73,4,2,2105.43,Sunday,True,False
m-007,2025-11-17,6246.24,6,6,1041.04,Monday,False,False
m-007,2025-11-18,1314.17,1,0,1314.17,Tuesday,False,False
m-007,2025-11-19,2427.55,1,1,2427.55,Wednesday,False,False
m-007,2025-11-20,5978.06,5,5,1195.61,Thursday,False,False
m-007,2025-11-21,2716.7,3,2,905.57,Friday,False,False
m-007,2025-11-22,4576.53,4,2,1144.13,Saturday,True,False
m-007,2025-11-24,3749.31,4,3,937.33,Monday,False,False
m-007,2025-11-25,5733.95,5,5,1146.79,Tuesday,False,False
m-007,2025-11-27,2400.42,5,4,480.08,Thursday,False,False
m-007,2025-11-28,4722.96,4,3,1180.74,Friday,False,False
m-007,2025-11-29,1985.9,2,1,992.95,Saturday,True,False
m-007,2025-11-30,2496.93,2,1,1248.46,Sunday,True,False
m-007,2025-12-02,206.76,1,1,206.76,Tuesday,False,False
m-007,2025-12-03,1139.08,1,1,1139.08,Wednesday,False,False
m-007,2025-12-04,3948.48,3,2,1316.16,Thursday,False,False
m-007,2025-12-05,4900.4,4,2,1225.1,Friday,False,False
m-007,2025-12-06,1358.85,2,2,679.42,Saturday,True,False
m-007,2025-12-07,5994.18,3,2,1998.06,Sunday,True,False
m-007,2025-12-08,4055.2,5,5,811.04,Monday,False,False
m-007,2025-12-09,2563.59,4,3,640.9,Tuesday,False,False
m-007,2025-12-10,11780.69,11,7,1070.97,Wednesday,False,False
m-007,2025-12-11,6644.82,7,5,949.26,Thursday,False,False
m-007,2025-12-12,7528.12,5,1,1505.62,Friday,False,False
m-007,2025-12-13,2427.55,1,1,2427.55,Saturday,True,False
m-007,2025-12-14,2715.7,2,1,1357.85,Sunday,True,False
m-007,2025-12-15,2496.93,2,2,1248.46,Monday,False,False
m-007,2025-12-16,2148.98,3,1,716.33,Tuesday,False,False
m-007,2025-12-17,1314.17,1,1,1314.17,Wednesday,False,False
m-007,2025-12-18,6550.51,5,4,1310.1,Thursday,False,False
m-007,2025-12-19,5403.14,5,3,1080.63,Friday,False,False
m-007,2025-12-20,628.05,1,0,628.05,Saturday,True,False
m-007,2025-12-21,4516.45,5,3,903.29,Sunday,True,False
m-007,2025-12-22,628.05,1,1,628.05,Monday,False,False
m-007,2025-12-23,2716.7,3,3,905.57,Tuesday,False,False
m-007,2025-12-24,3158.35,2,1,1579.18,Wednesday,False,False
m-007,2025-12-25,4634.99,5,3,927.0,Thursday,False,True
m-007,2025-12-27,4784.38,4,2,1196.1,Saturday,True,False
m-007,2025-12-28,7942.73,6,3,1323.79,Sunday,True,False
m-007,2025-12-29,2497.93,3,1,832.64,Monday,False,False
m-007,2025-12-30,3641.25,5,4,728.25,Tuesday,False,False
m-007,2025-12-31,8868.9,10,8,886.89,Wednesday,False,True
m-007,2026-01-01,10347.83,8,7,1293.48,Thursday,False,True
m-007,2026-01-02,3288.06,4,3,822.02,Friday,False,False
m-007,2026-01-03,4260.34,4,2,1065.08,Saturday,True,False
m-007,2026-01-04,6730.22,6,4,1121.7,Sunday,True,False
m-007,2026-01-05,1358.85,2,2,679.42,Monday,False,False
m-007,2026-01-06,3683.65,3,3,1227.88,Tuesday,False,False
m-007,2026-01-07,2940.2,3,2,980.07,Wednesday,False,False
m-007,2026-01-08,6593.46,7,6,941.92,Thursday,False,False
m-007,2026-01-09,5176.54,6,4,862.76,Friday,False,False
m-007,2026-01-10,8642.12,6,4,1440.35,Saturday,True,False
m-007,2026-01-11,1357.85,1,0,1357.85,Sunday,True,False
m-007,2026-01-12,4091.2,5,4,818.24,Monday,False,False
m-007,2026-01-13,1139.08,1,1,1139.08,Tuesday,False,False
m-007,2026-01-14,4156.86,6,3,692.81,Wednesday,False,True
m-007,2026-01-15,6549.78,7,5,935.68,Thursday,False,False
m-007,2026-01-16,5836.96,5,2,1167.39,Friday,False,False
m-007,2026-01-17,1973.89,3,2,657.96,Saturday,True,False
m-007,2026-01-18,3624.0,4,3,906.0,Sunday,True,False
m-007,2026-01-19,2494.83,4,3,623.71,Monday,False,False
m-007,2026-01-20,730.8,1,1,730.8,Tuesday,False,False
m-007,2026-01-21,4999.1,6,4,833.18,Wednesday,False,False
m-007,2026-01-22,2278.16,2,2,1139.08,Thursday,False,False
m-007,2026-01-23,7281.31,6,6,1213.55,Friday,False,False
m-007,2026-01-24,730.8,1,0,730.8,Saturday,True,False
m-007,2026-01-25,1345.84,2,1,672.92,Sunday,True,False
m-007,2026-01-26,1314.17,1,1,1314.17,Monday,False,False
m-007,2026-01-27,6506.83,5,4,1301.37,Tuesday,False,False
m-007,2026-01-28,3184.05,3,3,1061.35,Wednesday,False,False
m-007,2026-01-29,693.71,2,2,346.86,Thursday,False,False
m-007,2026-01-30,4439.15,4,2,1109.79,Friday,False,False
m-007,2026-01-31,2672.02,2,2,1336.01,Saturday,True,False
m-007,2026-02-01,3158.35,2,1,1579.18,Sunday,True,False
m-007,2026-02-02,1743.05,3,3,581.02,Monday,False,False
m-007,2026-02-03,5169.95,5,3,1033.99,Tuesday,False,False
m-007,2026-02-04,4429.46,4,2,1107.36,Wednesday,False,False
m-007,2026-02-05,3332.74,5,4,666.55,Thursday,False,False
m-007,2026-02-06,6073.47,5,4,1214.69,Friday,False,False
m-007,2026-02-07,2660.01,3,3,886.67,Saturday,True,False
m-007,2026-02-08,3566.63,2,2,1783.32,Sunday,True,False
m-007,2026-02-10,3538.5,5,4,707.7,Tuesday,False,False
m-007,2026-02-11,5899.75,5,2,1179.95,Wednesday,False,False
m-007,2026-02-12,5656.9,6,3,942.82,Thursday,False,False
m-007,2026-02-13,5993.45,5,4,1198.69,Friday,False,False
m-007,2026-02-14,5679.61,5,5,1135.92,Saturday,True,False
m-007,2026-02-15,12556.61,9,5,1395.18,Sunday,True,False
m-007,2026-02-16,2914.5,2,2,1457.25,Monday,False,False
m-007,2026-02-17,1314.17,1,1,1314.17,Tuesday,False,False
m-007,2026-02-18,1358.85,2,1,679.42,Wednesday,False,False
m-007,2026-02-19,7550.86,7,2,1078.69,Thursday,False,False
m-007,2026-02-20,4264.06,4,3,1066.01,Friday,False,False
m-007,2026-02-21,6501.1,4,4,1625.28,Saturday,True,False
m-007,2026-02-22,10239.4,10,7,1023.94,Sunday,True,False
m-007,2026-02-23,628.05,1,1,628.05,Monday,False,False
m-007,2026-02-24,3470.83,4,2,867.71,Tuesday,False,False
m-007,2026-02-25,1832.79,3,2,610.93,Wednesday,False,False
m-007,2026-02-26,1217.75,2,2,608.88,Thursday,False,False
m-007,2026-02-27,3566.63,2,2,1783.32,Friday,False,False
m-007,2026-02-28,3641.25,5,4,728.25,Saturday,True,False
m-007,2026-03-01,5922.73,7,5,846.1,Sunday,True,False
m-007,2026-03-02,1314.17,1,0,1314.17,Monday,False,False
m-007,2026-03-03,3566.63,2,2,1783.32,Tuesday,False,False
m-007,2026-03-04,3121.26,3,3,1040.42,Wednesday,False,True
m-007,2026-03-05,2458.49,4,2,614.62,Thursday,False,False
m-007,2026-03-06,2575.6,3,3,858.53,Friday,False,False
m-007,2026-03-07,2600.68,3,1,866.89,Saturday,True,False
m-007,2026-03-08,2496.93,2,2,1248.46,Sunday,True,False
m-007,2026-03-09,2660.01,3,3,886.67,Monday,False,False
m-007,2026-03-10,1808.71,4,2,452.18,Tuesday,False,False
m-007,2026-03-11,8534.06,7,5,1219.15,Wednesday,False,False
m-007,2026-03-12,3741.72,2,2,1870.86,Thursday,False,False
m-007,2026-03-13,730.8,1,1,730.8,Friday,False,False
m-007,2026-03-14,5483.15,3,3,1827.72,Saturday,True,False
m-007,2026-03-15,2332.75,4,3,583.19,Sunday,True,False
m-007,2026-03-16,2473.85,4,3,618.46,Monday,False,False
m-007,2026-03-17,1985.9,2,0,992.95,Tuesday,False,False
m-007,2026-03-18,3528.81,5,4,705.76,Wednesday,False,False
m-007,2026-03-19,2575.6,3,2,858.53,Thursday,False,False
m-007,2026-03-20,9761.49,9,7,1084.61,Friday,False,True
m-007,2026-03-21,4194.68,3,3,1398.23,Saturday,True,False
m-007,2026-03-22,3434.49,4,2,858.62,Sunday,True,False
m-007,2026-03-23,730.8,1,1,730.8,Monday,False,False
m-007,2026-03-24,3300.07,3,3,1100.02,Tuesday,False,False
m-007,2026-03-26,2496.93,2,2,1248.46,Thursday,False,False
m-007,2026-03-27,3934.45,5,3,786.89,Friday,False,False
m-007,2026-03-28,3055.6,2,2,1527.8,Saturday,True,False
m-007,2026-03-29,1520.93,2,2,760.46,Sunday,True,False
m-007,2026-03-30,7150.51,5,3,1430.1,Monday,False,False
m-007,2026-03-31,973.9,2,1,486.95,Tuesday,False,False
m-007,2026-04-01,834.81,2,1,417.4,Wednesday,False,False
m-007,2026-04-02,1357.85,1,0,1357.85,Thursday,False,False
m-007,2026-04-03,1345.84,2,1,672.92,Friday,False,False
m-007,2026-04-04,6724.98,4,4,1681.24,Saturday,True,False
m-007,2026-04-05,4504.19,4,2,1126.05,Sunday,True,False
m-007,2026-04-06,2427.55,1,1,2427.55,Monday,False,False
m-007,2026-04-07,206.76,1,1,206.76,Tuesday,False,False
m-007,2026-04-08,1743.05,3,2,581.02,Wednesday,False,False
m-007,2026-04-09,5132.24,5,5,1026.45,Thursday,False,False
m-007,2026-04-10,3328.02,4,4,832.01,Friday,False,False
m-007,2026-04-11,7917.65,6,5,1319.61,Saturday,True,False
m-007,2026-04-12,6866.7,5,5,1373.34,Sunday,True,False
m-007,2026-04-13,2716.7,3,2,905.57,Monday,False,False
m-007,2026-04-14,5897.03,6,4,982.84,Tuesday,False,False
m-007,2026-04-15,4498.22,4,1,1124.56,Wednesday,False,False
m-007,2026-04-17,6944.75,5,4,1388.95,Friday,False,False
m-007,2026-04-18,6388.34,7,4,912.62,Saturday,True,False
m-007,2026-04-19,14766.09,7,5,2109.44,Sunday,True,False
m-007,2026-04-20,1626.03,2,1,813.02,Monday,False,False
m-007,2026-04-21,1771.37,3,2,590.46,Tuesday,False,False
m-007,2026-04-22,1314.17,1,0,1314.17,Wednesday,False,False
m-007,2026-04-23,3566.63,2,1,1783.32,Thursday,False,False
m-007,2026-04-24,4912.47,4,4,1228.12,Friday,False,False
m-007,2026-04-25,3948.48,3,2,1316.16,Saturday,True,False
m-007,2026-04-26,4994.86,5,4,998.97,Sunday,True,False
m-007,2026-04-27,1668.36,3,3,556.12,Monday,False,False
m-007,2026-04-28,2531.92,3,3,843.97,Tuesday,False,False
m-007,2026-04-29,5540.52,5,4,1108.1,Wednesday,False,False
m-007,2026-04-30,3469.12,4,3,867.28,Thursday,False,False
m-007,2026-05-01,8245.91,6,5,1374.32,Friday,False,False
m-007,2026-05-02,6730.84,7,3,961.55,Saturday,True,False
m-007,2026-05-03,1735.28,5,3,347.06,Sunday,True,False
m-007,2026-05-04,3158.97,3,3,1052.99,Monday,False,False
m-007,2026-05-05,3934.45,5,3,786.89,Tuesday,False,False
m-007,2026-05-06,1139.08,1,1,1139.08,Wednesday,False,False
m-007,2026-05-07,3158.35,2,2,1579.18,Thursday,False,False
m-007,2026-05-08,4516.2,3,2,1505.4,Friday,False,False
m-007,2026-05-09,3402.82,3,1,1134.27,Saturday,True,False
m-007,2026-05-10,4760.67,4,2,1190.17,Sunday,True,False
m-007,2026-05-11,628.05,1,1,628.05,Monday,False,False
m-007,2026-05-12,3566.63,2,2,1783.32,Tuesday,False,False
m-007,2026-05-13,3542.55,3,3,1180.85,Wednesday,False,False
m-007,2026-05-14,4576.53,4,4,1144.13,Thursday,False,False
m-007,2026-05-15,2288.07,3,1,762.69,Friday,False,False
m-007,2026-05-16,6180.58,5,4,1236.12,Saturday,True,False
m-007,2026-05-17,4076.81,6,5,679.47,Sunday,True,False
m-007,2026-05-18,1115.0,2,2,557.5,Monday,False,False
m-007,2026-05-19,1139.08,1,1,1139.08,Tuesday,False,False
m-007,2026-05-21,1314.17,1,1,1314.17,Thursday,False,False
m-007,2026-05-22,1844.8,2,2,922.4,Friday,False,False
m-007,2026-05-23,3877.76,5,3,775.55,Saturday,True,False
m-007,2026-05-24,2634.31,2,0,1317.16,Sunday,True,False
m-007,2026-05-25,5099.57,3,2,1699.86,Monday,False,False
m-007,2026-05-26,4395.47,4,1,1098.87,Tuesday,False,False
m-007,2026-05-27,1564.61,2,2,782.3,Wednesday,False,False
m-007,2026-05-28,2356.83,3,0,785.61,Thursday,False,False
m-007,2026-05-29,1973.89,3,3,657.96,Friday,False,False
m-007,2026-05-30,3501.15,6,4,583.52,Saturday,True,False
m-007,2026-05-31,4317.71,6,2,719.62,Sunday,True,False
m-007,2026-06-01,2496.93,2,2,1248.46,Monday,False,False
m-007,2026-06-02,2112.98,3,2,704.33,Tuesday,False,False
m-007,2026-06-04,4401.44,4,4,1100.36,Thursday,False,False
m-007,2026-06-05,2812.94,6,4,468.82,Friday,False,False
m-007,2026-06-06,4467.1,5,4,893.42,Saturday,True,False
m-007,2026-06-07,5675.5,6,4,945.92,Sunday,True,False
m-007,2026-06-08,628.05,1,1,628.05,Monday,False,False
m-007,2026-06-09,1139.08,1,1,1139.08,Tuesday,False,False
m-007,2026-06-10,8872.96,6,3,1478.83,Wednesday,False,False
m-007,2026-06-11,7306.39,6,6,1217.73,Thursday,False,False
m-007,2026-06-12,2044.97,2,1,1022.48,Friday,False,False
m-007,2026-06-13,628.05,1,1,628.05,Saturday,True,False
m-007,2026-06-14,5680.98,5,3,1136.2,Sunday,True,False
m-007,2026-06-15,2983.88,3,3,994.63,Monday,False,False
m-007,2026-06-16,2914.5,2,1,1457.25,Tuesday,False,False
m-007,2026-06-17,693.71,2,2,346.86,Wednesday,False,False
m-007,2026-06-18,8108.53,6,6,1351.42,Thursday,False,False
m-007,2026-06-19,2922.46,3,1,974.15,Friday,False,False
m-007,2026-06-20,2453.25,2,2,1226.62,Saturday,True,False
m-007,2026-06-21,4481.73,7,5,640.25,Sunday,True,False
m-007,2026-06-22,3992.16,3,2,1330.72,Monday,False,False
m-007,2026-06-23,1314.17,1,1,1314.17,Tuesday,False,False
m-007,2026-06-24,3055.6,2,2,1527.8,Wednesday,False,False
m-007,2026-06-25,206.76,1,1,206.76,Thursday,False,False
m-007,2026-06-26,3741.72,2,2,1870.86,Friday,False,False
m-007,2026-06-27,3785.4,2,1,1892.7,Saturday,True,False
m-007,2026-06-28,3809.0,5,4,761.8,Sunday,True,False
m-007,2026-06-29,3359.14,3,1,1119.71,Monday,False,False
m-007,2026-06-30,2007.88,3,2,669.29,Tuesday,False,False
m-007,2026-07-01,7308.35,4,3,1827.09,Wednesday,False,False
m-007,2026-07-03,2453.25,2,2,1226.62,Friday,False,False
m-007,2026-07-04,5657.54,6,5,942.92,Saturday,True,False
m-007,2026-07-05,4260.34,4,2,1065.08,Sunday,True,False
m-007,2026-07-06,4627.16,6,4,771.19,Monday,False,False
m-007,2026-07-07,4824.35,6,5,804.06,Tuesday,False,False
m-007,2026-07-08,5087.56,4,3,1271.89,Wednesday,False,False
m-007,2026-07-09,1358.85,2,2,679.42,Thursday,False,False
m-007,2026-07-10,3571.87,4,3,892.97,Friday,False,False
m-007,2026-07-11,4924.48,3,3,1641.49,Saturday,True,False
m-007,2026-07-12,3446.5,3,3,1148.83,Sunday,True,False
m-007,2026-07-13,3225.63,5,4,645.13,Monday,False,False
m-007,2026-07-14,730.8,1,0,730.8,Tuesday,False,False
m-007,2026-07-15,3785.4,2,1,1892.7,Wednesday,False,False
m-007,2026-07-16,4186.91,5,2,837.38,Thursday,False,False
m-007,2026-07-17,1844.8,2,2,922.4,Friday,False,False
m-007,2026-07-18,2254.08,3,3,751.36,Saturday,True,False
m-007,2026-07-19,2251.73,3,1,750.58,Sunday,True,False
m-007,2026-07-20,1139.08,1,1,1139.08,Monday,False,False
m-007,2026-07-21,3494.82,5,5,698.96,Tuesday,False,False
m-007,2026-07-22,1985.9,2,1,992.95,Wednesday,False,False
m-007,2026-07-23,2295.41,3,1,765.14,Thursday,False,False
m-007,2026-07-24,1564.61,2,2,782.3,Friday,False,False
m-007,2026-07-25,6259.25,6,5,1043.21,Saturday,True,False
m-007,2026-07-26,5978.06,5,3,1195.61,Sunday,True,False
m-007,2026-07-27,7527.12,4,2,1881.78,Monday,False,False
m-007,2026-07-28,628.05,1,1,628.05,Tuesday,False,False
m-007,2026-07-29,1767.13,2,0,883.56,Wednesday,False,False
m-007,2026-07-30,2634.31,2,0,1317.16,Thursday,False,False
m-007,2026-07-31,3087.63,4,3,771.91,Friday,False,False
m-007,2026-08-01,3741.72,2,2,1870.86,Saturday,True,False
m-007,2026-08-02,5412.43,5,2,1082.49,Sunday,True,False
m-007,2026-08-03,6998.11,5,3,1399.62,Monday,False,False
m-007,2026-08-04,4829.68,6,4,804.95,Tuesday,False,False
m-007,2026-08-05,1217.75,2,2,608.88,Wednesday,False,False
m-007,2026-08-07,10942.26,9,7,1215.81,Friday,False,False
m-007,2026-08-08,1767.13,2,2,883.56,Saturday,True,False
m-007,2026-08-09,5047.45,5,4,1009.49,Sunday,True,False
m-007,2026-08-10,1869.88,2,2,934.94,Monday,False,False
m-007,2026-08-11,7106.83,5,5,1421.37,Tuesday,False,False
m-007,2026-08-12,1942.22,2,2,971.11,Wednesday,False,False
m-007,2026-08-13,3124.98,3,3,1041.66,Thursday,False,False
m-007,2026-08-14,834.81,2,1,417.4,Friday,False,False
m-007,2026-08-15,10437.57,8,2,1304.7,Saturday,True,True
m-007,2026-08-16,4299.05,5,1,859.81,Sunday,True,False
m-007,2026-08-17,5771.3,4,3,1442.82,Monday,False,False
m-007,2026-08-18,2251.73,3,3,750.58,Tuesday,False,False
m-007,2026-08-19,3322.05,4,3,830.51,Wednesday,False,False
m-007,2026-08-20,3671.0,4,4,917.75,Thursday,False,False
m-007,2026-08-21,2634.31,2,2,1317.16,Friday,False,False
m-007,2026-08-22,2427.55,1,0,2427.55,Saturday,True,False
m-007,2026-08-24,2052.56,4,2,513.14,Monday,False,False
m-007,2026-08-25,4924.48,3,1,1641.49,Tuesday,False,False
m-007,2026-08-26,2715.7,2,1,1357.85,Wednesday,False,False
m-007,2026-08-27,1358.85,2,1,679.42,Thursday,False,False
m-007,2026-08-28,8535.06,8,5,1066.88,Friday,False,True
m-007,2026-08-29,486.95,1,1,486.95,Saturday,True,False
m-007,2026-08-30,4759.3,4,2,1189.82,Sunday,True,False
m-007,2026-08-31,1801.12,2,1,900.56,Monday,False,False
m-007,2026-09-01,1626.03,2,2,813.02,Tuesday,False,False
m-007,2026-09-02,2007.88,3,0,669.29,Wednesday,False,False
m-007,2026-09-04,486.95,1,0,486.95,Friday,False,False
m-007,2026-09-05,3739.76,4,3,934.94,Saturday,True,False
m-007,2026-09-07,1985.9,2,2,992.95,Monday,False,False
m-007,2026-09-08,206.76,1,0,206.76,Tuesday,False,False
m-007,2026-09-09,1314.17,1,1,1314.17,Wednesday,False,False
m-007,2026-09-10,3816.34,5,5,763.27,Thursday,False,False
m-007,2026-09-11,9178.23,6,4,1529.7,Friday,False,False
m-007,2026-09-12,628.05,1,1,628.05,Saturday,True,False
m-007,2026-09-13,2775.77,3,3,925.26,Sunday,True,False
m-007,2026-09-14,628.05,1,1,628.05,Monday,False,False
m-007,2026-09-15,2634.31,2,1,1317.16,Tuesday,False,False
m-007,2026-09-16,2672.02,2,2,1336.01,Wednesday,False,False
m-007,2026-09-17,3008.96,3,2,1002.99,Thursday,False,False
m-008,2025-09-18,2928.5,3,1,976.17,Thursday,False,False
m-008,2025-09-19,7558.16,5,5,1511.63,Friday,False,False
m-008,2025-09-20,6983.09,6,6,1163.85,Saturday,True,False
m-008,2025-09-21,2774.3,1,1,2774.3,Sunday,True,False
m-008,2025-09-22,5548.6,2,2,2774.3,Monday,False,False
m-008,2025-09-23,532.26,2,2,266.13,Tuesday,False,False
m-008,2025-09-24,7044.5,5,4,1408.9,Wednesday,False,False
m-008,2025-09-25,1207.84,1,1,1207.84,Thursday,False,False
m-008,2025-09-26,6876.39,4,3,1719.1,Friday,False,False
m-008,2025-09-27,3718.71,5,2,743.74,Saturday,True,False
m-008,2025-09-28,6190.33,4,3,1547.58,Sunday,True,False
m-008,2025-09-29,3203.03,4,4,800.76,Monday,False,False
m-008,2025-09-30,4278.66,4,3,1069.66,Tuesday,False,False
m-008,2025-10-01,1986.79,3,2,662.26,Wednesday,False,False
m-008,2025-10-02,7319.09,6,3,1219.85,Thursday,False,False
m-008,2025-10-04,5576.69,3,3,1858.9,Saturday,True,False
m-008,2025-10-05,8438.07,6,5,1406.34,Sunday,True,False
m-008,2025-10-06,5644.19,5,2,1128.84,Monday,False,False
m-008,2025-10-07,5668.55,3,2,1889.52,Tuesday,False,False
m-008,2025-10-08,2774.3,1,1,2774.3,Wednesday,False,False
m-008,2025-10-09,6079.41,5,3,1215.88,Thursday,False,False
m-008,2025-10-10,3114.17,3,3,1038.06,Friday,False,False
m-008,2025-10-11,12640.07,9,7,1404.45,Saturday,True,False
m-008,2025-10-12,2802.39,2,1,1401.2,Sunday,True,False
m-008,2025-10-13,4468.19,4,3,1117.05,Monday,False,False
m-008,2025-10-14,567.43,1,0,567.43,Tuesday,False,False
m-008,2025-10-15,7830.53,5,3,1566.11,Wednesday,False,False
m-008,2025-10-16,6617.74,5,3,1323.55,Thursday,False,False
m-008,2025-10-17,6964.1,4,2,1741.02,Friday,False,False
m-008,2025-10-18,2774.3,1,0,2774.3,Saturday,True,False
m-008,2025-10-19,3160.38,3,3,1053.46,Sunday,True,False
m-008,2025-10-20,7977.11,6,4,1329.52,Monday,False,True
m-008,2025-10-21,13079.21,9,8,1453.25,Tuesday,False,True
m-008,2025-10-22,8438.07,6,6,1406.34,Wednesday,False,True
m-008,2025-10-23,3591.28,2,2,1795.64,Thursday,False,False
m-008,2025-10-24,4158.71,3,2,1386.24,Friday,False,False
m-008,2025-10-25,5272.91,5,3,1054.58,Saturday,True,False
m-008,2025-10-26,5314.88,3,3,1771.63,Sunday,True,False
m-008,2025-10-27,6365.58,3,2,2121.86,Monday,False,False
m-008,2025-10-28,3327.85,5,4,665.57,Tuesday,False,False
m-008,2025-10-29,7236.33,5,4,1447.27,Wednesday,False,False
m-008,2025-10-30,7490.66,3,1,2496.89,Thursday,False,False
m-008,2025-10-31,1677.31,2,2,838.66,Friday,False,False
m-008,2025-11-01,8122.8,7,4,1160.4,Saturday,True,False
m-008,2025-11-02,4202.06,3,2,1400.69,Sunday,True,False
m-008,2025-11-03,5283.79,3,3,1761.26,Monday,False,False
m-008,2025-11-05,12263.15,6,4,2043.86,Wednesday,False,False
m-008,2025-11-06,3673.2,4,4,918.3,Thursday,False,False
m-008,2025-11-07,34819.61,5,5,6963.92,Friday,False,False
m-008,2025-11-08,5321.04,3,3,1773.68,Saturday,True,False
m-008,2025-11-09,8017.44,8,4,1002.18,Sunday,True,False
m-008,2025-11-10,2253.84,2,2,1126.92,Monday,False,False
m-008,2025-11-11,2885.15,3,2,961.72,Tuesday,False,False
m-008,2025-11-12,3068.52,3,2,1022.84,Wednesday,False,False
m-008,2025-11-13,2509.49,2,2,1254.74,Thursday,False,False
m-008,2025-11-14,4549.57,3,1,1516.52,Friday,False,False
m-008,2025-11-15,8635.25,6,3,1439.21,Saturday,True,False
m-008,2025-11-16,7640.08,7,7,1091.44,Sunday,True,False
m-008,2025-11-17,4836.31,3,2,1612.1,Monday,False,False
m-008,2025-11-18,3461.68,3,2,1153.89,Tuesday,False,False
m-008,2025-11-19,1207.84,1,1,1207.84,Wednesday,False,False
m-008,2025-11-20,6144.12,4,0,1536.03,Thursday,False,False
m-008,2025-11-21,5316.12,6,5,886.02,Friday,False,False
m-008,2025-11-22,6102.15,6,4,1017.03,Saturday,True,False
m-008,2025-11-23,4488.8,3,2,1496.27,Sunday,True,False
m-008,2025-11-24,4711.58,4,2,1177.9,Monday,False,False
m-008,2025-11-25,6933.01,4,3,1733.25,Tuesday,False,False
m-008,2025-11-26,1942.06,1,1,1942.06,Wednesday,False,False
m-008,2025-11-27,4716.36,2,1,2358.18,Thursday,False,False
m-008,2025-11-28,5814.73,3,3,1938.24,Friday,False,False
m-008,2025-11-29,1693.89,3,1,564.63,Saturday,True,False
m-008,2025-11-30,5437.99,5,5,1087.6,Sunday,True,False
m-008,2025-12-01,6971.58,6,4,1161.93,Monday,False,False
m-008,2025-12-02,7054.98,6,5,1175.83,Tuesday,False,False
m-008,2025-12-03,4186.8,4,3,1046.7,Wednesday,False,False
m-008,2025-12-04,567.43,1,1,567.43,Thursday,False,False
m-008,2025-12-05,3662.72,3,3,1220.91,Friday,False,False
m-008,2025-12-06,2769.52,3,3,923.17,Saturday,True,False
m-008,2025-12-07,3249.24,4,3,812.31,Sunday,True,False
m-008,2025-12-08,2519.97,3,0,839.99,Monday,False,False
m-008,2025-12-09,3232.66,3,3,1077.55,Tuesday,False,False
m-008,2025-12-11,4836.31,3,3,1612.1,Thursday,False,False
m-008,2025-12-12,2208.19,2,1,1104.1,Friday,False,False
m-008,2025-12-13,5294.27,4,3,1323.57,Saturday,True,False
m-008,2025-12-14,6466.94,6,4,1077.82,Sunday,True,False
m-008,2025-12-15,3842.15,4,3,960.54,Monday,False,False
m-008,2025-12-17,4528.21,4,4,1132.05,Wednesday,False,False
m-008,2025-12-18,2774.3,1,0,2774.3,Thursday,False,False
m-008,2025-12-19,5799.47,4,2,1449.87,Friday,False,False
m-008,2025-12-20,4451.55,3,2,1483.85,Saturday,True,False
m-008,2025-12-21,3894.6,3,3,1298.2,Sunday,True,False
m-008,2025-12-22,4827.21,4,4,1206.8,Monday,False,False
m-008,2025-12-23,3968.26,5,4,793.65,Tuesday,False,False
m-008,2025-12-24,7721.46,6,4,1286.91,Wednesday,False,False
m-008,2025-12-25,7876.04,6,4,1312.67,Thursday,False,True
m-008,2025-12-26,5189.98,3,3,1729.99,Friday,False,False
m-008,2025-12-27,3887.8,4,2,971.95,Saturday,True,False
m-008,2025-12-28,4488.8,3,2,1496.27,Sunday,True,False
m-008,2025-12-29,1720.66,2,1,860.33,Monday,False,False
m-008,2025-12-30,2554.22,4,2,638.56,Tuesday,False,False
m-008,2025-12-31,11094.77,7,4,1584.97,Wednesday,False,True
m-008,2026-01-01,4197.28,5,2,839.46,Thursday,False,True
m-008,2026-01-02,6736.54,5,2,1347.31,Friday,False,False
m-008,2026-01-03,816.98,1,1,816.98,Saturday,True,False
m-008,2026-01-04,6274.41,7,6,896.34,Sunday,True,False
m-008,2026-01-05,1207.84,1,0,1207.84,Monday,False,False
m-008,2026-01-06,11968.57,9,8,1329.84,Tuesday,False,False
m-008,2026-01-07,3662.72,3,2,1220.91,Wednesday,False,False
m-008,2026-01-08,1427.76,2,2,713.88,Thursday,False,False
m-008,2026-01-09,3745.48,4,3,936.37,Friday,False,False
m-008,2026-01-10,8058.22,8,5,1007.28,Saturday,True,False
m-008,2026-01-11,4588.14,5,2,917.63,Sunday,True,False
m-008,2026-01-12,6668.9,4,3,1667.22,Monday,False,False
m-008,2026-01-13,2024.82,2,2,1012.41,Tuesday,False,False
m-008,2026-01-14,4408.26,3,3,1469.42,Wednesday,False,True
m-008,2026-01-15,7475.4,4,4,1868.85,Thursday,False,False
m-008,2026-01-16,7167.3,5,2,1433.46,Friday,False,False
m-008,2026-01-17,2537.64,3,2,845.88,Saturday,True,False
m-008,2026-01-18,3937.25,4,3,984.31,Sunday,True,False
m-008,2026-01-19,5659.39,4,3,1414.85,Monday,False,False
m-008,2026-01-20,816.98,1,0,816.98,Tuesday,False,False
m-008,2026-01-21,1207.84,1,1,1207.84,Wednesday,False,False
m-008,2026-01-22,13455.73,8,5,1681.97,Thursday,False,False
m-008,2026-01-23,9303.18,5,5,1860.64,Friday,False,False
m-008,2026-01-24,7693.77,9,5,854.86,Saturday,True,False
m-008,2026-01-25,7235.01,3,2,2411.67,Sunday,True,False
m-008,2026-01-26,2503.39,2,2,1251.7,Monday,False,False
m-008,2026-01-27,5576.69,3,2,1858.9,Tuesday,False,False
m-008,2026-01-28,9525.26,7,4,1360.75,Wednesday,False,False
m-008,2026-01-29,10010.63,6,3,1668.44,Thursday,False,False
m-008,2026-01-30,6897.84,5,3,1379.57,Friday,False,False
m-008,2026-01-31,8162.84,6,4,1360.47,Saturday,True,False
m-008,2026-02-01,2041.4,3,3,680.47,Sunday,True,False
m-008,2026-02-02,3041.75,4,4,760.44,Monday,False,False
m-008,2026-02-03,3591.28,2,1,1795.64,Tuesday,False,False
m-008,2026-02-04,3550.54,4,4,887.64,Wednesday,False,False
m-008,2026-02-06,1686.41,1,1,1686.41,Friday,False,False
m-008,2026-02-07,3159.68,4,2,789.92,Saturday,True,False
m-008,2026-02-08,10789.98,9,7,1198.89,Sunday,True,False
m-008,2026-02-09,3940.25,3,3,1313.42,Monday,False,False
m-008,2026-02-10,266.13,1,1,266.13,Tuesday,False,False
m-008,2026-02-11,3070.82,3,1,1023.61,Wednesday,False,False
m-008,2026-02-12,5653.29,4,3,1413.32,Thursday,False,False
m-008,2026-02-13,3276.01,3,2,1092.0,Friday,False,False
m-008,2026-02-14,1686.41,1,1,1686.41,Saturday,True,False
m-008,2026-02-15,10407.19,9,7,1156.35,Sunday,True,False
m-008,2026-02-16,3727.81,4,3,931.95,Monday,False,False
m-008,2026-02-17,3977.36,4,1,994.34,Tuesday,False,False
m-008,2026-02-18,2983.11,3,3,994.37,Wednesday,False,False
m-008,2026-02-19,4494.96,3,3,1498.32,Thursday,False,False
m-008,2026-02-20,3900.76,3,2,1300.25,Friday,False,False
m-008,2026-02-21,4919.07,4,3,1229.77,Saturday,True,False
m-008,2026-02-22,4189.8,3,2,1396.6,Sunday,True,False
m-008,2026-02-23,5548.6,2,0,2774.3,Monday,False,False
m-008,2026-02-24,4186.8,4,2,1046.7,Tuesday,False,False
m-008,2026-02-25,3894.6,3,2,1298.2,Wednesday,False,False
m-008,2026-02-26,10681.43,7,4,1525.92,Thursday,False,False
m-008,2026-02-27,9737.42,7,3,1391.06,Friday,False,False
m-008,2026-02-28,4028.19,6,5,671.36,Saturday,True,False
m-008,2026-03-01,8918.42,5,2,1783.68,Sunday,True,False
m-008,2026-03-02,2041.4,3,2,680.47,Monday,False,False
m-008,2026-03-03,816.98,1,1,816.98,Tuesday,False,False
m-008,2026-03-04,7886.77,7,6,1126.68,Wednesday,False,True
m-008,2026-03-05,4202.06,3,3,1400.69,Thursday,False,False
m-008,2026-03-06,3149.9,2,1,1574.95,Friday,False,False
m-008,2026-03-07,3043.13,6,3,507.19,Saturday,True,False
m-008,2026-03-08,2635.6,3,2,878.53,Sunday,True,False
m-008,2026-03-09,3843.44,4,3,960.86,Monday,False,False
m-008,2026-03-10,2519.97,3,2,839.99,Tuesday,False,False
m-008,2026-03-11,1207.84,1,1,1207.84,Wednesday,False,False
m-008,2026-03-12,9650.69,5,3,1930.14,Thursday,False,False
m-008,2026-03-13,6668.9,4,3,1667.22,Friday,False,False
m-008,2026-03-14,9121.13,7,6,1303.02,Saturday,True,False
m-008,2026-03-15,3040.43,2,2,1520.22,Sunday,True,False
m-008,2026-03-16,3628.47,2,2,1814.24,Monday,False,False
m-008,2026-03-17,816.98,1,1,816.98,Tuesday,False,False
m-008,2026-03-18,5548.6,2,2,2774.3,Wednesday,False,False
m-008,2026-03-19,2252.92,4,4,563.23,Thursday,False,False
m-008,2026-03-20,6644.54,6,4,1107.42,Friday,False,True
m-008,2026-03-21,10078.21,7,6,1439.74,Saturday,True,False
m-008,2026-03-22,4504.68,5,4,900.94,Sunday,True,False
m-008,2026-03-23,7183.88,6,4,1197.31,Monday,False,False
m-008,2026-03-24,6964.1,4,4,1741.02,Tuesday,False,False
m-008,2026-03-25,6522.72,4,4,1630.68,Wednesday,False,False
m-008,2026-03-26,4580.66,3,3,1526.89,Thursday,False,False
m-008,2026-03-27,3982.14,2,0,1991.07,Friday,False,False
m-008,2026-03-28,4150.25,3,2,1383.42,Saturday,True,False
m-008,2026-03-29,3966.88,3,1,1322.29,Sunday,True,False
m-008,2026-03-30,1951.84,3,2,650.61,Monday,False,False
m-008,2026-03-31,5543.82,4,3,1385.96,Tuesday,False,False
m-008,2026-04-01,4717.74,4,4,1179.44,Wednesday,False,False
m-008,2026-04-02,1427.76,2,0,713.88,Thursday,False,False
m-008,2026-04-03,2774.3,1,1,2774.3,Friday,False,False
m-008,2026-04-04,4577.66,4,3,1144.42,Saturday,True,False
m-008,2026-04-05,9634.45,8,5,1204.31,Sunday,True,False
m-008,2026-04-06,266.13,1,1,266.13,Monday,False,False
m-008,2026-04-09,6476.43,5,4,1295.29,Thursday,False,False
m-008,2026-04-10,6564.45,7,3,937.78,Friday,False,False
m-008,2026-04-11,1083.11,2,2,541.56,Saturday,True,False
m-008,2026-04-12,5581.01,4,3,1395.25,Sunday,True,False
m-008,2026-04-13,4596.54,5,4,919.31,Monday,False,False
m-008,2026-04-14,4827.21,4,3,1206.8,Tuesday,False,False
m-008,2026-04-15,3717.33,3,2,1239.11,Wednesday,False,False
m-008,2026-04-16,2503.39,2,0,1251.7,Thursday,False,False
m-008,2026-04-17,4102.09,3,2,1367.36,Friday,False,False
m-008,2026-04-18,5604.78,4,3,1401.2,Saturday,True,False
m-008,2026-04-19,6194.09,5,3,1238.82,Sunday,True,False
m-008,2026-04-21,816.98,1,0,816.98,Tuesday,False,False
m-008,2026-04-22,4726.84,3,2,1575.61,Wednesday,False,False
m-008,2026-04-23,1384.41,2,1,692.2,Thursday,False,False
m-008,2026-04-24,1942.06,1,1,1942.06,Friday,False,False
m-008,2026-04-25,2774.3,1,1,2774.3,Saturday,True,False
m-008,2026-04-26,2812.87,3,3,937.62,Sunday,True,False
m-008,2026-04-27,6355.93,5,3,1271.19,Monday,False,False
m-008,2026-04-28,4195.9,3,2,1398.63,Tuesday,False,False
m-008,2026-04-29,5012.88,4,3,1253.22,Wednesday,False,False
m-008,2026-04-30,3857.41,3,2,1285.8,Thursday,False,False
m-008,2026-05-01,5702.8,4,2,1425.7,Friday,False,False
m-008,2026-05-02,11207.99,6,4,1868.0,Saturday,True,False
m-008,2026-05-03,12022.04,9,7,1335.78,Sunday,True,False
m-008,2026-05-04,1126.46,2,0,563.23,Monday,False,False
m-008,2026-05-05,6116.03,3,2,2038.68,Tuesday,False,False
m-008,2026-05-06,567.43,1,1,567.43,Wednesday,False,False
m-008,2026-05-07,4359.12,5,3,871.82,Thursday,False,False
m-008,2026-05-09,1686.41,1,0,1686.41,Saturday,True,False
m-008,2026-05-10,1775.27,2,1,887.64,Sunday,True,False
m-008,2026-05-11,7568.72,5,2,1513.74,Monday,False,False
m-008,2026-05-12,5543.82,4,4,1385.96,Tuesday,False,False
m-008,2026-05-13,4817.02,6,4,802.84,Wednesday,False,False
m-008,2026-05-14,266.13,1,0,266.13,Thursday,False,False
m-008,2026-05-15,2041.4,3,0,680.47,Friday,False,False
m-008,2026-05-16,3025.17,3,2,1008.39,Saturday,True,False
m-008,2026-05-17,9916.12,7,3,1416.59,Sunday,True,False
m-008,2026-05-18,6128.92,5,4,1225.78,Monday,False,False
m-008,2026-05-19,2894.25,2,2,1447.12,Tuesday,False,False
m-008,2026-05-20,266.13,1,1,266.13,Wednesday,False,False
m-008,2026-05-21,8553.64,6,4,1425.61,Thursday,False,False
m-008,2026-05-22,3591.28,2,1,1795.64,Friday,False,False
m-008,2026-05-23,5328.52,5,5,1065.7,Saturday,True,False
m-008,2026-05-24,4123.54,4,4,1030.88,Sunday,True,False
m-008,2026-05-25,3040.43,2,1,1520.22,Monday,False,False
m-008,2026-05-26,1207.84,1,1,1207.84,Tuesday,False,False
m-008,2026-05-27,3076.92,3,3,1025.64,Wednesday,False,False
m-008,2026-05-28,5109.36,6,3,851.56,Thursday,False,False
m-008,2026-05-29,6454.98,7,6,922.14,Friday,False,False
m-008,2026-05-30,13888.65,8,4,1736.08,Saturday,True,False
m-008,2026-05-31,5225.24,4,3,1306.31,Sunday,True,False
m-008,2026-06-01,567.43,1,1,567.43,Monday,False,False
m-008,2026-06-02,2068.17,2,1,1034.08,Tuesday,False,False
m-008,2026-06-03,5518.08,4,3,1379.52,Wednesday,False,False
m-008,2026-06-04,3149.9,2,2,1574.95,Thursday,False,False
m-008,2026-06-06,4195.9,3,3,1398.63,Saturday,True,False
m-008,2026-06-07,6919.07,7,5,988.44,Sunday,True,False
m-008,2026-06-08,3909.16,3,2,1303.05,Monday,False,False
m-008,2026-06-09,1427.76,2,2,713.88,Tuesday,False,False
m-008,2026-06-10,3717.33,3,3,1239.11,Wednesday,False,False
m-008,2026-06-11,7605.83,6,5,1267.64,Thursday,False,False
m-008,2026-06-12,8268.22,8,4,1033.53,Friday,False,False
m-008,2026-06-13,8027.63,6,4,1337.94,Saturday,True,False
m-008,2026-06-14,3149.9,2,1,1574.95,Sunday,True,False
m-008,2026-06-15,1400.99,3,3,467.0,Monday,False,False
m-008,2026-06-17,4925.17,4,3,1231.29,Wednesday,False,False
m-008,2026-06-18,7573.42,4,3,1893.36,Thursday,False,False
m-008,2026-06-19,1473.97,2,1,736.98,Friday,False,False
m-008,2026-06-20,833.56,2,2,416.78,Saturday,True,False
m-008,2026-06-21,1686.41,1,1,1686.41,Sunday,True,False
m-008,2026-06-22,3754.58,3,3,1251.53,Monday,False,False
m-008,2026-06-23,2068.17,2,1,1034.08,Tuesday,False,False
m-008,2026-06-24,4843.79,5,2,968.76,Wednesday,False,False
m-008,2026-06-25,4460.71,2,1,2230.36,Thursday,False,False
m-008,2026-06-26,2774.3,1,1,2774.3,Friday,False,False
m-008,2026-06-27,7471.91,6,5,1245.32,Saturday,True,False
m-008,2026-06-28,2494.29,3,1,831.43,Sunday,True,False
m-008,2026-06-29,6741.18,4,3,1685.3,Monday,False,False
m-008,2026-06-30,6402.77,3,2,2134.26,Tuesday,False,False
m-008,2026-07-01,6138.02,4,2,1534.5,Wednesday,False,False
m-008,2026-07-02,3068.52,3,2,1022.84,Thursday,False,False
m-008,2026-07-03,7682.73,8,5,960.34,Friday,False,False
m-008,2026-07-04,1693.89,3,2,564.63,Saturday,True,False
m-008,2026-07-05,2467.52,4,1,616.88,Sunday,True,False
m-008,2026-07-06,5571.91,5,4,1114.38,Monday,False,False
m-008,2026-07-07,3628.47,2,2,1814.24,Tuesday,False,False
m-008,2026-07-08,3326.47,3,3,1108.82,Wednesday,False,False
m-008,2026-07-09,833.56,2,1,416.78,Thursday,False,False
m-008,2026-07-10,6350.32,4,3,1587.58,Friday,False,False
m-008,2026-07-11,3151.28,4,3,787.82,Saturday,True,False
m-008,2026-07-12,6756.44,3,2,2252.15,Sunday,True,False
m-008,2026-07-13,6643.16,4,4,1660.79,Monday,False,False
m-008,2026-07-14,2774.3,1,0,2774.3,Tuesday,False,False
m-008,2026-07-15,567.43,1,1,567.43,Wednesday,False,False
m-008,2026-07-16,6696.99,5,5,1339.4,Thursday,False,False
m-008,2026-07-18,7895.73,7,4,1127.96,Saturday,True,False
m-008,2026-07-19,9161.81,5,3,1832.36,Sunday,True,False
m-008,2026-07-20,10515.83,6,4,1752.64,Monday,False,False
m-008,2026-07-21,816.98,1,1,816.98,Tuesday,False,False
m-008,2026-07-23,2786.1,4,4,696.52,Thursday,False,False
m-008,2026-07-24,3754.58,3,3,1251.53,Friday,False,False
m-008,2026-07-25,3983.46,4,4,995.86,Saturday,True,False
m-008,2026-07-26,2894.25,2,2,1447.12,Sunday,True,False
m-008,2026-07-27,2208.19,2,2,1104.1,Monday,False,False
m-008,2026-07-28,567.43,1,1,567.43,Tuesday,False,False
m-008,2026-07-29,860.33,1,1,860.33,Wednesday,False,False
m-008,2026-07-30,5561.43,4,2,1390.36,Thursday,False,False
m-008,2026-07-31,8419.95,7,4,1202.85,Friday,False,False
m-008,2026-08-01,6928.23,6,5,1154.71,Saturday,True,False
m-008,2026-08-02,6574.39,5,3,1314.88,Sunday,True,False
m-008,2026-08-03,3363.72,3,1,1121.24,Monday,False,False
m-008,2026-08-04,8042.83,5,5,1608.57,Tuesday,False,False
m-008,2026-08-05,5492.69,7,2,784.67,Wednesday,False,False
m-008,2026-08-06,4716.36,2,2,2358.18,Thursday,False,False
m-008,2026-08-07,3638.25,4,1,909.56,Friday,False,False
m-008,2026-08-08,3634.63,2,1,1817.32,Saturday,True,False
m-008,2026-08-09,4674.39,4,3,1168.6,Sunday,True,False
m-008,2026-08-10,266.13,1,1,266.13,Monday,False,False
m-008,2026-08-11,3638.95,3,3,1212.98,Tuesday,False,False
m-008,2026-08-12,532.26,2,2,266.13,Wednesday,False,False
m-008,2026-08-13,6100.77,4,2,1525.19,Thursday,False,False
m-008,2026-08-14,3983.46,4,3,995.86,Friday,False,False
m-008,2026-08-15,1427.76,2,1,713.88,Saturday,True,True
m-008,2026-08-16,860.33,1,0,860.33,Sunday,True,False
m-008,2026-08-17,12885.3,8,5,1610.66,Monday,False,False
m-008,2026-08-18,6382.16,4,3,1595.54,Tuesday,False,False
m-008,2026-08-19,4534.31,4,4,1133.58,Wednesday,False,False
m-008,2026-08-20,4248.27,3,1,1416.09,Thursday,False,False
m-008,2026-08-21,8206.19,6,4,1367.7,Friday,False,False
m-008,2026-08-22,6147.12,3,2,2049.04,Saturday,True,False
m-008,2026-08-23,4233.01,4,2,1058.25,Sunday,True,False
m-008,2026-08-24,4460.71,2,1,2230.36,Monday,False,False
m-008,2026-08-25,3711.23,3,1,1237.08,Tuesday,False,False
m-008,2026-08-26,3341.73,2,1,1670.86,Wednesday,False,False
m-008,2026-08-27,2894.25,2,1,1447.12,Thursday,False,False
m-008,2026-08-28,10295.81,9,7,1143.98,Friday,False,True
m-008,2026-08-29,2253.84,2,1,1126.92,Saturday,True,False
m-008,2026-08-30,816.98,1,1,816.98,Sunday,True,False
m-008,2026-08-31,1952.54,2,2,976.27,Monday,False,False
m-008,2026-09-01,3600.78,5,3,720.16,Tuesday,False,False
m-008,2026-09-02,5277.69,3,3,1759.23,Wednesday,False,False
m-008,2026-09-03,5549.92,4,4,1387.48,Thursday,False,False
m-008,2026-09-04,1960.02,4,3,490.0,Friday,False,False
m-008,2026-09-05,1126.46,2,2,563.23,Saturday,True,False
m-008,2026-09-06,6144.12,4,3,1536.03,Sunday,True,False
m-008,2026-09-07,1952.54,2,1,976.27,Monday,False,False
m-008,2026-09-08,567.43,1,1,567.43,Tuesday,False,False
m-008,2026-09-09,2068.17,2,1,1034.08,Wednesday,False,False
m-008,2026-09-10,1720.66,2,1,860.33,Thursday,False,False
m-008,2026-09-11,5888.47,4,4,1472.12,Friday,False,False
m-008,2026-09-12,8558.51,6,4,1426.42,Saturday,True,False
m-008,2026-09-13,7485.88,5,3,1497.18,Sunday,True,False
m-008,2026-09-14,4451.55,3,2,1483.85,Monday,False,False
m-008,2026-09-15,8022.92,5,3,1604.58,Tuesday,False,False
m-008,2026-09-16,4460.71,2,2,2230.36,Wednesday,False,False
m-009,2025-09-18,564.75,1,1,564.75,Thursday,False,False
m-009,2025-09-19,735.25,5,5,147.05,Friday,False,False
m-009,2025-09-20,616.6,4,4,154.15,Saturday,True,False
m-009,2025-09-21,337.02,5,3,67.4,Sunday,True,False
m-009,2025-09-22,276.26,1,1,276.26,Monday,False,False
m-009,2025-09-23,240.43,3,3,80.14,Tuesday,False,False
m-009,2025-09-24,1071.25,6,3,178.54,Wednesday,False,False
m-009,2025-09-25,537.03,3,1,179.01,Thursday,False,False
m-009,2025-09-26,121.63,1,0,121.63,Friday,False,False
m-009,2025-09-27,584.33,5,4,116.87,Saturday,True,False
m-009,2025-09-28,409.32,3,2,136.44,Sunday,True,False
m-009,2025-09-29,396.5,5,5,79.3,Monday,False,False
m-009,2025-09-30,809.84,5,5,161.97,Tuesday,False,False
m-009,2025-10-01,391.58,3,3,130.53,Wednesday,False,False
m-009,2025-10-02,434.11,3,2,144.7,Thursday,False,False
m-009,2025-10-03,572.0,5,5,114.4,Friday,False,False
m-009,2025-10-04,821.57,6,6,136.93,Saturday,True,False
m-009,2025-10-05,349.62,3,2,116.54,Sunday,True,False
m-009,2025-10-06,284.13,3,0,94.71,Monday,False,False
m-009,2025-10-07,297.01,4,3,74.25,Tuesday,False,False
m-009,2025-10-08,433.9,4,2,108.48,Wednesday,False,False
m-009,2025-10-09,740.81,4,4,185.2,Thursday,False,False
m-009,2025-10-10,105.44,1,1,105.44,Friday,False,False
m-009,2025-10-11,764.66,5,3,152.93,Saturday,True,False
m-009,2025-10-12,965.53,6,4,160.92,Sunday,True,False
m-009,2025-10-13,318.53,5,3,63.71,Monday,False,False
m-009,2025-10-14,604.52,5,5,120.9,Tuesday,False,False
m-009,2025-10-15,379.88,3,2,126.63,Wednesday,False,False
m-009,2025-10-16,470.93,4,3,117.73,Thursday,False,False
m-009,2025-10-17,367.43,4,4,91.86,Friday,False,False
m-009,2025-10-18,270.75,3,2,90.25,Saturday,True,False
m-009,2025-10-19,261.66,3,3,87.22,Sunday,True,False
m-009,2025-10-20,915.81,9,5,101.76,Monday,False,True
m-009,2025-10-21,1201.0,6,4,200.17,Tuesday,False,True
m-009,2025-10-22,367.4,2,2,183.7,Wednesday,False,True
m-009,2025-10-23,194.16,2,0,97.08,Thursday,False,False
m-009,2025-10-24,282.31,4,3,70.58,Friday,False,False
m-009,2025-10-25,1202.01,5,0,240.4,Saturday,True,False
m-009,2025-10-26,248.37,3,2,82.79,Sunday,True,False
m-009,2025-10-27,922.83,9,3,102.54,Monday,False,False
m-009,2025-10-28,457.76,5,3,91.55,Tuesday,False,False
m-009,2025-10-29,553.08,2,2,276.54,Wednesday,False,False
m-009,2025-10-30,184.65,1,1,184.65,Thursday,False,False
m-009,2025-10-31,87.27,2,2,43.64,Friday,False,False
m-009,2025-11-01,773.84,5,3,154.77,Saturday,True,False
m-009,2025-11-02,192.71,3,1,64.24,Sunday,True,False
m-009,2025-11-03,672.48,3,2,224.16,Monday,False,False
m-009,2025-11-04,482.04,3,2,160.68,Tuesday,False,False
m-009,2025-11-05,447.21,5,4,89.44,Wednesday,False,False
m-009,2025-11-06,143.74,2,2,71.87,Thursday,False,False
m-009,2025-11-07,195.77,2,2,97.88,Friday,False,False
m-009,2025-11-08,681.07,3,0,227.02,Saturday,True,False
m-009,2025-11-09,175.82,2,0,87.91,Sunday,True,False
m-009,2025-11-10,800.19,4,1,200.05,Monday,False,False
m-009,2025-11-11,174.61,2,1,87.3,Tuesday,False,False
m-009,2025-11-12,287.72,2,1,143.86,Wednesday,False,False
m-009,2025-11-13,1145.48,7,5,163.64,Thursday,False,False
m-009,2025-11-14,133.14,2,1,66.57,Friday,False,False
m-009,2025-11-15,679.51,6,4,113.25,Saturday,True,False
m-009,2025-11-16,487.7,5,4,97.54,Sunday,True,False
m-009,2025-11-17,166.7,3,3,55.57,Monday,False,False
m-009,2025-11-18,468.47,4,4,117.12,Tuesday,False,False
m-009,2025-11-19,435.31,4,3,108.83,Wednesday,False,False
m-009,2025-11-20,608.11,4,2,152.03,Thursday,False,False
m-009,2025-11-21,317.04,4,3,79.26,Friday,False,False
m-009,2025-11-22,1205.59,5,4,241.12,Saturday,True,False
m-009,2025-11-23,343.99,3,2,114.66,Sunday,True,False
m-009,2025-11-24,470.8,7,6,67.26,Monday,False,False
m-009,2025-11-25,97.56,2,1,48.78,Tuesday,False,False
m-009,2025-11-26,66.56,1,1,66.56,Wednesday,False,False
m-009,2025-11-28,242.76,2,2,121.38,Friday,False,False
m-009,2025-11-29,334.15,3,1,111.38,Saturday,True,False
m-009,2025-11-30,864.44,4,4,216.11,Sunday,True,False
m-009,2025-12-01,466.88,4,2,116.72,Monday,False,False
m-009,2025-12-02,329.82,3,1,109.94,Tuesday,False,False
m-009,2025-12-03,553.59,4,1,138.4,Wednesday,False,False
m-009,2025-12-04,219.26,3,3,73.09,Thursday,False,False
m-009,2025-12-05,158.16,1,1,158.16,Friday,False,False
m-009,2025-12-06,1033.29,6,5,172.22,Saturday,True,False
m-009,2025-12-07,312.69,4,3,78.17,Sunday,True,False
m-009,2025-12-08,233.79,2,2,116.9,Monday,False,False
m-009,2025-12-10,968.85,7,4,138.41,Wednesday,False,False
m-009,2025-12-11,171.2,2,1,85.6,Thursday,False,False
m-009,2025-12-12,303.45,3,3,101.15,Friday,False,False
m-009,2025-12-13,468.87,5,4,93.77,Saturday,True,False
m-009,2025-12-15,545.81,5,3,109.16,Monday,False,False
m-009,2025-12-16,354.05,3,2,118.02,Tuesday,False,False
m-009,2025-12-17,273.42,1,0,273.42,Wednesday,False,False
m-009,2025-12-18,433.84,3,2,144.61,Thursday,False,False
m-009,2025-12-19,274.79,4,1,68.7,Friday,False,False
m-009,2025-12-20,374.54,5,3,74.91,Saturday,True,False
m-009,2025-12-21,371.17,4,3,92.79,Sunday,True,False
m-009,2025-12-22,353.13,4,3,88.28,Monday,False,False
m-009,2025-12-23,844.49,7,3,120.64,Tuesday,False,False
m-009,2025-12-24,727.36,6,5,121.23,Wednesday,False,False
m-009,2025-12-25,522.05,6,1,87.01,Thursday,False,True
m-009,2025-12-26,39.11,1,0,39.11,Friday,False,False
m-009,2025-12-27,1111.67,8,5,138.96,Saturday,True,False
m-009,2025-12-28,568.0,5,5,113.6,Sunday,True,False
m-009,2025-12-29,1285.31,7,6,183.62,Monday,False,False
m-009,2025-12-30,366.67,4,4,91.67,Tuesday,False,False
m-009,2025-12-31,1788.73,11,6,162.61,Wednesday,False,True
m-009,2026-01-01,253.42,3,3,84.47,Thursday,False,True
m-009,2026-01-02,66.56,1,1,66.56,Friday,False,False
m-009,2026-01-03,333.12,3,1,111.04,Saturday,True,False
m-009,2026-01-04,443.52,5,4,88.7,Sunday,True,False
m-009,2026-01-05,277.77,3,2,92.59,Monday,False,False
m-009,2026-01-06,236.14,2,1,118.07,Tuesday,False,False
m-009,2026-01-07,466.65,6,5,77.77,Wednesday,False,False
m-009,2026-01-08,341.09,3,2,113.7,Thursday,False,False
m-009,2026-01-09,684.05,5,4,136.81,Friday,False,False
m-009,2026-01-10,193.48,2,0,96.74,Saturday,True,False
m-009,2026-01-11,78.22,1,1,78.22,Sunday,True,False
m-009,2026-01-12,732.14,5,3,146.43,Monday,False,False
m-009,2026-01-13,838.17,5,3,167.63,Tuesday,False,False
m-009,2026-01-14,188.45,3,2,62.82,Wednesday,False,True
m-009,2026-01-15,596.88,4,3,149.22,Thursday,False,False
m-009,2026-01-16,240.86,3,1,80.29,Friday,False,False
m-009,2026-01-17,248.84,2,2,124.42,Saturday,True,False
m-009,2026-01-18,1193.18,6,3,198.86,Sunday,True,False
m-009,2026-01-19,197.6,2,1,98.8,Monday,False,False
m-009,2026-01-20,266.25,2,1,133.12,Tuesday,False,False
m-009,2026-01-21,486.87,4,2,121.72,Wednesday,False,False
m-009,2026-01-22,397.89,3,3,132.63,Thursday,False,False
m-009,2026-01-23,87.27,2,0,43.64,Friday,False,False
m-009,2026-01-24,66.56,1,0,66.56,Saturday,True,False
m-009,2026-01-25,415.61,2,0,207.8,Sunday,True,False
m-009,2026-01-26,323.99,3,1,108.0,Monday,False,False
m-009,2026-01-27,300.34,3,2,100.11,Tuesday,False,False
m-009,2026-01-28,30.99,1,1,30.99,Wednesday,False,False
m-009,2026-01-29,365.36,5,4,73.07,Thursday,False,False
m-009,2026-01-31,102.32,2,2,51.16,Saturday,True,False
m-009,2026-02-01,227.12,4,3,56.78,Sunday,True,False
m-009,2026-02-02,372.9,3,1,124.3,Monday,False,False
m-009,2026-02-03,637.4,5,4,127.48,Tuesday,False,False
m-009,2026-02-04,179.99,2,2,90.0,Wednesday,False,False
m-009,2026-02-05,475.92,3,1,158.64,Thursday,False,False
m-009,2026-02-06,271.27,2,1,135.64,Friday,False,False
m-009,2026-02-07,730.62,4,2,182.66,Saturday,True,False
m-009,2026-02-08,173.89,2,2,86.94,Sunday,True,False
m-009,2026-02-09,260.77,3,1,86.92,Monday,False,False
m-009,2026-02-10,167.84,3,2,55.95,Tuesday,False,False
m-009,2026-02-11,292.26,6,6,48.71,Wednesday,False,False
m-009,2026-02-12,547.19,4,2,136.8,Thursday,False,False
m-009,2026-02-13,103.02,1,1,103.02,Friday,False,False
m-009,2026-02-14,334.08,5,3,66.82,Saturday,True,False
m-009,2026-02-15,507.36,3,2,169.12,Sunday,True,False
m-009,2026-02-16,1195.23,7,4,170.75,Monday,False,False
m-009,2026-02-17,257.32,4,3,64.33,Tuesday,False,False
m-009,2026-02-18,218.42,2,1,109.21,Wednesday,False,False
m-009,2026-02-19,419.17,6,3,69.86,Thursday,False,False
m-009,2026-02-20,847.62,4,1,211.9,Friday,False,False
m-009,2026-02-22,378.86,2,1,189.43,Sunday,True,False
m-009,2026-02-23,177.7,2,1,88.85,Monday,False,False
m-009,2026-02-24,351.27,4,2,87.82,Tuesday,False,False
m-009,2026-02-25,310.28,4,2,77.57,Wednesday,False,False
m-009,2026-02-26,238.13,3,1,79.38,Thursday,False,False
m-009,2026-02-27,428.01,2,0,214.0,Friday,False,False
m-009,2026-02-28,805.28,4,3,201.32,Saturday,True,False
m-009,2026-03-01,1159.91,4,3,289.98,Sunday,True,False
m-009,2026-03-02,261.26,2,2,130.63,Monday,False,False
m-009,2026-03-03,223.74,3,2,74.58,Tuesday,False,False
m-009,2026-03-04,885.39,9,7,98.38,Wednesday,False,True
m-009,2026-03-05,1116.38,8,6,139.55,Thursday,False,False
m-009,2026-03-06,681.62,3,3,227.21,Friday,False,False
m-009,2026-03-07,255.71,4,4,63.93,Saturday,True,False
m-009,2026-03-08,732.26,5,4,146.45,Sunday,True,False
m-009,2026-03-09,347.89,3,2,115.96,Monday,False,False
m-009,2026-03-10,315.4,3,3,105.13,Tuesday,False,False
m-009,2026-03-11,818.16,6,2,136.36,Wednesday,False,False
m-009,2026-03-12,465.35,2,0,232.68,Thursday,False,False
m-009,2026-03-13,273.42,1,1,273.42,Friday,False,False
m-009,2026-03-14,201.94,3,1,67.31,Saturday,True,False
m-009,2026-03-15,918.6,5,4,183.72,Sunday,True,False
m-009,2026-03-16,786.67,7,6,112.38,Monday,False,False
m-009,2026-03-17,66.57,1,1,66.57,Tuesday,False,False
m-009,2026-03-18,188.25,1,1,188.25,Wednesday,False,False
m-009,2026-03-19,311.27,3,3,103.76,Thursday,False,False
m-009,2026-03-20,194.16,2,2,97.08,Friday,False,True
m-009,2026-03-21,182.28,1,1,182.28,Saturday,True,False
m-009,2026-03-22,156.14,2,2,78.07,Sunday,True,False
m-009,2026-03-23,344.17,2,1,172.08,Monday,False,False
m-009,2026-03-24,279.02,2,2,139.51,Tuesday,False,False
m-009,2026-03-25,283.38,3,1,94.46,Wednesday,False,False
m-009,2026-03-26,700.73,7,7,100.1,Thursday,False,False
m-009,2026-03-27,343.99,4,3,86.0,Friday,False,False
m-009,2026-03-28,427.37,5,4,85.47,Saturday,True,False
m-009,2026-03-29,1942.2,8,6,242.78,Sunday,True,False
m-009,2026-03-30,1034.66,8,6,129.33,Monday,False,False
m-009,2026-04-01,690.39,3,1,230.13,Wednesday,False,False
m-009,2026-04-03,877.72,5,2,175.54,Friday,False,False
m-009,2026-04-04,560.95,6,5,93.49,Saturday,True,False
m-009,2026-04-05,295.96,4,1,73.99,Sunday,True,False
m-009,2026-04-06,35.76,1,1,35.76,Monday,False,False
m-009,2026-04-07,802.11,4,3,200.53,Tuesday,False,False
m-009,2026-04-08,214.67,3,3,71.56,Wednesday,False,False
m-009,2026-04-09,105.67,2,1,52.84,Thursday,False,False
m-009,2026-04-10,756.89,5,4,151.38,Friday,False,False
m-009,2026-04-11,572.6,4,4,143.15,Saturday,True,False
m-009,2026-04-12,260.26,3,3,86.75,Sunday,True,False
m-009,2026-04-13,438.05,3,1,146.02,Monday,False,False
m-009,2026-04-14,171.2,2,1,85.6,Tuesday,False,False
m-009,2026-04-15,1126.82,6,6,187.8,Wednesday,False,False
m-009,2026-04-16,916.91,4,3,229.23,Thursday,False,False
m-009,2026-04-17,102.33,2,1,51.16,Friday,False,False
m-009,2026-04-18,964.71,6,4,160.78,Saturday,True,False
m-009,2026-04-19,666.01,5,5,133.2,Sunday,True,False
m-009,2026-04-20,507.4,4,3,126.85,Monday,False,False
m-009,2026-04-21,1094.2,9,5,121.58,Tuesday,False,False
m-009,2026-04-22,691.86,4,3,172.96,Wednesday,False,False
m-009,2026-04-23,1201.0,9,7,133.44,Thursday,False,False
m-009,2026-04-24,556.65,2,1,278.32,Friday,False,False
m-009,2026-04-25,427.5,3,3,142.5,Saturday,True,False
m-009,2026-04-26,183.18,2,2,91.59,Sunday,True,False
m-009,2026-04-27,328.42,3,2,109.47,Monday,False,False
m-009,2026-04-28,490.85,5,4,98.17,Tuesday,False,False
m-009,2026-04-29,177.7,1,0,177.7,Wednesday,False,False
m-009,2026-04-30,570.59,3,3,190.2,Thursday,False,False
m-009,2026-05-01,1436.54,4,4,359.14,Friday,False,False
m-009,2026-05-02,310.37,4,4,77.59,Saturday,True,False
m-009,2026-05-03,872.74,7,7,124.68,Sunday,True,False
m-009,2026-05-04,184.64,3,3,61.55,Monday,False,False
m-009,2026-05-05,39.11,1,0,39.11,Tuesday,False,False
m-009,2026-05-06,727.42,6,4,121.24,Wednesday,False,False
m-009,2026-05-07,83.71,2,1,41.86,Thursday,False,False
m-009,2026-05-08,632.5,3,1,210.83,Friday,False,False
m-009,2026-05-09,1207.48,7,5,172.5,Saturday,True,False
m-009,2026-05-10,164.12,3,3,54.71,Sunday,True,False
m-009,2026-05-11,630.74,2,1,315.37,Monday,False,False
m-009,2026-05-12,61.98,2,1,30.99,Tuesday,False,False
m-009,2026-05-13,91.14,1,1,91.14,Wednesday,False,False
m-009,2026-05-14,66.75,2,1,33.38,Thursday,False,False
m-009,2026-05-15,236.14,3,1,78.71,Friday,False,False
m-009,2026-05-16,234.69,3,2,78.23,Saturday,True,False
m-009,2026-05-17,155.05,3,3,51.68,Sunday,True,False
m-009,2026-05-20,289.28,3,3,96.43,Wednesday,False,False
m-009,2026-05-21,1038.09,7,7,148.3,Thursday,False,False
m-009,2026-05-22,568.98,3,1,189.66,Friday,False,False
m-009,2026-05-23,761.42,8,5,95.18,Saturday,True,False
m-009,2026-05-24,718.93,6,4,119.82,Sunday,True,False
m-009,2026-05-25,265.99,3,1,88.66,Monday,False,False
m-009,2026-05-26,124.24,2,1,62.12,Tuesday,False,False
m-009,2026-05-27,188.25,1,1,188.25,Wednesday,False,False
m-009,2026-05-28,803.23,4,3,200.81,Thursday,False,False
m-009,2026-05-29,837.49,6,5,139.58,Friday,False,False
m-009,2026-05-30,194.67,3,2,64.89,Saturday,True,False
m-009,2026-05-31,138.78,2,1,69.39,Sunday,True,False
m-009,2026-06-01,270.81,2,2,135.4,Monday,False,False
m-009,2026-06-02,1367.11,6,4,227.85,Tuesday,False,False
m-009,2026-06-03,631.74,5,2,126.35,Wednesday,False,False
m-009,2026-06-04,61.55,1,1,61.55,Thursday,False,False
m-009,2026-06-05,1291.03,4,3,322.76,Friday,False,False
m-009,2026-06-06,176.15,2,2,88.07,Saturday,True,False
m-009,2026-06-07,506.0,5,3,101.2,Sunday,True,False
m-009,2026-06-08,459.0,4,4,114.75,Monday,False,False
m-009,2026-06-09,396.24,4,1,99.06,Tuesday,False,False
m-009,2026-06-10,800.89,3,2,266.96,Wednesday,False,False
m-009,2026-06-11,879.88,6,3,146.65,Thursday,False,False
m-009,2026-06-12,598.79,3,2,199.6,Friday,False,False
m-009,2026-06-13,833.3,7,4,119.04,Saturday,True,False
m-009,2026-06-14,289.56,3,1,96.52,Sunday,True,False
m-009,2026-06-15,380.45,4,4,95.11,Monday,False,False
m-009,2026-06-16,88.85,1,1,88.85,Tuesday,False,False
m-009,2026-06-17,281.87,3,2,93.96,Wednesday,False,False
m-009,2026-06-18,567.67,4,3,141.92,Thursday,False,False
m-009,2026-06-19,375.2,4,3,93.8,Friday,False,False
m-009,2026-06-20,762.57,7,6,108.94,Saturday,True,False
m-009,2026-06-21,858.12,6,5,143.02,Sunday,True,False
m-009,2026-06-22,375.44,2,1,187.72,Monday,False,False
m-009,2026-06-23,210.07,2,2,105.04,Tuesday,False,False
m-009,2026-06-24,355.32,3,1,118.44,Wednesday,False,False
m-009,2026-06-25,199.68,1,1,199.68,Thursday,False,False
m-009,2026-06-26,157.71,2,0,78.85,Friday,False,False
m-009,2026-06-27,812.79,6,3,135.46,Saturday,True,False
m-009,2026-06-28,104.63,1,1,104.63,Sunday,True,False
m-009,2026-06-29,417.82,5,5,83.56,Monday,False,False
m-009,2026-06-30,761.57,5,3,152.31,Tuesday,False,False
m-009,2026-07-01,869.39,8,6,108.67,Wednesday,False,False
m-009,2026-07-02,610.3,3,3,203.43,Thursday,False,False
m-009,2026-07-03,343.14,4,4,85.78,Friday,False,False
m-009,2026-07-04,254.75,2,1,127.38,Saturday,True,False
m-009,2026-07-05,335.73,5,4,67.15,Sunday,True,False
m-009,2026-07-06,351.4,3,0,117.13,Monday,False,False
m-009,2026-07-07,907.28,7,4,129.61,Tuesday,False,False
m-009,2026-07-08,260.05,3,3,86.68,Wednesday,False,False
m-009,2026-07-09,719.28,4,3,179.82,Thursday,False,False
m-009,2026-07-10,334.94,4,3,83.74,Friday,False,False
m-009,2026-07-11,458.84,3,2,152.95,Saturday,True,False
m-009,2026-07-12,1024.23,8,6,128.03,Sunday,True,False
m-009,2026-07-13,544.12,3,2,181.37,Monday,False,False
m-009,2026-07-14,282.33,2,2,141.16,Tuesday,False,False
m-009,2026-07-15,1013.41,5,4,202.68,Wednesday,False,False
m-009,2026-07-16,845.4,3,3,281.8,Thursday,False,False
m-009,2026-07-17,584.36,5,3,116.87,Friday,False,False
m-009,2026-07-18,357.61,3,1,119.2,Saturday,True,False
m-009,2026-07-19,415.67,5,5,83.13,Sunday,True,False
m-009,2026-07-20,416.4,2,1,208.2,Monday,False,False
m-009,2026-07-21,592.65,4,3,148.16,Tuesday,False,False
m-009,2026-07-22,339.0,5,4,67.8,Wednesday,False,False
m-009,2026-07-23,483.84,3,1,161.28,Thursday,False,False
m-009,2026-07-24,564.57,3,3,188.19,Friday,False,False
m-009,2026-07-25,207.76,4,3,51.94,Saturday,True,False
m-009,2026-07-26,1092.64,8,5,136.58,Sunday,True,False
m-009,2026-07-27,91.14,1,1,91.14,Monday,False,False
m-009,2026-07-28,414.51,3,3,138.17,Tuesday,False,False
m-009,2026-07-29,652.31,3,3,217.44,Wednesday,False,False
m-009,2026-07-30,390.69,3,2,130.23,Thursday,False,False
m-009,2026-07-31,984.33,6,4,164.05,Friday,False,False
m-009,2026-08-01,440.65,4,2,110.16,Saturday,True,False
m-009,2026-08-02,433.43,4,4,108.36,Sunday,True,False
m-009,2026-08-03,130.94,2,2,65.47,Monday,False,False
m-009,2026-08-04,365.95,2,1,182.98,Tuesday,False,False
m-009,2026-08-05,158.86,2,2,79.43,Wednesday,False,False
m-009,2026-08-06,762.58,5,4,152.52,Thursday,False,False
m-009,2026-08-07,405.75,2,1,202.88,Friday,False,False
m-009,2026-08-08,440.45,5,4,88.09,Saturday,True,False
m-009,2026-08-09,281.26,3,3,93.75,Sunday,True,False
m-009,2026-08-10,673.21,5,2,134.64,Monday,False,False
m-009,2026-08-11,133.14,1,1,133.14,Tuesday,False,False
m-009,2026-08-12,631.22,3,2,210.41,Wednesday,False,False
m-009,2026-08-13,825.94,3,2,275.31,Thursday,False,False
m-009,2026-08-14,88.85,1,1,88.85,Friday,False,False
m-009,2026-08-15,417.3,4,4,104.32,Saturday,True,True
m-009,2026-08-16,312.76,3,2,104.25,Sunday,True,False
m-009,2026-08-17,142.65,2,2,71.32,Monday,False,False
m-009,2026-08-18,368.77,4,3,92.19,Tuesday,False,False
m-009,2026-08-20,160.0,2,2,80.0,Thursday,False,False
m-009,2026-08-22,410.56,3,3,136.85,Saturday,True,False
m-009,2026-08-23,170.05,3,0,56.68,Sunday,True,False
m-009,2026-08-24,1005.34,4,3,251.34,Monday,False,False
m-009,2026-08-25,722.45,4,2,180.61,Tuesday,False,False
m-009,2026-08-26,337.98,3,3,112.66,Wednesday,False,False
m-009,2026-08-27,637.54,5,4,127.51,Thursday,False,False
m-009,2026-08-28,715.7,4,4,178.92,Friday,False,True
m-009,2026-08-29,756.92,5,3,151.38,Saturday,True,False
m-009,2026-08-30,312.02,2,2,156.01,Sunday,True,False
m-009,2026-08-31,189.66,2,2,94.83,Monday,False,False
m-009,2026-09-01,599.44,5,5,119.89,Tuesday,False,False
m-009,2026-09-02,1190.05,4,2,297.51,Wednesday,False,False
m-009,2026-09-03,61.55,1,1,61.55,Thursday,False,False
m-009,2026-09-04,279.02,2,2,139.51,Friday,False,False
m-009,2026-09-05,848.85,7,4,121.26,Saturday,True,False
m-009,2026-09-06,930.28,8,5,116.28,Sunday,True,False
m-009,2026-09-07,404.98,4,2,101.24,Monday,False,False
m-009,2026-09-08,417.54,5,3,83.51,Tuesday,False,False
m-009,2026-09-09,157.35,2,1,78.68,Wednesday,False,False
m-009,2026-09-10,224.28,2,1,112.14,Thursday,False,False
m-009,2026-09-11,166.99,2,2,83.5,Friday,False,False
m-009,2026-09-12,877.7,6,1,146.28,Saturday,True,False
m-009,2026-09-13,486.45,4,3,121.61,Sunday,True,False
m-009,2026-09-14,350.69,4,2,87.67,Monday,False,False
m-009,2026-09-15,486.52,1,0,486.52,Tuesday,False,False
m-009,2026-09-16,439.33,4,4,109.83,Wednesday,False,False
m-009,2026-09-17,233.55,3,3,77.85,Thursday,False,False
m-010,2025-09-18,570.45,6,3,95.08,Thursday,False,False
m-010,2025-09-19,802.83,5,3,160.57,Friday,False,False
m-010,2025-09-20,114.95,2,2,57.48,Saturday,True,False
m-010,2025-09-21,291.99,4,3,73.0,Sunday,True,False
m-010,2025-09-22,322.37,3,3,107.46,Monday,False,False
m-010,2025-09-23,155.4,1,0,155.4,Tuesday,False,False
m-010,2025-09-24,412.33,7,6,58.9,Wednesday,False,False
m-010,2025-09-25,195.4,2,1,97.7,Thursday,False,False
m-010,2025-09-26,236.94,4,2,59.24,Friday,False,False
m-010,2025-09-27,209.44,3,3,69.81,Saturday,True,False
m-010,2025-09-28,797.14,7,5,113.88,Sunday,True,False
m-010,2025-09-29,443.29,5,3,88.66,Monday,False,False
m-010,2025-10-01,239.64,2,2,119.82,Wednesday,False,False
m-010,2025-10-02,304.34,2,1,152.17,Thursday,False,False
m-010,2025-10-03,183.41,2,2,91.7,Friday,False,False
m-010,2025-10-04,569.27,5,4,113.85,Saturday,True,False
m-010,2025-10-05,155.47,2,2,77.74,Sunday,True,False
m-010,2025-10-06,564.41,7,3,80.63,Monday,False,False
m-010,2025-10-07,482.14,4,3,120.54,Tuesday,False,False
m-010,2025-10-08,231.56,2,2,115.78,Wednesday,False,False
m-010,2025-10-09,107.88,1,0,107.88,Thursday,False,False
m-010,2025-10-10,464.86,4,3,116.22,Friday,False,False
m-010,2025-10-11,450.68,5,5,90.14,Saturday,True,False
m-010,2025-10-12,77.7,1,0,77.7,Sunday,True,False
m-010,2025-10-13,240.38,3,2,80.13,Monday,False,False
m-010,2025-10-14,199.32,2,2,99.66,Tuesday,False,False
m-010,2025-10-15,62.66,1,1,62.66,Wednesday,False,False
m-010,2025-10-16,599.43,4,3,149.86,Thursday,False,False
m-010,2025-10-17,513.4,5,3,102.68,Friday,False,False
m-010,2025-10-18,749.54,7,5,107.08,Saturday,True,False
m-010,2025-10-19,247.08,4,1,61.77,Sunday,True,False
m-010,2025-10-20,1043.19,10,7,104.32,Monday,False,True
m-010,2025-10-21,998.98,9,7,111.0,Tuesday,False,True
m-010,2025-10-22,422.0,5,3,84.4,Wednesday,False,True
m-010,2025-10-23,31.82,1,1,31.82,Thursday,False,False
m-010,2025-10-24,169.61,2,2,84.8,Friday,False,False
m-010,2025-10-25,51.15,1,1,51.15,Saturday,True,False
m-010,2025-10-26,640.1,5,3,128.02,Sunday,True,False
m-010,2025-10-27,400.14,4,4,100.04,Monday,False,False
m-010,2025-10-28,578.07,4,4,144.52,Tuesday,False,False
m-010,2025-10-29,639.98,6,3,106.66,Wednesday,False,False
m-010,2025-10-30,219.32,3,3,73.11,Thursday,False,False
m-010,2025-10-31,58.82,2,1,29.41,Friday,False,False
m-010,2025-11-01,1164.76,8,6,145.6,Saturday,True,False
m-010,2025-11-02,653.6,7,5,93.37,Sunday,True,False
m-010,2025-11-03,958.59,4,2,239.65,Monday,False,False
m-010,2025-11-05,436.07,4,3,109.02,Wednesday,False,False
m-010,2025-11-06,268.98,2,2,134.49,Thursday,False,False
m-010,2025-11-07,345.33,5,5,69.07,Friday,False,False
m-010,2025-11-08,839.11,6,5,139.85,Saturday,True,False
m-010,2025-11-09,1079.76,8,7,134.97,Sunday,True,False
m-010,2025-11-10,464.0,3,2,154.67,Monday,False,False
m-010,2025-11-11,528.16,3,2,176.05,Tuesday,False,False
m-010,2025-11-12,306.93,3,2,102.31,Wednesday,False,False
m-010,2025-11-14,503.6,3,1,167.87,Friday,False,False
m-010,2025-11-15,400.91,4,2,100.23,Saturday,True,False
m-010,2025-11-16,246.33,3,2,82.11,Sunday,True,False
m-010,2025-11-17,635.08,4,2,158.77,Monday,False,False
m-010,2025-11-18,202.92,3,3,67.64,Tuesday,False,False
m-010,2025-11-19,250.64,1,1,250.64,Wednesday,False,False
m-010,2025-11-20,409.73,4,3,102.43,Thursday,False,False
m-010,2025-11-21,27.0,1,0,27.0,Friday,False,False
m-010,2025-11-22,329.94,5,3,65.99,Saturday,True,False
m-010,2025-11-23,386.23,3,1,128.74,Sunday,True,False
m-010,2025-11-24,207.25,3,2,69.08,Monday,False,False
m-010,2025-11-25,207.22,3,1,69.07,Tuesday,False,False
m-010,2025-11-26,135.04,1,1,135.04,Wednesday,False,False
m-010,2025-11-27,94.48,2,1,47.24,Thursday,False,False
m-010,2025-11-28,388.74,3,3,129.58,Friday,False,False
m-010,2025-11-29,907.77,8,6,113.47,Saturday,True,False
m-010,2025-11-30,682.37,7,5,97.48,Sunday,True,False
m-010,2025-12-01,345.16,3,3,115.05,Monday,False,False
m-010,2025-12-02,477.66,5,4,95.53,Tuesday,False,False
m-010,2025-12-03,433.37,3,2,144.46,Wednesday,False,False
m-010,2025-12-04,582.02,3,2,194.01,Thursday,False,False
m-010,2025-12-05,89.66,2,0,44.83,Friday,False,False
m-010,2025-12-06,538.68,3,3,179.56,Saturday,True,False
m-010,2025-12-07,27.0,1,1,27.0,Sunday,True,False
m-010,2025-12-08,468.95,5,4,93.79,Monday,False,False
m-010,2025-12-10,580.75,6,3,96.79,Wednesday,False,False
m-010,2025-12-11,395.25,2,1,197.62,Thursday,False,False
m-010,2025-12-12,128.85,2,1,64.42,Friday,False,False
m-010,2025-12-13,225.34,2,2,112.67,Saturday,True,False
m-010,2025-12-14,516.88,4,4,129.22,Sunday,True,False
m-010,2025-12-15,1077.48,7,5,153.93,Monday,False,False
m-010,2025-12-16,1521.94,6,5,253.66,Tuesday,False,False
m-010,2025-12-17,374.9,4,2,93.72,Wednesday,False,False
m-010,2025-12-18,314.37,2,1,157.18,Thursday,False,False
m-010,2025-12-19,387.32,3,2,129.11,Friday,False,False
m-010,2025-12-20,433.06,5,4,86.61,Saturday,True,False
m-010,2025-12-21,968.09,8,7,121.01,Sunday,True,False
m-010,2025-12-22,124.92,3,2,41.64,Monday,False,False
m-010,2025-12-23,1056.85,7,6,150.98,Tuesday,False,False
m-010,2025-12-24,124.92,2,2,62.46,Wednesday,False,False
m-010,2025-12-25,886.52,5,5,177.3,Thursday,False,True
m-010,2025-12-26,247.58,3,2,82.53,Friday,False,False
m-010,2025-12-27,690.01,6,4,115.0,Saturday,True,False
m-010,2025-12-28,434.8,3,0,144.93,Sunday,True,False
m-010,2025-12-29,210.2,4,2,52.55,Monday,False,False
m-010,2025-12-30,346.89,3,1,115.63,Tuesday,False,False
m-010,2025-12-31,264.63,2,1,132.32,Wednesday,False,True
m-010,2026-01-01,1063.42,7,5,151.92,Thursday,False,True
m-010,2026-01-02,515.55,3,3,171.85,Friday,False,False
m-010,2026-01-03,658.26,3,3,219.42,Saturday,True,False
m-010,2026-01-04,852.02,5,4,170.4,Sunday,True,False
m-010,2026-01-05,150.61,2,1,75.31,Monday,False,False
m-010,2026-01-06,439.14,4,3,109.78,Tuesday,False,False
m-010,2026-01-07,634.62,4,4,158.66,Wednesday,False,False
m-010,2026-01-08,896.53,7,5,128.08,Thursday,False,False
m-010,2026-01-09,27.0,1,0,27.0,Friday,False,False
m-010,2026-01-10,294.35,3,2,98.12,Saturday,True,False
m-010,2026-01-11,450.13,4,3,112.53,Sunday,True,False
m-010,2026-01-13,439.06,5,4,87.81,Tuesday,False,False
m-010,2026-01-14,243.98,3,2,81.33,Wednesday,False,True
m-010,2026-01-15,446.32,5,3,89.26,Thursday,False,False
m-010,2026-01-16,497.97,5,2,99.59,Friday,False,False
m-010,2026-01-17,54.0,1,1,54.0,Saturday,True,False
m-010,2026-01-18,602.24,5,4,120.45,Sunday,True,False
m-010,2026-01-19,67.52,1,1,67.52,Monday,False,False
m-010,2026-01-20,84.45,1,1,84.45,Tuesday,False,False
m-010,2026-01-21,347.7,3,2,115.9,Wednesday,False,False
m-010,2026-01-22,803.08,7,5,114.73,Thursday,False,False
m-010,2026-01-23,624.82,6,5,104.14,Friday,False,False
m-010,2026-01-24,248.07,3,3,82.69,Saturday,True,False
m-010,2026-01-25,858.24,4,4,214.56,Sunday,True,False
m-010,2026-01-26,191.06,4,4,47.76,Monday,False,False
m-010,2026-01-27,193.52,1,1,193.52,Tuesday,False,False
m-010,2026-01-28,131.76,1,1,131.76,Wednesday,False,False
m-010,2026-01-29,372.74,5,3,74.55,Thursday,False,False
m-010,2026-01-30,256.85,2,2,128.43,Friday,False,False
m-010,2026-01-31,605.92,5,3,121.18,Saturday,True,False
m-010,2026-02-01,172.77,3,2,57.59,Sunday,True,False
m-010,2026-02-02,351.57,2,2,175.78,Monday,False,False
m-010,2026-02-03,157.14,2,1,78.57,Tuesday,False,False
m-010,2026-02-04,422.98,3,1,140.99,Wednesday,False,False
m-010,2026-02-05,337.78,4,3,84.44,Thursday,False,False
m-010,2026-02-06,637.74,5,2,127.55,Friday,False,False
m-010,2026-02-07,1219.64,8,4,152.45,Saturday,True,False
m-010,2026-02-08,592.47,6,4,98.74,Sunday,True,False
m-010,2026-02-09,617.83,3,2,205.94,Monday,False,False
m-010,2026-02-10,333.8,4,3,83.45,Tuesday,False,False
m-010,2026-02-11,318.84,2,1,159.42,Wednesday,False,False
m-010,2026-02-12,976.05,4,2,244.01,Thursday,False,False
m-010,2026-02-13,279.85,3,2,93.28,Friday,False,False
m-010,2026-02-14,433.7,6,3,72.28,Saturday,True,False
m-010,2026-02-15,535.53,5,3,107.11,Sunday,True,False
m-010,2026-02-16,303.6,3,2,101.2,Monday,False,False
m-010,2026-02-17,119.66,2,2,59.83,Tuesday,False,False
m-010,2026-02-18,393.06,4,3,98.26,Wednesday,False,False
m-010,2026-02-19,385.55,5,4,77.11,Thursday,False,False
m-010,2026-02-20,130.18,2,0,65.09,Friday,False,False
m-010,2026-02-21,124.92,4,1,31.23,Saturday,True,False
m-010,2026-02-22,580.58,8,8,72.57,Sunday,True,False
m-010,2026-02-23,352.1,6,6,58.68,Monday,False,False
m-010,2026-02-25,310.09,3,3,103.36,Wednesday,False,False
m-010,2026-02-26,220.45,3,2,73.48,Thursday,False,False
m-010,2026-02-27,634.8,4,1,158.7,Friday,False,False
m-010,2026-02-28,258.14,4,3,64.54,Saturday,True,False
m-010,2026-03-01,580.2,5,5,116.04,Sunday,True,False
m-010,2026-03-02,216.22,2,1,108.11,Monday,False,False
m-010,2026-03-03,172.4,2,2,86.2,Tuesday,False,False
m-010,2026-03-04,365.29,5,3,73.06,Wednesday,False,True
m-010,2026-03-05,84.45,1,1,84.45,Thursday,False,False
m-010,2026-03-06,372.48,5,2,74.5,Friday,False,False
m-010,2026-03-07,642.54,4,2,160.64,Saturday,True,False
m-010,2026-03-08,236.15,3,2,78.72,Sunday,True,False
m-010,2026-03-09,476.52,3,1,158.84,Monday,False,False
m-010,2026-03-10,202.79,4,3,50.7,Tuesday,False,False
m-010,2026-03-11,215.76,1,1,215.76,Wednesday,False,False
m-010,2026-03-12,570.44,5,5,114.09,Thursday,False,False
m-010,2026-03-13,421.66,5,2,84.33,Friday,False,False
m-010,2026-03-14,645.64,4,3,161.41,Saturday,True,False
m-010,2026-03-15,296.75,4,4,74.19,Sunday,True,False
m-010,2026-03-16,315.89,4,3,78.97,Monday,False,False
m-010,2026-03-17,807.88,7,6,115.41,Tuesday,False,False
m-010,2026-03-18,565.12,2,1,282.56,Wednesday,False,False
m-010,2026-03-19,430.51,2,2,215.26,Thursday,False,False
m-010,2026-03-20,659.04,5,5,131.81,Friday,False,True
m-010,2026-03-21,456.24,6,4,76.04,Saturday,True,False
m-010,2026-03-22,505.0,2,0,252.5,Sunday,True,False
m-010,2026-03-23,395.17,4,3,98.79,Monday,False,False
m-010,2026-03-24,289.14,5,5,57.83,Tuesday,False,False
m-010,2026-03-25,43.92,1,1,43.92,Wednesday,False,False
m-010,2026-03-26,306.82,3,2,102.27,Thursday,False,False
m-010,2026-03-27,511.29,5,3,102.26,Friday,False,False
m-010,2026-03-28,67.52,1,1,67.52,Saturday,True,False
m-010,2026-03-29,281.47,2,0,140.74,Sunday,True,False
m-010,2026-03-30,498.78,3,2,166.26,Monday,False,False
m-010,2026-03-31,31.82,1,1,31.82,Tuesday,False,False
m-010,2026-04-01,283.73,5,2,56.75,Wednesday,False,False
m-010,2026-04-02,307.63,5,3,61.53,Thursday,False,False
m-010,2026-04-03,284.94,3,1,94.98,Friday,False,False
m-010,2026-04-04,450.19,5,4,90.04,Saturday,True,False
m-010,2026-04-05,628.68,6,5,104.78,Sunday,True,False
m-010,2026-04-06,116.66,3,3,38.89,Monday,False,False
m-010,2026-04-07,216.21,2,2,108.1,Tuesday,False,False
m-010,2026-04-08,695.54,7,6,99.36,Wednesday,False,False
m-010,2026-04-09,245.01,4,2,61.25,Thursday,False,False
m-010,2026-04-10,434.36,4,4,108.59,Friday,False,False
m-010,2026-04-11,571.25,6,2,95.21,Saturday,True,False
m-010,2026-04-12,533.36,3,3,177.79,Sunday,True,False
m-010,2026-04-13,350.94,5,4,70.19,Monday,False,False
m-010,2026-04-14,697.72,5,4,139.54,Tuesday,False,False
m-010,2026-04-15,253.48,3,3,84.49,Wednesday,False,False
m-010,2026-04-16,87.84,2,2,43.92,Thursday,False,False
m-010,2026-04-17,215.76,2,1,107.88,Friday,False,False
m-010,2026-04-18,107.88,1,1,107.88,Saturday,True,False
m-010,2026-04-19,254.69,3,2,84.9,Sunday,True,False
m-010,2026-04-20,84.45,1,1,84.45,Monday,False,False
m-010,2026-04-21,94.52,2,2,47.26,Tuesday,False,False
m-010,2026-04-22,664.78,6,5,110.8,Wednesday,False,False
m-010,2026-04-23,469.38,2,1,234.69,Thursday,False,False
m-010,2026-04-24,920.05,6,3,153.34,Friday,False,False
m-010,2026-04-25,551.45,6,0,91.91,Saturday,True,False
m-010,2026-04-26,287.14,4,3,71.78,Sunday,True,False
m-010,2026-04-28,328.56,2,1,164.28,Tuesday,False,False
m-010,2026-04-29,937.4,7,4,133.91,Wednesday,False,False
m-010,2026-04-30,233.1,1,1,233.1,Thursday,False,False
m-010,2026-05-01,324.68,3,2,108.23,Friday,False,False
m-010,2026-05-02,472.12,6,4,78.69,Saturday,True,False
m-010,2026-05-03,717.52,7,2,102.5,Sunday,True,False
m-010,2026-05-04,175.9,1,0,175.9,Monday,False,False
m-010,2026-05-05,320.94,3,3,106.98,Tuesday,False,False
m-010,2026-05-06,1134.46,6,5,189.08,Wednesday,False,False
m-010,2026-05-07,310.56,4,2,77.64,Thursday,False,False
m-010,2026-05-08,377.63,4,3,94.41,Friday,False,False
m-010,2026-05-09,197.47,3,3,65.82,Saturday,True,False
m-010,2026-05-10,718.4,6,5,119.73,Sunday,True,False
m-010,2026-05-11,1339.45,6,4,223.24,Monday,False,False
m-010,2026-05-12,547.47,3,1,182.49,Tuesday,False,False
m-010,2026-05-13,508.11,4,4,127.03,Wednesday,False,False
m-010,2026-05-14,127.18,1,0,127.18,Thursday,False,False
m-010,2026-05-15,521.02,4,3,130.26,Friday,False,False
m-010,2026-05-16,605.24,6,3,100.87,Saturday,True,False
m-010,2026-05-17,204.22,3,3,68.07,Sunday,True,False
m-010,2026-05-18,415.08,3,2,138.36,Monday,False,False
m-010,2026-05-19,426.05,4,2,106.51,Tuesday,False,False
m-010,2026-05-20,611.63,3,2,203.88,Wednesday,False,False
m-010,2026-05-21,592.48,6,5,98.75,Thursday,False,False
m-010,2026-05-22,592.36,5,4,118.47,Friday,False,False
m-010,2026-05-23,264.81,3,2,88.27,Saturday,True,False
m-010,2026-05-24,555.43,6,4,92.57,Sunday,True,False
m-010,2026-05-25,622.22,4,3,155.56,Monday,False,False
m-010,2026-05-26,1373.33,6,4,228.89,Tuesday,False,False
m-010,2026-05-27,264.48,2,1,132.24,Wednesday,False,False
m-010,2026-05-28,456.26,4,4,114.06,Thursday,False,False
m-010,2026-05-29,133.33,2,0,66.67,Friday,False,False
m-010,2026-05-30,439.57,4,2,109.89,Saturday,True,False
m-010,2026-05-31,187.92,3,1,62.64,Sunday,True,False
m-010,2026-06-01,741.43,7,6,105.92,Monday,False,False
m-010,2026-06-02,787.5,4,3,196.88,Tuesday,False,False
m-010,2026-06-03,436.87,3,2,145.62,Wednesday,False,False
m-010,2026-06-04,402.61,3,1,134.2,Thursday,False,False
m-010,2026-06-05,453.75,4,1,113.44,Friday,False,False
m-010,2026-06-06,102.3,1,1,102.3,Saturday,True,False
m-010,2026-06-07,1062.69,6,5,177.12,Sunday,True,False
m-010,2026-06-08,557.58,3,2,185.86,Monday,False,False
m-010,2026-06-09,135.6,2,1,67.8,Tuesday,False,False
m-010,2026-06-10,557.6,4,3,139.4,Wednesday,False,False
m-010,2026-06-11,603.61,5,3,120.72,Thursday,False,False
m-010,2026-06-13,543.65,6,4,90.61,Saturday,True,False
m-010,2026-06-14,388.72,5,5,77.74,Sunday,True,False
m-010,2026-06-15,95.44,2,0,47.72,Monday,False,False
m-010,2026-06-16,132.96,2,1,66.48,Tuesday,False,False
m-010,2026-06-17,51.15,1,1,51.15,Wednesday,False,False
m-010,2026-06-18,215.76,1,1,215.76,Thursday,False,False
m-010,2026-06-19,310.56,2,1,155.28,Friday,False,False
m-010,2026-06-20,1021.89,5,2,204.38,Saturday,True,False
m-010,2026-06-21,632.84,5,3,126.57,Sunday,True,False
m-010,2026-06-22,424.52,6,3,70.75,Monday,False,False
m-010,2026-06-24,293.15,3,1,97.72,Wednesday,False,False
m-010,2026-06-25,314.12,3,2,104.71,Thursday,False,False
m-010,2026-06-26,368.92,3,3,122.97,Friday,False,False
m-010,2026-06-27,271.22,2,1,135.61,Saturday,True,False
m-010,2026-06-28,625.66,4,1,156.42,Sunday,True,False
m-010,2026-06-29,171.52,2,2,85.76,Monday,False,False
m-010,2026-06-30,176.99,2,1,88.5,Tuesday,False,False
m-010,2026-07-01,481.66,4,2,120.42,Wednesday,False,False
m-010,2026-07-02,337.47,2,2,168.74,Thursday,False,False
m-010,2026-07-03,299.19,4,2,74.8,Friday,False,False
m-010,2026-07-04,725.72,8,8,90.72,Saturday,True,False
m-010,2026-07-05,44.29,1,1,44.29,Sunday,True,False
m-010,2026-07-06,773.74,4,4,193.44,Monday,False,False
m-010,2026-07-07,270.08,1,1,270.08,Tuesday,False,False
m-010,2026-07-08,176.88,2,1,88.44,Wednesday,False,False
m-010,2026-07-09,89.04,1,0,89.04,Thursday,False,False
m-010,2026-07-10,206.44,3,3,68.81,Friday,False,False
m-010,2026-07-11,534.87,4,3,133.72,Saturday,True,False
m-010,2026-07-12,410.32,4,3,102.58,Sunday,True,False
m-010,2026-07-13,889.47,7,5,127.07,Monday,False,False
m-010,2026-07-14,339.31,3,1,113.1,Tuesday,False,False
m-010,2026-07-15,383.97,3,2,127.99,Wednesday,False,False
m-010,2026-07-16,283.28,2,1,141.64,Thursday,False,False
m-010,2026-07-17,127.18,1,1,127.18,Friday,False,False
m-010,2026-07-18,340.98,3,3,113.66,Saturday,True,False
m-010,2026-07-20,222.9,3,1,74.3,Monday,False,False
m-010,2026-07-21,658.51,7,6,94.07,Tuesday,False,False
m-010,2026-07-22,633.78,6,3,105.63,Wednesday,False,False
m-010,2026-07-23,520.65,6,6,86.78,Thursday,False,False
m-010,2026-07-24,576.24,2,2,288.12,Friday,False,False
m-010,2026-07-25,221.66,3,3,73.89,Saturday,True,False
m-010,2026-07-26,269.13,3,2,89.71,Sunday,True,False
m-010,2026-07-27,471.49,3,2,157.16,Monday,False,False
m-010,2026-07-28,412.68,3,2,137.56,Tuesday,False,False
m-010,2026-07-29,558.06,5,3,111.61,Wednesday,False,False
m-010,2026-07-30,554.75,3,2,184.92,Thursday,False,False
m-010,2026-07-31,171.52,2,2,85.76,Friday,False,False
m-010,2026-08-01,492.13,5,2,98.43,Saturday,True,False
m-010,2026-08-02,168.95,2,2,84.48,Sunday,True,False
m-010,2026-08-03,914.04,4,3,228.51,Monday,False,False
m-010,2026-08-05,168.9,1,0,168.9,Wednesday,False,False
m-010,2026-08-06,379.22,3,1,126.41,Thursday,False,False
m-010,2026-08-07,196.26,3,3,65.42,Friday,False,False
m-010,2026-08-08,521.11,4,2,130.28,Saturday,True,False
m-010,2026-08-09,454.13,5,3,90.83,Sunday,True,False
m-010,2026-08-10,669.84,5,3,133.97,Monday,False,False
m-010,2026-08-11,107.88,1,1,107.88,Tuesday,False,False
m-010,2026-08-12,1082.08,6,2,180.35,Wednesday,False,False
m-010,2026-08-13,464.74,2,1,232.37,Thursday,False,False
m-010,2026-08-14,707.98,3,3,235.99,Friday,False,False
m-010,2026-08-15,863.2,9,5,95.91,Saturday,True,True
m-010,2026-08-16,43.92,1,1,43.92,Sunday,True,False
m-010,2026-08-17,382.08,6,3,63.68,Monday,False,False
m-010,2026-08-18,299.89,4,3,74.97,Tuesday,False,False
m-010,2026-08-19,728.3,5,3,145.66,Wednesday,False,False
m-010,2026-08-20,127.18,1,0,127.18,Thursday,False,False
m-010,2026-08-21,467.66,4,3,116.92,Friday,False,False
m-010,2026-08-22,575.86,5,4,115.17,Saturday,True,False
m-010,2026-08-23,150.61,2,0,75.31,Sunday,True,False
m-010,2026-08-24,219.22,3,1,73.07,Monday,False,False
m-010,2026-08-25,940.36,4,2,235.09,Tuesday,False,False
m-010,2026-08-26,936.54,8,8,117.07,Wednesday,False,False
m-010,2026-08-27,409.43,5,3,81.89,Thursday,False,False
m-010,2026-08-28,107.88,1,1,107.88,Friday,False,True
m-010,2026-08-29,445.76,2,1,222.88,Saturday,True,False
m-010,2026-08-30,259.04,2,1,129.52,Sunday,True,False
m-010,2026-08-31,310.94,2,2,155.47,Monday,False,False
m-010,2026-09-01,575.32,5,3,115.06,Tuesday,False,False
m-010,2026-09-02,402.22,4,1,100.56,Wednesday,False,False
m-010,2026-09-03,116.27,2,0,58.14,Thursday,False,False
m-010,2026-09-04,499.93,5,4,99.99,Friday,False,False
m-010,2026-09-05,712.98,7,5,101.85,Saturday,True,False
m-010,2026-09-06,869.15,4,1,217.29,Sunday,True,False
m-010,2026-09-07,305.25,3,2,101.75,Monday,False,False
m-010,2026-09-08,175.4,2,1,87.7,Tuesday,False,False
m-010,2026-09-09,232.54,3,2,77.51,Wednesday,False,False
m-010,2026-09-10,189.15,3,3,63.05,Thursday,False,False
m-010,2026-09-11,671.01,4,4,167.75,Friday,False,False
m-010,2026-09-12,392.6,5,1,78.52,Saturday,True,False
m-010,2026-09-13,980.25,4,4,245.06,Sunday,True,False
m-010,2026-09-14,165.54,2,1,82.77,Monday,False,False
m-010,2026-09-15,490.83,4,2,122.71,Tuesday,False,False
m-010,2026-09-16,381.41,4,2,95.35,Wednesday,False,False
m-010,2026-09-17,265.98,4,1,66.5,Thursday,False,False
m-011,2025-09-18,552.04,5,2,110.41,Thursday,False,False
m-011,2025-09-19,31.75,1,0,31.75,Friday,False,False
m-011,2025-09-20,73.2,1,1,73.2,Saturday,True,False
m-011,2025-09-21,193.56,2,0,96.78,Sunday,True,False
m-011,2025-09-22,86.29,2,1,43.14,Monday,False,False
m-011,2025-09-23,331.6,2,2,165.8,Tuesday,False,False
m-011,2025-09-25,379.65,5,5,75.93,Thursday,False,False
m-011,2025-09-26,311.01,4,1,77.75,Friday,False,False
m-011,2025-09-29,240.46,3,2,80.15,Monday,False,False
m-011,2025-10-01,690.67,4,3,172.67,Wednesday,False,False
m-011,2025-10-03,341.56,5,3,68.31,Friday,False,False
m-011,2025-10-04,163.62,1,0,163.62,Saturday,True,False
m-011,2025-10-05,851.61,8,4,106.45,Sunday,True,False
m-011,2025-10-06,335.27,3,2,111.76,Monday,False,False
m-011,2025-10-07,248.82,2,1,124.41,Tuesday,False,False
m-011,2025-10-08,146.76,1,1,146.76,Wednesday,False,False
m-011,2025-10-09,206.54,3,3,68.85,Thursday,False,False
m-011,2025-10-10,424.6,4,1,106.15,Friday,False,False
m-011,2025-10-11,198.98,2,1,99.49,Saturday,True,False
m-011,2025-10-12,186.14,3,2,62.05,Sunday,True,False
m-011,2025-10-13,339.32,3,3,113.11,Monday,False,False
m-011,2025-10-14,345.05,3,2,115.02,Tuesday,False,False
m-011,2025-10-16,230.13,4,3,57.53,Thursday,False,False
m-011,2025-10-17,747.35,5,5,149.47,Friday,False,False
m-011,2025-10-18,869.08,4,3,217.27,Saturday,True,False
m-011,2025-10-19,689.04,4,4,172.26,Sunday,True,False
m-011,2025-10-20,424.72,5,2,84.94,Monday,False,True
m-011,2025-10-21,748.74,7,7,106.96,Tuesday,False,True
m-011,2025-10-22,584.2,7,5,83.46,Wednesday,False,True
m-011,2025-10-23,753.77,7,6,107.68,Thursday,False,False
m-011,2025-10-24,404.34,3,3,134.78,Friday,False,False
m-011,2025-10-25,97.84,1,0,97.84,Saturday,True,False
m-011,2025-10-26,590.5,7,6,84.36,Sunday,True,False
m-011,2025-10-27,142.61,2,2,71.31,Monday,False,False
m-011,2025-10-28,93.69,2,2,46.84,Tuesday,False,False
m-011,2025-10-29,424.51,4,2,106.13,Wednesday,False,False
m-011,2025-10-30,6542.68,4,1,1635.67,Thursday,False,False
m-011,2025-10-31,705.96,6,4,117.66,Friday,False,False
m-011,2025-11-01,272.84,4,1,68.21,Saturday,True,False
m-011,2025-11-02,841.97,3,3,280.66,Sunday,True,False
m-011,2025-11-03,506.38,3,3,168.79,Monday,False,False
m-011,2025-11-04,112.4,2,2,56.2,Tuesday,False,False
m-011,2025-11-05,415.62,3,3,138.54,Wednesday,False,False
m-011,2025-11-06,167.56,3,2,55.85,Thursday,False,False
m-011,2025-11-07,103.46,2,2,51.73,Friday,False,False
m-011,2025-11-08,758.26,4,2,189.56,Saturday,True,False
m-011,2025-11-09,291.89,3,1,97.3,Sunday,True,False
m-011,2025-11-10,420.1,2,1,210.05,Monday,False,False
m-011,2025-11-11,272.85,2,2,136.43,Tuesday,False,False
m-011,2025-11-12,576.78,5,1,115.36,Wednesday,False,False
m-011,2025-11-13,359.3,2,2,179.65,Thursday,False,False
m-011,2025-11-14,603.11,3,3,201.04,Friday,False,False
m-011,2025-11-15,444.9,3,2,148.3,Saturday,True,False
m-011,2025-11-16,550.99,4,3,137.75,Sunday,True,False
m-011,2025-11-17,417.24,4,3,104.31,Monday,False,False
m-011,2025-11-18,295.17,3,1,98.39,Tuesday,False,False
m-011,2025-11-19,345.68,3,2,115.23,Wednesday,False,False
m-011,2025-11-20,386.63,3,2,128.88,Thursday,False,False
m-011,2025-11-21,400.12,3,3,133.37,Friday,False,False
m-011,2025-11-22,116.64,2,1,58.32,Saturday,True,False
m-011,2025-11-23,702.16,5,4,140.43,Sunday,True,False
m-011,2025-11-24,118.64,2,2,59.32,Monday,False,False
m-011,2025-11-25,460.15,3,3,153.38,Tuesday,False,False
m-011,2025-11-26,38.53,1,0,38.53,Wednesday,False,False
m-011,2025-11-27,480.92,6,4,80.15,Thursday,False,False
m-011,2025-11-28,796.04,5,4,159.21,Friday,False,False
m-011,2025-11-29,1279.0,7,4,182.71,Saturday,True,False
m-011,2025-11-30,297.58,1,1,297.58,Sunday,True,False
m-011,2025-12-01,621.63,2,2,310.82,Monday,False,False
m-011,2025-12-02,6322.85,3,2,2107.62,Tuesday,False,False
m-011,2025-12-03,417.58,5,2,83.52,Wednesday,False,False
m-011,2025-12-04,699.62,4,2,174.9,Thursday,False,False
m-011,2025-12-05,210.24,3,1,70.08,Friday,False,False
m-011,2025-12-06,86.29,2,1,43.14,Saturday,True,False
m-011,2025-12-07,419.23,5,3,83.85,Sunday,True,False
m-011,2025-12-08,184.93,2,2,92.46,Monday,False,False
m-011,2025-12-09,341.08,4,3,85.27,Tuesday,False,False
m-011,2025-12-10,423.32,5,5,84.66,Wednesday,False,False
m-011,2025-12-11,48.92,1,1,48.92,Thursday,False,False
m-011,2025-12-12,217.35,4,3,54.34,Friday,False,False
m-011,2025-12-13,154.12,2,2,77.06,Saturday,True,False
m-011,2025-12-14,789.81,5,4,157.96,Sunday,True,False
m-011,2025-12-15,233.32,1,1,233.32,Monday,False,False
m-011,2025-12-16,482.18,5,3,96.44,Tuesday,False,False
m-011,2025-12-17,670.95,6,4,111.82,Wednesday,False,False
m-011,2025-12-18,182.28,2,1,91.14,Thursday,False,False
m-011,2025-12-19,738.29,3,2,246.1,Friday,False,False
m-011,2025-12-20,604.04,6,3,100.67,Saturday,True,False
m-011,2025-12-21,171.63,3,3,57.21,Sunday,True,False
m-011,2025-12-22,694.49,4,4,173.62,Monday,False,False
m-011,2025-12-23,493.42,4,4,123.35,Tuesday,False,False
m-011,2025-12-24,278.06,4,1,69.52,Wednesday,False,False
m-011,2025-12-25,303.44,4,1,75.86,Thursday,False,True
m-011,2025-12-26,644.08,2,2,322.04,Friday,False,False
m-011,2025-12-27,778.6,7,4,111.23,Saturday,True,False
m-011,2025-12-28,214.65,2,2,107.32,Sunday,True,False
m-011,2025-12-29,497.19,6,3,82.86,Monday,False,False
m-011,2025-12-30,142.23,3,3,47.41,Tuesday,False,False
m-011,2025-12-31,773.21,8,4,96.65,Wednesday,False,True
m-011,2026-01-01,530.32,5,4,106.06,Thursday,False,True
m-011,2026-01-02,390.01,3,2,130.0,Friday,False,False
m-011,2026-01-03,604.21,4,3,151.05,Saturday,True,False
m-011,2026-01-04,455.64,5,3,91.13,Sunday,True,False
m-011,2026-01-05,147.74,1,1,147.74,Monday,False,False
m-011,2026-01-06,475.67,6,5,79.28,Tuesday,False,False
m-011,2026-01-07,226.15,3,3,75.38,Wednesday,False,False
m-011,2026-01-08,218.36,2,2,109.18,Thursday,False,False
m-011,2026-01-10,495.44,4,3,123.86,Saturday,True,False
m-011,2026-01-11,966.64,7,5,138.09,Sunday,True,False
m-011,2026-01-12,261.93,3,2,87.31,Monday,False,False
m-011,2026-01-13,476.59,4,3,119.15,Tuesday,False,False
m-011,2026-01-14,391.22,4,3,97.8,Wednesday,False,True
m-011,2026-01-15,215.97,3,1,71.99,Thursday,False,False
m-011,2026-01-16,348.13,3,3,116.04,Friday,False,False
m-011,2026-01-17,838.53,6,3,139.76,Saturday,True,False
m-011,2026-01-18,53.14,1,1,53.14,Sunday,True,False
m-011,2026-01-19,190.66,2,2,95.33,Monday,False,False
m-011,2026-01-20,243.66,3,0,81.22,Tuesday,False,False
m-011,2026-01-21,588.64,5,3,117.73,Wednesday,False,False
m-011,2026-01-22,325.31,4,3,81.33,Thursday,False,False
m-011,2026-01-23,42.92,1,1,42.92,Friday,False,False
m-011,2026-01-24,53.14,1,1,53.14,Saturday,True,False
m-011,2026-01-25,710.79,4,3,177.7,Sunday,True,False
m-011,2026-01-26,818.11,3,2,272.7,Monday,False,False
m-011,2026-01-27,233.05,3,2,77.68,Tuesday,False,False
m-011,2026-01-29,760.28,4,3,190.07,Thursday,False,False
m-011,2026-01-30,116.66,1,0,116.66,Friday,False,False
m-011,2026-01-31,423.55,6,4,70.59,Saturday,True,False
m-011,2026-02-01,587.43,5,4,117.49,Sunday,True,False
m-011,2026-02-02,600.29,5,4,120.06,Monday,False,False
m-011,2026-02-03,512.02,2,2,256.01,Tuesday,False,False
m-011,2026-02-04,209.73,3,2,69.91,Wednesday,False,False
m-011,2026-02-05,276.24,2,2,138.12,Thursday,False,False
m-011,2026-02-06,89.54,1,0,89.54,Friday,False,False
m-011,2026-02-07,270.84,4,3,67.71,Saturday,True,False
m-011,2026-02-08,562.18,6,3,93.7,Sunday,True,False
m-011,2026-02-09,952.85,3,2,317.62,Monday,False,False
m-011,2026-02-10,264.38,2,2,132.19,Tuesday,False,False
m-011,2026-02-11,327.89,2,2,163.94,Wednesday,False,False
m-011,2026-02-12,225.72,4,3,56.43,Thursday,False,False
m-011,2026-02-13,159.42,1,0,159.42,Friday,False,False
m-011,2026-02-14,219.6,2,2,109.8,Saturday,True,False
m-011,2026-02-15,533.88,3,3,177.96,Sunday,True,False
m-011,2026-02-16,706.24,4,3,176.56,Monday,False,False
m-011,2026-02-17,128.41,2,1,64.2,Tuesday,False,False
m-011,2026-02-18,3981.82,5,3,796.36,Wednesday,False,False
m-011,2026-02-19,740.39,4,2,185.1,Thursday,False,False
m-011,2026-02-20,699.95,6,3,116.66,Friday,False,False
m-011,2026-02-21,310.03,4,4,77.51,Saturday,True,False
m-011,2026-02-22,996.16,6,5,166.03,Sunday,True,False
m-011,2026-02-23,298.13,3,1,99.38,Monday,False,False
m-011,2026-02-24,833.46,6,5,138.91,Tuesday,False,False
m-011,2026-02-25,358.74,4,3,89.68,Wednesday,False,False
m-011,2026-02-26,620.89,4,2,155.22,Thursday,False,False
m-011,2026-02-27,319.61,3,2,106.54,Friday,False,False
m-011,2026-02-28,1000.23,7,5,142.89,Saturday,True,False
m-011,2026-03-01,235.63,3,2,78.54,Sunday,True,False
m-011,2026-03-02,377.49,3,0,125.83,Monday,False,False
m-011,2026-03-03,117.97,2,2,58.98,Tuesday,False,False
m-011,2026-03-04,1053.93,8,6,131.74,Wednesday,False,True
m-011,2026-03-05,468.38,2,2,234.19,Thursday,False,False
m-011,2026-03-06,73.2,1,1,73.2,Friday,False,False
m-011,2026-03-07,85.84,2,1,42.92,Saturday,True,False
m-011,2026-03-08,812.52,7,6,116.07,Sunday,True,False
m-011,2026-03-09,108.1,2,2,54.05,Monday,False,False
m-011,2026-03-10,740.09,4,4,185.02,Tuesday,False,False
m-011,2026-03-11,118.49,2,1,59.24,Wednesday,False,False
m-011,2026-03-12,475.61,3,3,158.54,Thursday,False,False
m-011,2026-03-13,299.42,3,3,99.81,Friday,False,False
m-011,2026-03-14,106.28,1,1,106.28,Saturday,True,False
m-011,2026-03-15,394.15,7,6,56.31,Sunday,True,False
m-011,2026-03-16,413.17,2,1,206.58,Monday,False,False
m-011,2026-03-17,327.22,3,2,109.07,Tuesday,False,False
m-011,2026-03-18,397.46,4,3,99.36,Wednesday,False,False
m-011,2026-03-19,154.12,1,1,154.12,Thursday,False,False
m-011,2026-03-20,608.72,5,4,121.74,Friday,False,True
m-011,2026-03-21,245.07,3,1,81.69,Saturday,True,False
m-011,2026-03-22,229.73,4,3,57.43,Sunday,True,False
m-011,2026-03-23,155.2,2,1,77.6,Monday,False,False
m-011,2026-03-24,63.5,1,1,63.5,Tuesday,False,False
m-011,2026-03-25,255.31,3,2,85.1,Wednesday,False,False
m-011,2026-03-26,109.08,1,0,109.08,Thursday,False,False
m-011,2026-03-27,321.2,2,2,160.6,Friday,False,False
m-011,2026-03-28,358.79,4,1,89.7,Saturday,True,False
m-011,2026-03-29,830.72,4,1,207.68,Sunday,True,False
m-011,2026-03-30,813.31,9,4,90.37,Monday,False,False
m-011,2026-03-31,249.86,3,0,83.29,Tuesday,False,False
m-011,2026-04-01,138.46,2,1,69.23,Wednesday,False,False
m-011,2026-04-02,1419.33,6,3,236.55,Thursday,False,False
m-011,2026-04-03,339.59,3,3,113.2,Friday,False,False
m-011,2026-04-04,249.25,3,3,83.08,Saturday,True,False
m-011,2026-04-05,1024.41,7,5,146.34,Sunday,True,False
m-011,2026-04-06,537.85,5,5,107.57,Monday,False,False
m-011,2026-04-07,76.52,2,1,38.26,Tuesday,False,False
m-011,2026-04-08,547.4,6,4,91.23,Wednesday,False,False
m-011,2026-04-09,283.87,4,2,70.97,Thursday,False,False
m-011,2026-04-10,503.28,3,2,167.76,Friday,False,False
m-011,2026-04-11,387.24,4,3,96.81,Saturday,True,False
m-011,2026-04-12,312.82,3,1,104.27,Sunday,True,False
m-011,2026-04-13,246.94,3,2,82.31,Monday,False,False
m-011,2026-04-14,583.56,8,6,72.95,Tuesday,False,False
m-011,2026-04-15,281.13,4,2,70.28,Wednesday,False,False
m-011,2026-04-16,626.22,3,2,208.74,Thursday,False,False
m-011,2026-04-17,309.15,3,3,103.05,Friday,False,False
m-011,2026-04-18,495.22,5,3,99.04,Saturday,True,False
m-011,2026-04-19,363.98,5,4,72.8,Sunday,True,False
m-011,2026-04-20,295.48,1,1,295.48,Monday,False,False
m-011,2026-04-21,398.9,2,2,199.45,Tuesday,False,False
m-011,2026-04-22,53.14,1,1,53.14,Wednesday,False,False
m-011,2026-04-23,44.77,1,1,44.77,Thursday,False,False
m-011,2026-04-24,824.54,5,4,164.91,Friday,False,False
m-011,2026-04-25,77.06,1,1,77.06,Saturday,True,False
m-011,2026-04-26,221.99,2,2,111.0,Sunday,True,False
m-011,2026-04-27,829.06,6,4,138.18,Monday,False,False
m-011,2026-04-28,467.38,4,2,116.84,Tuesday,False,False
m-011,2026-04-29,163.64,2,2,81.82,Wednesday,False,False
m-011,2026-04-30,424.58,3,1,141.53,Thursday,False,False
m-011,2026-05-01,865.61,4,2,216.4,Friday,False,False
m-011,2026-05-02,1576.85,9,6,175.21,Saturday,True,False
m-011,2026-05-03,91.67,2,1,45.84,Sunday,True,False
m-011,2026-05-04,220.36,2,1,110.18,Monday,False,False
m-011,2026-05-05,412.97,3,2,137.66,Tuesday,False,False
m-011,2026-05-06,501.23,3,2,167.08,Wednesday,False,False
m-011,2026-05-07,87.45,2,2,43.72,Thursday,False,False
m-011,2026-05-08,116.66,1,1,116.66,Friday,False,False
m-011,2026-05-09,274.14,3,3,91.38,Saturday,True,False
m-011,2026-05-10,328.91,4,4,82.23,Sunday,True,False
m-011,2026-05-11,403.08,3,2,134.36,Monday,False,False
m-011,2026-05-12,830.39,5,4,166.08,Tuesday,False,False
m-011,2026-05-13,44.77,1,0,44.77,Wednesday,False,False
m-011,2026-05-14,369.73,4,4,92.43,Thursday,False,False
m-011,2026-05-15,97.84,1,1,97.84,Friday,False,False
m-011,2026-05-16,558.72,6,4,93.12,Saturday,True,False
m-011,2026-05-17,716.72,6,5,119.45,Sunday,True,False
m-011,2026-05-19,178.15,2,1,89.08,Tuesday,False,False
m-011,2026-05-20,388.51,4,3,97.13,Wednesday,False,False
m-011,2026-05-21,147.74,1,1,147.74,Thursday,False,False
m-011,2026-05-22,268.79,3,3,89.6,Friday,False,False
m-011,2026-05-23,195.16,3,3,65.05,Saturday,True,False
m-011,2026-05-24,853.02,8,7,106.63,Sunday,True,False
m-011,2026-05-25,275.54,3,3,91.85,Monday,False,False
m-011,2026-05-26,720.27,3,2,240.09,Tuesday,False,False
m-011,2026-05-27,296.53,3,3,98.84,Wednesday,False,False
m-011,2026-05-28,230.98,3,2,76.99,Thursday,False,False
m-011,2026-05-29,178.65,2,0,89.32,Friday,False,False
m-011,2026-05-30,646.8,5,3,129.36,Saturday,True,False
m-011,2026-05-31,640.54,5,3,128.11,Sunday,True,False
m-011,2026-06-01,48.92,1,0,48.92,Monday,False,False
m-011,2026-06-02,724.81,6,5,120.8,Tuesday,False,False
m-011,2026-06-03,149.2,2,2,74.6,Wednesday,False,False
m-011,2026-06-04,877.74,5,1,175.55,Thursday,False,False
m-011,2026-06-05,187.38,2,2,93.69,Friday,False,False
m-011,2026-06-06,148.79,1,0,148.79,Saturday,True,False
m-011,2026-06-07,309.82,3,2,103.27,Sunday,True,False
m-011,2026-06-08,676.92,4,2,169.23,Monday,False,False
m-011,2026-06-09,450.03,5,4,90.01,Tuesday,False,False
m-011,2026-06-10,599.7,5,3,119.94,Wednesday,False,False
m-011,2026-06-11,581.09,5,5,116.22,Thursday,False,False
m-011,2026-06-12,1249.95,5,4,249.99,Friday,False,False
m-011,2026-06-13,169.92,3,2,56.64,Saturday,True,False
m-011,2026-06-14,1300.19,5,2,260.04,Sunday,True,False
m-011,2026-06-15,251.63,3,2,83.88,Monday,False,False
m-011,2026-06-16,785.19,4,3,196.3,Tuesday,False,False
m-011,2026-06-17,503.25,5,5,100.65,Wednesday,False,False
m-011,2026-06-18,148.79,1,1,148.79,Thursday,False,False
m-011,2026-06-19,237.95,3,2,79.32,Friday,False,False
m-011,2026-06-20,1295.3,6,3,215.88,Saturday,True,False
m-011,2026-06-21,382.11,2,2,191.06,Sunday,True,False
m-011,2026-06-22,361.93,3,1,120.64,Monday,False,False
m-011,2026-06-23,241.77,2,2,120.88,Tuesday,False,False
m-011,2026-06-24,355.44,4,2,88.86,Wednesday,False,False
m-011,2026-06-25,768.74,3,3,256.25,Thursday,False,False
m-011,2026-06-26,1170.58,8,6,146.32,Friday,False,False
m-011,2026-06-27,441.47,5,5,88.29,Saturday,True,False
m-011,2026-06-28,1065.85,4,2,266.46,Sunday,True,False
m-011,2026-06-29,337.65,3,1,112.55,Monday,False,False
m-011,2026-06-30,411.2,4,2,102.8,Tuesday,False,False
m-011,2026-07-01,514.35,6,4,85.72,Wednesday,False,False
m-011,2026-07-02,185.6,3,2,61.87,Thursday,False,False
m-011,2026-07-03,344.35,5,2,68.87,Friday,False,False
m-011,2026-07-04,73.2,1,1,73.2,Saturday,True,False
m-011,2026-07-05,488.46,4,3,122.12,Sunday,True,False
m-011,2026-07-06,73.87,1,1,73.87,Monday,False,False
m-011,2026-07-07,267.43,3,3,89.14,Tuesday,False,False
m-011,2026-07-08,190.66,2,0,95.33,Wednesday,False,False
m-011,2026-07-09,205.78,3,3,68.59,Thursday,False,False
m-011,2026-07-10,233.32,1,1,233.32,Friday,False,False
m-011,2026-07-11,48.92,1,1,48.92,Saturday,True,False
m-011,2026-07-12,391.39,4,3,97.85,Sunday,True,False
m-011,2026-07-13,138.17,3,1,46.06,Monday,False,False
m-011,2026-07-14,662.29,5,4,132.46,Tuesday,False,False
m-011,2026-07-15,418.76,2,1,209.38,Wednesday,False,False
m-011,2026-07-16,485.28,4,4,121.32,Thursday,False,False
m-011,2026-07-17,368.37,5,2,73.67,Friday,False,False
m-011,2026-07-18,408.66,3,3,136.22,Saturday,True,False
m-011,2026-07-20,648.54,3,3,216.18,Monday,False,False
m-011,2026-07-21,133.07,2,2,66.54,Tuesday,False,False
m-011,2026-07-22,597.39,4,3,149.35,Wednesday,False,False
m-011,2026-07-23,606.53,4,2,151.63,Thursday,False,False
m-011,2026-07-24,273.9,2,2,136.95,Friday,False,False
m-011,2026-07-25,1105.37,6,4,184.23,Saturday,True,False
m-011,2026-07-26,221.61,2,2,110.8,Sunday,True,False
m-011,2026-07-27,140.83,2,1,70.41,Monday,False,False
m-011,2026-07-28,116.12,2,2,58.06,Tuesday,False,False
m-011,2026-07-29,482.28,2,2,241.14,Wednesday,False,False
m-011,2026-07-30,527.54,4,4,131.88,Thursday,False,False
m-011,2026-07-31,158.0,2,2,79.0,Friday,False,False
m-011,2026-08-01,424.48,4,3,106.12,Saturday,True,False
m-011,2026-08-02,873.8,4,3,218.45,Sunday,True,False
m-011,2026-08-03,426.34,2,2,213.17,Monday,False,False
m-011,2026-08-05,256.68,2,2,128.34,Wednesday,False,False
m-011,2026-08-06,456.71,3,1,152.24,Thursday,False,False
m-011,2026-08-07,301.3,3,1,100.43,Friday,False,False
m-011,2026-08-08,558.66,4,4,139.66,Saturday,True,False
m-011,2026-08-09,411.07,5,4,82.21,Sunday,True,False
m-011,2026-08-11,916.4,4,4,229.1,Tuesday,False,False
m-011,2026-08-12,264.25,2,2,132.12,Wednesday,False,False
m-011,2026-08-13,42.92,1,1,42.92,Thursday,False,False
m-011,2026-08-14,221.34,2,2,110.67,Friday,False,False
m-011,2026-08-15,413.14,3,1,137.71,Saturday,True,True
m-011,2026-08-16,448.35,4,2,112.09,Sunday,True,False
m-011,2026-08-17,669.47,5,4,133.89,Monday,False,False
m-011,2026-08-18,321.01,4,4,80.25,Tuesday,False,False
m-011,2026-08-19,109.08,1,0,109.08,Wednesday,False,False
m-011,2026-08-20,1053.85,5,3,210.77,Thursday,False,False
m-011,2026-08-21,382.29,6,4,63.72,Friday,False,False
m-011,2026-08-22,73.87,1,1,73.87,Saturday,True,False
m-011,2026-08-23,264.91,3,1,88.3,Sunday,True,False
m-011,2026-08-24,367.15,2,1,183.58,Monday,False,False
m-011,2026-08-25,871.01,6,6,145.17,Tuesday,False,False
m-011,2026-08-26,38.53,1,1,38.53,Wednesday,False,False
m-011,2026-08-27,632.56,3,3,210.85,Thursday,False,False
m-011,2026-08-28,485.5,5,4,97.1,Friday,False,True
m-011,2026-08-29,202.5,2,2,101.25,Saturday,True,False
m-011,2026-08-30,413.84,2,1,206.92,Sunday,True,False
m-011,2026-08-31,329.33,2,1,164.66,Monday,False,False
m-011,2026-09-01,4907.43,3,2,1635.81,Tuesday,False,False
m-011,2026-09-02,746.88,4,3,186.72,Wednesday,False,False
m-011,2026-09-03,723.38,4,4,180.84,Thursday,False,False
m-011,2026-09-04,301.3,3,3,100.43,Friday,False,False
m-011,2026-09-05,527.43,3,3,175.81,Saturday,True,False
m-011,2026-09-06,128.76,1,0,128.76,Sunday,True,False
m-011,2026-09-07,697.34,5,4,139.47,Monday,False,False
m-011,2026-09-08,282.95,4,3,70.74,Tuesday,False,False
m-011,2026-09-09,214.5,2,2,107.25,Wednesday,False,False
m-011,2026-09-10,42.92,1,1,42.92,Thursday,False,False
m-011,2026-09-11,644.45,4,3,161.11,Friday,False,False
m-011,2026-09-12,212.56,1,1,212.56,Saturday,True,False
m-011,2026-09-13,1794.15,10,9,179.42,Sunday,True,False
m-011,2026-09-14,97.84,1,1,97.84,Monday,False,False
m-011,2026-09-15,542.93,5,2,108.59,Tuesday,False,False
m-011,2026-09-17,541.67,6,4,90.28,Thursday,False,False
m-012,2025-09-18,756.42,2,2,378.21,Thursday,False,False
m-012,2025-09-19,804.88,5,3,160.98,Friday,False,False
m-012,2025-09-20,1897.16,7,4,271.02,Saturday,True,False
m-012,2025-09-21,2316.46,6,3,386.08,Sunday,True,False
m-012,2025-09-22,455.04,1,1,455.04,Monday,False,False
m-012,2025-09-24,1392.02,3,2,464.01,Wednesday,False,False
m-012,2025-09-25,1594.44,2,2,797.22,Thursday,False,False
m-012,2025-09-26,402.24,2,1,201.12,Friday,False,False
m-012,2025-09-27,786.28,4,2,196.57,Saturday,True,False
m-012,2025-09-28,1696.53,5,2,339.31,Sunday,True,False
m-012,2025-09-29,2277.5,5,4,455.5,Monday,False,False
m-012,2025-09-30,900.04,4,3,225.01,Tuesday,False,False
m-012,2025-10-01,274.06,2,2,137.03,Wednesday,False,False
m-012,2025-10-02,755.58,3,2,251.86,Thursday,False,False
m-012,2025-10-03,774.22,4,1,193.56,Friday,False,False
m-012,2025-10-04,1510.56,6,4,251.76,Saturday,True,False
m-012,2025-10-05,998.34,2,2,499.17,Sunday,True,False
m-012,2025-10-06,82.22,1,1,82.22,Monday,False,False
m-012,2025-10-07,1071.28,4,2,267.82,Tuesday,False,False
m-012,2025-10-08,1391.88,4,4,347.97,Wednesday,False,False
m-012,2025-10-09,1322.57,5,3,264.51,Thursday,False,False
m-012,2025-10-10,845.02,4,4,211.26,Friday,False,False
m-012,2025-10-11,1316.75,5,3,263.35,Saturday,True,False
m-012,2025-10-12,160.3,1,1,160.3,Sunday,True,False
m-012,2025-10-13,715.6,3,3,238.53,Monday,False,False
m-012,2025-10-14,973.18,3,3,324.39,Tuesday,False,False
m-012,2025-10-15,175.96,1,0,175.96,Wednesday,False,False
m-012,2025-10-16,1594.44,1,1,1594.44,Thursday,False,False
m-012,2025-10-17,1082.84,4,2,270.71,Friday,False,False
m-012,2025-10-18,1993.0,9,5,221.44,Saturday,True,False
m-012,2025-10-19,1438.35,4,4,359.59,Sunday,True,False
m-012,2025-10-20,572.38,4,4,143.1,Monday,False,True
m-012,2025-10-21,4936.22,12,7,411.35,Tuesday,False,True
m-012,2025-10-22,15456.11,4,3,3864.03,Wednesday,False,True
m-012,2025-10-23,2863.9,5,5,572.78,Thursday,False,False
m-012,2025-10-24,1502.67,6,4,250.45,Friday,False,False
m-012,2025-10-25,1062.7,4,3,265.68,Saturday,True,False
m-012,2025-10-26,2743.58,4,3,685.9,Sunday,True,False
m-012,2025-10-27,3274.89,8,6,409.36,Monday,False,False
m-012,2025-10-28,1645.73,6,5,274.29,Tuesday,False,False
m-012,2025-10-29,1145.76,2,2,572.88,Wednesday,False,False
m-012,2025-10-30,1923.48,7,5,274.78,Thursday,False,False
m-012,2025-10-31,2160.37,6,4,360.06,Friday,False,False
m-012,2025-11-01,1040.1,3,3,346.7,Saturday,True,False
m-012,2025-11-02,1222.83,6,4,203.8,Sunday,True,False
m-012,2025-11-03,1225.86,3,3,408.62,Monday,False,False
m-012,2025-11-04,516.0,3,1,172.0,Tuesday,False,False
m-012,2025-11-05,82.22,1,1,82.22,Wednesday,False,False
m-012,2025-11-06,1407.68,3,2,469.23,Thursday,False,False
m-012,2025-11-07,4968.43,9,5,552.05,Friday,False,False
m-012,2025-11-08,1776.82,7,5,253.83,Saturday,True,False
m-012,2025-11-09,2020.76,6,5,336.79,Sunday,True,False
m-012,2025-11-10,201.12,1,0,201.12,Monday,False,False
m-012,2025-11-11,703.84,1,1,703.84,Tuesday,False,False
m-012,2025-11-12,1514.34,3,2,504.78,Wednesday,False,False
m-012,2025-11-13,454.32,3,1,151.44,Thursday,False,False
m-012,2025-11-14,797.22,2,1,398.61,Friday,False,False
m-012,2025-11-15,1363.06,4,4,340.76,Saturday,True,False
m-012,2025-11-16,320.6,1,1,320.6,Sunday,True,False
m-012,2025-11-17,2069.62,4,3,517.4,Monday,False,False
m-012,2025-11-18,118.06,1,1,118.06,Tuesday,False,False
m-012,2025-11-19,1852.62,4,3,463.16,Wednesday,False,False
m-012,2025-11-20,1121.96,5,2,224.39,Thursday,False,False
m-012,2025-11-21,552.42,3,3,184.14,Friday,False,False
m-012,2025-11-22,879.44,3,3,293.15,Saturday,True,False
m-012,2025-11-23,438.66,2,1,219.33,Sunday,True,False
m-012,2025-11-24,2154.99,7,4,307.86,Monday,False,False
m-012,2025-11-25,1845.98,7,3,263.71,Tuesday,False,False
m-012,2025-11-26,2037.97,6,5,339.66,Wednesday,False,False
m-012,2025-11-27,877.42,4,4,219.36,Thursday,False,False
m-012,2025-11-28,965.87,3,2,321.96,Friday,False,False
m-012,2025-11-29,1403.09,6,5,233.85,Saturday,True,False
m-012,2025-11-30,2886.51,8,5,360.81,Sunday,True,False
m-012,2025-12-01,1162.92,4,1,290.73,Monday,False,False
m-012,2025-12-02,682.02,2,1,341.01,Tuesday,False,False
m-012,2025-12-03,1282.96,4,3,320.74,Wednesday,False,False
m-012,2025-12-04,398.61,1,0,398.61,Thursday,False,False
m-012,2025-12-05,377.08,2,1,188.54,Friday,False,False
m-012,2025-12-06,242.52,2,1,121.26,Saturday,True,False
m-012,2025-12-07,763.4,4,4,190.85,Sunday,True,False
m-012,2025-12-08,2240.07,5,4,448.01,Monday,False,False
m-012,2025-12-09,692.63,3,3,230.88,Tuesday,False,False
m-012,2025-12-10,1349.62,4,3,337.4,Wednesday,False,False
m-012,2025-12-11,868.59,3,1,289.53,Thursday,False,False
m-012,2025-12-12,1318.76,5,3,263.75,Friday,False,False
m-012,2025-12-13,371.94,3,3,123.98,Saturday,True,False
m-012,2025-12-14,3327.89,6,4,554.65,Sunday,True,False
m-012,2025-12-15,548.12,3,1,182.71,Monday,False,False
m-012,2025-12-16,365.56,3,3,121.85,Tuesday,False,False
m-012,2025-12-17,278.2,2,1,139.1,Wednesday,False,False
m-012,2025-12-18,563.12,2,1,281.56,Thursday,False,False
m-012,2025-12-19,926.42,4,4,231.6,Friday,False,False
m-012,2025-12-20,1026.85,5,5,205.37,Saturday,True,False
m-012,2025-12-21,1236.58,4,3,309.15,Sunday,True,False
m-012,2025-12-22,660.46,3,3,220.15,Monday,False,False
m-012,2025-12-23,361.42,2,2,180.71,Tuesday,False,False
m-012,2025-12-24,1478.33,4,2,369.58,Wednesday,False,False
m-012,2025-12-25,1903.95,7,3,271.99,Thursday,False,True
m-012,2025-12-26,450.02,3,3,150.01,Friday,False,False
m-012,2025-12-27,1363.63,6,6,227.27,Saturday,True,False
m-012,2025-12-28,2907.46,6,5,484.58,Sunday,True,False
m-012,2025-12-29,82.22,1,1,82.22,Monday,False,False
m-012,2025-12-30,845.55,4,3,211.39,Tuesday,False,False
m-012,2025-12-31,2008.26,10,9,200.83,Wednesday,False,True
m-012,2026-01-01,1011.04,4,4,252.76,Thursday,False,True
m-012,2026-01-02,201.12,1,0,201.12,Friday,False,False
m-012,2026-01-03,758.52,5,4,151.7,Saturday,True,False
m-012,2026-01-04,113.76,1,1,113.76,Sunday,True,False
m-012,2026-01-05,891.93,5,4,178.39,Monday,False,False
m-012,2026-01-06,314.88,2,2,157.44,Tuesday,False,False
m-012,2026-01-07,1231.43,4,3,307.86,Wednesday,False,False
m-012,2026-01-08,955.28,5,2,191.06,Thursday,False,False
m-012,2026-01-09,1527.14,7,5,218.16,Friday,False,False
m-012,2026-01-10,1956.1,5,3,391.22,Saturday,True,False
m-012,2026-01-11,537.38,3,3,179.13,Sunday,True,False
m-012,2026-01-12,1432.55,7,4,204.65,Monday,False,False
m-012,2026-01-13,377.08,2,2,188.54,Tuesday,False,False
m-012,2026-01-14,2037.81,7,3,291.12,Wednesday,False,True
m-012,2026-01-15,879.44,3,2,293.15,Thursday,False,False
m-012,2026-01-16,676.3,3,3,225.43,Friday,False,False
m-012,2026-01-17,1551.96,5,3,310.39,Saturday,True,False
m-012,2026-01-18,1539.35,4,3,384.84,Sunday,True,False
m-012,2026-01-19,201.12,1,1,201.12,Monday,False,False
m-012,2026-01-20,563.12,3,3,187.71,Tuesday,False,False
m-012,2026-01-21,2396.23,5,4,479.25,Wednesday,False,False
m-012,2026-01-23,354.18,2,2,177.09,Friday,False,False
m-012,2026-01-24,2710.0,5,3,542.0,Saturday,True,False
m-012,2026-01-25,1824.69,5,3,364.94,Sunday,True,False
m-012,2026-01-26,118.06,1,1,118.06,Monday,False,False
m-012,2026-01-27,945.88,5,4,189.18,Tuesday,False,False
m-012,2026-01-28,532.24,4,3,133.06,Wednesday,False,False
m-012,2026-01-29,806.3,5,4,161.26,Thursday,False,False
m-012,2026-01-30,558.91,2,1,279.46,Friday,False,False
m-012,2026-01-31,434.14,2,2,217.07,Saturday,True,False
m-012,2026-02-01,274.06,2,2,137.03,Sunday,True,False
m-012,2026-02-02,483.62,3,2,161.21,Monday,False,False
m-012,2026-02-03,696.26,3,1,232.09,Tuesday,False,False
m-012,2026-02-04,692.32,3,2,230.77,Wednesday,False,False
m-012,2026-02-05,703.84,1,1,703.84,Thursday,False,False
m-012,2026-02-06,396.42,2,1,198.21,Friday,False,False
m-012,2026-02-07,236.12,1,1,236.12,Saturday,True,False
m-012,2026-02-08,1037.72,4,3,259.43,Sunday,True,False
m-012,2026-02-09,518.62,3,2,172.87,Monday,False,False
m-012,2026-02-11,810.02,4,2,202.5,Wednesday,False,False
m-012,2026-02-12,401.4,3,3,133.8,Thursday,False,False
m-012,2026-02-13,236.12,1,1,236.12,Friday,False,False
m-012,2026-02-14,876.94,5,4,175.39,Saturday,True,False
m-012,2026-02-15,278.36,2,2,139.18,Sunday,True,False
m-012,2026-02-16,804.48,1,0,804.48,Monday,False,False
m-012,2026-02-17,1781.74,6,6,296.96,Tuesday,False,False
m-012,2026-02-18,1521.96,5,1,304.39,Wednesday,False,False
m-012,2026-02-20,558.91,2,1,279.46,Friday,False,False
m-012,2026-02-21,1215.07,5,4,243.01,Saturday,True,False
m-012,2026-02-22,558.91,2,2,279.46,Sunday,True,False
m-012,2026-02-23,320.6,1,0,320.6,Monday,False,False
m-012,2026-02-24,852.62,4,3,213.15,Tuesday,False,False
m-012,2026-02-25,603.36,2,2,301.68,Wednesday,False,False
m-012,2026-02-26,1264.26,7,7,180.61,Thursday,False,False
m-012,2026-02-27,641.13,3,2,213.71,Friday,False,False
m-012,2026-02-28,1917.82,4,1,479.46,Saturday,True,False
m-012,2026-03-01,434.14,2,2,217.07,Sunday,True,False
m-012,2026-03-02,716.95,3,3,238.98,Monday,False,False
m-012,2026-03-03,482.78,2,2,241.39,Tuesday,False,False
m-012,2026-03-04,2126.21,7,4,303.74,Wednesday,False,True
m-012,2026-03-05,465.68,2,2,232.84,Thursday,False,False
m-012,2026-03-06,1477.82,4,2,369.46,Friday,False,False
m-012,2026-03-07,1345.12,6,6,224.19,Saturday,True,False
m-012,2026-03-08,1353.18,5,4,270.64,Sunday,True,False
m-012,2026-03-09,2489.61,4,4,622.4,Monday,False,False
m-012,2026-03-10,360.58,3,1,120.19,Tuesday,False,False
m-012,2026-03-11,2509.72,4,3,627.43,Wednesday,False,False
m-012,2026-03-12,2229.17,4,4,557.29,Thursday,False,False
m-012,2026-03-13,918.91,4,3,229.73,Friday,False,False
m-012,2026-03-14,320.6,2,1,160.3,Saturday,True,False
m-012,2026-03-15,1316.57,5,3,263.31,Sunday,True,False
m-012,2026-03-16,459.3,3,2,153.1,Monday,False,False
m-012,2026-03-17,2415.52,6,5,402.59,Tuesday,False,False
m-012,2026-03-18,610.1,3,2,203.37,Wednesday,False,False
m-012,2026-03-19,1140.74,4,3,285.18,Thursday,False,False
m-012,2026-03-20,739.08,4,2,184.77,Friday,False,True
m-012,2026-03-21,242.52,2,1,121.26,Saturday,True,False
m-012,2026-03-22,1209.83,5,5,241.97,Sunday,True,False
m-012,2026-03-23,1195.83,1,1,1195.83,Monday,False,False
m-012,2026-03-24,1082.84,3,1,360.95,Tuesday,False,False
m-012,2026-03-25,391.96,3,3,130.65,Wednesday,False,False
m-012,2026-03-26,1322.26,4,3,330.56,Thursday,False,False
m-012,2026-03-27,1322.3,5,3,264.46,Friday,False,False
m-012,2026-03-28,991.69,6,4,165.28,Saturday,True,False
m-012,2026-03-29,1356.13,3,2,452.04,Sunday,True,False
m-012,2026-03-30,195.98,2,0,97.99,Monday,False,False
m-012,2026-04-01,1708.2,3,3,569.4,Wednesday,False,False
m-012,2026-04-02,1485.4,5,4,297.08,Thursday,False,False
m-012,2026-04-03,1109.14,4,3,277.29,Friday,False,False
m-012,2026-04-04,830.78,3,2,276.93,Saturday,True,False
m-012,2026-04-05,1557.25,4,3,389.31,Sunday,True,False
m-012,2026-04-06,1313.87,6,4,218.98,Monday,False,False
m-012,2026-04-07,418.48,3,2,139.49,Tuesday,False,False
m-012,2026-04-08,803.64,4,2,200.91,Wednesday,False,False
m-012,2026-04-09,998.34,3,2,332.78,Thursday,False,False
m-012,2026-04-10,402.24,2,0,201.12,Friday,False,False
m-012,2026-04-11,242.52,2,1,121.26,Saturday,True,False
m-012,2026-04-12,1387.42,5,5,277.48,Sunday,True,False
m-012,2026-04-13,520.72,3,3,173.57,Monday,False,False
m-012,2026-04-14,870.85,2,1,435.42,Tuesday,False,False
m-012,2026-04-15,830.88,3,2,276.96,Wednesday,False,False
m-012,2026-04-16,888.68,5,4,177.74,Thursday,False,False
m-012,2026-04-17,319.18,2,2,159.59,Friday,False,False
m-012,2026-04-18,3324.04,6,5,554.01,Saturday,True,False
m-012,2026-04-19,558.91,2,2,279.46,Sunday,True,False
m-012,2026-04-20,2548.35,4,2,637.09,Monday,False,False
m-012,2026-04-21,1080.29,6,4,180.05,Tuesday,False,False
m-012,2026-04-22,1068.26,4,3,267.06,Wednesday,False,False
m-012,2026-04-23,1995.0,4,3,498.75,Thursday,False,False
m-012,2026-04-24,1216.06,3,1,405.35,Friday,False,False
m-012,2026-04-25,922.94,5,2,184.59,Saturday,True,False
m-012,2026-04-26,314.04,3,2,104.68,Sunday,True,False
m-012,2026-04-27,118.06,1,1,118.06,Monday,False,False
m-012,2026-04-28,1313.89,3,3,437.96,Tuesday,False,False
m-012,2026-04-29,175.96,1,0,175.96,Wednesday,False,False
m-012,2026-04-30,753.54,4,2,188.39,Thursday,False,False
m-012,2026-05-01,1567.69,3,2,522.56,Friday,False,False
m-012,2026-05-02,195.98,2,2,97.99,Saturday,True,False
m-012,2026-05-03,603.36,2,1,301.68,Sunday,True,False
m-012,2026-05-04,756.42,2,2,378.21,Monday,False,False
m-012,2026-05-05,824.16,3,2,274.72,Tuesday,False,False
m-012,2026-05-06,878.66,5,3,175.73,Wednesday,False,False
m-012,2026-05-07,455.04,2,1,227.52,Thursday,False,False
m-012,2026-05-08,113.76,1,1,113.76,Friday,False,False
m-012,2026-05-09,1959.89,6,4,326.65,Saturday,True,False
m-012,2026-05-10,1110.59,4,2,277.65,Sunday,True,False
m-012,2026-05-11,480.9,3,3,160.3,Monday,False,False
m-012,2026-05-12,887.1,5,2,177.42,Tuesday,False,False
m-012,2026-05-13,1223.0,7,2,174.71,Wednesday,False,False
m-012,2026-05-14,598.89,3,2,199.63,Thursday,False,False
m-012,2026-05-15,160.3,1,1,160.3,Friday,False,False
m-012,2026-05-16,1313.8,4,3,328.45,Saturday,True,False
m-012,2026-05-17,1277.88,5,3,255.58,Sunday,True,False
m-012,2026-05-18,2417.28,7,6,345.33,Monday,False,False
m-012,2026-05-19,1819.13,4,2,454.78,Tuesday,False,False
m-012,2026-05-20,392.12,3,2,130.71,Wednesday,False,False
m-012,2026-05-21,594.59,3,1,198.2,Thursday,False,False
m-012,2026-05-22,530.0,3,2,176.67,Friday,False,False
m-012,2026-05-23,1435.58,5,4,287.12,Saturday,True,False
m-012,2026-05-24,633.22,4,2,158.3,Sunday,True,False
m-012,2026-05-25,2005.61,4,4,501.4,Monday,False,False
m-012,2026-05-26,738.5,3,2,246.17,Tuesday,False,False
m-012,2026-05-27,2029.49,5,2,405.9,Wednesday,False,False
m-012,2026-05-28,485.04,2,1,242.52,Thursday,False,False
m-012,2026-05-29,377.08,2,1,188.54,Friday,False,False
m-012,2026-05-30,2296.37,7,4,328.05,Saturday,True,False
m-012,2026-05-31,1207.3,4,4,301.83,Sunday,True,False
m-012,2026-06-01,512.37,2,2,256.18,Monday,False,False
m-012,2026-06-02,227.52,2,2,113.76,Tuesday,False,False
m-012,2026-06-03,997.41,4,3,249.35,Wednesday,False,False
m-012,2026-06-04,1001.13,5,3,200.23,Thursday,False,False
m-012,2026-06-05,387.82,3,2,129.27,Friday,False,False
m-012,2026-06-06,797.22,1,1,797.22,Saturday,True,False
m-012,2026-06-07,669.28,3,1,223.09,Sunday,True,False
m-012,2026-06-08,469.98,3,2,156.66,Monday,False,False
m-012,2026-06-09,1452.66,5,3,290.53,Tuesday,False,False
m-012,2026-06-10,113.76,1,1,113.76,Wednesday,False,False
m-012,2026-06-11,274.06,2,1,137.03,Thursday,False,False
m-012,2026-06-12,930.12,4,4,232.53,Friday,False,False
m-012,2026-06-13,1869.19,5,4,373.84,Saturday,True,False
m-012,2026-06-14,2189.54,6,5,364.92,Sunday,True,False
m-012,2026-06-15,402.24,1,1,402.24,Monday,False,False
m-012,2026-06-16,480.83,2,2,240.42,Tuesday,False,False
m-012,2026-06-17,641.2,1,0,641.2,Wednesday,False,False
m-012,2026-06-18,354.18,3,1,118.06,Thursday,False,False
m-012,2026-06-19,939.62,3,1,313.21,Friday,False,False
m-012,2026-06-20,512.37,2,2,256.18,Saturday,True,False
m-012,2026-06-21,4094.95,6,4,682.49,Sunday,True,False
m-012,2026-06-22,336.26,2,1,168.13,Monday,False,False
m-012,2026-06-23,1127.61,3,3,375.87,Tuesday,False,False
m-012,2026-06-24,258.18,2,1,129.09,Wednesday,False,False
m-012,2026-06-25,661.88,3,3,220.63,Thursday,False,False
m-012,2026-06-26,402.24,1,1,402.24,Friday,False,False
m-012,2026-06-27,1510.23,6,5,251.7,Saturday,True,False
m-012,2026-06-28,324.74,2,2,162.37,Sunday,True,False
m-012,2026-06-29,400.56,2,1,200.28,Monday,False,False
m-012,2026-06-30,2091.0,3,2,697.0,Tuesday,False,False
m-012,2026-07-01,645.34,2,0,322.67,Wednesday,False,False
m-012,2026-07-02,1642.77,4,3,410.69,Thursday,False,False
m-012,2026-07-03,1231.36,3,2,410.45,Friday,False,False
m-012,2026-07-04,848.63,4,1,212.16,Saturday,True,False
m-012,2026-07-05,3167.6,5,2,633.52,Sunday,True,False
m-012,2026-07-06,1395.17,5,4,279.03,Monday,False,False
m-012,2026-07-07,995.9,5,4,199.18,Tuesday,False,False
m-012,2026-07-08,1594.44,2,2,797.22,Wednesday,False,False
m-012,2026-07-09,1502.5,7,7,214.64,Thursday,False,False
m-012,2026-07-10,484.46,2,2,242.23,Friday,False,False
m-012,2026-07-11,200.28,2,2,100.14,Saturday,True,False
m-012,2026-07-12,2061.71,5,4,412.34,Sunday,True,False
m-012,2026-07-13,118.06,1,1,118.06,Monday,False,False
m-012,2026-07-14,516.67,2,1,258.34,Tuesday,False,False
m-012,2026-07-15,479.48,3,3,159.83,Wednesday,False,False
m-012,2026-07-16,480.9,2,1,240.45,Thursday,False,False
m-012,2026-07-17,1499.65,6,6,249.94,Friday,False,False
m-012,2026-07-18,294.02,2,1,147.01,Saturday,True,False
m-012,2026-07-19,957.54,2,2,478.77,Sunday,True,False
m-012,2026-07-20,1977.94,6,3,329.66,Monday,False,False
m-012,2026-07-21,521.72,2,1,260.86,Tuesday,False,False
m-012,2026-07-22,800.58,5,1,160.12,Wednesday,False,False
m-012,2026-07-23,480.83,2,1,240.42,Thursday,False,False
m-012,2026-07-24,436.4,3,3,145.47,Friday,False,False
m-012,2026-07-25,1383.81,8,6,172.98,Saturday,True,False
m-012,2026-07-26,634.73,2,1,317.36,Sunday,True,False
m-012,2026-07-27,1282.29,6,2,213.72,Monday,False,False
m-012,2026-07-28,599.73,2,2,299.86,Tuesday,False,False
m-012,2026-07-29,672.67,3,3,224.22,Wednesday,False,False
m-012,2026-07-30,1628.5,5,5,325.7,Thursday,False,False
m-012,2026-07-31,1158.64,4,3,289.66,Friday,False,False
m-012,2026-08-01,516.67,2,1,258.34,Saturday,True,False
m-012,2026-08-02,1090.93,3,3,363.64,Sunday,True,False
m-012,2026-08-03,3086.84,9,7,342.98,Monday,False,False
m-012,2026-08-04,837.84,3,3,279.28,Tuesday,False,False
m-012,2026-08-05,1760.21,9,5,195.58,Wednesday,False,False
m-012,2026-08-06,696.26,3,2,232.09,Thursday,False,False
m-012,2026-08-07,1200.4,6,2,200.07,Friday,False,False
m-012,2026-08-08,2667.84,6,5,444.64,Saturday,True,False
m-012,2026-08-09,1117.82,2,1,558.91,Sunday,True,False
m-012,2026-08-10,1483.16,3,1,494.39,Monday,False,False
m-012,2026-08-11,1770.4,3,3,590.13,Tuesday,False,False
m-012,2026-08-12,1305.21,5,3,261.04,Wednesday,False,False
m-012,2026-08-13,1594.44,2,0,797.22,Thursday,False,False
m-012,2026-08-14,1542.98,5,5,308.6,Friday,False,False
m-012,2026-08-15,1939.19,7,5,277.03,Saturday,True,True
m-012,2026-08-16,537.38,3,2,179.13,Sunday,True,False
m-012,2026-08-17,341.28,1,1,341.28,Monday,False,False
m-012,2026-08-18,719.21,3,2,239.74,Tuesday,False,False
m-012,2026-08-19,1489.61,5,3,297.92,Wednesday,False,False
m-012,2026-08-20,398.61,1,1,398.61,Thursday,False,False
m-012,2026-08-21,160.3,1,1,160.3,Friday,False,False
m-012,2026-08-22,803.64,5,4,160.73,Saturday,True,False
m-012,2026-08-23,1748.09,6,3,291.35,Sunday,True,False
m-012,2026-08-24,465.68,2,1,232.84,Monday,False,False
m-012,2026-08-25,1166.15,4,4,291.54,Tuesday,False,False
m-012,2026-08-26,1967.99,7,5,281.14,Wednesday,False,False
m-012,2026-08-27,1171.34,3,3,390.45,Thursday,False,False
m-012,2026-08-28,2309.2,5,4,461.84,Friday,False,True
m-012,2026-08-29,1107.72,5,4,221.54,Saturday,True,False
m-012,2026-08-30,2034.06,8,5,254.26,Sunday,True,False
m-012,2026-08-31,1080.56,4,3,270.14,Monday,False,False
m-012,2026-09-01,804.48,2,1,402.24,Tuesday,False,False
m-012,2026-09-02,2234.57,7,5,319.22,Wednesday,False,False
m-012,2026-09-03,872.95,5,3,174.59,Thursday,False,False
m-012,2026-09-04,82.22,1,0,82.22,Friday,False,False
m-012,2026-09-06,113.76,1,1,113.76,Sunday,True,False
m-012,2026-09-07,795.78,3,2,265.26,Monday,False,False
m-012,2026-09-08,1172.11,5,3,234.42,Tuesday,False,False
m-012,2026-09-09,398.61,1,1,398.61,Wednesday,False,False
m-012,2026-09-10,1320.88,5,3,264.18,Thursday,False,False
m-012,2026-09-12,996.83,5,2,199.37,Saturday,True,False
m-012,2026-09-13,1485.55,5,3,297.11,Sunday,True,False
m-012,2026-09-14,1594.44,1,1,1594.44,Monday,False,False
m-012,2026-09-15,1353.89,5,3,270.78,Tuesday,False,False
m-012,2026-09-16,1535.85,7,6,219.41,Wednesday,False,False
m-012,2026-09-17,113.76,1,1,113.76,Thursday,False,False
m-013,2025-09-18,7727.25,4,3,1931.81,Thursday,False,False
m-013,2025-09-19,4901.72,4,3,1225.43,Friday,False,False
m-013,2025-09-20,2053.63,2,2,1026.82,Saturday,True,False
m-013,2025-09-21,6500.42,6,4,1083.4,Sunday,True,False
m-013,2025-09-22,889.99,1,1,889.99,Monday,False,False
m-013,2025-09-23,6772.42,6,4,1128.74,Tuesday,False,False
m-013,2025-09-24,6594.04,3,3,2198.01,Wednesday,False,False
m-013,2025-09-25,6868.61,8,4,858.58,Thursday,False,False
m-013,2025-09-26,4619.99,3,2,1540.0,Friday,False,False
m-013,2025-09-27,4586.26,3,3,1528.75,Saturday,True,False
m-013,2025-09-28,861.11,1,0,861.11,Sunday,True,False
m-013,2025-09-29,1435.37,2,2,717.68,Monday,False,False
m-013,2025-09-30,2477.09,3,2,825.7,Tuesday,False,False
m-013,2025-10-01,6106.98,3,3,2035.66,Wednesday,False,False
m-013,2025-10-02,271.73,1,1,271.73,Thursday,False,False
m-013,2025-10-03,861.11,1,1,861.11,Friday,False,False
m-013,2025-10-04,3442.84,4,1,860.71,Saturday,True,False
m-013,2025-10-05,4840.71,4,3,1210.18,Sunday,True,False
m-013,2025-10-06,1720.62,2,2,860.31,Monday,False,False
m-013,2025-10-07,1385.69,3,3,461.9,Tuesday,False,False
m-013,2025-10-08,1902.83,2,2,951.42,Wednesday,False,False
m-013,2025-10-09,5065.26,2,1,2532.63,Thursday,False,False
m-013,2025-10-10,2174.56,3,2,724.85,Friday,False,False
m-013,2025-10-11,3217.27,3,1,1072.42,Saturday,True,False
m-013,2025-10-12,4344.74,3,2,1448.25,Sunday,True,False
m-013,2025-10-13,1705.18,4,2,426.3,Monday,False,False
m-013,2025-10-14,3574.35,2,2,1787.18,Tuesday,False,False
m-013,2025-10-15,861.11,1,0,861.11,Wednesday,False,False
m-013,2025-10-16,2246.8,4,3,561.7,Thursday,False,False
m-013,2025-10-17,1870.43,3,1,623.48,Friday,False,False
m-013,2025-10-18,6125.28,6,4,1020.88,Saturday,True,False
m-013,2025-10-19,7270.62,4,4,1817.66,Sunday,True,False
m-013,2025-10-20,4106.27,5,3,821.25,Monday,False,True
m-013,2025-10-21,8390.0,8,5,1048.75,Tuesday,False,True
m-013,2025-10-22,9652.84,11,6,877.53,Wednesday,False,True
m-013,2025-10-23,1751.1,2,0,875.55,Thursday,False,False
m-013,2025-10-24,4209.31,5,4,841.86,Friday,False,False
m-013,2025-10-25,4302.34,4,3,1075.58,Saturday,True,False
m-013,2025-10-26,3095.35,3,2,1031.78,Sunday,True,False
m-013,2025-10-27,7575.52,4,2,1893.88,Monday,False,False
m-013,2025-10-28,2550.93,4,2,637.73,Tuesday,False,False
m-013,2025-10-30,2327.28,2,0,1163.64,Thursday,False,False
m-013,2025-10-31,2884.26,3,3,961.42,Friday,False,False
m-013,2025-11-01,2053.63,2,2,1026.82,Saturday,True,False
m-013,2025-11-02,2296.48,3,3,765.49,Sunday,True,False
m-013,2025-11-03,3169.5,2,1,1584.75,Monday,False,False
m-013,2025-11-04,1161.72,2,2,580.86,Tuesday,False,False
m-013,2025-11-05,3216.28,4,2,804.07,Wednesday,False,False
m-013,2025-11-06,5578.3,5,5,1115.66,Thursday,False,False
m-013,2025-11-07,271.73,1,0,271.73,Friday,False,False
m-013,2025-11-08,7453.23,5,5,1490.65,Saturday,True,False
m-013,2025-11-09,4992.44,4,3,1248.11,Sunday,True,False
m-013,2025-11-10,8862.01,5,4,1772.4,Monday,False,False
m-013,2025-11-11,1041.72,1,0,1041.72,Tuesday,False,False
m-013,2025-11-12,3696.27,2,0,1848.14,Wednesday,False,False
m-013,2025-11-13,3950.72,3,2,1316.91,Thursday,False,False
m-013,2025-11-14,1931.71,2,2,965.86,Friday,False,False
m-013,2025-11-15,4315.86,3,1,1438.62,Saturday,True,False
m-013,2025-11-16,11622.65,8,5,1452.83,Sunday,True,False
m-013,2025-11-18,1931.71,2,1,965.86,Tuesday,False,False
m-013,2025-11-19,5103.13,3,3,1701.04,Wednesday,False,False
m-013,2025-11-20,1902.83,2,2,951.42,Thursday,False,False
m-013,2025-11-21,6084.24,5,3,1216.85,Friday,False,False
m-013,2025-11-22,9384.57,8,7,1173.07,Saturday,True,False
m-013,2025-11-23,10297.38,7,5,1471.05,Sunday,True,False
m-013,2025-11-24,2897.77,1,1,2897.77,Monday,False,False
m-013,2025-11-25,3454.75,2,1,1727.38,Tuesday,False,False
m-013,2025-11-26,3968.0,3,2,1322.67,Wednesday,False,False
m-013,2025-11-27,3338.2,4,4,834.55,Thursday,False,False
m-013,2025-11-28,9491.81,4,3,2372.95,Friday,False,False
m-013,2025-11-29,1446.97,2,0,723.48,Saturday,True,False
m-013,2025-11-30,2459.81,3,2,819.94,Sunday,True,False
m-013,2025-12-01,7825.68,6,3,1304.28,Monday,False,False
m-013,2025-12-02,12611.9,6,3,2101.98,Tuesday,False,False
m-013,2025-12-03,1163.64,1,1,1163.64,Wednesday,False,False
m-013,2025-12-04,1722.22,2,1,861.11,Thursday,False,False
m-013,2025-12-05,1779.98,2,2,889.99,Friday,False,False
m-013,2025-12-06,3393.74,2,2,1696.87,Saturday,True,False
m-013,2025-12-07,4736.07,4,2,1184.02,Sunday,True,False
m-013,2025-12-08,3349.8,4,2,837.45,Monday,False,False
m-013,2025-12-09,11058.38,6,4,1843.06,Tuesday,False,False
m-013,2025-12-10,10622.73,7,7,1517.53,Wednesday,False,False
m-013,2025-12-11,3217.27,3,2,1072.42,Thursday,False,False
m-013,2025-12-12,4536.58,4,2,1134.14,Friday,False,False
m-013,2025-12-13,7787.89,5,4,1557.58,Saturday,True,False
m-013,2025-12-14,9650.94,8,5,1206.37,Sunday,True,False
m-013,2025-12-15,1689.82,3,3,563.27,Monday,False,False
m-013,2025-12-16,9714.13,5,3,1942.83,Tuesday,False,False
m-013,2025-12-17,4920.6,4,3,1230.15,Wednesday,False,False
m-013,2025-12-18,271.73,1,0,271.73,Thursday,False,False
m-013,2025-12-19,4532.64,4,3,1133.16,Friday,False,False
m-013,2025-12-20,4568.71,4,4,1142.18,Saturday,True,False
m-013,2025-12-21,1902.83,2,2,951.42,Sunday,True,False
m-013,2025-12-22,7005.96,5,2,1401.19,Monday,False,False
m-013,2025-12-23,3787.76,2,1,1893.88,Tuesday,False,False
m-013,2025-12-24,3032.15,5,4,606.43,Wednesday,False,False
m-013,2025-12-25,8584.07,6,5,1430.68,Thursday,False,True
m-013,2025-12-26,3454.75,2,1,1727.38,Friday,False,False
m-013,2025-12-27,4829.11,4,4,1207.28,Saturday,True,False
m-013,2025-12-28,3665.47,3,2,1221.82,Sunday,True,False
m-013,2025-12-29,9071.13,6,4,1511.86,Monday,False,False
m-013,2025-12-30,6500.63,4,4,1625.16,Tuesday,False,False
m-013,2025-12-31,5733.95,5,3,1146.79,Wednesday,False,True
m-013,2026-01-01,10548.58,8,6,1318.57,Thursday,False,True
m-013,2026-01-02,5234.73,4,3,1308.68,Friday,False,False
m-013,2026-01-03,3998.21,4,2,999.55,Saturday,True,False
m-013,2026-01-04,3454.75,2,1,1727.38,Sunday,True,False
m-013,2026-01-05,2855.06,4,3,713.76,Monday,False,False
m-013,2026-01-06,6264.85,5,4,1252.97,Tuesday,False,False
m-013,2026-01-07,1689.82,3,2,563.27,Wednesday,False,False
m-013,2026-01-08,7215.48,7,4,1030.78,Thursday,False,False
m-013,2026-01-09,4542.32,5,3,908.46,Friday,False,False
m-013,2026-01-10,1992.35,3,2,664.12,Saturday,True,False
m-013,2026-01-11,8120.59,7,7,1160.08,Sunday,True,False
m-013,2026-01-12,5717.18,6,4,952.86,Monday,False,False
m-013,2026-01-13,3089.61,2,0,1544.8,Tuesday,False,False
m-013,2026-01-14,6816.09,5,4,1363.22,Wednesday,False,True
m-013,2026-01-15,2022.83,3,2,674.28,Thursday,False,False
m-013,2026-01-16,6320.39,3,1,2106.8,Friday,False,False
m-013,2026-01-17,4602.95,5,3,920.59,Saturday,True,False
m-013,2026-01-18,4030.61,3,2,1343.54,Sunday,True,False
m-013,2026-01-19,271.73,1,1,271.73,Monday,False,False
m-013,2026-01-20,2083.44,2,1,1041.72,Tuesday,False,False
m-013,2026-01-21,1446.97,2,2,723.48,Wednesday,False,False
m-013,2026-01-22,4619.99,3,1,1540.0,Thursday,False,False
m-013,2026-01-23,3939.49,2,1,1969.74,Friday,False,False
m-013,2026-01-24,1689.82,3,1,563.27,Saturday,True,False
m-013,2026-01-25,1163.64,1,1,1163.64,Sunday,True,False
m-013,2026-01-26,3245.16,4,2,811.29,Monday,False,False
m-013,2026-01-27,4557.38,3,2,1519.13,Tuesday,False,False
m-013,2026-01-28,2174.56,3,3,724.85,Wednesday,False,False
m-013,2026-01-29,4829.48,3,1,1609.83,Thursday,False,False
m-013,2026-01-30,6186.56,5,4,1237.31,Friday,False,False
m-013,2026-01-31,7107.08,6,5,1184.51,Saturday,True,False
m-013,2026-02-01,3805.66,4,4,951.42,Sunday,True,False
m-013,2026-02-02,3140.31,4,2,785.08,Monday,False,False
m-013,2026-02-03,10168.39,5,3,2033.68,Tuesday,False,False
m-013,2026-02-04,2277.6,3,1,759.2,Wednesday,False,False
m-013,2026-02-05,6823.75,5,2,1364.75,Thursday,False,False
m-013,2026-02-06,2532.63,1,1,2532.63,Friday,False,False
m-013,2026-02-07,8329.71,8,6,1041.21,Saturday,True,False
m-013,2026-02-08,4951.4,3,3,1650.47,Sunday,True,False
m-013,2026-02-09,3454.75,2,1,1727.38,Monday,False,False
m-013,2026-02-10,271.73,1,1,271.73,Tuesday,False,False
m-013,2026-02-11,5795.54,2,0,2897.77,Wednesday,False,False
m-013,2026-02-12,4180.43,5,2,836.09,Thursday,False,False
m-013,2026-02-13,6483.35,4,3,1620.84,Friday,False,False
m-013,2026-02-14,6909.5,4,4,1727.38,Saturday,True,False
m-013,2026-02-15,6259.11,4,3,1564.78,Sunday,True,False
m-013,2026-02-16,2022.83,3,2,674.28,Monday,False,False
m-013,2026-02-17,6427.81,6,4,1071.3,Tuesday,False,False
m-013,2026-02-18,3760.73,5,3,752.15,Wednesday,False,False
m-013,2026-02-19,2897.77,1,1,2897.77,Thursday,False,False
m-013,2026-02-20,3422.62,2,2,1711.31,Friday,False,False
m-013,2026-02-21,1433.45,3,3,477.82,Saturday,True,False
m-013,2026-02-22,10092.32,7,5,1441.76,Sunday,True,False
m-013,2026-02-23,1446.97,2,1,723.48,Monday,False,False
m-013,2026-02-24,9386.86,6,5,1564.48,Tuesday,False,False
m-013,2026-02-25,5325.45,4,4,1331.36,Wednesday,False,False
m-013,2026-02-26,4922.52,3,2,1640.84,Thursday,False,False
m-013,2026-02-27,1446.97,2,2,723.48,Friday,False,False
m-013,2026-02-28,4496.47,3,2,1498.82,Saturday,True,False
m-013,2026-03-01,9172.52,6,4,1528.75,Sunday,True,False
m-013,2026-03-02,3745.37,4,3,936.34,Monday,False,False
m-013,2026-03-03,8536.98,6,4,1422.83,Tuesday,False,False
m-013,2026-03-04,11037.56,7,6,1576.79,Wednesday,False,True
m-013,2026-03-05,3188.39,3,2,1062.8,Thursday,False,False
m-013,2026-03-06,11481.84,7,6,1640.26,Friday,False,False
m-013,2026-03-07,5973.86,4,3,1493.46,Saturday,True,False
m-013,2026-03-08,4536.58,4,4,1134.14,Sunday,True,False
m-013,2026-03-09,10927.18,6,4,1821.2,Monday,False,False
m-013,2026-03-10,5508.38,4,2,1377.1,Tuesday,False,False
m-013,2026-03-11,861.11,1,1,861.11,Wednesday,False,False
m-013,2026-03-12,2296.48,3,2,765.49,Thursday,False,False
m-013,2026-03-13,5702.13,3,3,1900.71,Friday,False,False
m-013,2026-03-14,4796.71,5,2,959.34,Saturday,True,False
m-013,2026-03-15,1433.45,3,2,477.82,Sunday,True,False
m-013,2026-03-16,271.73,1,1,271.73,Monday,False,False
m-013,2026-03-17,1418.09,2,2,709.04,Tuesday,False,False
m-013,2026-03-18,3247.08,3,3,1082.36,Wednesday,False,False
m-013,2026-03-19,271.73,1,1,271.73,Thursday,False,False
m-013,2026-03-20,9540.59,7,5,1362.94,Friday,False,True
m-013,2026-03-21,6865.77,4,3,1716.44,Saturday,True,False
m-013,2026-03-22,4283.73,3,1,1427.91,Sunday,True,False
m-013,2026-03-23,3454.75,2,1,1727.38,Monday,False,False
m-013,2026-03-24,6640.82,5,2,1328.16,Tuesday,False,False
m-013,2026-03-25,2174.56,3,3,724.85,Wednesday,False,False
m-013,2026-03-26,4890.12,4,2,1222.53,Thursday,False,False
m-013,2026-03-27,2532.63,1,0,2532.63,Friday,False,False
m-013,2026-03-28,1435.37,2,2,717.68,Saturday,True,False
m-013,2026-03-29,5477.18,4,2,1369.3,Sunday,True,False
m-013,2026-03-30,2325.36,3,3,775.12,Monday,False,False
m-013,2026-03-31,9415.74,6,4,1569.29,Tuesday,False,False
m-013,2026-04-01,4137.07,4,3,1034.27,Wednesday,False,False
m-013,2026-04-02,2804.36,2,0,1402.18,Thursday,False,False
m-013,2026-04-03,271.73,1,1,271.73,Friday,False,False
m-013,2026-04-04,5899.71,5,2,1179.94,Saturday,True,False
m-013,2026-04-05,3378.68,4,3,844.67,Sunday,True,False
m-013,2026-04-06,3169.5,2,2,1584.75,Monday,False,False
m-013,2026-04-08,1720.62,2,1,860.31,Wednesday,False,False
m-013,2026-04-09,8865.78,7,4,1266.54,Thursday,False,False
m-013,2026-04-10,6791.62,5,3,1358.32,Friday,False,False
m-013,2026-04-12,3186.47,4,2,796.62,Sunday,True,False
m-013,2026-04-13,3696.27,2,0,1848.14,Monday,False,False
m-013,2026-04-15,4061.41,2,2,2030.7,Wednesday,False,False
m-013,2026-04-16,4435.46,3,1,1478.49,Thursday,False,False
m-013,2026-04-17,13758.57,5,4,2751.71,Friday,False,False
m-013,2026-04-18,5143.24,4,2,1285.81,Saturday,True,False
m-013,2026-04-19,6544.36,4,4,1636.09,Sunday,True,False
m-013,2026-04-20,3408.52,6,4,568.09,Monday,False,False
m-013,2026-04-21,3454.75,2,2,1727.38,Tuesday,False,False
m-013,2026-04-22,3968.0,3,2,1322.67,Wednesday,False,False
m-013,2026-04-23,1931.71,2,2,965.86,Thursday,False,False
m-013,2026-04-24,5194.25,4,2,1298.56,Friday,False,False
m-013,2026-04-26,7181.5,4,2,1795.38,Sunday,True,False
m-013,2026-04-27,6544.36,4,3,1636.09,Monday,False,False
m-013,2026-04-28,4951.4,3,3,1650.47,Tuesday,False,False
m-013,2026-04-29,2296.48,3,3,765.49,Wednesday,False,False
m-013,2026-04-30,2897.77,1,1,2897.77,Thursday,False,False
m-013,2026-05-01,861.11,1,1,861.11,Friday,False,False
m-013,2026-05-02,9084.33,6,4,1514.06,Saturday,True,False
m-013,2026-05-03,5538.86,4,3,1384.72,Sunday,True,False
m-013,2026-05-04,2459.81,3,3,819.94,Monday,False,False
m-013,2026-05-05,2308.08,3,1,769.36,Tuesday,False,False
m-013,2026-05-06,4616.07,3,2,1538.69,Wednesday,False,False
m-013,2026-05-07,3169.5,2,1,1584.75,Thursday,False,False
m-013,2026-05-08,3968.0,3,3,1322.67,Friday,False,False
m-013,2026-05-09,6291.51,3,3,2097.17,Saturday,True,False
m-013,2026-05-10,9038.42,9,6,1004.27,Sunday,True,False
m-013,2026-05-11,11721.91,5,5,2344.38,Monday,False,False
m-013,2026-05-12,5430.4,2,2,2715.2,Tuesday,False,False
m-013,2026-05-13,3846.08,3,2,1282.03,Wednesday,False,False
m-013,2026-05-14,1720.62,2,1,860.31,Thursday,False,False
m-013,2026-05-15,3217.27,3,1,1072.42,Friday,False,False
m-013,2026-05-16,6912.55,6,5,1152.09,Saturday,True,False
m-013,2026-05-17,7002.07,7,5,1000.3,Sunday,True,False
m-013,2026-05-18,4435.46,3,1,1478.49,Monday,False,False
m-013,2026-05-19,7184.65,6,4,1197.44,Tuesday,False,False
m-013,2026-05-20,8689.48,6,4,1448.25,Wednesday,False,False
m-013,2026-05-21,5294.97,4,3,1323.74,Thursday,False,False
m-013,2026-05-22,4061.41,2,1,2030.7,Friday,False,False
m-013,2026-05-23,4410.72,4,1,1102.68,Saturday,True,False
m-013,2026-05-24,3652.33,4,2,913.08,Sunday,True,False
m-013,2026-05-25,10877.77,6,2,1812.96,Monday,False,False
m-013,2026-05-26,4619.99,3,1,1540.0,Tuesday,False,False
m-013,2026-05-27,2821.7,3,0,940.57,Wednesday,False,False
m-013,2026-05-28,2599.01,3,3,866.34,Thursday,False,False
m-013,2026-05-29,3846.08,3,1,1282.03,Friday,False,False
m-013,2026-05-30,2296.48,3,1,765.49,Saturday,True,False
m-013,2026-05-31,7484.03,4,3,1871.01,Sunday,True,False
m-013,2026-06-01,1100.44,3,3,366.81,Monday,False,False
m-013,2026-06-02,3035.67,4,1,758.92,Tuesday,False,False
m-013,2026-06-04,1161.72,2,2,580.86,Thursday,False,False
m-013,2026-06-05,4496.47,3,0,1498.82,Friday,False,False
m-013,2026-06-06,4283.73,3,1,1427.91,Saturday,True,False
m-013,2026-06-07,4211.22,3,1,1403.74,Sunday,True,False
m-013,2026-06-08,2203.44,3,2,734.48,Monday,False,False
m-013,2026-06-09,2897.77,1,0,2897.77,Tuesday,False,False
m-013,2026-06-10,2792.82,3,1,930.94,Wednesday,False,False
m-013,2026-06-11,5205.85,4,2,1301.46,Thursday,False,False
m-013,2026-06-12,1942.67,4,3,485.67,Friday,False,False
m-013,2026-06-13,556.98,1,1,556.98,Saturday,True,False
m-013,2026-06-14,6563.24,4,2,1640.81,Sunday,True,False
m-013,2026-06-15,6259.11,4,3,1564.78,Monday,False,False
m-013,2026-06-16,271.73,1,1,271.73,Tuesday,False,False
m-013,2026-06-17,4891.72,4,2,1222.93,Wednesday,False,False
m-013,2026-06-18,6743.85,4,2,1685.96,Thursday,False,False
m-013,2026-06-19,5194.25,4,2,1298.56,Friday,False,False
m-013,2026-06-20,6500.63,4,2,1625.16,Saturday,True,False
m-013,2026-06-21,4584.34,4,3,1146.08,Sunday,True,False
m-013,2026-06-22,3454.75,2,1,1727.38,Monday,False,False
m-013,2026-06-23,5465.99,6,3,911.0,Tuesday,False,False
m-013,2026-06-24,2610.61,3,2,870.2,Wednesday,False,False
m-013,2026-06-25,2279.2,3,2,759.73,Thursday,False,False
m-013,2026-06-26,4333.14,3,2,1444.38,Friday,False,False
m-013,2026-06-27,4874.69,7,4,696.38,Saturday,True,False
m-013,2026-06-28,2477.09,3,3,825.7,Sunday,True,False
m-013,2026-06-29,4283.73,3,2,1427.91,Monday,False,False
m-013,2026-06-30,2532.63,1,1,2532.63,Tuesday,False,False
m-013,2026-07-01,3846.08,3,2,1282.03,Wednesday,False,False
m-013,2026-07-02,1720.62,2,2,860.31,Thursday,False,False
m-013,2026-07-03,7513.84,4,4,1878.46,Friday,False,False
m-013,2026-07-04,3726.48,3,3,1242.16,Saturday,True,False
m-013,2026-07-05,7919.09,5,2,1583.82,Sunday,True,False
m-013,2026-07-06,1163.64,1,1,1163.64,Monday,False,False
m-013,2026-07-07,9956.98,6,5,1659.5,Tuesday,False,False
m-013,2026-07-08,861.11,1,1,861.11,Wednesday,False,False
m-013,2026-07-09,4584.34,4,4,1146.08,Thursday,False,False
m-013,2026-07-10,4648.87,3,3,1549.62,Friday,False,False
m-013,2026-07-11,4724.53,5,3,944.91,Saturday,True,False
m-013,2026-07-12,5245.29,5,5,1049.06,Sunday,True,False
m-013,2026-07-13,7484.03,4,4,1871.01,Monday,False,False
m-013,2026-07-14,11087.61,9,6,1231.96,Tuesday,False,False
m-013,2026-07-15,6067.27,3,1,2022.42,Wednesday,False,False
m-013,2026-07-16,3393.74,2,2,1696.87,Thursday,False,False
m-013,2026-07-17,8092.02,5,4,1618.4,Friday,False,False
m-013,2026-07-18,1100.44,3,3,366.81,Saturday,True,False
m-013,2026-07-19,7529.29,8,3,941.16,Sunday,True,False
m-013,2026-07-20,889.99,1,1,889.99,Monday,False,False
m-013,2026-07-21,3361.34,3,3,1120.45,Tuesday,False,False
m-013,2026-07-22,5065.26,2,1,2532.63,Wednesday,False,False
m-013,2026-07-23,2532.63,1,1,2532.63,Thursday,False,False
m-013,2026-07-24,3787.76,2,1,1893.88,Friday,False,False
m-013,2026-07-25,4253.25,3,2,1417.75,Saturday,True,False
m-013,2026-07-26,5202.6,4,3,1300.65,Sunday,True,False
m-013,2026-07-27,3846.08,3,3,1282.03,Monday,False,False
m-013,2026-07-28,4464.34,3,2,1488.11,Tuesday,False,False
m-013,2026-07-29,2024.75,2,1,1012.38,Wednesday,False,False
m-013,2026-07-30,1161.72,2,1,580.86,Thursday,False,False
m-013,2026-07-31,271.73,1,0,271.73,Friday,False,False
m-013,2026-08-01,5225.05,3,1,1741.68,Saturday,True,False
m-013,2026-08-02,9398.4,5,4,1879.68,Sunday,True,False
m-013,2026-08-03,74274.98,3,3,24758.33,Monday,False,False
m-013,2026-08-04,5509.98,4,3,1377.5,Tuesday,False,False
m-013,2026-08-05,4829.48,3,2,1609.83,Wednesday,False,False
m-013,2026-08-06,1041.72,1,1,1041.72,Thursday,False,False
m-013,2026-08-07,6976.15,5,4,1395.23,Friday,False,False
m-013,2026-08-08,2914.74,3,2,971.58,Saturday,True,False
m-013,2026-08-09,8802.58,9,5,978.06,Sunday,True,False
m-013,2026-08-10,9478.35,6,3,1579.72,Monday,False,False
m-013,2026-08-11,3076.09,3,2,1025.36,Tuesday,False,False
m-013,2026-08-12,6320.39,3,3,2106.8,Wednesday,False,False
m-013,2026-08-13,9894.37,6,5,1649.06,Thursday,False,False
m-013,2026-08-14,889.99,1,1,889.99,Friday,False,False
m-013,2026-08-15,11603.76,7,6,1657.68,Saturday,True,True
m-013,2026-08-16,1720.62,2,2,860.31,Sunday,True,False
m-013,2026-08-17,271.73,1,1,271.73,Monday,False,False
m-013,2026-08-18,5144.84,4,2,1286.21,Tuesday,False,False
m-013,2026-08-19,3968.0,3,3,1322.67,Wednesday,False,False
m-013,2026-08-20,7230.91,4,2,1807.73,Thursday,False,False
m-013,2026-08-21,2083.44,2,2,1041.72,Friday,False,False
m-013,2026-08-22,6427.81,6,3,1071.3,Saturday,True,False
m-013,2026-08-23,5065.26,2,2,2532.63,Sunday,True,False
m-013,2026-08-24,1041.72,1,0,1041.72,Monday,False,False
m-013,2026-08-25,5701.82,5,3,1140.36,Tuesday,False,False
m-013,2026-08-26,6685.53,3,3,2228.51,Wednesday,False,False
m-013,2026-08-27,4222.45,4,2,1055.61,Thursday,False,False
m-013,2026-08-28,5173.72,4,4,1293.43,Friday,False,True
m-013,2026-08-29,2053.63,2,0,1026.82,Saturday,True,False
m-013,2026-08-30,12411.62,8,7,1551.45,Sunday,True,False
m-013,2026-09-01,5702.13,3,3,1900.71,Tuesday,False,False
m-013,2026-09-03,3653.93,4,4,913.48,Thursday,False,False
m-013,2026-09-04,271.73,1,1,271.73,Friday,False,False
m-013,2026-09-05,3574.35,2,0,1787.18,Saturday,True,False
m-013,2026-09-06,9714.13,5,4,1942.83,Sunday,True,False
m-013,2026-09-07,1132.84,2,1,566.42,Monday,False,False
m-013,2026-09-08,3665.47,3,3,1221.82,Tuesday,False,False
m-013,2026-09-09,1718.7,3,2,572.9,Wednesday,False,False
m-013,2026-09-10,2579.81,4,4,644.95,Thursday,False,False
m-013,2026-09-11,4435.46,3,1,1478.49,Friday,False,False
m-013,2026-09-12,5597.18,5,3,1119.44,Saturday,True,False
m-013,2026-09-13,1670.94,3,3,556.98,Sunday,True,False
m-013,2026-09-14,5143.24,4,0,1285.81,Monday,False,False
m-013,2026-09-15,861.11,1,1,861.11,Tuesday,False,False
m-013,2026-09-16,2024.75,2,2,1012.38,Wednesday,False,False
m-013,2026-09-17,3787.76,2,1,1893.88,Thursday,False,False
m-014,2025-09-18,3232.19,4,1,808.05,Thursday,False,False
m-014,2025-09-19,3689.53,2,0,1844.76,Friday,False,False
m-014,2025-09-20,7070.67,6,5,1178.44,Saturday,True,False
m-014,2025-09-21,3026.58,2,2,1513.29,Sunday,True,False
m-014,2025-09-22,2352.95,2,1,1176.47,Monday,False,False
m-014,2025-09-23,2726.2,3,3,908.73,Tuesday,False,False
m-014,2025-09-24,4875.45,4,2,1218.86,Wednesday,False,False
m-014,2025-09-25,2993.5,3,2,997.83,Thursday,False,False
m-014,2025-09-26,1038.43,2,0,519.21,Friday,False,False
m-014,2025-09-27,2068.78,3,3,689.59,Saturday,True,False
m-014,2025-09-28,3896.26,5,4,779.25,Sunday,True,False
m-014,2025-09-29,1295.49,2,1,647.74,Monday,False,False
m-014,2025-09-30,265.14,1,1,265.14,Tuesday,False,False
m-014,2025-10-01,4195.59,5,2,839.12,Wednesday,False,False
m-014,2025-10-02,3428.53,3,2,1142.84,Thursday,False,False
m-014,2025-10-03,3026.58,2,1,1513.29,Friday,False,False
m-014,2025-10-04,1279.28,2,1,639.64,Saturday,True,False
m-014,2025-10-05,4705.65,6,5,784.28,Sunday,True,False
m-014,2025-10-06,7572.18,6,5,1262.03,Monday,False,False
m-014,2025-10-07,5268.85,4,2,1317.21,Tuesday,False,False
m-014,2025-10-08,3556.79,2,1,1778.4,Wednesday,False,False
m-014,2025-10-09,1256.11,2,0,628.05,Thursday,False,False
m-014,2025-10-10,1778.31,3,3,592.77,Friday,False,False
m-014,2025-10-11,7094.96,7,5,1013.57,Saturday,True,False
m-014,2025-10-12,5118.53,5,4,1023.71,Sunday,True,False
m-014,2025-10-13,1011.98,2,2,505.99,Monday,False,False
m-014,2025-10-14,4345.24,4,1,1086.31,Tuesday,False,False
m-014,2025-10-15,7348.65,6,4,1224.78,Wednesday,False,False
m-014,2025-10-16,4547.83,5,5,909.57,Thursday,False,False
m-014,2025-10-17,1890.48,3,3,630.16,Friday,False,False
m-014,2025-10-18,1471.63,3,2,490.54,Saturday,True,False
m-014,2025-10-19,1851.1,3,3,617.03,Sunday,True,False
m-014,2025-10-20,6831.02,9,7,759.0,Monday,False,True
m-014,2025-10-21,12350.83,8,7,1543.85,Tuesday,False,True
m-014,2025-10-22,6329.68,5,4,1265.94,Wednesday,False,True
m-014,2025-10-23,2052.57,3,2,684.19,Thursday,False,False
m-014,2025-10-24,3632.23,4,3,908.06,Friday,False,False
m-014,2025-10-25,505.99,1,1,505.99,Saturday,True,False
m-014,2025-10-27,5103.37,4,4,1275.84,Monday,False,False
m-014,2025-10-28,2085.65,2,2,1042.82,Tuesday,False,False
m-014,2025-10-29,6192.2,5,4,1238.44,Wednesday,False,False
m-014,2025-10-30,3642.14,3,3,1214.05,Thursday,False,False
m-014,2025-10-31,505.99,1,1,505.99,Friday,False,False
m-014,2025-11-01,7549.01,6,4,1258.17,Saturday,True,False
m-014,2025-11-02,3766.79,4,3,941.7,Sunday,True,False
m-014,2025-11-04,4195.52,3,0,1398.51,Tuesday,False,False
m-014,2025-11-06,1318.66,2,1,659.33,Thursday,False,False
m-014,2025-11-07,3532.57,3,1,1177.52,Friday,False,False
m-014,2025-11-08,1952.91,2,1,976.46,Saturday,True,False
m-014,2025-11-09,4371.0,5,4,874.2,Sunday,True,False
m-014,2025-11-10,2524.73,3,1,841.58,Monday,False,False
m-014,2025-11-11,3845.55,4,4,961.39,Tuesday,False,False
m-014,2025-11-12,6576.83,6,6,1096.14,Wednesday,False,False
m-014,2025-11-13,1256.11,2,2,628.05,Thursday,False,False
m-014,2025-11-14,3689.53,2,1,1844.76,Friday,False,False
m-014,2025-11-15,3556.79,2,2,1778.4,Saturday,True,False
m-014,2025-11-16,1295.49,2,2,647.74,Sunday,True,False
m-014,2025-11-17,1446.92,1,1,1446.92,Monday,False,False
m-014,2025-11-18,1295.49,2,1,647.74,Tuesday,False,False
m-014,2025-11-19,5907.58,5,4,1181.52,Wednesday,False,False
m-014,2025-11-20,5953.26,6,5,992.21,Thursday,False,False
m-014,2025-11-21,4967.7,4,4,1241.92,Friday,False,False
m-014,2025-11-22,3205.0,3,2,1068.33,Saturday,True,False
m-014,2025-11-23,1929.74,2,1,964.87,Sunday,True,False
m-014,2025-11-24,7070.67,6,3,1178.44,Monday,False,False
m-014,2025-11-25,3032.88,3,2,1010.96,Tuesday,False,False
m-014,2025-11-26,5012.33,6,4,835.39,Wednesday,False,False
m-014,2025-11-27,1318.66,2,1,659.33,Thursday,False,False
m-014,2025-11-28,6102.09,5,3,1220.42,Friday,False,False
m-014,2025-11-29,5418.91,4,3,1354.73,Saturday,True,False
m-014,2025-11-30,4062.78,3,2,1354.26,Sunday,True,False
m-014,2025-12-01,4732.1,6,3,788.68,Monday,False,False
m-014,2025-12-02,1546.58,2,1,773.29,Tuesday,False,False
m-014,2025-12-03,2261.13,4,2,565.28,Wednesday,False,False
m-014,2025-12-04,4595.22,4,3,1148.8,Thursday,False,False
m-014,2025-12-05,265.14,1,1,265.14,Friday,False,False
m-014,2025-12-06,6788.21,5,4,1357.64,Saturday,True,False
m-014,2025-12-07,4326.21,6,5,721.04,Sunday,True,False
m-014,2025-12-08,505.99,1,1,505.99,Monday,False,False
m-014,2025-12-09,1579.66,1,1,1579.66,Tuesday,False,False
m-014,2025-12-10,1560.63,3,1,520.21,Wednesday,False,False
m-014,2025-12-11,3298.02,4,3,824.5,Thursday,False,False
m-014,2025-12-12,3183.69,5,4,636.74,Friday,False,False
m-014,2025-12-13,2835.77,3,2,945.26,Saturday,True,False
m-014,2025-12-14,3556.79,2,2,1778.4,Sunday,True,False
m-014,2025-12-15,3405.36,3,2,1135.12,Monday,False,False
m-014,2025-12-16,6064.54,4,3,1516.14,Tuesday,False,False
m-014,2025-12-18,3337.4,4,2,834.35,Thursday,False,False
m-014,2025-12-19,2109.87,1,1,2109.87,Friday,False,False
m-014,2025-12-20,482.82,1,0,482.82,Saturday,True,False
m-014,2025-12-21,10576.82,9,5,1175.2,Sunday,True,False
m-014,2025-12-23,1295.49,2,1,647.74,Tuesday,False,False
m-014,2025-12-24,2052.57,3,1,684.19,Wednesday,False,False
m-014,2025-12-25,5124.83,6,5,854.14,Thursday,False,True
m-014,2025-12-26,4000.35,4,2,1000.09,Friday,False,False
m-014,2025-12-27,2904.62,4,3,726.16,Saturday,True,False
m-014,2025-12-28,2052.57,3,3,684.19,Sunday,True,False
m-014,2025-12-29,2052.57,3,3,684.19,Monday,False,False
m-014,2025-12-30,2574.77,4,3,643.69,Tuesday,False,False
m-014,2025-12-31,5258.17,4,1,1314.54,Wednesday,False,True
m-014,2026-01-01,6961.1,6,5,1160.18,Thursday,False,True
m-014,2026-01-02,3735.21,3,2,1245.07,Friday,False,False
m-014,2026-01-03,6768.13,8,5,846.02,Saturday,True,False
m-014,2026-01-04,4945.64,4,3,1236.41,Sunday,True,False
m-014,2026-01-05,5003.71,3,0,1667.9,Monday,False,False
m-014,2026-01-06,4280.53,5,3,856.11,Tuesday,False,False
m-014,2026-01-07,4219.74,2,2,2109.87,Wednesday,False,False
m-014,2026-01-08,2726.2,3,3,908.73,Thursday,False,False
m-014,2026-01-09,1256.11,2,0,628.05,Friday,False,False
m-014,2026-01-10,1318.66,2,1,659.33,Saturday,True,False
m-014,2026-01-11,5958.67,5,5,1191.73,Sunday,True,False
m-014,2026-01-12,4322.07,4,3,1080.52,Monday,False,False
m-014,2026-01-14,3187.68,3,3,1062.56,Wednesday,False,True
m-014,2026-01-15,2392.33,2,1,1196.16,Thursday,False,False
m-014,2026-01-16,4703.74,5,4,940.75,Friday,False,False
m-014,2026-01-17,1579.66,1,0,1579.66,Saturday,True,False
m-014,2026-01-18,1585.96,2,1,792.98,Sunday,True,False
m-014,2026-01-19,3376.66,3,2,1125.55,Monday,False,False
m-014,2026-01-20,5486.53,4,4,1371.63,Tuesday,False,False
m-014,2026-01-21,505.99,1,0,505.99,Wednesday,False,False
m-014,2026-01-22,812.67,1,1,812.67,Thursday,False,False
m-014,2026-01-23,1844.8,2,2,922.4,Friday,False,False
m-014,2026-01-24,1295.49,2,0,647.74,Saturday,True,False
m-014,2026-01-25,7385.36,5,3,1477.07,Sunday,True,False
m-014,2026-01-26,1256.11,2,2,628.05,Monday,False,False
m-014,2026-01-27,2052.57,3,3,684.19,Tuesday,False,False
m-014,2026-01-28,3026.58,2,2,1513.29,Wednesday,False,False
m-014,2026-01-29,3430.76,4,4,857.69,Thursday,False,False
m-014,2026-01-30,4506.34,5,3,901.27,Friday,False,False
m-014,2026-01-31,4985.02,4,3,1246.25,Saturday,True,False
m-014,2026-02-01,4015.39,4,2,1003.85,Sunday,True,False
m-014,2026-02-02,773.29,1,1,773.29,Monday,False,False
m-014,2026-02-03,2592.69,2,1,1296.34,Tuesday,False,False
m-014,2026-02-04,3556.79,2,2,1778.4,Wednesday,False,False
m-014,2026-02-05,3960.97,4,3,990.24,Thursday,False,False
m-014,2026-02-06,3248.4,4,1,812.1,Friday,False,False
m-014,2026-02-07,4089.72,6,5,681.62,Saturday,True,False
m-014,2026-02-08,1824.65,3,1,608.22,Sunday,True,False
m-014,2026-02-09,2375.01,2,2,1187.5,Monday,False,False
m-014,2026-02-10,7478.38,6,3,1246.4,Tuesday,False,False
m-014,2026-02-11,2350.79,3,3,783.6,Wednesday,False,False
m-014,2026-02-12,4836.07,4,4,1209.02,Thursday,False,False
m-014,2026-02-13,1952.91,2,2,976.46,Friday,False,False
m-014,2026-02-14,6430.89,6,3,1071.82,Saturday,True,False
m-014,2026-02-15,4521.38,5,4,904.28,Sunday,True,False
m-014,2026-02-16,265.14,1,1,265.14,Monday,False,False
m-014,2026-02-17,2392.33,2,1,1196.16,Tuesday,False,False
m-014,2026-02-18,7356.66,5,4,1471.33,Wednesday,False,False
m-014,2026-02-19,4330.08,3,2,1443.36,Thursday,False,False
m-014,2026-02-20,2085.65,2,1,1042.82,Friday,False,False
m-014,2026-02-21,4237.13,4,2,1059.28,Saturday,True,False
m-014,2026-02-22,3405.36,3,1,1135.12,Sunday,True,False
m-014,2026-02-23,1712.06,2,2,856.03,Monday,False,False
m-014,2026-02-24,1977.2,3,3,659.07,Tuesday,False,False
m-014,2026-02-25,4062.78,3,1,1354.26,Wednesday,False,False
m-014,2026-02-26,3899.53,4,4,974.88,Thursday,False,False
m-014,2026-02-27,1568.71,4,1,392.18,Friday,False,False
m-014,2026-02-28,3437.06,5,1,687.41,Saturday,True,False
m-014,2026-03-01,7590.97,7,5,1084.42,Sunday,True,False
m-014,2026-03-02,4812.97,6,2,802.16,Monday,False,False
m-014,2026-03-03,4177.6,5,3,835.52,Tuesday,False,False
m-014,2026-03-04,3159.32,2,2,1579.66,Wednesday,False,True
m-014,2026-03-05,3341.76,4,4,835.44,Thursday,False,False
m-014,2026-03-06,1446.92,1,1,1446.92,Friday,False,False
m-014,2026-03-07,1560.63,3,2,520.21,Saturday,True,False
m-014,2026-03-08,3126.24,3,3,1042.08,Sunday,True,False
m-014,2026-03-09,1579.66,1,1,1579.66,Monday,False,False
m-014,2026-03-10,771.13,2,2,385.56,Tuesday,False,False
m-014,2026-03-11,4502.2,3,2,1500.73,Wednesday,False,False
m-014,2026-03-12,812.67,1,1,812.67,Thursday,False,False
m-014,2026-03-13,3405.36,3,2,1135.12,Friday,False,False
m-014,2026-03-14,1579.66,1,1,1579.66,Saturday,True,False
m-014,2026-03-15,482.82,1,1,482.82,Sunday,True,False
m-014,2026-03-17,10454.57,7,5,1493.51,Tuesday,False,False
m-014,2026-03-18,505.99,1,0,505.99,Wednesday,False,False
m-014,2026-03-19,5112.23,4,3,1278.06,Thursday,False,False
m-014,2026-03-20,6115.35,6,5,1019.22,Friday,False,True
m-014,2026-03-21,2922.54,2,2,1461.27,Saturday,True,False
m-014,2026-03-22,3646.28,5,1,729.26,Sunday,True,False
m-014,2026-03-23,1851.1,3,3,617.03,Monday,False,False
m-014,2026-03-24,2703.15,4,3,675.79,Tuesday,False,False
m-014,2026-03-25,5182.13,4,4,1295.53,Wednesday,False,False
m-014,2026-03-26,9019.1,7,4,1288.44,Thursday,False,False
m-014,2026-03-27,1585.96,2,2,792.98,Friday,False,False
m-014,2026-03-28,2218.05,3,2,739.35,Saturday,True,False
m-014,2026-03-29,6761.79,5,4,1352.36,Sunday,True,False
m-014,2026-03-31,7051.96,8,5,881.5,Tuesday,False,False
m-014,2026-04-01,2435.73,3,0,811.91,Wednesday,False,False
m-014,2026-04-02,1785.27,3,0,595.09,Thursday,False,False
m-014,2026-04-03,1809.56,4,3,452.39,Friday,False,False
m-014,2026-04-04,3581.5,4,3,895.38,Saturday,True,False
m-014,2026-04-05,7053.8,7,3,1007.69,Sunday,True,False
m-014,2026-04-06,1585.96,2,1,792.98,Monday,False,False
m-014,2026-04-07,1585.96,2,2,792.98,Tuesday,False,False
m-014,2026-04-08,2568.47,3,2,856.16,Wednesday,False,False
m-014,2026-04-09,2568.47,3,2,856.16,Thursday,False,False
m-014,2026-04-10,1279.28,2,2,639.64,Friday,False,False
m-014,2026-04-11,2220.21,2,2,1110.1,Saturday,True,False
m-014,2026-04-12,505.99,1,1,505.99,Sunday,True,False
m-014,2026-04-13,4219.74,2,2,2109.87,Monday,False,False
m-014,2026-04-14,5820.86,5,4,1164.17,Tuesday,False,False
m-014,2026-04-15,4460.66,4,3,1115.16,Wednesday,False,False
m-014,2026-04-16,7373.36,8,6,921.67,Thursday,False,False
m-014,2026-04-17,3895.14,4,2,973.78,Friday,False,False
m-014,2026-04-18,5078.04,5,3,1015.61,Saturday,True,False
m-014,2026-04-19,3532.57,3,3,1177.52,Sunday,True,False
m-014,2026-04-20,1579.66,1,1,1579.66,Monday,False,False
m-014,2026-04-22,988.81,2,2,494.4,Wednesday,False,False
m-014,2026-04-23,1038.43,2,2,519.21,Thursday,False,False
m-014,2026-04-24,2657.47,3,1,885.82,Friday,False,False
m-014,2026-04-25,2268.09,4,4,567.02,Saturday,True,False
m-014,2026-04-27,4322.07,4,2,1080.52,Monday,False,False
m-014,2026-04-28,1844.8,2,2,922.4,Tuesday,False,False
m-014,2026-04-29,2742.41,3,2,914.14,Wednesday,False,False
m-014,2026-04-30,6212.43,6,2,1035.4,Thursday,False,False
m-014,2026-05-01,1712.06,2,1,856.03,Friday,False,False
m-014,2026-05-02,4767.34,4,3,1191.84,Saturday,True,False
m-014,2026-05-03,3075.58,5,4,615.12,Sunday,True,False
m-014,2026-05-04,2392.33,2,2,1196.16,Monday,False,False
m-014,2026-05-05,6264.3,6,2,1044.05,Tuesday,False,False
m-014,2026-05-06,2109.87,1,1,2109.87,Wednesday,False,False
m-014,2026-05-07,2865.24,4,3,716.31,Thursday,False,False
m-014,2026-05-08,1295.49,2,1,647.74,Friday,False,False
m-014,2026-05-09,5028.42,5,3,1005.68,Saturday,True,False
m-014,2026-05-10,2881.0,3,2,960.33,Sunday,True,False
m-014,2026-05-12,2993.5,3,2,997.83,Tuesday,False,False
m-014,2026-05-13,3026.58,2,2,1513.29,Wednesday,False,False
m-014,2026-05-15,1824.65,3,3,608.22,Friday,False,False
m-014,2026-05-16,3007.55,4,3,751.89,Saturday,True,False
m-014,2026-05-17,3364.93,4,2,841.23,Sunday,True,False
m-014,2026-05-18,4219.81,4,4,1054.95,Monday,False,False
m-014,2026-05-19,1544.42,3,3,514.81,Tuesday,False,False
m-014,2026-05-20,2333.92,4,2,583.48,Wednesday,False,False
m-014,2026-05-21,2922.54,2,1,1461.27,Thursday,False,False
m-014,2026-05-22,1295.49,2,2,647.74,Friday,False,False
m-014,2026-05-23,5053.82,6,4,842.3,Saturday,True,False
m-014,2026-05-24,6455.11,5,4,1291.02,Sunday,True,False
m-014,2026-05-25,3405.36,3,2,1135.12,Monday,False,False
m-014,2026-05-26,2333.92,4,2,583.48,Tuesday,False,False
m-014,2026-05-27,3731.22,5,4,746.24,Wednesday,False,False
m-014,2026-05-28,505.99,1,0,505.99,Thursday,False,False
m-014,2026-05-29,3913.58,5,2,782.72,Friday,False,False
m-014,2026-05-30,2568.47,3,2,856.16,Saturday,True,False
m-014,2026-05-31,2615.86,2,1,1307.93,Sunday,True,False
m-014,2026-06-01,8717.95,7,6,1245.42,Monday,False,False
m-014,2026-06-02,812.67,1,0,812.67,Tuesday,False,False
m-014,2026-06-03,6877.21,5,4,1375.44,Wednesday,False,False
m-014,2026-06-05,3954.67,3,1,1318.22,Friday,False,False
m-014,2026-06-06,8177.83,8,7,1022.23,Saturday,True,False
m-014,2026-06-07,1738.93,3,0,579.64,Sunday,True,False
m-014,2026-06-08,1585.96,2,2,792.98,Monday,False,False
m-014,2026-06-09,2375.01,2,2,1187.5,Tuesday,False,False
m-014,2026-06-10,482.82,1,1,482.82,Wednesday,False,False
m-014,2026-06-11,5845.08,4,3,1461.27,Thursday,False,False
m-014,2026-06-12,1786.39,4,3,446.6,Friday,False,False
m-014,2026-06-13,3632.23,4,2,908.06,Saturday,True,False
m-014,2026-06-14,2220.21,2,2,1110.1,Sunday,True,False
m-014,2026-06-16,7313.41,8,5,914.18,Tuesday,False,False
m-014,2026-06-17,4104.39,4,4,1026.1,Wednesday,False,False
m-014,2026-06-18,505.99,1,1,505.99,Thursday,False,False
m-014,2026-06-19,5140.59,5,4,1028.12,Friday,False,False
m-014,2026-06-20,6526.07,6,5,1087.68,Saturday,True,False
m-014,2026-06-21,2359.25,3,3,786.42,Sunday,True,False
m-014,2026-06-22,1585.96,2,2,792.98,Monday,False,False
m-014,2026-06-23,1579.66,1,0,1579.66,Tuesday,False,False
m-014,2026-06-24,2319.87,3,2,773.29,Wednesday,False,False
m-014,2026-06-25,3573.82,6,3,595.64,Thursday,False,False
m-014,2026-06-26,6023.45,6,5,1003.91,Friday,False,False
m-014,2026-06-27,5117.42,5,4,1023.48,Saturday,True,False
m-014,2026-06-28,11143.0,10,8,1114.3,Sunday,True,False
m-014,2026-06-29,4172.35,3,3,1390.78,Monday,False,False
m-014,2026-06-30,5540.63,5,4,1108.13,Tuesday,False,False
m-014,2026-07-01,32289.0,3,0,10763.0,Wednesday,False,False
m-014,2026-07-02,812.67,1,1,812.67,Thursday,False,False
m-014,2026-07-03,1579.66,1,1,1579.66,Friday,False,False
m-014,2026-07-04,771.13,2,1,385.56,Saturday,True,False
m-014,2026-07-05,2375.01,2,1,1187.5,Sunday,True,False
m-014,2026-07-06,4830.34,5,5,966.07,Monday,False,False
m-014,2026-07-07,2375.01,2,2,1187.5,Tuesday,False,False
m-014,2026-07-08,4216.98,5,3,843.4,Wednesday,False,False
m-014,2026-07-09,1579.66,1,1,1579.66,Thursday,False,False
m-014,2026-07-10,747.96,2,1,373.98,Friday,False,False
m-014,2026-07-11,7396.04,5,3,1479.21,Saturday,True,False
m-014,2026-07-12,4354.79,5,5,870.96,Sunday,True,False
m-014,2026-07-13,812.67,1,1,812.67,Monday,False,False
m-014,2026-07-14,1446.92,1,1,1446.92,Tuesday,False,False
m-014,2026-07-15,3871.97,4,4,967.99,Wednesday,False,False
m-014,2026-07-17,2220.21,2,2,1110.1,Friday,False,False
m-014,2026-07-18,4197.75,4,4,1049.44,Saturday,True,False
m-014,2026-07-19,3907.28,4,4,976.82,Sunday,True,False
m-014,2026-07-20,2568.47,3,3,856.16,Monday,False,False
m-014,2026-07-23,1038.43,2,2,519.21,Thursday,False,False
m-014,2026-07-24,4000.35,4,3,1000.09,Friday,False,False
m-014,2026-07-25,3357.97,4,2,839.49,Saturday,True,False
m-014,2026-07-26,2898.32,3,1,966.11,Sunday,True,False
m-014,2026-07-27,1801.48,3,2,600.49,Monday,False,False
m-014,2026-07-28,3632.23,4,4,908.06,Tuesday,False,False
m-014,2026-07-29,5868.65,6,4,978.11,Wednesday,False,False
m-014,2026-07-30,8302.07,6,4,1383.68,Thursday,False,False
m-014,2026-07-31,6661.84,8,7,832.73,Friday,False,False
m-014,2026-08-01,6351.47,7,5,907.35,Saturday,True,False
m-014,2026-08-02,5439.56,7,7,777.08,Sunday,True,False
m-014,2026-08-03,2062.48,2,2,1031.24,Monday,False,False
m-014,2026-08-04,1077.81,2,0,538.9,Tuesday,False,False
m-014,2026-08-05,812.67,1,0,812.67,Wednesday,False,False
m-014,2026-08-06,6305.12,7,7,900.73,Thursday,False,False
m-014,2026-08-07,1585.96,2,2,792.98,Friday,False,False
m-014,2026-08-08,3656.45,3,2,1218.82,Saturday,True,False
m-014,2026-08-09,1546.58,2,2,773.29,Sunday,True,False
m-014,2026-08-10,4985.02,4,3,1246.25,Monday,False,False
m-014,2026-08-11,1579.66,1,1,1579.66,Tuesday,False,False
m-014,2026-08-12,4836.07,4,3,1209.02,Wednesday,False,False
m-014,2026-08-13,482.82,1,0,482.82,Thursday,False,False
m-014,2026-08-14,6392.56,5,2,1278.51,Friday,False,False
m-014,2026-08-15,5010.08,6,4,835.01,Saturday,True,True
m-014,2026-08-16,2883.16,2,2,1441.58,Sunday,True,False
m-014,2026-08-17,505.99,1,0,505.99,Monday,False,False
m-014,2026-08-18,2357.09,4,2,589.27,Tuesday,False,False
m-014,2026-08-19,6716.11,4,3,1679.03,Wednesday,False,False
m-014,2026-08-20,3907.28,4,2,976.82,Thursday,False,False
m-014,2026-08-21,6618.37,5,3,1323.67,Friday,False,False
m-014,2026-08-22,5546.93,6,6,924.49,Saturday,True,False
m-014,2026-08-23,2857.83,3,2,952.61,Sunday,True,False
m-014,2026-08-24,2835.77,3,2,945.26,Monday,False,False
m-014,2026-08-25,505.99,1,1,505.99,Tuesday,False,False
m-014,2026-08-26,1844.8,2,2,922.4,Wednesday,False,False
m-014,2026-08-27,3365.98,3,1,1121.99,Thursday,False,False
m-014,2026-08-28,5824.88,6,3,970.81,Friday,False,True
m-014,2026-08-29,3428.53,3,3,1142.84,Saturday,True,False
m-014,2026-08-30,6307.62,5,5,1261.52,Sunday,True,False
m-014,2026-08-31,3291.72,3,1,1097.24,Monday,False,False
m-014,2026-09-01,2068.78,3,3,689.59,Tuesday,False,False
m-014,2026-09-02,4021.69,5,5,804.34,Wednesday,False,False
m-014,2026-09-03,6351.07,5,2,1270.21,Thursday,False,False
m-014,2026-09-04,6612.07,4,2,1653.02,Friday,False,False
m-014,2026-09-05,4836.07,4,2,1209.02,Saturday,True,False
m-014,2026-09-06,4569.89,5,4,913.98,Sunday,True,False
m-014,2026-09-07,2881.0,3,1,960.33,Monday,False,False
m-014,2026-09-08,3556.79,2,2,1778.4,Tuesday,False,False
m-014,2026-09-09,3971.99,3,2,1324.0,Wednesday,False,False
m-014,2026-09-10,2085.65,2,2,1042.82,Thursday,False,False
m-014,2026-09-11,2373.3,4,3,593.32,Friday,False,False
m-014,2026-09-12,2109.87,1,1,2109.87,Saturday,True,False
m-014,2026-09-13,1256.11,2,2,628.05,Sunday,True,False
m-014,2026-09-15,3774.54,4,1,943.64,Tuesday,False,False
m-014,2026-09-16,4899.74,5,3,979.95,Wednesday,False,False
m-014,2026-09-17,1579.66,1,1,1579.66,Thursday,False,False
m-015,2025-09-18,265.63,4,4,66.41,Thursday,False,False
m-015,2025-09-19,81.73,1,1,81.73,Friday,False,False
m-015,2025-09-20,570.55,5,3,114.11,Saturday,True,False
m-015,2025-09-21,462.39,5,3,92.48,Sunday,True,False
m-015,2025-09-22,924.88,6,4,154.15,Monday,False,False
m-015,2025-09-23,359.77,4,2,89.94,Tuesday,False,False
m-015,2025-09-24,295.26,3,2,98.42,Wednesday,False,False
m-015,2025-09-25,529.77,5,4,105.95,Thursday,False,False
m-015,2025-09-26,95.66,1,1,95.66,Friday,False,False
m-015,2025-09-27,295.35,5,3,59.07,Saturday,True,False
m-015,2025-09-28,539.86,6,4,89.98,Sunday,True,False
m-015,2025-09-29,207.03,2,1,103.52,Monday,False,False
m-015,2025-09-30,261.3,3,2,87.1,Tuesday,False,False
m-015,2025-10-01,836.21,4,2,209.05,Wednesday,False,False
m-015,2025-10-02,274.02,4,4,68.5,Thursday,False,False
m-015,2025-10-03,942.91,8,5,117.86,Friday,False,False
m-015,2025-10-04,593.32,4,2,148.33,Saturday,True,False
m-015,2025-10-05,1029.12,7,6,147.02,Sunday,True,False
m-015,2025-10-06,744.03,5,4,148.81,Monday,False,False
m-015,2025-10-07,728.01,5,4,145.6,Tuesday,False,False
m-015,2025-10-08,623.19,6,5,103.86,Wednesday,False,False
m-015,2025-10-09,182.82,3,1,60.94,Thursday,False,False
m-015,2025-10-10,230.01,3,3,76.67,Friday,False,False
m-015,2025-10-11,373.58,5,5,74.72,Saturday,True,False
m-015,2025-10-12,142.69,2,2,71.34,Sunday,True,False
m-015,2025-10-13,418.24,4,3,104.56,Monday,False,False
m-015,2025-10-14,989.59,4,4,247.4,Tuesday,False,False
m-015,2025-10-15,110.83,2,0,55.42,Wednesday,False,False
m-015,2025-10-16,93.33,1,0,93.33,Thursday,False,False
m-015,2025-10-17,628.45,5,4,125.69,Friday,False,False
m-015,2025-10-18,980.04,6,5,163.34,Saturday,True,False
m-015,2025-10-19,411.33,3,2,137.11,Sunday,True,False
m-015,2025-10-20,1050.07,9,8,116.67,Monday,False,True
m-015,2025-10-21,711.11,6,4,118.52,Tuesday,False,True
m-015,2025-10-22,370.68,3,1,123.56,Wednesday,False,True
m-015,2025-10-23,497.23,2,1,248.62,Thursday,False,False
m-015,2025-10-24,660.85,2,2,330.42,Friday,False,False
m-015,2025-10-25,655.02,2,2,327.51,Saturday,True,False
m-015,2025-10-26,713.3,6,3,118.88,Sunday,True,False
m-015,2025-10-27,703.56,4,2,175.89,Monday,False,False
m-015,2025-10-28,589.22,4,3,147.3,Tuesday,False,False
m-015,2025-10-29,1098.79,5,1,219.76,Wednesday,False,False
m-015,2025-10-30,616.43,3,3,205.48,Thursday,False,False
m-015,2025-10-31,479.64,4,1,119.91,Friday,False,False
m-015,2025-11-01,496.38,4,3,124.1,Saturday,True,False
m-015,2025-11-02,386.99,2,2,193.5,Sunday,True,False
m-015,2025-11-03,601.91,5,3,120.38,Monday,False,False
m-015,2025-11-04,675.62,5,4,135.12,Tuesday,False,False
m-015,2025-11-05,513.68,4,2,128.42,Wednesday,False,False
m-015,2025-11-06,616.14,6,5,102.69,Thursday,False,False
m-015,2025-11-07,187.04,3,3,62.35,Friday,False,False
m-015,2025-11-08,102.47,2,1,51.24,Saturday,True,False
m-015,2025-11-09,1210.73,7,6,172.96,Sunday,True,False
m-015,2025-11-10,190.43,1,1,190.43,Monday,False,False
m-015,2025-11-12,575.04,6,4,95.84,Wednesday,False,False
m-015,2025-11-13,479.45,3,1,159.82,Thursday,False,False
m-015,2025-11-14,833.24,10,9,83.32,Friday,False,False
m-015,2025-11-15,511.66,4,4,127.92,Saturday,True,False
m-015,2025-11-16,300.74,5,3,60.15,Sunday,True,False
m-015,2025-11-17,204.95,3,2,68.32,Monday,False,False
m-015,2025-11-18,275.3,3,3,91.77,Tuesday,False,False
m-015,2025-11-19,268.98,2,2,134.49,Wednesday,False,False
m-015,2025-11-20,478.66,4,3,119.66,Thursday,False,False
m-015,2025-11-21,62.04,1,1,62.04,Friday,False,False
m-015,2025-11-22,222.09,3,3,74.03,Saturday,True,False
m-015,2025-11-23,525.0,4,3,131.25,Sunday,True,False
m-015,2025-11-24,214.22,2,2,107.11,Monday,False,False
m-015,2025-11-25,177.61,2,2,88.8,Tuesday,False,False
m-015,2025-11-26,744.96,6,3,124.16,Wednesday,False,False
m-015,2025-11-27,81.73,1,1,81.73,Thursday,False,False
m-015,2025-11-29,334.9,4,4,83.72,Saturday,True,False
m-015,2025-11-30,504.17,6,2,84.03,Sunday,True,False
m-015,2025-12-01,110.83,2,2,55.42,Monday,False,False
m-015,2025-12-02,331.37,4,3,82.84,Tuesday,False,False
m-015,2025-12-03,628.44,3,2,209.48,Wednesday,False,False
m-015,2025-12-04,110.83,2,2,55.42,Thursday,False,False
m-015,2025-12-05,380.86,1,1,380.86,Friday,False,False
m-015,2025-12-06,543.01,5,3,108.6,Saturday,True,False
m-015,2025-12-07,268.97,4,3,67.24,Sunday,True,False
m-015,2025-12-08,677.66,6,4,112.94,Monday,False,False
m-015,2025-12-09,192.44,3,2,64.15,Tuesday,False,False
m-015,2025-12-10,500.26,4,3,125.06,Wednesday,False,False
m-015,2025-12-11,683.89,3,3,227.96,Thursday,False,False
m-015,2025-12-12,215.8,3,2,71.93,Friday,False,False
m-015,2025-12-13,549.48,4,4,137.37,Saturday,True,False
m-015,2025-12-14,1127.95,5,3,225.59,Sunday,True,False
m-015,2025-12-15,651.8,4,2,162.95,Monday,False,False
m-015,2025-12-16,417.26,4,3,104.32,Tuesday,False,False
m-015,2025-12-17,122.47,2,1,61.24,Wednesday,False,False
m-015,2025-12-18,99.54,2,2,49.77,Thursday,False,False
m-015,2025-12-19,387.7,3,1,129.23,Friday,False,False
m-015,2025-12-21,741.78,6,5,123.63,Sunday,True,False
m-015,2025-12-22,266.56,4,3,66.64,Monday,False,False
m-015,2025-12-23,217.17,2,0,108.58,Tuesday,False,False
m-015,2025-12-24,484.45,4,3,121.11,Wednesday,False,False
m-015,2025-12-25,470.42,2,2,235.21,Thursday,False,True
m-015,2025-12-26,646.87,6,5,107.81,Friday,False,False
m-015,2025-12-27,47.83,1,0,47.83,Saturday,True,False
m-015,2025-12-28,1382.95,9,6,153.66,Sunday,True,False
m-015,2025-12-29,856.61,4,3,214.15,Monday,False,False
m-015,2025-12-30,542.09,3,2,180.7,Tuesday,False,False
m-015,2025-12-31,1579.26,14,10,112.8,Wednesday,False,True
m-015,2026-01-01,699.33,9,5,77.7,Thursday,False,True
m-015,2026-01-02,377.43,3,2,125.81,Friday,False,False
m-015,2026-01-03,241.4,3,3,80.47,Saturday,True,False
m-015,2026-01-04,84.28,1,1,84.28,Sunday,True,False
m-015,2026-01-05,970.15,7,2,138.59,Monday,False,False
m-015,2026-01-06,820.95,5,5,164.19,Tuesday,False,False
m-015,2026-01-07,222.89,3,1,74.3,Wednesday,False,False
m-015,2026-01-08,234.91,3,3,78.3,Thursday,False,False
m-015,2026-01-09,593.7,6,4,98.95,Friday,False,False
m-015,2026-01-10,169.36,2,2,84.68,Saturday,True,False
m-015,2026-01-11,430.13,5,1,86.03,Sunday,True,False
m-015,2026-01-12,218.22,1,1,218.22,Monday,False,False
m-015,2026-01-13,326.42,3,2,108.81,Tuesday,False,False
m-015,2026-01-14,593.06,4,3,148.26,Wednesday,False,True
m-015,2026-01-15,247.51,3,3,82.5,Thursday,False,False
m-015,2026-01-16,1010.43,6,4,168.4,Friday,False,False
m-015,2026-01-17,943.9,4,3,235.98,Saturday,True,False
m-015,2026-01-18,428.44,3,2,142.81,Sunday,True,False
m-015,2026-01-19,385.08,2,1,192.54,Monday,False,False
m-015,2026-01-20,896.51,5,3,179.3,Tuesday,False,False
m-015,2026-01-21,1460.46,7,4,208.64,Wednesday,False,False
m-015,2026-01-23,920.72,4,3,230.18,Friday,False,False
m-015,2026-01-24,396.57,3,3,132.19,Saturday,True,False
m-015,2026-01-25,751.14,7,5,107.31,Sunday,True,False
m-015,2026-01-26,245.19,1,1,245.19,Monday,False,False
m-015,2026-01-27,84.28,1,1,84.28,Tuesday,False,False
m-015,2026-01-28,217.72,3,3,72.57,Wednesday,False,False
m-015,2026-01-29,701.08,4,4,175.27,Thursday,False,False
m-015,2026-01-30,466.41,4,3,116.6,Friday,False,False
m-015,2026-01-31,157.12,2,2,78.56,Saturday,True,False
m-015,2026-02-01,216.84,3,2,72.28,Sunday,True,False
m-015,2026-02-02,373.5,3,1,124.5,Monday,False,False
m-015,2026-02-03,122.75,2,1,61.38,Tuesday,False,False
m-015,2026-02-04,1018.3,5,5,203.66,Wednesday,False,False
m-015,2026-02-05,311.91,2,2,155.96,Thursday,False,False
m-015,2026-02-08,441.44,4,3,110.36,Sunday,True,False
m-015,2026-02-09,672.35,4,2,168.09,Monday,False,False
m-015,2026-02-10,682.44,4,3,170.61,Tuesday,False,False
m-015,2026-02-11,237.83,3,2,79.28,Wednesday,False,False
m-015,2026-02-12,763.18,5,4,152.64,Thursday,False,False
m-015,2026-02-13,419.68,3,3,139.89,Friday,False,False
m-015,2026-02-14,954.03,8,5,119.25,Saturday,True,False
m-015,2026-02-15,405.62,4,4,101.4,Sunday,True,False
m-015,2026-02-16,101.52,1,1,101.52,Monday,False,False
m-015,2026-02-17,509.51,5,3,101.9,Tuesday,False,False
m-015,2026-02-18,236.02,3,3,78.67,Wednesday,False,False
m-015,2026-02-19,293.85,2,0,146.93,Thursday,False,False
m-015,2026-02-20,510.69,4,2,127.67,Friday,False,False
m-015,2026-02-21,630.25,6,3,105.04,Saturday,True,False
m-015,2026-02-22,544.32,3,2,181.44,Sunday,True,False
m-015,2026-02-23,767.81,6,3,127.97,Monday,False,False
m-015,2026-02-24,277.62,3,2,92.54,Tuesday,False,False
m-015,2026-02-25,810.24,5,3,162.05,Wednesday,False,False
m-015,2026-02-26,182.59,3,2,60.86,Thursday,False,False
m-015,2026-02-27,331.59,3,2,110.53,Friday,False,False
m-015,2026-02-28,1040.63,7,7,148.66,Saturday,True,False
m-015,2026-03-01,62.04,1,1,62.04,Sunday,True,False
m-015,2026-03-02,432.19,4,2,108.05,Monday,False,False
m-015,2026-03-03,528.17,3,2,176.06,Tuesday,False,False
m-015,2026-03-04,401.63,5,4,80.33,Wednesday,False,True
m-015,2026-03-05,596.2,5,4,119.24,Thursday,False,False
m-015,2026-03-06,380.97,3,3,126.99,Friday,False,False
m-015,2026-03-07,47.83,1,0,47.83,Saturday,True,False
m-015,2026-03-08,275.24,4,1,68.81,Sunday,True,False
m-015,2026-03-09,388.07,3,1,129.36,Monday,False,False
m-015,2026-03-10,537.13,4,2,134.28,Tuesday,False,False
m-015,2026-03-11,51.71,1,0,51.71,Wednesday,False,False
m-015,2026-03-13,570.62,7,5,81.52,Friday,False,False
m-015,2026-03-14,863.02,5,4,172.6,Saturday,True,False
m-015,2026-03-15,1012.1,10,7,101.21,Sunday,True,False
m-015,2026-03-16,483.38,5,5,96.68,Monday,False,False
m-015,2026-03-17,431.29,2,2,215.64,Tuesday,False,False
m-015,2026-03-18,601.35,7,4,85.91,Wednesday,False,False
m-015,2026-03-19,742.78,6,5,123.8,Thursday,False,False
m-015,2026-03-20,997.47,11,9,90.68,Friday,False,True
m-015,2026-03-21,437.04,4,4,109.26,Saturday,True,False
m-015,2026-03-22,161.22,2,1,80.61,Sunday,True,False
m-015,2026-03-23,512.33,4,3,128.08,Monday,False,False
m-015,2026-03-24,42.0,1,1,42.0,Tuesday,False,False
m-015,2026-03-25,478.98,3,1,159.66,Wednesday,False,False
m-015,2026-03-26,190.43,1,1,190.43,Thursday,False,False
m-015,2026-03-27,877.96,4,4,219.49,Friday,False,False
m-015,2026-03-28,272.53,3,2,90.84,Saturday,True,False
m-015,2026-03-29,197.13,2,1,98.56,Sunday,True,False
m-015,2026-03-30,1280.8,9,7,142.31,Monday,False,False
m-015,2026-03-31,353.69,4,3,88.42,Tuesday,False,False
m-015,2026-04-01,487.92,2,1,243.96,Wednesday,False,False
m-015,2026-04-02,642.43,3,2,214.14,Thursday,False,False
m-015,2026-04-04,352.12,4,3,88.03,Saturday,True,False
m-015,2026-04-05,84.0,1,1,84.0,Sunday,True,False
m-015,2026-04-06,272.14,2,2,136.07,Monday,False,False
m-015,2026-04-07,190.43,1,1,190.43,Tuesday,False,False
m-015,2026-04-08,1015.94,8,6,126.99,Wednesday,False,False
m-015,2026-04-09,91.93,1,1,91.93,Thursday,False,False
m-015,2026-04-10,438.19,4,2,109.55,Friday,False,False
m-015,2026-04-11,755.76,6,5,125.96,Saturday,True,False
m-015,2026-04-12,323.65,4,4,80.91,Sunday,True,False
m-015,2026-04-13,241.19,2,1,120.6,Monday,False,False
m-015,2026-04-14,190.43,1,1,190.43,Tuesday,False,False
m-015,2026-04-15,352.69,5,3,70.54,Wednesday,False,False
m-015,2026-04-16,168.56,1,0,168.56,Thursday,False,False
m-015,2026-04-17,186.12,1,0,186.12,Friday,False,False
m-015,2026-04-18,441.01,4,3,110.25,Saturday,True,False
m-015,2026-04-19,352.02,3,3,117.34,Sunday,True,False
m-015,2026-04-20,1314.65,6,5,219.11,Monday,False,False
m-015,2026-04-21,102.47,2,1,51.24,Tuesday,False,False
m-015,2026-04-22,521.44,4,4,130.36,Wednesday,False,False
m-015,2026-04-24,462.66,3,3,154.22,Friday,False,False
m-015,2026-04-25,191.87,3,3,63.96,Saturday,True,False
m-015,2026-04-26,1285.11,5,3,257.02,Sunday,True,False
m-015,2026-04-27,471.52,5,3,94.3,Monday,False,False
m-015,2026-04-28,430.94,4,2,107.74,Tuesday,False,False
m-015,2026-04-29,133.44,2,2,66.72,Wednesday,False,False
m-015,2026-04-30,93.33,1,1,93.33,Thursday,False,False
m-015,2026-05-01,84.28,1,1,84.28,Friday,False,False
m-015,2026-05-02,414.57,5,4,82.91,Saturday,True,False
m-015,2026-05-03,604.77,5,3,120.95,Sunday,True,False
m-015,2026-05-04,60.07,1,1,60.07,Monday,False,False
m-015,2026-05-05,652.76,5,5,130.55,Tuesday,False,False
m-015,2026-05-06,533.68,4,4,133.42,Wednesday,False,False
m-015,2026-05-07,47.83,1,1,47.83,Thursday,False,False
m-015,2026-05-08,238.25,3,2,79.42,Friday,False,False
m-015,2026-05-09,865.29,5,5,173.06,Saturday,True,False
m-015,2026-05-10,548.07,5,5,109.61,Sunday,True,False
m-015,2026-05-11,62.04,1,1,62.04,Monday,False,False
m-015,2026-05-13,480.11,3,0,160.04,Wednesday,False,False
m-015,2026-05-14,306.49,4,3,76.62,Thursday,False,False
m-015,2026-05-15,437.16,2,1,218.58,Friday,False,False
m-015,2026-05-16,227.46,3,3,75.82,Saturday,True,False
m-015,2026-05-17,202.62,2,2,101.31,Sunday,True,False
m-015,2026-05-19,426.03,5,3,85.21,Tuesday,False,False
m-015,2026-05-20,440.89,4,1,110.22,Wednesday,False,False
m-015,2026-05-21,550.22,3,1,183.41,Thursday,False,False
m-015,2026-05-22,197.08,3,1,65.69,Friday,False,False
m-015,2026-05-23,161.59,2,2,80.8,Saturday,True,False
m-015,2026-05-24,773.74,8,5,96.72,Sunday,True,False
m-015,2026-05-25,265.18,4,0,66.3,Monday,False,False
m-015,2026-05-26,1225.72,7,5,175.1,Tuesday,False,False
m-015,2026-05-27,585.91,5,3,117.18,Wednesday,False,False
m-015,2026-05-28,250.29,2,1,125.15,Thursday,False,False
m-015,2026-05-29,142.69,2,1,71.34,Friday,False,False
m-015,2026-05-30,212.13,3,0,70.71,Saturday,True,False
m-015,2026-05-31,479.68,4,4,119.92,Sunday,True,False
m-015,2026-06-01,532.82,4,2,133.21,Monday,False,False
m-015,2026-06-02,530.05,6,5,88.34,Tuesday,False,False
m-015,2026-06-04,175.06,2,2,87.53,Thursday,False,False
m-015,2026-06-05,239.51,3,2,79.84,Friday,False,False
m-015,2026-06-06,321.64,2,1,160.82,Saturday,True,False
m-015,2026-06-07,426.37,5,3,85.27,Sunday,True,False
m-015,2026-06-08,691.6,4,4,172.9,Monday,False,False
m-015,2026-06-09,308.32,3,2,102.77,Tuesday,False,False
m-015,2026-06-10,594.28,4,3,148.57,Wednesday,False,False
m-015,2026-06-11,288.19,3,2,96.06,Thursday,False,False
m-015,2026-06-12,661.49,3,2,220.5,Friday,False,False
m-015,2026-06-13,293.71,5,3,58.74,Saturday,True,False
m-015,2026-06-14,463.19,5,2,92.64,Sunday,True,False
m-015,2026-06-15,84.0,2,2,42.0,Monday,False,False
m-015,2026-06-16,218.58,1,1,218.58,Tuesday,False,False
m-015,2026-06-17,230.7,3,3,76.9,Wednesday,False,False
m-015,2026-06-18,364.83,4,3,91.21,Thursday,False,False
m-015,2026-06-19,193.11,2,0,96.56,Friday,False,False
m-015,2026-06-20,155.37,2,1,77.68,Saturday,True,False
m-015,2026-06-21,354.68,3,1,118.23,Sunday,True,False
m-015,2026-06-22,155.13,2,2,77.56,Monday,False,False
m-015,2026-06-23,192.18,3,3,64.06,Tuesday,False,False
m-015,2026-06-24,186.66,1,0,186.66,Wednesday,False,False
m-015,2026-06-26,349.29,4,1,87.32,Friday,False,False
m-015,2026-06-27,305.26,4,2,76.32,Saturday,True,False
m-015,2026-06-28,650.63,3,2,216.88,Sunday,True,False
m-015,2026-06-29,282.36,2,2,141.18,Monday,False,False
m-015,2026-06-30,432.78,2,1,216.39,Tuesday,False,False
m-015,2026-07-01,373.32,1,0,373.32,Wednesday,False,False
m-015,2026-07-02,62.04,1,0,62.04,Thursday,False,False
m-015,2026-07-03,310.34,4,4,77.59,Friday,False,False
m-015,2026-07-04,303.39,3,1,101.13,Saturday,True,False
m-015,2026-07-05,694.26,7,3,99.18,Sunday,True,False
m-015,2026-07-06,186.05,2,2,93.02,Monday,False,False
m-015,2026-07-07,532.82,2,2,266.41,Tuesday,False,False
m-015,2026-07-08,327.33,1,0,327.33,Wednesday,False,False
m-015,2026-07-09,460.82,4,2,115.21,Thursday,False,False
m-015,2026-07-10,446.23,2,2,223.12,Friday,False,False
m-015,2026-07-11,857.03,9,5,95.23,Saturday,True,False
m-015,2026-07-12,139.99,2,1,70.0,Sunday,True,False
m-015,2026-07-13,546.87,3,3,182.29,Monday,False,False
m-015,2026-07-14,601.0,4,3,150.25,Tuesday,False,False
m-015,2026-07-15,283.4,4,2,70.85,Wednesday,False,False
m-015,2026-07-16,209.8,3,1,69.93,Thursday,False,False
m-015,2026-07-17,283.66,3,2,94.55,Friday,False,False
m-015,2026-07-18,237.46,3,2,79.15,Saturday,True,False
m-015,2026-07-19,540.42,4,3,135.11,Sunday,True,False
m-015,2026-07-20,390.21,4,3,97.55,Monday,False,False
m-015,2026-07-21,356.44,3,1,118.81,Tuesday,False,False
m-015,2026-07-22,545.94,5,4,109.19,Wednesday,False,False
m-015,2026-07-23,51.71,1,1,51.71,Thursday,False,False
m-015,2026-07-24,42.0,1,0,42.0,Friday,False,False
m-015,2026-07-25,380.17,3,3,126.72,Saturday,True,False
m-015,2026-07-26,109.11,1,1,109.11,Sunday,True,False
m-015,2026-07-27,862.03,5,3,172.41,Monday,False,False
m-015,2026-07-30,627.21,5,4,125.44,Thursday,False,False
m-015,2026-07-31,389.28,3,2,129.76,Friday,False,False
m-015,2026-08-01,639.92,4,2,159.98,Saturday,True,False
m-015,2026-08-03,218.4,2,2,109.2,Monday,False,False
m-015,2026-08-04,523.98,6,3,87.33,Tuesday,False,False
m-015,2026-08-05,142.69,2,0,71.34,Wednesday,False,False
m-015,2026-08-06,299.72,2,1,149.86,Thursday,False,False
m-015,2026-08-07,293.86,3,1,97.95,Friday,False,False
m-015,2026-08-08,285.25,3,2,95.08,Saturday,True,False
m-015,2026-08-09,144.47,3,3,48.16,Sunday,True,False
m-015,2026-08-10,360.38,3,1,120.13,Monday,False,False
m-015,2026-08-11,445.3,4,4,111.32,Tuesday,False,False
m-015,2026-08-12,353.44,4,2,88.36,Wednesday,False,False
m-015,2026-08-13,367.72,2,1,183.86,Thursday,False,False
m-015,2026-08-14,422.41,4,2,105.6,Friday,False,False
m-015,2026-08-15,870.27,8,5,108.78,Saturday,True,True
m-015,2026-08-16,927.35,5,3,185.47,Sunday,True,False
m-015,2026-08-17,188.42,3,2,62.81,Monday,False,False
m-015,2026-08-18,361.74,3,3,120.58,Tuesday,False,False
m-015,2026-08-19,565.75,4,4,141.44,Wednesday,False,False
m-015,2026-08-20,205.81,3,2,68.6,Thursday,False,False
m-015,2026-08-21,365.91,3,2,121.97,Friday,False,False
m-015,2026-08-22,84.0,1,1,84.0,Saturday,True,False
m-015,2026-08-24,280.26,2,1,140.13,Monday,False,False
m-015,2026-08-25,1064.33,4,1,266.08,Tuesday,False,False
m-015,2026-08-26,128.65,2,1,64.32,Wednesday,False,False
m-015,2026-08-27,270.33,3,3,90.11,Thursday,False,False
m-015,2026-08-28,630.8,5,5,126.16,Friday,False,True
m-015,2026-08-29,571.88,3,2,190.63,Saturday,True,False
m-015,2026-08-30,551.9,4,4,137.98,Sunday,True,False
m-015,2026-08-31,901.28,4,3,225.32,Monday,False,False
m-015,2026-09-01,483.69,5,2,96.74,Tuesday,False,False
m-015,2026-09-02,357.52,3,1,119.17,Wednesday,False,False
m-015,2026-09-03,311.91,2,1,155.96,Thursday,False,False
m-015,2026-09-04,661.96,5,3,132.39,Friday,False,False
m-015,2026-09-05,371.81,4,2,92.95,Saturday,True,False
m-015,2026-09-06,514.47,6,3,85.74,Sunday,True,False
m-015,2026-09-07,1108.41,8,5,138.55,Monday,False,False
m-015,2026-09-08,42.0,1,1,42.0,Tuesday,False,False
m-015,2026-09-09,411.33,2,2,205.66,Wednesday,False,False
m-015,2026-09-10,428.92,4,3,107.23,Thursday,False,False
m-015,2026-09-11,141.89,2,2,70.94,Friday,False,False
m-015,2026-09-12,273.54,2,1,136.77,Saturday,True,False
m-015,2026-09-13,734.48,5,4,146.9,Sunday,True,False
m-015,2026-09-14,315.95,4,1,78.99,Monday,False,False
m-015,2026-09-15,260.58,2,2,130.29,Tuesday,False,False
m-015,2026-09-16,278.65,2,1,139.33,Wednesday,False,False
m-015,2026-09-17,1143.45,6,5,190.58,Thursday,False,False
m-016,2025-09-18,171.95,1,1,171.95,Thursday,False,False
m-016,2025-09-20,1167.52,6,4,194.59,Saturday,True,False
m-016,2025-09-21,1461.24,6,6,243.54,Sunday,True,False
m-016,2025-09-22,1524.54,5,2,304.91,Monday,False,False
m-016,2025-09-23,340.46,3,3,113.49,Tuesday,False,False
m-016,2025-09-24,302.93,2,2,151.46,Wednesday,False,False
m-016,2025-09-27,975.09,5,4,195.02,Saturday,True,False
m-016,2025-09-28,646.39,5,5,129.28,Sunday,True,False
m-016,2025-09-29,1298.94,6,3,216.49,Monday,False,False
m-016,2025-09-30,1365.24,5,3,273.05,Tuesday,False,False
m-016,2025-10-01,844.11,4,4,211.03,Wednesday,False,False
m-016,2025-10-02,75.51,1,1,75.51,Thursday,False,False
m-016,2025-10-03,634.62,2,2,317.31,Friday,False,False
m-016,2025-10-04,789.08,3,2,263.03,Saturday,True,False
m-016,2025-10-05,360.95,3,3,120.32,Sunday,True,False
m-016,2025-10-06,189.0,2,2,94.5,Monday,False,False
m-016,2025-10-07,748.11,3,2,249.37,Tuesday,False,False
m-016,2025-10-08,171.95,1,0,171.95,Wednesday,False,False
m-016,2025-10-09,1004.78,7,5,143.54,Thursday,False,False
m-016,2025-10-10,710.13,3,3,236.71,Friday,False,False
m-016,2025-10-11,853.32,6,4,142.22,Saturday,True,False
m-016,2025-10-12,1192.85,5,4,238.57,Sunday,True,False
m-016,2025-10-13,360.95,3,2,120.32,Monday,False,False
m-016,2025-10-14,457.39,3,3,152.46,Tuesday,False,False
m-016,2025-10-15,919.62,5,4,183.92,Wednesday,False,False
m-016,2025-10-16,710.13,3,3,236.71,Thursday,False,False
m-016,2025-10-17,515.85,3,1,171.95,Friday,False,False
m-016,2025-10-18,844.11,4,2,211.03,Saturday,True,False
m-016,2025-10-19,113.49,1,1,113.49,Sunday,True,False
m-016,2025-10-20,705.29,4,4,176.32,Monday,False,True
m-016,2025-10-21,2738.32,9,8,304.26,Tuesday,False,True
m-016,2025-10-22,1827.91,6,4,304.65,Wednesday,False,True
m-016,2025-10-23,2452.88,7,2,350.41,Thursday,False,False
m-016,2025-10-24,75.51,1,0,75.51,Friday,False,False
m-016,2025-10-25,965.87,3,2,321.96,Saturday,True,False
m-016,2025-10-26,587.93,5,3,117.59,Sunday,True,False
m-016,2025-10-27,634.62,2,2,317.31,Monday,False,False
m-016,2025-10-28,113.49,1,1,113.49,Tuesday,False,False
m-016,2025-10-29,920.06,4,2,230.02,Wednesday,False,False
m-016,2025-10-30,634.18,3,2,211.39,Thursday,False,False
m-016,2025-11-01,558.67,2,1,279.33,Saturday,True,False
m-016,2025-11-02,247.46,2,0,123.73,Sunday,True,False
m-016,2025-11-03,75.51,1,1,75.51,Monday,False,False
m-016,2025-11-04,739.83,5,4,147.97,Tuesday,False,False
m-016,2025-11-05,247.46,2,2,123.73,Wednesday,False,False
m-016,2025-11-06,605.86,4,2,151.46,Thursday,False,False
m-016,2025-11-07,247.46,2,2,123.73,Friday,False,False
m-016,2025-11-08,113.49,1,1,113.49,Saturday,True,False
m-016,2025-11-09,996.01,4,4,249.0,Sunday,True,False
m-016,2025-11-10,520.69,2,2,260.35,Monday,False,False
m-016,2025-11-11,1013.06,5,4,202.61,Tuesday,False,False
m-016,2025-11-12,1364.8,6,4,227.47,Wednesday,False,False
m-016,2025-11-13,361.39,2,2,180.7,Thursday,False,False
m-016,2025-11-14,617.13,2,2,308.56,Friday,False,False
m-016,2025-11-15,591.36,4,1,147.84,Saturday,True,False
m-016,2025-11-16,419.41,3,2,139.8,Sunday,True,False
m-016,2025-11-17,361.39,2,2,180.7,Monday,False,False
m-016,2025-11-18,1668.17,7,4,238.31,Tuesday,False,False
m-016,2025-11-19,113.49,1,1,113.49,Wednesday,False,False
m-016,2025-11-20,189.0,2,1,94.5,Thursday,False,False
m-016,2025-11-21,823.18,5,4,164.64,Friday,False,False
m-016,2025-11-22,617.13,2,1,308.56,Saturday,True,False
m-016,2025-11-23,617.13,2,1,308.56,Sunday,True,False
m-016,2025-11-24,617.13,2,2,308.56,Monday,False,False
m-016,2025-11-25,302.93,2,2,151.46,Tuesday,False,False
m-016,2025-11-26,824.06,3,1,274.69,Wednesday,False,False
m-016,2025-11-27,1382.29,6,6,230.38,Thursday,False,False
m-016,2025-11-28,247.46,2,2,123.73,Friday,False,False
m-016,2025-11-29,949.76,6,6,158.29,Saturday,True,False
m-016,2025-11-30,1440.75,6,3,240.12,Sunday,True,False
m-016,2025-12-01,587.92,5,3,117.58,Monday,False,False
m-016,2025-12-02,113.49,1,1,113.49,Tuesday,False,False
m-016,2025-12-03,996.01,4,3,249.0,Wednesday,False,False
m-016,2025-12-04,285.44,2,2,142.72,Thursday,False,False
m-016,2025-12-05,285.44,2,1,142.72,Friday,False,False
m-016,2025-12-06,806.57,3,3,268.86,Saturday,True,False
m-016,2025-12-07,1534.19,6,4,255.7,Sunday,True,False
m-016,2025-12-08,768.15,4,4,192.04,Monday,False,False
m-016,2025-12-09,378.44,3,3,126.15,Tuesday,False,False
m-016,2025-12-10,684.36,5,4,136.87,Wednesday,False,False
m-016,2025-12-11,264.95,2,2,132.48,Thursday,False,False
m-016,2025-12-12,902.57,4,3,225.64,Friday,False,False
m-016,2025-12-13,454.39,3,3,151.46,Saturday,True,False
m-016,2025-12-14,436.46,4,2,109.12,Sunday,True,False
m-016,2025-12-15,302.93,2,1,151.46,Monday,False,False
m-016,2025-12-16,171.95,1,0,171.95,Tuesday,False,False
m-016,2025-12-17,285.44,2,1,142.72,Wednesday,False,False
m-016,2025-12-18,151.02,2,2,75.51,Thursday,False,False
m-016,2025-12-19,343.9,2,0,171.95,Friday,False,False
m-016,2025-12-20,1877.21,10,7,187.72,Saturday,True,False
m-016,2025-12-21,436.46,4,3,109.12,Sunday,True,False
m-016,2025-12-22,748.11,3,3,249.37,Monday,False,False
m-016,2025-12-23,785.65,4,2,196.41,Tuesday,False,False
m-016,2025-12-24,672.16,3,3,224.05,Wednesday,False,False
m-016,2025-12-25,226.53,3,3,75.51,Thursday,False,True
m-016,2025-12-26,520.69,2,1,260.35,Friday,False,False
m-016,2025-12-27,1533.75,7,5,219.11,Saturday,True,False
m-016,2025-12-28,824.06,3,1,274.69,Sunday,True,False
m-016,2025-12-29,343.9,2,1,171.95,Monday,False,False
m-016,2025-12-31,730.62,3,1,243.54,Wednesday,False,True
m-016,2026-01-01,701.41,6,5,116.9,Thursday,False,True
m-016,2026-01-02,550.39,4,3,137.6,Friday,False,False
m-016,2026-01-03,322.97,3,3,107.66,Saturday,True,False
m-016,2026-01-04,710.13,3,2,236.71,Sunday,True,False
m-016,2026-01-05,1913.07,8,5,239.13,Monday,False,False
m-016,2026-01-06,171.95,1,1,171.95,Tuesday,False,False
m-016,2026-01-07,113.49,1,0,113.49,Wednesday,False,False
m-016,2026-01-08,302.93,2,0,151.46,Thursday,False,False
m-016,2026-01-09,550.39,4,2,137.6,Friday,False,False
m-016,2026-01-10,1193.29,4,3,298.32,Saturday,True,False
m-016,2026-01-11,247.46,2,1,123.73,Sunday,True,False
m-016,2026-01-12,75.51,1,1,75.51,Monday,False,False
m-016,2026-01-13,302.93,2,1,151.46,Tuesday,False,False
m-016,2026-01-14,1528.91,8,5,191.11,Wednesday,False,True
m-016,2026-01-15,454.39,3,3,151.46,Thursday,False,False
m-016,2026-01-16,457.39,3,2,152.46,Friday,False,False
m-016,2026-01-17,189.0,2,2,94.5,Saturday,True,False
m-016,2026-01-18,940.1,5,3,188.02,Sunday,True,False
m-016,2026-01-19,113.49,1,1,113.49,Monday,False,False
m-016,2026-01-20,436.9,3,2,145.63,Tuesday,False,False
m-016,2026-01-21,823.62,4,3,205.9,Wednesday,False,False
m-016,2026-01-22,189.0,2,2,94.5,Thursday,False,False
m-016,2026-01-23,285.44,2,1,142.72,Friday,False,False
m-016,2026-01-24,189.0,2,2,94.5,Saturday,True,False
m-016,2026-01-25,445.18,1,0,445.18,Sunday,True,False
m-016,2026-01-26,1033.11,6,4,172.19,Monday,False,False
m-016,2026-01-27,113.49,1,1,113.49,Tuesday,False,False
m-016,2026-01-28,1394.94,7,3,199.28,Wednesday,False,False
m-016,2026-01-29,189.44,1,0,189.44,Thursday,False,False
m-016,2026-01-30,474.44,4,2,118.61,Friday,False,False
m-016,2026-01-31,457.39,3,3,152.46,Saturday,True,False
m-016,2026-02-01,1003.85,3,3,334.62,Sunday,True,False
m-016,2026-02-02,2028.18,6,2,338.03,Monday,False,False
m-016,2026-02-03,1322.42,6,4,220.4,Tuesday,False,False
m-016,2026-02-04,1193.29,4,2,298.32,Wednesday,False,False
m-016,2026-02-05,445.18,1,0,445.18,Thursday,False,False
m-016,2026-02-06,361.39,2,0,180.7,Friday,False,False
m-016,2026-02-07,663.88,5,3,132.78,Saturday,True,False
m-016,2026-02-08,515.85,3,1,171.95,Sunday,True,False
m-016,2026-02-09,75.51,1,0,75.51,Monday,False,False
m-016,2026-02-10,550.83,3,0,183.61,Tuesday,False,False
m-016,2026-02-11,436.9,3,2,145.63,Wednesday,False,False
m-016,2026-02-12,1051.04,5,1,210.21,Thursday,False,False
m-016,2026-02-13,520.69,2,1,260.35,Friday,False,False
m-016,2026-02-14,1414.98,8,6,176.87,Saturday,True,False
m-016,2026-02-15,946.32,7,6,135.19,Sunday,True,False
m-016,2026-02-16,226.98,2,1,113.49,Monday,False,False
m-016,2026-02-17,378.44,3,2,126.15,Tuesday,False,False
m-016,2026-02-18,113.49,1,1,113.49,Wednesday,False,False
m-016,2026-02-19,361.39,2,1,180.7,Thursday,False,False
m-016,2026-02-20,550.39,4,2,137.6,Friday,False,False
m-016,2026-02-21,416.42,3,2,138.81,Saturday,True,False
m-016,2026-02-22,957.59,5,1,191.52,Sunday,True,False
m-016,2026-02-24,634.62,2,1,317.31,Tuesday,False,False
m-016,2026-02-25,264.51,3,2,88.17,Wednesday,False,False
m-016,2026-02-26,748.11,3,2,249.37,Thursday,False,False
m-016,2026-02-27,520.69,2,1,260.35,Friday,False,False
m-016,2026-02-28,634.62,2,1,317.31,Saturday,True,False
m-016,2026-03-01,340.46,3,3,113.49,Sunday,True,False
m-016,2026-03-02,1373.72,2,2,686.86,Monday,False,False
m-016,2026-03-03,965.87,3,2,321.96,Tuesday,False,False
m-016,2026-03-04,2293.13,8,5,286.64,Wednesday,False,True
m-016,2026-03-05,806.13,4,3,201.53,Thursday,False,False
m-016,2026-03-06,634.62,2,1,317.31,Friday,False,False
m-016,2026-03-07,806.57,3,3,268.86,Saturday,True,False
m-016,2026-03-08,815.34,6,3,135.89,Sunday,True,False
m-016,2026-03-09,978.52,4,3,244.63,Monday,False,False
m-016,2026-03-10,361.39,2,2,180.7,Tuesday,False,False
m-016,2026-03-11,302.93,2,2,151.46,Wednesday,False,False
m-016,2026-03-12,596.2,3,3,198.73,Thursday,False,False
m-016,2026-03-13,113.49,1,1,113.49,Friday,False,False
m-016,2026-03-14,836.27,5,1,167.25,Saturday,True,False
m-016,2026-03-15,1498.77,7,5,214.11,Sunday,True,False
m-016,2026-03-16,474.88,3,3,158.29,Monday,False,False
m-016,2026-03-17,302.49,3,3,100.83,Tuesday,False,False
m-016,2026-03-18,747.67,4,4,186.92,Wednesday,False,False
m-016,2026-03-19,474.88,3,3,158.29,Thursday,False,False
m-016,2026-03-20,558.67,2,0,279.33,Friday,False,True
m-016,2026-03-21,1132.98,5,3,226.6,Saturday,True,False
m-016,2026-03-22,1600.49,5,3,320.1,Sunday,True,False
m-016,2026-03-23,378.88,2,1,189.44,Monday,False,False
m-016,2026-03-24,75.51,1,1,75.51,Tuesday,False,False
m-016,2026-03-25,247.46,2,2,123.73,Wednesday,False,False
m-016,2026-03-26,588.37,4,3,147.09,Thursday,False,False
m-016,2026-03-27,1281.45,6,3,213.58,Friday,False,False
m-016,2026-03-28,1080.3,8,5,135.04,Saturday,True,False
m-016,2026-03-29,692.64,3,3,230.88,Sunday,True,False
m-016,2026-03-30,302.93,2,0,151.46,Monday,False,False
m-016,2026-03-31,823.62,4,3,205.9,Tuesday,False,False
m-016,2026-04-01,378.44,3,3,126.15,Wednesday,False,False
m-016,2026-04-02,550.39,4,4,137.6,Thursday,False,False
m-016,2026-04-03,264.51,3,3,88.17,Friday,False,False
m-016,2026-04-04,1154.87,5,1,230.97,Saturday,True,False
m-016,2026-04-05,996.01,4,3,249.0,Sunday,True,False
m-016,2026-04-06,533.34,3,1,177.78,Monday,False,False
m-016,2026-04-07,617.13,2,0,308.56,Tuesday,False,False
m-016,2026-04-08,520.69,2,2,260.35,Wednesday,False,False
m-016,2026-04-09,75.51,1,1,75.51,Thursday,False,False
m-016,2026-04-10,1003.85,3,1,334.62,Friday,False,False
m-016,2026-04-11,634.62,2,2,317.31,Saturday,True,False
m-016,2026-04-12,730.62,3,3,243.54,Sunday,True,False
m-016,2026-04-13,247.46,2,2,123.73,Monday,False,False
m-016,2026-04-14,264.51,3,0,88.17,Tuesday,False,False
m-016,2026-04-15,625.9,5,5,125.18,Wednesday,False,False
m-016,2026-04-16,474.88,3,1,158.29,Thursday,False,False
m-016,2026-04-17,285.44,2,1,142.72,Friday,False,False
m-016,2026-04-18,550.83,3,3,183.61,Saturday,True,False
m-016,2026-04-19,520.69,2,1,260.35,Sunday,True,False
m-016,2026-04-20,416.42,3,3,138.81,Monday,False,False
m-016,2026-04-21,550.39,4,2,137.6,Tuesday,False,False
m-016,2026-04-22,445.18,1,1,445.18,Wednesday,False,False
m-016,2026-04-23,1281.01,7,2,183.0,Thursday,False,False
m-016,2026-04-24,1003.85,3,1,334.62,Friday,False,False
m-016,2026-04-25,1801.7,9,9,200.19,Saturday,True,False
m-016,2026-04-26,550.83,3,3,183.61,Sunday,True,False
m-016,2026-04-27,520.69,2,2,260.35,Monday,False,False
m-016,2026-04-28,672.16,3,2,224.05,Tuesday,False,False
m-016,2026-04-29,937.55,4,3,234.39,Wednesday,False,False
m-016,2026-04-30,416.42,3,1,138.81,Thursday,False,False
m-016,2026-05-01,730.62,3,3,243.54,Friday,False,False
m-016,2026-05-02,1453.4,7,5,207.63,Saturday,True,False
m-016,2026-05-03,899.57,4,3,224.89,Sunday,True,False
m-016,2026-05-04,2009.07,9,7,223.23,Monday,False,False
m-016,2026-05-06,1516.26,7,5,216.61,Wednesday,False,False
m-016,2026-05-07,634.62,2,1,317.31,Thursday,False,False
m-016,2026-05-08,378.44,3,2,126.15,Friday,False,False
m-016,2026-05-10,1583.0,5,5,316.6,Sunday,True,False
m-016,2026-05-11,1050.59,6,4,175.1,Monday,False,False
m-016,2026-05-12,748.11,3,0,249.37,Tuesday,False,False
m-016,2026-05-13,361.39,2,2,180.7,Wednesday,False,False
m-016,2026-05-15,672.16,3,1,224.05,Friday,False,False
m-016,2026-05-16,1412.43,7,5,201.78,Saturday,True,False
m-016,2026-05-17,995.13,6,3,165.86,Sunday,True,False
m-016,2026-05-18,512.41,4,3,128.1,Monday,False,False
m-016,2026-05-19,285.44,2,1,142.72,Tuesday,False,False
m-016,2026-05-20,1780.72,4,1,445.18,Wednesday,False,False
m-016,2026-05-21,436.9,3,1,145.63,Thursday,False,False
m-016,2026-05-23,453.51,5,5,90.7,Saturday,True,False
m-016,2026-05-24,1051.04,5,2,210.21,Sunday,True,False
m-016,2026-05-25,919.62,5,4,183.92,Monday,False,False
m-016,2026-05-26,1347.75,5,3,269.55,Tuesday,False,False
m-016,2026-05-27,978.08,5,3,195.62,Wednesday,False,False
m-016,2026-05-28,445.18,1,1,445.18,Thursday,False,False
m-016,2026-05-29,151.02,2,1,75.51,Friday,False,False
m-016,2026-05-30,861.15,5,3,172.23,Saturday,True,False
m-016,2026-05-31,454.39,3,1,151.46,Sunday,True,False
m-016,2026-06-01,730.62,3,3,243.54,Monday,False,False
m-016,2026-06-02,1091.57,6,4,181.93,Tuesday,False,False
m-016,2026-06-03,285.44,2,2,142.72,Wednesday,False,False
m-016,2026-06-04,445.18,1,1,445.18,Thursday,False,False
m-016,2026-06-05,494.92,4,4,123.73,Friday,False,False
m-016,2026-06-06,1071.52,5,5,214.3,Saturday,True,False
m-016,2026-06-07,1269.24,4,3,317.31,Sunday,True,False
m-016,2026-06-08,748.11,3,2,249.37,Monday,False,False
m-016,2026-06-09,1289.29,5,4,257.86,Tuesday,False,False
m-016,2026-06-10,1268.8,5,3,253.76,Wednesday,False,False
m-016,2026-06-11,996.01,4,3,249.0,Thursday,False,False
m-016,2026-06-12,512.41,4,2,128.1,Friday,False,False
m-016,2026-06-13,558.67,2,2,279.33,Saturday,True,False
m-016,2026-06-14,709.69,4,2,177.42,Sunday,True,False
m-016,2026-06-15,419.41,3,3,139.8,Monday,False,False
m-016,2026-06-16,1956.6,9,8,217.4,Tuesday,False,False
m-016,2026-06-17,789.08,3,3,263.03,Wednesday,False,False
m-016,2026-06-19,730.62,3,1,243.54,Friday,False,False
m-016,2026-06-20,861.16,5,3,172.23,Saturday,True,False
m-016,2026-06-21,1364.8,6,3,227.47,Sunday,True,False
m-016,2026-06-22,550.39,4,2,137.6,Monday,False,False
m-016,2026-06-23,151.02,2,1,75.51,Tuesday,False,False
m-016,2026-06-24,634.62,2,1,317.31,Wednesday,False,False
m-016,2026-06-25,453.95,4,3,113.49,Thursday,False,False
m-016,2026-06-26,692.64,3,2,230.88,Friday,False,False
m-016,2026-06-27,836.27,5,3,167.25,Saturday,True,False
m-016,2026-06-28,361.39,2,1,180.7,Sunday,True,False
m-016,2026-06-29,361.39,2,0,180.7,Monday,False,False
m-016,2026-06-30,75.51,1,1,75.51,Tuesday,False,False
m-016,2026-07-01,453.51,5,4,90.7,Wednesday,False,False
m-016,2026-07-02,113.49,1,1,113.49,Thursday,False,False
m-016,2026-07-03,663.88,5,4,132.78,Friday,False,False
m-016,2026-07-04,1772.44,6,3,295.41,Saturday,True,False
m-016,2026-07-05,642.95,6,4,107.16,Sunday,True,False
m-016,2026-07-06,634.62,2,1,317.31,Monday,False,False
m-016,2026-07-07,748.11,3,3,249.37,Tuesday,False,False
m-016,2026-07-08,890.36,2,1,445.18,Wednesday,False,False
m-016,2026-07-09,2095.86,8,4,261.98,Thursday,False,False
m-016,2026-07-10,1840.12,8,6,230.02,Friday,False,False
m-016,2026-07-11,844.11,4,2,211.03,Saturday,True,False
m-016,2026-07-12,1079.36,4,4,269.84,Sunday,True,False
m-016,2026-07-13,113.49,1,0,113.49,Monday,False,False
m-016,2026-07-14,1708.7,8,2,213.59,Tuesday,False,False
m-016,2026-07-15,617.13,2,2,308.56,Wednesday,False,False
m-016,2026-07-16,343.9,2,1,171.95,Thursday,False,False
m-016,2026-07-17,605.86,4,4,151.46,Friday,False,False
m-016,2026-07-18,957.15,6,5,159.52,Saturday,True,False
m-016,2026-07-19,730.62,3,2,243.54,Sunday,True,False
m-016,2026-07-20,570.88,4,1,142.72,Monday,False,False
m-016,2026-07-22,550.83,3,3,183.61,Wednesday,False,False
m-016,2026-07-23,692.64,3,1,230.88,Thursday,False,False
m-016,2026-07-24,445.18,1,0,445.18,Friday,False,False
m-016,2026-07-25,1013.06,5,4,202.61,Saturday,True,False
m-016,2026-07-26,1868.44,7,6,266.92,Sunday,True,False
m-016,2026-07-27,1126.99,5,1,225.4,Monday,False,False
m-016,2026-07-28,617.13,2,2,308.56,Tuesday,False,False
m-016,2026-07-29,1164.08,7,4,166.3,Wednesday,False,False
m-016,2026-07-30,1167.52,6,5,194.59,Thursday,False,False
m-016,2026-07-31,378.88,2,1,189.44,Friday,False,False
m-016,2026-08-02,1638.47,5,4,327.69,Sunday,True,False
m-016,2026-08-04,996.01,4,1,249.0,Tuesday,False,False
m-016,2026-08-05,919.62,5,2,183.92,Wednesday,False,False
m-016,2026-08-06,617.13,2,1,308.56,Thursday,False,False
m-016,2026-08-07,692.64,3,2,230.88,Friday,False,False
m-016,2026-08-08,1155.31,4,3,288.83,Saturday,True,False
m-016,2026-08-09,920.06,4,2,230.02,Sunday,True,False
m-016,2026-08-10,75.51,1,1,75.51,Monday,False,False
m-016,2026-08-11,1630.19,7,4,232.88,Tuesday,False,False
m-016,2026-08-12,343.9,2,1,171.95,Wednesday,False,False
m-016,2026-08-13,445.18,1,1,445.18,Thursday,False,False
m-016,2026-08-14,113.49,1,1,113.49,Friday,False,False
m-016,2026-08-15,1281.45,6,4,213.58,Saturday,True,True
m-016,2026-08-16,378.44,3,3,126.15,Sunday,True,False
m-016,2026-08-17,806.13,4,3,201.53,Monday,False,False
m-016,2026-08-18,1600.49,5,2,320.1,Tuesday,False,False
m-016,2026-08-19,634.62,2,2,317.31,Wednesday,False,False
m-016,2026-08-20,189.44,1,0,189.44,Thursday,False,False
m-016,2026-08-22,881.64,5,4,176.33,Saturday,True,False
m-016,2026-08-23,1230.82,5,4,246.16,Sunday,True,False
m-016,2026-08-24,709.69,4,2,177.42,Monday,False,False
m-016,2026-08-25,1079.8,3,2,359.93,Tuesday,False,False
m-016,2026-08-27,634.18,3,3,211.39,Thursday,False,False
m-016,2026-08-28,664.32,4,3,166.08,Friday,False,True
m-016,2026-08-29,453.96,4,3,113.49,Saturday,True,False
m-016,2026-08-30,1524.54,5,4,304.91,Sunday,True,False
m-016,2026-08-31,189.0,2,0,94.5,Monday,False,False
m-016,2026-09-01,823.62,4,1,205.9,Tuesday,False,False
m-016,2026-09-02,920.06,4,1,230.02,Wednesday,False,False
m-016,2026-09-03,596.2,3,2,198.73,Thursday,False,False
m-016,2026-09-04,634.18,3,3,211.39,Friday,False,False
m-016,2026-09-05,899.13,5,2,179.83,Saturday,True,False
m-016,2026-09-06,995.57,5,3,199.11,Sunday,True,False
m-016,2026-09-07,1079.8,3,2,359.93,Monday,False,False
m-016,2026-09-08,416.42,3,1,138.81,Tuesday,False,False
m-016,2026-09-09,436.9,3,3,145.63,Wednesday,False,False
m-016,2026-09-11,1234.26,4,2,308.56,Friday,False,False
m-016,2026-09-12,844.11,4,3,211.03,Saturday,True,False
m-016,2026-09-13,1185.01,6,6,197.5,Sunday,True,False
m-016,2026-09-14,864.59,4,3,216.15,Monday,False,False
m-016,2026-09-15,617.13,2,2,308.56,Tuesday,False,False
m-016,2026-09-16,605.41,5,2,121.08,Wednesday,False,False
m-017,2025-09-18,1521.83,3,2,507.28,Thursday,False,False
m-017,2025-09-19,720.78,3,3,240.26,Friday,False,False
m-017,2025-09-20,1271.49,5,3,254.3,Saturday,True,False
m-017,2025-09-21,1708.7,3,2,569.57,Sunday,True,False
m-017,2025-09-22,2425.39,5,3,485.08,Monday,False,False
m-017,2025-09-23,2309.43,5,1,461.89,Tuesday,False,False
m-017,2025-09-25,157.56,1,1,157.56,Thursday,False,False
m-017,2025-09-26,591.47,3,2,197.16,Friday,False,False
m-017,2025-09-27,1464.44,7,4,209.21,Saturday,True,False
m-017,2025-09-28,957.04,4,2,239.26,Sunday,True,False
m-017,2025-09-29,1753.64,5,1,350.73,Monday,False,False
m-017,2025-09-30,1371.65,5,5,274.33,Tuesday,False,False
m-017,2025-10-01,29.94,1,0,29.94,Wednesday,False,False
m-017,2025-10-02,376.79,3,3,125.6,Thursday,False,False
m-017,2025-10-04,312.95,3,3,104.32,Saturday,True,False
m-017,2025-10-05,340.01,1,0,340.01,Sunday,True,False
m-017,2025-10-06,1086.75,6,5,181.12,Monday,False,False
m-017,2025-10-07,990.65,3,3,330.22,Tuesday,False,False
m-017,2025-10-08,3521.66,7,4,503.09,Wednesday,False,False
m-017,2025-10-09,1377.34,2,2,688.67,Thursday,False,False
m-017,2025-10-11,453.02,3,2,151.01,Saturday,True,False
m-017,2025-10-12,451.23,4,4,112.81,Sunday,True,False
m-017,2025-10-13,737.2,4,2,184.3,Monday,False,False
m-017,2025-10-14,1760.25,6,5,293.38,Tuesday,False,False
m-017,2025-10-15,1749.39,2,1,874.7,Wednesday,False,False
m-017,2025-10-16,59.73,1,1,59.73,Thursday,False,False
m-017,2025-10-17,140.45,2,1,70.22,Friday,False,False
m-017,2025-10-18,1985.8,5,4,397.16,Saturday,True,False
m-017,2025-10-19,1776.61,6,2,296.1,Sunday,True,False
m-017,2025-10-20,1862.21,7,5,266.03,Monday,False,True
m-017,2025-10-21,426.17,8,5,53.27,Tuesday,False,True
m-017,2025-10-22,884.25,3,2,294.75,Wednesday,False,True
m-017,2025-10-23,595.49,4,4,148.87,Thursday,False,False
m-017,2025-10-24,2608.6,5,4,521.72,Friday,False,False
m-017,2025-10-25,1114.79,5,3,222.96,Saturday,True,False
m-017,2025-10-26,1096.13,4,1,274.03,Sunday,True,False
m-017,2025-10-27,198.54,2,2,99.27,Monday,False,False
m-017,2025-10-28,493.4,3,0,164.47,Tuesday,False,False
m-017,2025-10-29,1631.71,7,3,233.1,Wednesday,False,False
m-017,2025-10-30,157.56,1,0,157.56,Thursday,False,False
m-017,2025-10-31,59.73,1,1,59.73,Friday,False,False
m-017,2025-11-01,1554.52,3,2,518.17,Saturday,True,False
m-017,2025-11-02,61.67,1,1,61.67,Sunday,True,False
m-017,2025-11-03,1432.85,5,4,286.57,Monday,False,False
m-017,2025-11-04,151.49,2,2,75.74,Tuesday,False,False
m-017,2025-11-05,236.34,1,0,236.34,Wednesday,False,False
m-017,2025-11-06,340.57,4,4,85.14,Thursday,False,False
m-017,2025-11-07,1262.91,5,2,252.58,Friday,False,False
m-017,2025-11-08,968.01,5,4,193.6,Saturday,True,False
m-017,2025-11-10,61.67,1,1,61.67,Monday,False,False
m-017,2025-11-11,121.4,2,2,60.7,Tuesday,False,False
m-017,2025-11-12,435.91,3,3,145.3,Wednesday,False,False
m-017,2025-11-13,2393.33,3,3,797.78,Thursday,False,False
m-017,2025-11-14,795.76,5,2,159.15,Friday,False,False
m-017,2025-11-15,563.22,1,1,563.22,Saturday,True,False
m-017,2025-11-16,439.19,2,0,219.6,Sunday,True,False
m-017,2025-11-17,1554.12,6,5,259.02,Monday,False,False
m-017,2025-11-18,1373.82,3,2,457.94,Tuesday,False,False
m-017,2025-11-19,125.45,1,1,125.45,Wednesday,False,False
m-017,2025-11-20,181.13,2,1,90.56,Thursday,False,False
m-017,2025-11-21,654.22,3,3,218.07,Friday,False,False
m-017,2025-11-22,578.93,2,1,289.46,Saturday,True,False
m-017,2025-11-23,1369.39,4,3,342.35,Sunday,True,False
m-017,2025-11-24,392.99,3,1,131.0,Monday,False,False
m-017,2025-11-25,61.67,1,0,61.67,Tuesday,False,False
m-017,2025-11-26,59.88,1,0,59.88,Wednesday,False,False
m-017,2025-11-28,590.91,2,1,295.46,Friday,False,False
m-017,2025-11-29,2402.28,4,1,600.57,Saturday,True,False
m-017,2025-11-30,3388.02,8,7,423.5,Sunday,True,False
m-017,2025-12-01,1732.3,6,3,288.72,Monday,False,False
m-017,2025-12-02,788.74,3,2,262.91,Tuesday,False,False
m-017,2025-12-03,369.95,2,1,184.98,Wednesday,False,False
m-017,2025-12-04,321.58,3,3,107.19,Thursday,False,False
m-017,2025-12-05,755.04,2,2,377.52,Friday,False,False
m-017,2025-12-06,997.19,5,2,199.44,Saturday,True,False
m-017,2025-12-07,2633.22,5,3,526.64,Sunday,True,False
m-017,2025-12-08,1294.86,3,3,431.62,Monday,False,False
m-017,2025-12-09,2826.49,3,3,942.16,Tuesday,False,False
m-017,2025-12-11,467.34,3,1,155.78,Thursday,False,False
m-017,2025-12-12,714.86,3,1,238.29,Friday,False,False
m-017,2025-12-13,246.68,1,1,246.68,Saturday,True,False
m-017,2025-12-14,770.1,4,3,192.52,Sunday,True,False
m-017,2025-12-15,666.02,4,3,166.5,Monday,False,False
m-017,2025-12-16,3693.53,4,4,923.38,Tuesday,False,False
m-017,2025-12-17,459.47,2,2,229.74,Wednesday,False,False
m-017,2025-12-18,2098.26,7,6,299.75,Thursday,False,False
m-017,2025-12-19,526.92,3,3,175.64,Friday,False,False
m-017,2025-12-20,1958.74,8,5,244.84,Saturday,True,False
m-017,2025-12-21,604.68,5,3,120.94,Sunday,True,False
m-017,2025-12-22,187.5,3,0,62.5,Monday,False,False
m-017,2025-12-23,1700.05,2,1,850.02,Tuesday,False,False
m-017,2025-12-24,1432.0,3,2,477.33,Wednesday,False,False
m-017,2025-12-25,1003.79,4,3,250.95,Thursday,False,True
m-017,2025-12-26,157.56,2,2,78.78,Friday,False,False
m-017,2025-12-27,1391.09,9,7,154.57,Saturday,True,False
m-017,2025-12-28,2003.87,4,2,500.97,Sunday,True,False
m-017,2025-12-29,417.47,3,2,139.16,Monday,False,False
m-017,2025-12-30,346.32,3,3,115.44,Tuesday,False,False
m-017,2025-12-31,2082.13,6,5,347.02,Wednesday,False,True
m-017,2026-01-01,1358.19,5,2,271.64,Thursday,False,True
m-017,2026-01-03,1824.3,8,6,228.04,Saturday,True,False
m-017,2026-01-04,2306.46,7,4,329.49,Sunday,True,False
m-017,2026-01-05,140.45,2,2,70.22,Monday,False,False
m-017,2026-01-06,748.01,4,4,187.0,Tuesday,False,False
m-017,2026-01-07,89.82,1,1,89.82,Wednesday,False,False
m-017,2026-01-08,747.47,3,1,249.16,Thursday,False,False
m-017,2026-01-09,367.95,2,2,183.98,Friday,False,False
m-017,2026-01-10,1384.31,8,4,173.04,Saturday,True,False
m-017,2026-01-11,635.49,4,3,158.87,Sunday,True,False
m-017,2026-01-12,329.21,3,2,109.74,Monday,False,False
m-017,2026-01-13,731.68,6,5,121.95,Tuesday,False,False
m-017,2026-01-14,1002.41,3,2,334.14,Wednesday,False,True
m-017,2026-01-15,963.11,3,2,321.04,Thursday,False,False
m-017,2026-01-16,501.8,1,1,501.8,Friday,False,False
m-017,2026-01-17,2877.32,8,7,359.66,Saturday,True,False
m-017,2026-01-18,3030.53,6,5,505.09,Sunday,True,False
m-017,2026-01-19,1237.09,4,3,309.27,Monday,False,False
m-017,2026-01-21,563.22,1,0,563.22,Wednesday,False,False
m-017,2026-01-22,59.88,2,1,29.94,Thursday,False,False
m-017,2026-01-23,1768.44,2,0,884.22,Friday,False,False
m-017,2026-01-24,2129.32,3,3,709.77,Saturday,True,False
m-017,2026-01-25,1421.71,2,2,710.86,Sunday,True,False
m-017,2026-01-26,756.95,5,4,151.39,Monday,False,False
m-017,2026-01-27,119.46,2,1,59.73,Tuesday,False,False
m-017,2026-01-29,493.29,3,3,164.43,Thursday,False,False
m-017,2026-01-30,1023.55,6,4,170.59,Friday,False,False
m-017,2026-01-31,924.93,3,3,308.31,Saturday,True,False
m-017,2026-02-01,982.01,3,2,327.34,Sunday,True,False
m-017,2026-02-02,1245.9,2,1,622.95,Monday,False,False
m-017,2026-02-03,1689.66,1,0,1689.66,Tuesday,False,False
m-017,2026-02-04,998.83,5,0,199.77,Wednesday,False,False
m-017,2026-02-05,557.07,4,3,139.27,Thursday,False,False
m-017,2026-02-06,188.76,1,1,188.76,Friday,False,False
m-017,2026-02-07,478.67,3,2,159.56,Saturday,True,False
m-017,2026-02-08,353.61,4,4,88.4,Sunday,True,False
m-017,2026-02-09,624.89,2,0,312.44,Monday,False,False
m-017,2026-02-10,78.78,1,0,78.78,Tuesday,False,False
m-017,2026-02-12,680.02,1,1,680.02,Thursday,False,False
m-017,2026-02-13,374.24,3,2,124.75,Friday,False,False
m-017,2026-02-15,1462.42,5,3,292.48,Sunday,True,False
m-017,2026-02-16,469.13,3,3,156.38,Monday,False,False
m-017,2026-02-17,1029.63,4,3,257.41,Tuesday,False,False
m-017,2026-02-18,893.7,4,3,223.42,Wednesday,False,False
m-017,2026-02-19,2185.0,5,3,437.0,Thursday,False,False
m-017,2026-02-20,888.01,6,3,148.0,Friday,False,False
m-017,2026-02-21,2077.11,6,3,346.18,Saturday,True,False
m-017,2026-02-22,61.67,1,0,61.67,Sunday,True,False
m-017,2026-02-23,429.83,3,3,143.28,Monday,False,False
m-017,2026-02-24,686.33,3,3,228.78,Tuesday,False,False
m-017,2026-02-25,183.07,3,2,61.02,Wednesday,False,False
m-017,2026-02-26,622.95,2,2,311.48,Thursday,False,False
m-017,2026-02-27,29.94,1,1,29.94,Friday,False,False
m-017,2026-02-28,2903.12,7,6,414.73,Saturday,True,False
m-017,2026-03-01,1828.17,3,2,609.39,Sunday,True,False
m-017,2026-03-02,1048.35,5,5,209.67,Monday,False,False
m-017,2026-03-03,1614.3,6,4,269.05,Tuesday,False,False
m-017,2026-03-04,1129.75,5,3,225.95,Wednesday,False,True
m-017,2026-03-05,2407.19,3,2,802.4,Thursday,False,False
m-017,2026-03-06,1188.11,2,1,594.06,Friday,False,False
m-017,2026-03-07,549.14,3,1,183.05,Saturday,True,False
m-017,2026-03-08,1263.56,7,4,180.51,Sunday,True,False
m-017,2026-03-09,418.79,2,0,209.4,Monday,False,False
m-017,2026-03-10,3364.54,6,4,560.76,Tuesday,False,False
m-017,2026-03-11,2997.38,6,2,499.56,Wednesday,False,False
m-017,2026-03-12,956.21,4,3,239.05,Thursday,False,False
m-017,2026-03-13,1565.63,4,3,391.41,Friday,False,False
m-017,2026-03-14,1117.89,6,5,186.32,Saturday,True,False
m-017,2026-03-15,406.05,3,3,135.35,Sunday,True,False
m-017,2026-03-16,1503.96,2,1,751.98,Monday,False,False
m-017,2026-03-17,310.63,3,3,103.54,Tuesday,False,False
m-017,2026-03-18,579.64,4,3,144.91,Wednesday,False,False
m-017,2026-03-20,2335.48,8,6,291.94,Friday,False,True
m-017,2026-03-21,2105.15,8,3,263.14,Saturday,True,False
m-017,2026-03-22,648.53,3,2,216.18,Sunday,True,False
m-017,2026-03-23,125.45,1,1,125.45,Monday,False,False
m-017,2026-03-24,376.35,2,2,188.18,Tuesday,False,False
m-017,2026-03-25,218.7,2,1,109.35,Wednesday,False,False
m-017,2026-03-26,1236.72,4,3,309.18,Thursday,False,False
m-017,2026-03-27,528.77,2,2,264.38,Friday,False,False
m-017,2026-03-28,2116.18,9,5,235.13,Saturday,True,False
m-017,2026-03-29,2369.68,4,3,592.42,Sunday,True,False
m-017,2026-03-30,59.73,1,0,59.73,Monday,False,False
m-017,2026-03-31,459.47,2,2,229.74,Tuesday,False,False
m-017,2026-04-01,1603.86,5,5,320.77,Wednesday,False,False
m-017,2026-04-02,2700.16,7,6,385.74,Thursday,False,False
m-017,2026-04-03,902.71,4,3,225.68,Friday,False,False
m-017,2026-04-04,499.22,3,3,166.41,Saturday,True,False
m-017,2026-04-05,591.53,5,5,118.31,Sunday,True,False
m-017,2026-04-06,185.01,1,1,185.01,Monday,False,False
m-017,2026-04-07,298.95,3,3,99.65,Tuesday,False,False
m-017,2026-04-08,369.95,2,0,184.98,Wednesday,False,False
m-017,2026-04-10,4495.57,7,6,642.22,Friday,False,False
m-017,2026-04-11,2399.62,5,4,479.92,Saturday,True,False
m-017,2026-04-12,749.35,3,2,249.78,Sunday,True,False
m-017,2026-04-13,2926.62,5,3,585.32,Monday,False,False
m-017,2026-04-14,236.34,1,1,236.34,Tuesday,False,False
m-017,2026-04-15,988.32,3,2,329.44,Wednesday,False,False
m-017,2026-04-16,1243.24,2,2,621.62,Thursday,False,False
m-017,2026-04-17,377.52,1,1,377.52,Friday,False,False
m-017,2026-04-18,3593.46,6,3,598.91,Saturday,True,False
m-017,2026-04-19,810.47,5,3,162.09,Sunday,True,False
m-017,2026-04-20,314.21,2,2,157.1,Monday,False,False
m-017,2026-04-21,1672.14,5,5,334.43,Tuesday,False,False
m-017,2026-04-22,1346.04,4,4,336.51,Wednesday,False,False
m-017,2026-04-23,459.47,2,0,229.74,Thursday,False,False
m-017,2026-04-24,809.9,2,2,404.95,Friday,False,False
m-017,2026-04-25,1169.97,6,5,195.0,Saturday,True,False
m-017,2026-04-26,362.56,4,2,90.64,Sunday,True,False
m-017,2026-04-27,1191.17,3,3,397.06,Monday,False,False
m-017,2026-04-28,1251.89,2,1,625.95,Tuesday,False,False
m-017,2026-04-29,185.01,3,2,61.67,Wednesday,False,False
m-017,2026-04-30,714.25,4,3,178.56,Thursday,False,False
m-017,2026-05-01,903.23,2,1,451.62,Friday,False,False
m-017,2026-05-02,1167.34,5,2,233.47,Saturday,True,False
m-017,2026-05-03,170.39,3,3,56.8,Sunday,True,False
m-017,2026-05-04,1427.03,6,5,237.84,Monday,False,False
m-017,2026-05-05,187.5,2,2,93.75,Tuesday,False,False
m-017,2026-05-06,1209.76,6,4,201.63,Wednesday,False,False
m-017,2026-05-07,839.55,4,4,209.89,Thursday,False,False
m-017,2026-05-08,827.18,4,2,206.8,Friday,False,False
m-017,2026-05-09,1384.32,9,9,153.81,Saturday,True,False
m-017,2026-05-10,59.73,1,1,59.73,Sunday,True,False
m-017,2026-05-11,2003.87,3,3,667.96,Monday,False,False
m-017,2026-05-12,921.59,6,5,153.6,Tuesday,False,False
m-017,2026-05-13,584.92,3,1,194.97,Wednesday,False,False
m-017,2026-05-14,590.53,4,2,147.63,Thursday,False,False
m-017,2026-05-15,59.88,1,0,59.88,Friday,False,False
m-017,2026-05-16,1049.97,3,2,349.99,Saturday,True,False
m-017,2026-05-17,29.94,1,1,29.94,Sunday,True,False
m-017,2026-05-18,1362.78,4,2,340.7,Monday,False,False
m-017,2026-05-19,155.39,2,2,77.7,Tuesday,False,False
m-017,2026-05-20,78.78,1,1,78.78,Wednesday,False,False
m-017,2026-05-21,369.95,2,2,184.98,Thursday,False,False
m-017,2026-05-22,612.6,5,2,122.52,Friday,False,False
m-017,2026-05-23,1395.91,5,2,279.18,Saturday,True,False
m-017,2026-05-24,1243.04,5,2,248.61,Sunday,True,False
m-017,2026-05-25,439.66,3,1,146.55,Monday,False,False
m-017,2026-05-26,125.45,1,1,125.45,Tuesday,False,False
m-017,2026-05-27,376.35,1,1,376.35,Wednesday,False,False
m-017,2026-05-28,923.12,3,3,307.71,Thursday,False,False
m-017,2026-05-30,3439.05,3,2,1146.35,Saturday,True,False
m-017,2026-05-31,3505.02,5,5,701.0,Sunday,True,False
m-017,2026-06-01,936.99,4,3,234.25,Monday,False,False
m-017,2026-06-02,744.95,3,3,248.32,Tuesday,False,False
m-017,2026-06-03,2250.53,6,5,375.09,Wednesday,False,False
m-017,2026-06-04,2266.25,7,4,323.75,Thursday,False,False
m-017,2026-06-05,731.67,4,2,182.92,Friday,False,False
m-017,2026-06-06,997.8,3,1,332.6,Saturday,True,False
m-017,2026-06-07,714.25,4,3,178.56,Sunday,True,False
m-017,2026-06-08,830.76,3,3,276.92,Monday,False,False
m-017,2026-06-09,1268.52,3,2,422.84,Tuesday,False,False
m-017,2026-06-10,125.45,1,0,125.45,Wednesday,False,False
m-017,2026-06-11,466.17,2,2,233.08,Thursday,False,False
m-017,2026-06-12,217.44,3,3,72.48,Friday,False,False
m-017,2026-06-13,4045.26,8,5,505.66,Saturday,True,False
m-017,2026-06-14,1627.3,4,4,406.82,Sunday,True,False
m-017,2026-06-15,493.29,4,2,123.32,Monday,False,False
m-017,2026-06-16,940.74,3,3,313.58,Tuesday,False,False
m-017,2026-06-17,2989.51,7,4,427.07,Wednesday,False,False
m-017,2026-06-18,376.35,2,2,188.18,Thursday,False,False
m-017,2026-06-19,1499.45,4,4,374.86,Friday,False,False
m-017,2026-06-20,1681.03,6,4,280.17,Saturday,True,False
m-017,2026-06-21,327.27,3,2,109.09,Sunday,True,False
m-017,2026-06-22,278.43,3,2,92.81,Monday,False,False
m-017,2026-06-23,989.74,4,3,247.44,Tuesday,False,False
m-017,2026-06-24,1243.24,2,2,621.62,Wednesday,False,False
m-017,2026-06-25,1258.95,2,2,629.48,Thursday,False,False
m-017,2026-06-26,459.62,3,1,153.21,Friday,False,False
m-017,2026-06-27,544.56,4,2,136.14,Saturday,True,False
m-017,2026-06-28,1932.0,8,5,241.5,Sunday,True,False
m-017,2026-06-29,298.01,2,2,149.0,Monday,False,False
m-017,2026-06-30,241.01,4,3,60.25,Tuesday,False,False
m-017,2026-07-01,185.33,2,2,92.66,Wednesday,False,False
m-017,2026-07-02,340.01,1,1,340.01,Thursday,False,False
m-017,2026-07-03,1095.05,2,2,547.52,Friday,False,False
m-017,2026-07-04,1960.77,3,1,653.59,Saturday,True,False
m-017,2026-07-05,399.74,2,2,199.87,Sunday,True,False
m-017,2026-07-06,848.12,4,3,212.03,Monday,False,False
m-017,2026-07-07,214.95,2,1,107.48,Tuesday,False,False
m-017,2026-07-08,2158.18,5,5,431.64,Wednesday,False,False
m-017,2026-07-09,1141.07,7,6,163.01,Thursday,False,False
m-017,2026-07-10,2066.01,2,2,1033.01,Friday,False,False
m-017,2026-07-11,563.22,1,1,563.22,Saturday,True,False
m-017,2026-07-12,1265.09,5,3,253.02,Sunday,True,False
m-017,2026-07-13,298.8,3,2,99.6,Monday,False,False
m-017,2026-07-14,1388.11,5,5,277.62,Tuesday,False,False
m-017,2026-07-15,685.74,4,2,171.44,Wednesday,False,False
m-017,2026-07-16,527.13,3,2,175.71,Thursday,False,False
m-017,2026-07-17,78.78,1,1,78.78,Friday,False,False
m-017,2026-07-18,1142.86,6,4,190.48,Saturday,True,False
m-017,2026-07-19,521.14,4,2,130.28,Sunday,True,False
m-017,2026-07-20,250.9,2,1,125.45,Monday,False,False
m-017,2026-07-21,1309.52,5,3,261.9,Tuesday,False,False
m-017,2026-07-22,1158.03,4,3,289.51,Wednesday,False,False
m-017,2026-07-23,943.8,3,2,314.6,Thursday,False,False
m-017,2026-07-24,125.45,1,1,125.45,Friday,False,False
m-017,2026-07-25,1011.95,4,3,252.99,Saturday,True,False
m-017,2026-07-26,312.1,3,2,104.03,Sunday,True,False
m-017,2026-07-27,712.14,3,2,237.38,Monday,False,False
m-017,2026-07-28,376.26,3,2,125.42,Tuesday,False,False
m-017,2026-07-29,1109.7,4,1,277.42,Wednesday,False,False
m-017,2026-07-30,563.22,1,1,563.22,Thursday,False,False
m-017,2026-07-31,738.58,5,3,147.72,Friday,False,False
m-017,2026-08-01,3037.45,7,5,433.92,Saturday,True,False
m-017,2026-08-02,807.76,6,4,134.63,Sunday,True,False
m-017,2026-08-03,123.34,1,1,123.34,Monday,False,False
m-017,2026-08-04,528.77,2,0,264.38,Tuesday,False,False
m-017,2026-08-05,125.45,1,0,125.45,Wednesday,False,False
m-017,2026-08-06,1196.82,4,4,299.2,Thursday,False,False
m-017,2026-08-07,209.13,2,2,104.56,Friday,False,False
m-017,2026-08-08,1049.97,3,2,349.99,Saturday,True,False
m-017,2026-08-09,531.8,4,3,132.95,Sunday,True,False
m-017,2026-08-10,603.97,4,3,150.99,Monday,False,False
m-017,2026-08-11,1795.95,4,4,448.99,Tuesday,False,False
m-017,2026-08-12,1529.13,7,6,218.45,Wednesday,False,False
m-017,2026-08-13,29.94,1,1,29.94,Thursday,False,False
m-017,2026-08-15,2914.3,8,3,364.29,Saturday,True,True
m-017,2026-08-16,802.04,5,3,160.41,Sunday,True,False
m-017,2026-08-17,771.63,4,3,192.91,Monday,False,False
m-017,2026-08-18,61.67,1,0,61.67,Tuesday,False,False
m-017,2026-08-19,680.02,2,2,340.01,Wednesday,False,False
m-017,2026-08-20,399.89,2,2,199.94,Thursday,False,False
m-017,2026-08-21,1372.57,6,6,228.76,Friday,False,False
m-017,2026-08-22,1689.53,5,4,337.91,Saturday,True,False
m-017,2026-08-23,1141.58,3,2,380.53,Sunday,True,False
m-017,2026-08-24,1864.15,4,3,466.04,Monday,False,False
m-017,2026-08-25,402.47,4,3,100.62,Tuesday,False,False
m-017,2026-08-26,816.71,3,2,272.24,Wednesday,False,False
m-017,2026-08-27,59.73,1,1,59.73,Thursday,False,False
m-017,2026-08-28,389.41,3,2,129.8,Friday,False,True
m-017,2026-08-29,250.9,2,2,125.45,Saturday,True,False
m-017,2026-08-30,967.96,3,2,322.65,Sunday,True,False
m-017,2026-08-31,1098.81,2,2,549.4,Monday,False,False
m-017,2026-09-01,713.95,4,4,178.49,Tuesday,False,False
m-017,2026-09-02,61.67,1,1,61.67,Wednesday,False,False
m-017,2026-09-03,772.35,3,2,257.45,Thursday,False,False
m-017,2026-09-04,78.78,1,1,78.78,Friday,False,False
m-017,2026-09-05,1644.92,4,1,411.23,Saturday,True,False
m-017,2026-09-06,4886.9,11,9,444.26,Sunday,True,False
m-017,2026-09-07,1279.72,3,2,426.57,Monday,False,False
m-017,2026-09-08,1343.54,4,2,335.88,Tuesday,False,False
m-017,2026-09-09,627.95,2,2,313.97,Wednesday,False,False
m-017,2026-09-10,401.68,2,1,200.84,Thursday,False,False
m-017,2026-09-11,563.22,1,1,563.22,Friday,False,False
m-017,2026-09-12,465.46,2,1,232.73,Saturday,True,False
m-017,2026-09-13,2335.23,4,3,583.81,Sunday,True,False
m-017,2026-09-14,1468.34,5,4,293.67,Monday,False,False
m-017,2026-09-15,89.67,2,1,44.84,Tuesday,False,False
m-017,2026-09-16,61.67,1,1,61.67,Wednesday,False,False
m-017,2026-09-17,274.85,3,2,91.62,Thursday,False,False
m-018,2025-09-18,488.18,5,2,97.64,Thursday,False,False
m-018,2025-09-19,737.96,5,3,147.59,Friday,False,False
m-018,2025-09-20,1050.46,7,4,150.07,Saturday,True,False
m-018,2025-09-21,411.73,3,3,137.24,Sunday,True,False
m-018,2025-09-22,188.22,1,1,188.22,Monday,False,False
m-018,2025-09-23,62.6,1,1,62.6,Tuesday,False,False
m-018,2025-09-24,376.89,4,4,94.22,Wednesday,False,False
m-018,2025-09-25,496.51,4,3,124.13,Thursday,False,False
m-018,2025-09-26,52.59,1,0,52.59,Friday,False,False
m-018,2025-09-27,751.9,6,5,125.32,Saturday,True,False
m-018,2025-09-28,1381.05,8,6,172.63,Sunday,True,False
m-018,2025-09-29,414.99,4,2,103.75,Monday,False,False
m-018,2025-09-30,202.79,2,1,101.4,Tuesday,False,False
m-018,2025-10-02,284.86,1,1,284.86,Thursday,False,False
m-018,2025-10-03,459.25,4,3,114.81,Friday,False,False
m-018,2025-10-04,252.6,2,2,126.3,Saturday,True,False
m-018,2025-10-05,648.46,6,2,108.08,Sunday,True,False
m-018,2025-10-06,137.08,1,0,137.08,Monday,False,False
m-018,2025-10-07,189.72,2,2,94.86,Tuesday,False,False
m-018,2025-10-08,494.53,3,3,164.84,Wednesday,False,False
m-018,2025-10-09,328.73,3,3,109.58,Thursday,False,False
m-018,2025-10-10,293.05,3,2,97.68,Friday,False,False
m-018,2025-10-11,719.53,7,6,102.79,Saturday,True,False
m-018,2025-10-12,676.02,6,4,112.67,Sunday,True,False
m-018,2025-10-13,93.46,2,1,46.73,Monday,False,False
m-018,2025-10-14,302.91,3,3,100.97,Tuesday,False,False
m-018,2025-10-15,145.71,3,1,48.57,Wednesday,False,False
m-018,2025-10-16,163.44,2,2,81.72,Thursday,False,False
m-018,2025-10-17,199.31,3,2,66.44,Friday,False,False
m-018,2025-10-18,560.6,7,3,80.09,Saturday,True,False
m-018,2025-10-19,182.18,2,1,91.09,Sunday,True,False
m-018,2025-10-20,210.6,3,3,70.2,Monday,False,True
m-018,2025-10-21,981.77,9,5,109.09,Tuesday,False,True
m-018,2025-10-22,471.39,6,6,78.56,Wednesday,False,True
m-018,2025-10-23,432.88,2,1,216.44,Thursday,False,False
m-018,2025-10-24,358.87,2,1,179.44,Friday,False,False
m-018,2025-10-25,742.29,5,1,148.46,Saturday,True,False
m-018,2025-10-26,938.45,8,4,117.31,Sunday,True,False
m-018,2025-10-27,156.2,2,2,78.1,Monday,False,False
m-018,2025-10-28,358.87,2,1,179.44,Tuesday,False,False
m-018,2025-10-29,682.36,5,5,136.47,Wednesday,False,False
m-018,2025-10-30,1283.64,6,3,213.94,Thursday,False,False
m-018,2025-10-31,411.96,2,0,205.98,Friday,False,False
m-018,2025-11-01,241.87,5,4,48.37,Saturday,True,False
m-018,2025-11-02,216.03,3,2,72.01,Sunday,True,False
m-018,2025-11-03,128.66,2,1,64.33,Monday,False,False
m-018,2025-11-04,1054.23,6,5,175.7,Tuesday,False,False
m-018,2025-11-05,360.99,5,3,72.2,Wednesday,False,False
m-018,2025-11-06,377.37,4,3,94.34,Thursday,False,False
m-018,2025-11-07,304.37,3,3,101.46,Friday,False,False
m-018,2025-11-08,870.75,7,4,124.39,Saturday,True,False
m-018,2025-11-09,967.27,6,4,161.21,Sunday,True,False
m-018,2025-11-10,612.12,7,6,87.45,Monday,False,False
m-018,2025-11-11,705.14,4,1,176.29,Tuesday,False,False
m-018,2025-11-12,752.74,4,1,188.18,Wednesday,False,False
m-018,2025-11-13,490.12,4,4,122.53,Thursday,False,False
m-018,2025-11-14,381.79,4,4,95.45,Friday,False,False
m-018,2025-11-15,674.75,5,4,134.95,Saturday,True,False
m-018,2025-11-16,151.46,2,2,75.73,Sunday,True,False
m-018,2025-11-17,338.83,4,3,84.71,Monday,False,False
m-018,2025-11-18,37.52,1,1,37.52,Tuesday,False,False
m-018,2025-11-19,209.85,3,2,69.95,Wednesday,False,False
m-018,2025-11-20,142.43,1,1,142.43,Thursday,False,False
m-018,2025-11-21,661.41,5,3,132.28,Friday,False,False
m-018,2025-11-22,407.2,6,4,67.87,Saturday,True,False
m-018,2025-11-23,250.65,2,1,125.32,Sunday,True,False
m-018,2025-11-24,486.54,2,2,243.27,Monday,False,False
m-018,2025-11-25,7017.56,5,5,1403.51,Tuesday,False,False
m-018,2025-11-26,693.46,5,5,138.69,Wednesday,False,False
m-018,2025-11-27,324.7,2,1,162.35,Thursday,False,False
m-018,2025-11-28,245.48,3,1,81.83,Friday,False,False
m-018,2025-11-29,482.6,2,2,241.3,Saturday,True,False
m-018,2025-11-30,411.5,3,1,137.17,Sunday,True,False
m-018,2025-12-01,747.16,2,1,373.58,Monday,False,False
m-018,2025-12-02,62.6,1,0,62.6,Tuesday,False,False
m-018,2025-12-03,290.99,2,2,145.5,Wednesday,False,False
m-018,2025-12-04,46.73,1,1,46.73,Thursday,False,False
m-018,2025-12-05,268.67,3,3,89.56,Friday,False,False
m-018,2025-12-06,195.01,2,2,97.5,Saturday,True,False
m-018,2025-12-07,546.64,4,3,136.66,Sunday,True,False
m-018,2025-12-08,401.6,5,3,80.32,Monday,False,False
m-018,2025-12-09,464.65,4,3,116.16,Tuesday,False,False
m-018,2025-12-10,327.74,2,2,163.87,Wednesday,False,False
m-018,2025-12-11,127.12,1,1,127.12,Thursday,False,False
m-018,2025-12-12,443.35,5,1,88.67,Friday,False,False
m-018,2025-12-13,735.4,6,6,122.57,Saturday,True,False
m-018,2025-12-14,110.25,1,1,110.25,Sunday,True,False
m-018,2025-12-15,754.37,5,4,150.87,Monday,False,False
m-018,2025-12-16,525.35,6,5,87.56,Tuesday,False,False
m-018,2025-12-17,800.0,6,5,133.33,Wednesday,False,False
m-018,2025-12-18,281.89,4,3,70.47,Thursday,False,False
m-018,2025-12-19,254.98,3,2,84.99,Friday,False,False
m-018,2025-12-20,381.72,4,3,95.43,Saturday,True,False
m-018,2025-12-21,258.26,3,2,86.09,Sunday,True,False
m-018,2025-12-22,570.52,4,3,142.63,Monday,False,False
m-018,2025-12-23,292.79,5,3,58.56,Tuesday,False,False
m-018,2025-12-24,252.48,2,2,126.24,Wednesday,False,False
m-018,2025-12-25,1002.67,5,3,200.53,Thursday,False,True
m-018,2025-12-26,128.66,2,2,64.33,Friday,False,False
m-018,2025-12-27,446.56,5,3,89.31,Saturday,True,False
m-018,2025-12-28,429.93,4,2,107.48,Sunday,True,False
m-018,2025-12-29,253.01,4,4,63.25,Monday,False,False
m-018,2025-12-30,351.06,3,3,117.02,Tuesday,False,False
m-018,2025-12-31,575.77,7,6,82.25,Wednesday,False,True
m-018,2026-01-01,504.11,6,5,84.02,Thursday,False,True
m-018,2026-01-02,608.13,4,3,152.03,Friday,False,False
m-018,2026-01-03,738.46,5,3,147.69,Saturday,True,False
m-018,2026-01-04,429.26,4,2,107.32,Sunday,True,False
m-018,2026-01-05,1025.05,7,7,146.44,Monday,False,False
m-018,2026-01-06,557.07,3,3,185.69,Tuesday,False,False
m-018,2026-01-08,188.08,2,1,94.04,Thursday,False,False
m-018,2026-01-09,307.53,3,3,102.51,Friday,False,False
m-018,2026-01-10,313.7,2,1,156.85,Saturday,True,False
m-018,2026-01-11,297.45,3,3,99.15,Sunday,True,False
m-018,2026-01-12,384.35,4,4,96.09,Monday,False,False
m-018,2026-01-13,674.4,4,2,168.6,Tuesday,False,False
m-018,2026-01-14,1008.55,7,5,144.08,Wednesday,False,True
m-018,2026-01-15,375.37,4,2,93.84,Thursday,False,False
m-018,2026-01-17,1098.55,9,6,122.06,Saturday,True,False
m-018,2026-01-18,163.61,4,2,40.9,Sunday,True,False
m-018,2026-01-19,613.71,4,3,153.43,Monday,False,False
m-018,2026-01-20,539.72,4,4,134.93,Tuesday,False,False
m-018,2026-01-22,170.96,2,1,85.48,Thursday,False,False
m-018,2026-01-23,299.79,5,2,59.96,Friday,False,False
m-018,2026-01-24,450.32,7,5,64.33,Saturday,True,False
m-018,2026-01-25,230.54,2,2,115.27,Sunday,True,False
m-018,2026-01-26,508.48,1,1,508.48,Monday,False,False
m-018,2026-01-27,449.48,3,2,149.83,Tuesday,False,False
m-018,2026-01-28,231.15,2,0,115.58,Wednesday,False,False
m-018,2026-01-29,813.99,5,4,162.8,Thursday,False,False
m-018,2026-01-30,1004.68,6,3,167.45,Friday,False,False
m-018,2026-01-31,893.46,6,4,148.91,Saturday,True,False
m-018,2026-02-01,224.75,3,3,74.92,Sunday,True,False
m-018,2026-02-02,36.75,1,1,36.75,Monday,False,False
m-018,2026-02-03,682.0,4,2,170.5,Tuesday,False,False
m-018,2026-02-04,547.0,5,1,109.4,Wednesday,False,False
m-018,2026-02-05,145.74,2,2,72.87,Thursday,False,False
m-018,2026-02-06,1202.91,6,3,200.48,Friday,False,False
m-018,2026-02-07,473.83,6,3,78.97,Saturday,True,False
m-018,2026-02-08,854.99,6,5,142.5,Sunday,True,False
m-018,2026-02-09,381.36,1,1,381.36,Monday,False,False
m-018,2026-02-10,263.17,2,2,131.58,Tuesday,False,False
m-018,2026-02-11,88.72,1,1,88.72,Wednesday,False,False
m-018,2026-02-12,179.95,2,2,89.98,Thursday,False,False
m-018,2026-02-13,68.54,1,0,68.54,Friday,False,False
m-018,2026-02-14,808.72,6,3,134.79,Saturday,True,False
m-018,2026-02-15,556.61,5,2,111.32,Sunday,True,False
m-018,2026-02-16,963.24,8,6,120.4,Monday,False,False
m-018,2026-02-17,579.96,5,2,115.99,Tuesday,False,False
m-018,2026-02-18,142.43,1,0,142.43,Wednesday,False,False
m-018,2026-02-19,104.86,2,2,52.43,Thursday,False,False
m-018,2026-02-20,119.37,3,1,39.79,Friday,False,False
m-018,2026-02-21,145.65,3,0,48.55,Saturday,True,False
m-018,2026-02-22,469.69,4,3,117.42,Sunday,True,False
m-018,2026-02-23,62.74,1,0,62.74,Monday,False,False
m-018,2026-02-25,474.24,4,2,118.56,Wednesday,False,False
m-018,2026-02-26,541.8,3,2,180.6,Thursday,False,False
m-018,2026-02-27,213.76,2,1,106.88,Friday,False,False
m-018,2026-02-28,667.72,6,6,111.29,Saturday,True,False
m-018,2026-03-01,669.03,4,3,167.26,Sunday,True,False
m-018,2026-03-02,459.39,6,6,76.56,Monday,False,False
m-018,2026-03-03,322.36,2,1,161.18,Tuesday,False,False
m-018,2026-03-04,411.4,5,4,82.28,Wednesday,False,True
m-018,2026-03-05,91.14,1,0,91.14,Thursday,False,False
m-018,2026-03-06,185.29,2,2,92.65,Friday,False,False
m-018,2026-03-07,415.04,3,2,138.35,Saturday,True,False
m-018,2026-03-09,380.39,6,5,63.4,Monday,False,False
m-018,2026-03-10,490.01,4,3,122.5,Tuesday,False,False
m-018,2026-03-11,240.18,2,1,120.09,Wednesday,False,False
m-018,2026-03-12,292.5,2,0,146.25,Thursday,False,False
m-018,2026-03-13,912.21,5,1,182.44,Friday,False,False
m-018,2026-03-14,286.8,3,2,95.6,Saturday,True,False
m-018,2026-03-15,226.42,3,3,75.47,Sunday,True,False
m-018,2026-03-16,491.58,5,1,98.32,Monday,False,False
m-018,2026-03-17,173.72,2,2,86.86,Tuesday,False,False
m-018,2026-03-18,142.43,1,1,142.43,Wednesday,False,False
m-018,2026-03-19,330.36,3,3,110.12,Thursday,False,False
m-018,2026-03-20,502.83,6,3,83.8,Friday,False,True
m-018,2026-03-21,474.14,5,3,94.83,Saturday,True,False
m-018,2026-03-22,520.74,4,2,130.18,Sunday,True,False
m-018,2026-03-23,311.05,4,3,77.76,Monday,False,False
m-018,2026-03-25,462.28,3,1,154.09,Wednesday,False,False
m-018,2026-03-26,552.06,5,2,110.41,Thursday,False,False
m-018,2026-03-27,310.8,4,3,77.7,Friday,False,False
m-018,2026-03-28,856.19,8,4,107.02,Saturday,True,False
m-018,2026-03-29,213.92,3,1,71.31,Sunday,True,False
m-018,2026-03-30,189.67,2,1,94.84,Monday,False,False
m-018,2026-03-31,127.46,2,1,63.73,Tuesday,False,False
m-018,2026-04-01,142.42,1,1,142.42,Wednesday,False,False
m-018,2026-04-02,527.02,6,5,87.84,Thursday,False,False
m-018,2026-04-03,293.28,4,3,73.32,Friday,False,False
m-018,2026-04-04,561.96,5,4,112.39,Saturday,True,False
m-018,2026-04-05,352.95,4,4,88.24,Sunday,True,False
m-018,2026-04-06,831.08,5,4,166.22,Monday,False,False
m-018,2026-04-07,723.91,7,6,103.42,Tuesday,False,False
m-018,2026-04-08,305.26,3,3,101.75,Wednesday,False,False
m-018,2026-04-09,246.0,4,4,61.5,Thursday,False,False
m-018,2026-04-10,92.3,2,0,46.15,Friday,False,False
m-018,2026-04-11,684.13,7,3,97.73,Saturday,True,False
m-018,2026-04-12,118.21,3,2,39.4,Sunday,True,False
m-018,2026-04-13,338.09,3,3,112.7,Monday,False,False
m-018,2026-04-14,1149.42,7,4,164.2,Tuesday,False,False
m-018,2026-04-15,227.59,3,1,75.86,Wednesday,False,False
m-018,2026-04-16,68.54,1,1,68.54,Thursday,False,False
m-018,2026-04-17,220.51,2,1,110.26,Friday,False,False
m-018,2026-04-18,111.79,2,1,55.9,Saturday,True,False
m-018,2026-04-19,460.38,6,3,76.73,Sunday,True,False
m-018,2026-04-20,417.83,4,4,104.46,Monday,False,False
m-018,2026-04-21,731.21,8,6,91.4,Tuesday,False,False
m-018,2026-04-22,205.03,2,1,102.52,Wednesday,False,False
m-018,2026-04-23,98.16,2,1,49.08,Thursday,False,False
m-018,2026-04-24,418.88,2,2,209.44,Friday,False,False
m-018,2026-04-25,250.96,1,1,250.96,Saturday,True,False
m-018,2026-04-26,690.19,7,7,98.6,Sunday,True,False
m-018,2026-04-27,178.06,3,2,59.35,Monday,False,False
m-018,2026-04-28,98.92,2,1,49.46,Tuesday,False,False
m-018,2026-04-29,415.0,4,4,103.75,Wednesday,False,False
m-018,2026-04-30,240.63,3,2,80.21,Thursday,False,False
m-018,2026-05-01,108.22,1,1,108.22,Friday,False,False
m-018,2026-05-02,246.97,3,2,82.32,Saturday,True,False
m-018,2026-05-03,703.98,4,4,176.0,Sunday,True,False
m-018,2026-05-04,757.87,6,4,126.31,Monday,False,False
m-018,2026-05-05,267.63,2,2,133.82,Tuesday,False,False
m-018,2026-05-06,700.39,3,1,233.46,Wednesday,False,False
m-018,2026-05-07,396.38,4,2,99.1,Thursday,False,False
m-018,2026-05-08,226.43,3,3,75.48,Friday,False,False
m-018,2026-05-09,1094.76,8,7,136.84,Saturday,True,False
m-018,2026-05-10,1542.16,7,5,220.31,Sunday,True,False
m-018,2026-05-11,151.32,2,1,75.66,Monday,False,False
m-018,2026-05-12,517.4,3,3,172.47,Tuesday,False,False
m-018,2026-05-13,410.78,3,2,136.93,Wednesday,False,False
m-018,2026-05-14,276.26,4,2,69.06,Thursday,False,False
m-018,2026-05-15,199.75,3,1,66.58,Friday,False,False
m-018,2026-05-16,250.73,3,2,83.58,Saturday,True,False
m-018,2026-05-17,478.86,3,1,159.62,Sunday,True,False
m-018,2026-05-18,141.18,2,1,70.59,Monday,False,False
m-018,2026-05-19,719.36,9,5,79.93,Tuesday,False,False
m-018,2026-05-20,742.13,4,1,185.53,Wednesday,False,False
m-018,2026-05-21,1118.62,5,4,223.72,Thursday,False,False
m-018,2026-05-22,749.7,5,3,149.94,Friday,False,False
m-018,2026-05-23,100.26,2,0,50.13,Saturday,True,False
m-018,2026-05-24,725.99,5,5,145.2,Sunday,True,False
m-018,2026-05-25,142.43,1,1,142.43,Monday,False,False
m-018,2026-05-26,210.96,2,1,105.48,Tuesday,False,False
m-018,2026-05-27,905.42,5,4,181.08,Wednesday,False,False
m-018,2026-05-28,341.39,4,3,85.35,Thursday,False,False
m-018,2026-05-29,251.38,3,1,83.79,Friday,False,False
m-018,2026-05-30,429.22,6,4,71.54,Saturday,True,False
m-018,2026-05-31,637.55,3,2,212.52,Sunday,True,False
m-018,2026-06-01,235.34,2,1,117.67,Monday,False,False
m-018,2026-06-02,834.39,5,3,166.88,Tuesday,False,False
m-018,2026-06-03,250.83,4,4,62.71,Wednesday,False,False
m-018,2026-06-04,36.32,1,0,36.32,Thursday,False,False
m-018,2026-06-05,209.85,3,3,69.95,Friday,False,False
m-018,2026-06-06,588.5,7,4,84.07,Saturday,True,False
m-018,2026-06-07,100.12,2,2,50.06,Sunday,True,False
m-018,2026-06-08,393.66,4,2,98.42,Monday,False,False
m-018,2026-06-10,210.96,2,1,105.48,Wednesday,False,False
m-018,2026-06-11,272.78,5,4,54.56,Thursday,False,False
m-018,2026-06-12,297.69,3,1,99.23,Friday,False,False
m-018,2026-06-13,253.91,4,2,63.48,Saturday,True,False
m-018,2026-06-14,253.06,3,2,84.35,Sunday,True,False
m-018,2026-06-15,847.43,6,5,141.24,Monday,False,False
m-018,2026-06-16,701.45,3,1,233.82,Tuesday,False,False
m-018,2026-06-17,108.22,1,1,108.22,Wednesday,False,False
m-018,2026-06-18,336.9,3,2,112.3,Thursday,False,False
m-018,2026-06-19,45.57,1,0,45.57,Friday,False,False
m-018,2026-06-20,1095.0,6,3,182.5,Saturday,True,False
m-018,2026-06-21,171.93,2,2,85.96,Sunday,True,False
m-018,2026-06-22,431.41,4,3,107.85,Monday,False,False
m-018,2026-06-23,455.66,5,4,91.13,Tuesday,False,False
m-018,2026-06-24,377.19,4,1,94.3,Wednesday,False,False
m-018,2026-06-25,111.36,2,2,55.68,Thursday,False,False
m-018,2026-06-26,1198.35,7,2,171.19,Friday,False,False
m-018,2026-06-27,537.1,6,2,89.52,Saturday,True,False
m-018,2026-06-28,1097.84,9,5,121.98,Sunday,True,False
m-018,2026-06-29,461.18,3,3,153.73,Monday,False,False
m-018,2026-06-30,384.88,4,3,96.22,Tuesday,False,False
m-018,2026-07-01,517.6,3,2,172.53,Wednesday,False,False
m-018,2026-07-02,375.99,3,3,125.33,Thursday,False,False
m-018,2026-07-03,320.52,4,3,80.13,Friday,False,False
m-018,2026-07-04,46.73,1,1,46.73,Saturday,True,False
m-018,2026-07-05,321.21,4,3,80.3,Sunday,True,False
m-018,2026-07-06,591.96,5,3,118.39,Monday,False,False
m-018,2026-07-07,127.12,1,1,127.12,Tuesday,False,False
m-018,2026-07-08,193.88,3,3,64.63,Wednesday,False,False
m-018,2026-07-09,316.98,2,1,158.49,Thursday,False,False
m-018,2026-07-10,807.4,5,3,161.48,Friday,False,False
m-018,2026-07-11,180.86,2,1,90.43,Saturday,True,False
m-018,2026-07-12,242.31,3,2,80.77,Sunday,True,False
m-018,2026-07-13,277.22,4,1,69.31,Monday,False,False
m-018,2026-07-14,75.04,1,1,75.04,Tuesday,False,False
m-018,2026-07-15,484.6,4,4,121.15,Wednesday,False,False
m-018,2026-07-16,1031.25,5,3,206.25,Thursday,False,False
m-018,2026-07-17,490.55,4,4,122.64,Friday,False,False
m-018,2026-07-18,383.78,4,1,95.94,Saturday,True,False
m-018,2026-07-19,709.0,5,1,141.8,Sunday,True,False
m-018,2026-07-20,351.87,4,3,87.97,Monday,False,False
m-018,2026-07-21,838.08,6,4,139.68,Tuesday,False,False
m-018,2026-07-22,242.05,4,2,60.51,Wednesday,False,False
m-018,2026-07-23,375.98,2,1,187.99,Thursday,False,False
m-018,2026-07-24,289.81,5,3,57.96,Friday,False,False
m-018,2026-07-25,283.88,5,4,56.78,Saturday,True,False
m-018,2026-07-26,457.96,4,1,114.49,Sunday,True,False
m-018,2026-07-27,197.03,3,2,65.68,Monday,False,False
m-018,2026-07-28,358.87,3,2,119.62,Tuesday,False,False
m-018,2026-07-29,298.24,5,5,59.65,Wednesday,False,False
m-018,2026-07-31,375.98,2,0,187.99,Friday,False,False
m-018,2026-08-01,163.0,2,2,81.5,Saturday,True,False
m-018,2026-08-02,569.72,1,1,569.72,Sunday,True,False
m-018,2026-08-03,187.99,2,2,93.99,Monday,False,False
m-018,2026-08-04,1139.92,4,4,284.98,Tuesday,False,False
m-018,2026-08-05,172.21,2,2,86.1,Wednesday,False,False
m-018,2026-08-06,1211.52,5,5,242.3,Thursday,False,False
m-018,2026-08-07,427.28,2,2,213.64,Friday,False,False
m-018,2026-08-08,845.35,8,3,105.67,Saturday,True,False
m-018,2026-08-09,344.58,3,3,114.86,Sunday,True,False
m-018,2026-08-10,639.77,3,0,213.26,Monday,False,False
m-018,2026-08-11,513.84,3,1,171.28,Tuesday,False,False
m-018,2026-08-12,527.96,5,3,105.59,Wednesday,False,False
m-018,2026-08-13,145.74,2,1,72.87,Thursday,False,False
m-018,2026-08-14,546.81,5,2,109.36,Friday,False,False
m-018,2026-08-15,649.75,6,6,108.29,Saturday,True,True
m-018,2026-08-16,391.64,2,2,195.82,Sunday,True,False
m-018,2026-08-17,188.0,2,2,94.0,Monday,False,False
m-018,2026-08-18,324.66,1,1,324.66,Tuesday,False,False
m-018,2026-08-19,145.65,3,0,48.55,Wednesday,False,False
m-018,2026-08-20,406.93,5,4,81.39,Thursday,False,False
m-018,2026-08-21,216.44,1,0,216.44,Friday,False,False
m-018,2026-08-22,366.59,3,0,122.2,Saturday,True,False
m-018,2026-08-23,1035.29,4,3,258.82,Sunday,True,False
m-018,2026-08-24,36.75,1,1,36.75,Monday,False,False
m-018,2026-08-25,836.46,9,7,92.94,Tuesday,False,False
m-018,2026-08-26,633.96,2,1,316.98,Wednesday,False,False
m-018,2026-08-27,247.26,3,2,82.42,Thursday,False,False
m-018,2026-08-28,488.65,5,3,97.73,Friday,False,True
m-018,2026-08-29,499.03,5,3,99.81,Saturday,True,False
m-018,2026-08-30,1054.92,7,7,150.7,Sunday,True,False
m-018,2026-08-31,115.33,2,1,57.67,Monday,False,False
m-018,2026-09-02,358.87,2,1,179.44,Wednesday,False,False
m-018,2026-09-03,672.12,4,3,168.03,Thursday,False,False
m-018,2026-09-04,378.3,4,2,94.58,Friday,False,False
m-018,2026-09-05,134.48,3,2,44.83,Saturday,True,False
m-018,2026-09-06,678.64,4,3,169.66,Sunday,True,False
m-018,2026-09-07,46.73,1,1,46.73,Monday,False,False
m-018,2026-09-08,502.59,4,3,125.65,Tuesday,False,False
m-018,2026-09-09,599.13,6,5,99.86,Wednesday,False,False
m-018,2026-09-10,308.6,4,3,77.15,Thursday,False,False
m-018,2026-09-11,715.51,5,2,143.1,Friday,False,False
m-018,2026-09-12,964.5,7,6,137.79,Saturday,True,False
m-018,2026-09-13,331.58,3,1,110.53,Sunday,True,False
m-018,2026-09-14,183.32,3,3,61.11,Monday,False,False
m-018,2026-09-15,376.41,2,1,188.2,Tuesday,False,False
m-018,2026-09-16,254.24,1,1,254.24,Wednesday,False,False
m-018,2026-09-17,285.72,3,2,95.24,Thursday,False,False
m-019,2025-09-18,349.6,2,2,174.8,Thursday,False,False
m-019,2025-09-19,333.51,4,3,83.38,Friday,False,False
m-019,2025-09-20,570.37,4,4,142.59,Saturday,True,False
m-019,2025-09-21,1256.35,10,5,125.64,Sunday,True,False
m-019,2025-09-22,312.68,1,0,312.68,Monday,False,False
m-019,2025-09-23,588.29,7,5,84.04,Tuesday,False,False
m-019,2025-09-24,51.07,1,0,51.07,Wednesday,False,False
m-019,2025-09-25,86.86,1,1,86.86,Thursday,False,False
m-019,2025-09-26,505.79,6,6,84.3,Friday,False,False
m-019,2025-09-27,636.11,6,5,106.02,Saturday,True,False
m-019,2025-09-28,432.39,4,3,108.1,Sunday,True,False
m-019,2025-09-29,237.5,2,2,118.75,Monday,False,False
m-019,2025-09-30,791.02,6,3,131.84,Tuesday,False,False
m-019,2025-10-01,79.9,1,0,79.9,Wednesday,False,False
m-019,2025-10-02,305.27,5,3,61.05,Thursday,False,False
m-019,2025-10-03,266.05,3,2,88.68,Friday,False,False
m-019,2025-10-04,1365.26,9,6,151.7,Saturday,True,False
m-019,2025-10-05,770.09,8,5,96.26,Sunday,True,False
m-019,2025-10-07,475.09,6,4,79.18,Tuesday,False,False
m-019,2025-10-08,1081.71,7,7,154.53,Wednesday,False,False
m-019,2025-10-09,612.56,3,2,204.19,Thursday,False,False
m-019,2025-10-10,118.95,2,1,59.48,Friday,False,False
m-019,2025-10-12,228.89,2,2,114.44,Sunday,True,False
m-019,2025-10-13,290.53,4,3,72.63,Monday,False,False
m-019,2025-10-14,83.17,2,1,41.58,Tuesday,False,False
m-019,2025-10-15,61.24,2,1,30.62,Wednesday,False,False
m-019,2025-10-16,411.27,4,2,102.82,Thursday,False,False
m-019,2025-10-17,787.52,4,1,196.88,Friday,False,False
m-019,2025-10-18,449.45,2,1,224.72,Saturday,True,False
m-019,2025-10-19,387.49,4,2,96.87,Sunday,True,False
m-019,2025-10-20,931.39,6,3,155.23,Monday,False,True
m-019,2025-10-21,905.79,6,6,150.96,Tuesday,False,True
m-019,2025-10-22,910.81,7,4,130.12,Wednesday,False,True
m-019,2025-10-23,644.3,5,4,128.86,Thursday,False,False
m-019,2025-10-24,1086.2,4,4,271.55,Friday,False,False
m-019,2025-10-25,429.63,4,4,107.41,Saturday,True,False
m-019,2025-10-26,597.11,6,4,99.52,Sunday,True,False
m-019,2025-10-27,39.95,1,1,39.95,Monday,False,False
m-019,2025-10-28,1088.51,6,4,181.42,Tuesday,False,False
m-019,2025-10-29,678.52,3,3,226.17,Wednesday,False,False
m-019,2025-10-30,428.88,4,4,107.22,Thursday,False,False
m-019,2025-10-31,439.73,3,3,146.58,Friday,False,False
m-019,2025-11-01,858.2,7,4,122.6,Saturday,True,False
m-019,2025-11-02,145.97,3,2,48.66,Sunday,True,False
m-019,2025-11-03,72.05,2,2,36.03,Monday,False,False
m-019,2025-11-04,283.33,2,0,141.66,Tuesday,False,False
m-019,2025-11-05,527.27,4,2,131.82,Wednesday,False,False
m-019,2025-11-06,491.42,6,5,81.9,Thursday,False,False
m-019,2025-11-07,117.48,2,1,58.74,Friday,False,False
m-019,2025-11-08,339.07,3,1,113.02,Saturday,True,False
m-019,2025-11-09,751.88,5,4,150.38,Sunday,True,False
m-019,2025-11-10,1408.15,5,3,281.63,Monday,False,False
m-019,2025-11-11,350.97,3,3,116.99,Tuesday,False,False
m-019,2025-11-12,347.14,4,4,86.78,Wednesday,False,False
m-019,2025-11-13,113.56,1,0,113.56,Thursday,False,False
m-019,2025-11-14,183.1,1,1,183.1,Friday,False,False
m-019,2025-11-15,298.96,5,5,59.79,Saturday,True,False
m-019,2025-11-16,281.36,3,2,93.79,Sunday,True,False
m-019,2025-11-17,263.3,4,3,65.82,Monday,False,False
m-019,2025-11-18,229.93,3,0,76.64,Tuesday,False,False
m-019,2025-11-19,743.06,5,4,148.61,Wednesday,False,False
m-019,2025-11-21,878.45,7,2,125.49,Friday,False,False
m-019,2025-11-22,799.62,5,5,159.92,Saturday,True,False
m-019,2025-11-23,372.24,3,2,124.08,Sunday,True,False
m-019,2025-11-24,266.35,2,1,133.18,Monday,False,False
m-019,2025-11-25,512.23,6,4,85.37,Tuesday,False,False
m-019,2025-11-26,602.62,4,2,150.66,Wednesday,False,False
m-019,2025-11-27,145.69,2,1,72.84,Thursday,False,False
m-019,2025-11-28,222.58,3,2,74.19,Friday,False,False
m-019,2025-11-29,1085.78,10,4,108.58,Saturday,True,False
m-019,2025-11-30,868.32,7,4,124.05,Sunday,True,False
m-019,2025-12-01,141.14,2,2,70.57,Monday,False,False
m-019,2025-12-02,1197.48,8,7,149.68,Tuesday,False,False
m-019,2025-12-03,85.37,1,0,85.37,Wednesday,False,False
m-019,2025-12-04,92.22,2,1,46.11,Thursday,False,False
m-019,2025-12-05,639.86,6,4,106.64,Friday,False,False
m-019,2025-12-06,260.01,3,2,86.67,Saturday,True,False
m-019,2025-12-07,197.72,3,2,65.91,Sunday,True,False
m-019,2025-12-08,307.42,4,2,76.86,Monday,False,False
m-019,2025-12-09,170.92,2,1,85.46,Tuesday,False,False
m-019,2025-12-10,967.04,7,6,138.15,Wednesday,False,False
m-019,2025-12-11,677.51,7,7,96.79,Thursday,False,False
m-019,2025-12-12,210.09,4,3,52.52,Friday,False,False
m-019,2025-12-13,320.92,5,4,64.18,Saturday,True,False
m-019,2025-12-14,296.97,3,1,98.99,Sunday,True,False
m-019,2025-12-15,594.45,4,1,148.61,Monday,False,False
m-019,2025-12-17,556.46,4,3,139.12,Wednesday,False,False
m-019,2025-12-18,312.03,5,4,62.41,Thursday,False,False
m-019,2025-12-19,207.3,2,2,103.65,Friday,False,False
m-019,2025-12-20,255.41,3,2,85.14,Saturday,True,False
m-019,2025-12-21,288.57,4,3,72.14,Sunday,True,False
m-019,2025-12-22,345.21,5,2,69.04,Monday,False,False
m-019,2025-12-23,842.93,4,3,210.73,Tuesday,False,False
m-019,2025-12-24,296.42,4,2,74.1,Wednesday,False,False
m-019,2025-12-25,72.05,2,1,36.03,Thursday,False,True
m-019,2025-12-26,116.83,2,1,58.42,Friday,False,False
m-019,2025-12-27,88.91,1,1,88.91,Saturday,True,False
m-019,2025-12-28,413.08,6,5,68.85,Sunday,True,False
m-019,2025-12-29,67.16,1,0,67.16,Monday,False,False
m-019,2025-12-30,937.16,8,4,117.14,Tuesday,False,False
m-019,2025-12-31,1291.93,7,3,184.56,Wednesday,False,True
m-019,2026-01-01,398.3,2,2,199.15,Thursday,False,True
m-019,2026-01-02,117.82,2,2,58.91,Friday,False,False
m-019,2026-01-03,604.48,5,3,120.9,Saturday,True,False
m-019,2026-01-04,439.51,3,0,146.5,Sunday,True,False
m-019,2026-01-05,327.08,2,2,163.54,Monday,False,False
m-019,2026-01-06,664.04,3,0,221.35,Tuesday,False,False
m-019,2026-01-07,227.45,3,3,75.82,Wednesday,False,False
m-019,2026-01-08,301.92,4,3,75.48,Thursday,False,False
m-019,2026-01-09,189.92,2,0,94.96,Friday,False,False
m-019,2026-01-10,1569.03,8,7,196.13,Saturday,True,False
m-019,2026-01-11,364.77,3,2,121.59,Sunday,True,False
m-019,2026-01-12,1074.0,4,3,268.5,Monday,False,False
m-019,2026-01-13,216.15,2,1,108.07,Tuesday,False,False
m-019,2026-01-14,394.95,3,2,131.65,Wednesday,False,True
m-019,2026-01-15,168.62,2,2,84.31,Thursday,False,False
m-019,2026-01-16,745.19,4,4,186.3,Friday,False,False
m-019,2026-01-17,323.21,4,4,80.8,Saturday,True,False
m-019,2026-01-18,371.32,2,1,185.66,Sunday,True,False
m-019,2026-01-19,275.29,3,2,91.76,Monday,False,False
m-019,2026-01-20,371.77,3,3,123.92,Tuesday,False,False
m-019,2026-01-21,390.45,4,3,97.61,Wednesday,False,False
m-019,2026-01-22,540.89,4,3,135.22,Thursday,False,False
m-019,2026-01-23,514.89,5,3,102.98,Friday,False,False
m-019,2026-01-24,88.88,2,1,44.44,Saturday,True,False
m-019,2026-01-25,977.83,7,6,139.69,Sunday,True,False
m-019,2026-01-26,51.07,1,1,51.07,Monday,False,False
m-019,2026-01-27,670.98,7,5,95.85,Tuesday,False,False
m-019,2026-01-28,122.49,2,2,61.24,Wednesday,False,False
m-019,2026-01-29,397.94,4,2,99.48,Thursday,False,False
m-019,2026-01-30,567.46,4,4,141.86,Friday,False,False
m-019,2026-01-31,85.37,1,1,85.37,Saturday,True,False
m-019,2026-02-01,1243.73,10,8,124.37,Sunday,True,False
m-019,2026-02-02,227.12,3,2,75.71,Monday,False,False
m-019,2026-02-04,173.15,2,2,86.57,Wednesday,False,False
m-019,2026-02-05,286.73,2,1,143.36,Thursday,False,False
m-019,2026-02-06,181.84,3,1,60.61,Friday,False,False
m-019,2026-02-07,376.93,3,3,125.64,Saturday,True,False
m-019,2026-02-08,908.88,9,8,100.99,Sunday,True,False
m-019,2026-02-09,137.93,2,0,68.96,Monday,False,False
m-019,2026-02-10,156.34,1,0,156.34,Tuesday,False,False
m-019,2026-02-11,515.33,3,3,171.78,Wednesday,False,False
m-019,2026-02-12,177.22,3,1,59.07,Thursday,False,False
m-019,2026-02-13,349.6,2,1,174.8,Friday,False,False
m-019,2026-02-14,506.33,5,3,101.27,Saturday,True,False
m-019,2026-02-15,560.91,4,3,140.23,Sunday,True,False
m-019,2026-02-16,452.4,3,3,150.8,Monday,False,False
m-019,2026-02-17,213.12,2,2,106.56,Tuesday,False,False
m-019,2026-02-18,56.78,1,1,56.78,Wednesday,False,False
m-019,2026-02-19,280.78,3,1,93.59,Thursday,False,False
m-019,2026-02-21,694.32,6,4,115.72,Saturday,True,False
m-019,2026-02-22,177.82,1,1,177.82,Sunday,True,False
m-019,2026-02-23,378.05,3,3,126.02,Monday,False,False
m-019,2026-02-24,313.75,4,0,78.44,Tuesday,False,False
m-019,2026-02-25,1156.65,5,3,231.33,Wednesday,False,False
m-019,2026-02-26,801.41,3,3,267.14,Thursday,False,False
m-019,2026-02-27,215.87,2,2,107.94,Friday,False,False
m-019,2026-02-28,64.2,1,1,64.2,Saturday,True,False
m-019,2026-03-01,911.98,6,3,152.0,Sunday,True,False
m-019,2026-03-02,522.84,3,1,174.28,Monday,False,False
m-019,2026-03-03,262.63,3,3,87.54,Tuesday,False,False
m-019,2026-03-04,574.65,5,2,114.93,Wednesday,False,True
m-019,2026-03-05,266.73,2,1,133.36,Thursday,False,False
m-019,2026-03-06,32.1,1,1,32.1,Friday,False,False
m-019,2026-03-07,1210.6,5,4,242.12,Saturday,True,False
m-019,2026-03-08,113.56,2,2,56.78,Sunday,True,False
m-019,2026-03-09,587.98,3,2,195.99,Monday,False,False
m-019,2026-03-10,371.85,5,2,74.37,Tuesday,False,False
m-019,2026-03-11,340.06,4,3,85.02,Wednesday,False,False
m-019,2026-03-12,125.32,2,2,62.66,Thursday,False,False
m-019,2026-03-13,543.11,7,4,77.59,Friday,False,False
m-019,2026-03-14,353.84,2,2,176.92,Saturday,True,False
m-019,2026-03-15,229.72,2,2,114.86,Sunday,True,False
m-019,2026-03-16,664.72,4,1,166.18,Monday,False,False
m-019,2026-03-17,253.36,3,2,84.45,Tuesday,False,False
m-019,2026-03-18,141.89,2,1,70.94,Wednesday,False,False
m-019,2026-03-19,241.71,2,1,120.86,Thursday,False,False
m-019,2026-03-20,915.05,6,3,152.51,Friday,False,True
m-019,2026-03-21,674.82,7,6,96.4,Saturday,True,False
m-019,2026-03-22,225.34,3,1,75.11,Sunday,True,False
m-019,2026-03-24,79.9,1,1,79.9,Tuesday,False,False
m-019,2026-03-25,83.25,1,0,83.25,Wednesday,False,False
m-019,2026-03-26,102.14,1,1,102.14,Thursday,False,False
m-019,2026-03-27,571.57,3,3,190.52,Friday,False,False
m-019,2026-03-28,480.97,4,3,120.24,Saturday,True,False
m-019,2026-03-29,355.54,5,3,71.11,Sunday,True,False
m-019,2026-03-30,487.93,4,3,121.98,Monday,False,False
m-019,2026-03-31,688.5,5,2,137.7,Tuesday,False,False
m-019,2026-04-01,899.28,4,4,224.82,Wednesday,False,False
m-019,2026-04-02,88.91,1,1,88.91,Thursday,False,False
m-019,2026-04-03,252.79,4,3,63.2,Friday,False,False
m-019,2026-04-04,760.57,7,2,108.65,Saturday,True,False
m-019,2026-04-05,234.41,3,2,78.14,Sunday,True,False
m-019,2026-04-06,694.77,4,3,173.69,Monday,False,False
m-019,2026-04-07,1528.99,4,1,382.25,Tuesday,False,False
m-019,2026-04-08,279.0,3,2,93.0,Wednesday,False,False
m-019,2026-04-09,464.29,4,2,116.07,Thursday,False,False
m-019,2026-04-10,764.25,3,1,254.75,Friday,False,False
m-019,2026-04-11,538.74,4,3,134.68,Saturday,True,False
m-019,2026-04-12,687.25,6,4,114.54,Sunday,True,False
m-019,2026-04-13,329.13,2,1,164.56,Monday,False,False
m-019,2026-04-14,91.86,1,1,91.86,Tuesday,False,False
m-019,2026-04-15,819.72,7,4,117.1,Wednesday,False,False
m-019,2026-04-16,61.24,2,1,30.62,Thursday,False,False
m-019,2026-04-17,379.53,3,2,126.51,Friday,False,False
m-019,2026-04-18,64.2,1,1,64.2,Saturday,True,False
m-019,2026-04-19,502.59,5,3,100.52,Sunday,True,False
m-019,2026-04-20,206.45,2,1,103.22,Monday,False,False
m-019,2026-04-21,513.94,2,1,256.97,Tuesday,False,False
m-019,2026-04-22,336.96,2,2,168.48,Wednesday,False,False
m-019,2026-04-23,580.5,5,5,116.1,Thursday,False,False
m-019,2026-04-24,595.14,3,2,198.38,Friday,False,False
m-019,2026-04-25,179.65,3,3,59.88,Saturday,True,False
m-019,2026-04-26,875.02,5,2,175.0,Sunday,True,False
m-019,2026-04-27,618.06,5,4,123.61,Monday,False,False
m-019,2026-04-28,644.02,4,0,161.0,Tuesday,False,False
m-019,2026-04-29,363.82,3,3,121.27,Wednesday,False,False
m-019,2026-04-30,692.79,4,1,173.2,Thursday,False,False
m-019,2026-05-01,424.81,3,2,141.6,Friday,False,False
m-019,2026-05-02,206.19,3,1,68.73,Saturday,True,False
m-019,2026-05-03,342.31,5,5,68.46,Sunday,True,False
m-019,2026-05-04,191.1,3,2,63.7,Monday,False,False
m-019,2026-05-05,474.05,3,2,158.02,Tuesday,False,False
m-019,2026-05-06,32.1,1,0,32.1,Wednesday,False,False
m-019,2026-05-07,1240.32,6,3,206.72,Thursday,False,False
m-019,2026-05-08,878.69,6,6,146.45,Friday,False,False
m-019,2026-05-09,508.97,2,1,254.48,Saturday,True,False
m-019,2026-05-10,502.76,4,3,125.69,Sunday,True,False
m-019,2026-05-11,274.36,4,2,68.59,Monday,False,False
m-019,2026-05-12,981.0,2,1,490.5,Tuesday,False,False
m-019,2026-05-13,274.96,2,2,137.48,Wednesday,False,False
m-019,2026-05-14,84.24,1,1,84.24,Thursday,False,False
m-019,2026-05-15,991.88,6,4,165.31,Friday,False,False
m-019,2026-05-16,662.93,5,4,132.59,Saturday,True,False
m-019,2026-05-17,511.59,4,3,127.9,Sunday,True,False
m-019,2026-05-18,100.74,2,0,50.37,Monday,False,False
m-019,2026-05-19,56.78,1,0,56.78,Tuesday,False,False
m-019,2026-05-20,865.44,8,6,108.18,Wednesday,False,False
m-019,2026-05-21,119.85,3,1,39.95,Thursday,False,False
m-019,2026-05-22,864.87,4,4,216.22,Friday,False,False
m-019,2026-05-23,1295.74,5,3,259.15,Saturday,True,False
m-019,2026-05-24,411.15,5,5,82.23,Sunday,True,False
m-019,2026-05-25,589.74,7,4,84.25,Monday,False,False
m-019,2026-05-26,575.68,5,4,115.14,Tuesday,False,False
m-019,2026-05-27,1128.8,7,4,161.26,Wednesday,False,False
m-019,2026-05-28,293.96,4,1,73.49,Thursday,False,False
m-019,2026-05-29,79.9,1,1,79.9,Friday,False,False
m-019,2026-05-30,263.0,2,0,131.5,Saturday,True,False
m-019,2026-05-31,576.42,4,4,144.11,Sunday,True,False
m-019,2026-06-01,384.16,5,4,76.83,Monday,False,False
m-019,2026-06-02,519.51,5,4,103.9,Tuesday,False,False
m-019,2026-06-03,363.75,2,1,181.88,Wednesday,False,False
m-019,2026-06-04,65.68,2,1,32.84,Thursday,False,False
m-019,2026-06-05,419.77,3,2,139.92,Friday,False,False
m-019,2026-06-06,544.41,6,4,90.74,Saturday,True,False
m-019,2026-06-07,182.6,3,1,60.87,Sunday,True,False
m-019,2026-06-08,334.16,4,3,83.54,Monday,False,False
m-019,2026-06-09,168.62,2,2,84.31,Tuesday,False,False
m-019,2026-06-10,239.88,2,1,119.94,Wednesday,False,False
m-019,2026-06-11,317.36,2,1,158.68,Thursday,False,False
m-019,2026-06-12,132.17,3,2,44.06,Friday,False,False
m-019,2026-06-13,672.26,5,4,134.45,Saturday,True,False
m-019,2026-06-14,648.44,5,4,129.69,Sunday,True,False
m-019,2026-06-15,653.72,5,2,130.74,Monday,False,False
m-019,2026-06-16,415.59,3,2,138.53,Tuesday,False,False
m-019,2026-06-17,140.33,3,2,46.78,Wednesday,False,False
m-019,2026-06-18,718.36,8,7,89.8,Thursday,False,False
m-019,2026-06-19,168.62,2,1,84.31,Friday,False,False
m-019,2026-06-20,1061.64,8,3,132.71,Saturday,True,False
m-019,2026-06-21,682.87,4,3,170.72,Sunday,True,False
m-019,2026-06-22,88.91,1,1,88.91,Monday,False,False
m-019,2026-06-23,173.15,2,1,86.57,Tuesday,False,False
m-019,2026-06-24,512.68,6,6,85.45,Wednesday,False,False
m-019,2026-06-25,940.63,5,4,188.13,Thursday,False,False
m-019,2026-06-26,213.12,2,1,106.56,Friday,False,False
m-019,2026-06-27,558.06,6,4,93.01,Saturday,True,False
m-019,2026-06-28,148.44,3,2,49.48,Sunday,True,False
m-019,2026-06-30,236.24,2,2,118.12,Tuesday,False,False
m-019,2026-07-01,33.58,1,1,33.58,Wednesday,False,False
m-019,2026-07-02,311.65,2,2,155.82,Thursday,False,False
m-019,2026-07-03,229.93,3,1,76.64,Friday,False,False
m-019,2026-07-04,356.42,3,3,118.81,Saturday,True,False
m-019,2026-07-05,352.63,3,1,117.54,Sunday,True,False
m-019,2026-07-06,370.87,3,1,123.62,Monday,False,False
m-019,2026-07-08,85.37,1,0,85.37,Wednesday,False,False
m-019,2026-07-09,245.25,2,1,122.62,Thursday,False,False
m-019,2026-07-10,187.5,3,2,62.5,Friday,False,False
m-019,2026-07-11,271.69,3,2,90.56,Saturday,True,False
m-019,2026-07-12,423.82,3,3,141.27,Sunday,True,False
m-019,2026-07-13,828.3,6,6,138.05,Monday,False,False
m-019,2026-07-14,348.0,4,3,87.0,Tuesday,False,False
m-019,2026-07-16,496.72,5,5,99.34,Thursday,False,False
m-019,2026-07-17,170.34,3,3,56.78,Friday,False,False
m-019,2026-07-18,522.02,5,3,104.4,Saturday,True,False
m-019,2026-07-19,574.37,7,3,82.05,Sunday,True,False
m-019,2026-07-20,210.81,3,2,70.27,Monday,False,False
m-019,2026-07-21,284.3,3,3,94.77,Tuesday,False,False
m-019,2026-07-22,644.76,4,3,161.19,Wednesday,False,False
m-019,2026-07-23,378.34,3,2,126.11,Thursday,False,False
m-019,2026-07-24,310.14,3,2,103.38,Friday,False,False
m-019,2026-07-25,236.68,4,2,59.17,Saturday,True,False
m-019,2026-07-26,247.97,4,3,61.99,Sunday,True,False
m-019,2026-07-27,348.13,4,4,87.03,Monday,False,False
m-019,2026-07-28,58.64,1,0,58.64,Tuesday,False,False
m-019,2026-07-29,1023.6,5,4,204.72,Wednesday,False,False
m-019,2026-07-30,421.26,4,0,105.32,Thursday,False,False
m-019,2026-07-31,176.66,3,1,58.89,Friday,False,False
m-019,2026-08-01,711.65,7,5,101.66,Saturday,True,False
m-019,2026-08-02,145.69,2,2,72.84,Sunday,True,False
m-019,2026-08-03,152.53,2,2,76.26,Monday,False,False
m-019,2026-08-04,288.02,2,1,144.01,Tuesday,False,False
m-019,2026-08-05,113.56,1,1,113.56,Wednesday,False,False
m-019,2026-08-06,115.27,2,2,57.64,Thursday,False,False
m-019,2026-08-07,167.9,3,2,55.97,Friday,False,False
m-019,2026-08-08,613.91,6,4,102.32,Saturday,True,False
m-019,2026-08-09,590.6,4,1,147.65,Sunday,True,False
m-019,2026-08-10,400.27,4,3,100.07,Monday,False,False
m-019,2026-08-11,340.48,3,1,113.49,Tuesday,False,False
m-019,2026-08-12,196.29,2,1,98.15,Wednesday,False,False
m-019,2026-08-13,275.29,3,3,91.76,Thursday,False,False
m-019,2026-08-14,656.12,6,4,109.35,Friday,False,False
m-019,2026-08-15,587.8,5,2,117.56,Saturday,True,True
m-019,2026-08-16,732.37,7,6,104.62,Sunday,True,False
m-019,2026-08-17,90.36,2,1,45.18,Monday,False,False
m-019,2026-08-18,231.26,4,3,57.82,Tuesday,False,False
m-019,2026-08-19,558.22,5,5,111.64,Wednesday,False,False
m-019,2026-08-20,185.39,2,2,92.7,Thursday,False,False
m-019,2026-08-21,481.55,3,3,160.52,Friday,False,False
m-019,2026-08-22,649.48,7,5,92.78,Saturday,True,False
m-019,2026-08-23,556.25,7,5,79.46,Sunday,True,False
m-019,2026-08-24,315.2,4,2,78.8,Monday,False,False
m-019,2026-08-25,198.03,4,3,49.51,Tuesday,False,False
m-019,2026-08-26,1731.31,9,5,192.37,Wednesday,False,False
m-019,2026-08-27,32.1,1,1,32.1,Thursday,False,False
m-019,2026-08-28,352.96,4,3,88.24,Friday,False,True
m-019,2026-08-29,487.67,5,2,97.53,Saturday,True,False
m-019,2026-08-30,143.64,2,0,71.82,Sunday,True,False
m-019,2026-08-31,736.66,3,2,245.55,Monday,False,False
m-019,2026-09-01,209.14,2,2,104.57,Tuesday,False,False
m-019,2026-09-02,206.71,2,2,103.35,Wednesday,False,False
m-019,2026-09-04,330.06,2,2,165.03,Friday,False,False
m-019,2026-09-05,296.06,2,2,148.03,Saturday,True,False
m-019,2026-09-06,1202.79,8,7,150.35,Sunday,True,False
m-019,2026-09-07,202.13,4,4,50.53,Monday,False,False
m-019,2026-09-08,414.6,3,2,138.2,Tuesday,False,False
m-019,2026-09-09,86.86,1,1,86.86,Wednesday,False,False
m-019,2026-09-10,386.12,4,1,96.53,Thursday,False,False
m-019,2026-09-11,430.71,4,1,107.68,Friday,False,False
m-019,2026-09-12,453.22,4,4,113.3,Saturday,True,False
m-019,2026-09-13,345.01,4,1,86.25,Sunday,True,False
m-019,2026-09-14,1145.69,6,3,190.95,Monday,False,False
m-019,2026-09-15,51.07,1,1,51.07,Tuesday,False,False
m-019,2026-09-17,84.24,1,0,84.24,Thursday,False,False
m-020,2025-09-18,161.34,3,3,53.78,Thursday,False,False
m-020,2025-09-20,806.56,4,3,201.64,Saturday,True,False
m-020,2025-09-21,672.03,3,2,224.01,Sunday,True,False
m-020,2025-09-22,107.07,1,1,107.07,Monday,False,False
m-020,2025-09-23,861.98,6,3,143.66,Tuesday,False,False
m-020,2025-09-25,472.63,6,5,78.77,Thursday,False,False
m-020,2025-09-26,664.43,6,4,110.74,Friday,False,False
m-020,2025-09-27,721.2,7,5,103.03,Saturday,True,False
m-020,2025-09-28,801.14,7,6,114.45,Sunday,True,False
m-020,2025-09-29,181.83,1,1,181.83,Monday,False,False
m-020,2025-09-30,316.31,2,2,158.16,Tuesday,False,False
m-020,2025-10-01,295.34,3,1,98.45,Wednesday,False,False
m-020,2025-10-02,43.93,1,1,43.93,Thursday,False,False
m-020,2025-10-03,38.28,1,1,38.28,Friday,False,False
m-020,2025-10-04,463.89,4,2,115.97,Saturday,True,False
m-020,2025-10-05,773.55,6,4,128.92,Sunday,True,False
m-020,2025-10-06,520.31,4,3,130.08,Monday,False,False
m-020,2025-10-07,33.64,1,0,33.64,Tuesday,False,False
m-020,2025-10-08,38.28,1,1,38.28,Wednesday,False,False
m-020,2025-10-09,93.22,1,0,93.22,Thursday,False,False
m-020,2025-10-10,1409.69,6,4,234.95,Friday,False,False
m-020,2025-10-11,516.46,4,3,129.12,Saturday,True,False
m-020,2025-10-12,679.94,8,5,84.99,Sunday,True,False
m-020,2025-10-13,754.31,4,2,188.58,Monday,False,False
m-020,2025-10-14,177.72,3,3,59.24,Tuesday,False,False
m-020,2025-10-15,45.56,1,1,45.56,Wednesday,False,False
m-020,2025-10-16,552.18,5,2,110.44,Thursday,False,False
m-020,2025-10-17,302.8,2,2,151.4,Friday,False,False
m-020,2025-10-18,283.46,4,3,70.87,Saturday,True,False
m-020,2025-10-19,175.72,2,2,87.86,Sunday,True,False
m-020,2025-10-20,1237.07,12,8,103.09,Monday,False,True
m-020,2025-10-21,562.91,7,6,80.42,Tuesday,False,True
m-020,2025-10-22,304.36,3,2,101.45,Wednesday,False,True
m-020,2025-10-23,181.83,1,1,181.83,Thursday,False,False
m-020,2025-10-25,495.13,3,3,165.04,Saturday,True,False
m-020,2025-10-26,268.52,3,3,89.51,Sunday,True,False
m-020,2025-10-27,369.88,3,3,123.29,Monday,False,False
m-020,2025-10-29,394.9,4,3,98.72,Wednesday,False,False
m-020,2025-10-30,965.39,4,3,241.35,Thursday,False,False
m-020,2025-10-31,417.27,5,3,83.45,Friday,False,False
m-020,2025-11-01,831.55,4,1,207.89,Saturday,True,False
m-020,2025-11-02,182.71,3,2,60.9,Sunday,True,False
m-020,2025-11-04,268.96,2,2,134.48,Tuesday,False,False
m-020,2025-11-05,223.34,2,1,111.67,Wednesday,False,False
m-020,2025-11-06,463.26,3,1,154.42,Thursday,False,False
m-020,2025-11-07,986.61,5,4,197.32,Friday,False,False
m-020,2025-11-08,527.88,5,3,105.58,Saturday,True,False
m-020,2025-11-09,250.75,2,2,125.38,Sunday,True,False
m-020,2025-11-10,774.0,4,1,193.5,Monday,False,False
m-020,2025-11-11,134.58,1,1,134.58,Tuesday,False,False
m-020,2025-11-12,485.07,4,3,121.27,Wednesday,False,False
m-020,2025-11-13,631.14,2,0,315.57,Thursday,False,False
m-020,2025-11-14,1084.7,5,3,216.94,Friday,False,False
m-020,2025-11-15,1381.76,8,5,172.72,Saturday,True,False
m-020,2025-11-16,406.21,4,2,101.55,Sunday,True,False
m-020,2025-11-17,519.31,4,2,129.83,Monday,False,False
m-020,2025-11-18,188.19,3,1,62.73,Tuesday,False,False
m-020,2025-11-19,283.77,2,2,141.88,Wednesday,False,False
m-020,2025-11-20,244.63,3,3,81.54,Thursday,False,False
m-020,2025-11-21,356.27,3,3,118.76,Friday,False,False
m-020,2025-11-22,239.59,2,2,119.8,Saturday,True,False
m-020,2025-11-23,261.62,3,2,87.21,Sunday,True,False
m-020,2025-11-24,215.47,2,2,107.74,Monday,False,False
m-020,2025-11-25,685.33,5,3,137.07,Tuesday,False,False
m-020,2025-11-26,483.37,3,2,161.12,Wednesday,False,False
m-020,2025-11-27,455.61,5,4,91.12,Thursday,False,False
m-020,2025-11-28,354.03,3,2,118.01,Friday,False,False
m-020,2025-11-29,212.05,3,2,70.68,Saturday,True,False
m-020,2025-12-01,534.45,4,3,133.61,Monday,False,False
m-020,2025-12-02,450.17,3,3,150.06,Tuesday,False,False
m-020,2025-12-03,309.95,3,2,103.32,Wednesday,False,False
m-020,2025-12-04,210.02,2,2,105.01,Thursday,False,False
m-020,2025-12-05,333.79,3,2,111.26,Friday,False,False
m-020,2025-12-06,621.85,7,6,88.84,Saturday,True,False
m-020,2025-12-07,409.22,3,1,136.41,Sunday,True,False
m-020,2025-12-08,794.82,7,5,113.55,Monday,False,False
m-020,2025-12-09,67.29,1,0,67.29,Tuesday,False,False
m-020,2025-12-10,150.2,2,1,75.1,Wednesday,False,False
m-020,2025-12-11,45.56,1,1,45.56,Thursday,False,False
m-020,2025-12-12,475.89,6,5,79.32,Friday,False,False
m-020,2025-12-13,126.86,2,2,63.43,Saturday,True,False
m-020,2025-12-14,103.98,2,1,51.99,Sunday,True,False
m-020,2025-12-15,382.45,3,3,127.48,Monday,False,False
m-020,2025-12-16,697.24,2,2,348.62,Tuesday,False,False
m-020,2025-12-17,230.99,2,2,115.5,Wednesday,False,False
m-020,2025-12-18,724.19,7,5,103.46,Thursday,False,False
m-020,2025-12-19,610.37,6,3,101.73,Friday,False,False
m-020,2025-12-21,532.13,6,3,88.69,Sunday,True,False
m-020,2025-12-22,136.37,2,1,68.18,Monday,False,False
m-020,2025-12-23,864.47,3,3,288.16,Tuesday,False,False
m-020,2025-12-24,346.17,4,2,86.54,Wednesday,False,False
m-020,2025-12-25,320.61,3,3,106.87,Thursday,False,True
m-020,2025-12-26,162.49,2,1,81.24,Friday,False,False
m-020,2025-12-27,993.38,8,7,124.17,Saturday,True,False
m-020,2025-12-28,1057.77,5,3,211.55,Sunday,True,False
m-020,2025-12-29,552.25,2,2,276.12,Monday,False,False
m-020,2025-12-30,273.74,3,1,91.25,Tuesday,False,False
m-020,2025-12-31,533.82,5,3,106.76,Wednesday,False,True
m-020,2026-01-01,297.98,3,2,99.33,Thursday,False,True
m-020,2026-01-02,301.21,3,1,100.4,Friday,False,False
m-020,2026-01-03,1088.53,5,5,217.71,Saturday,True,False
m-020,2026-01-04,502.75,4,4,125.69,Sunday,True,False
m-020,2026-01-05,299.41,3,2,99.8,Monday,False,False
m-020,2026-01-07,600.93,6,5,100.16,Wednesday,False,False
m-020,2026-01-08,159.45,3,2,53.15,Thursday,False,False
m-020,2026-01-09,598.53,5,1,119.71,Friday,False,False
m-020,2026-01-10,316.31,2,2,158.16,Saturday,True,False
m-020,2026-01-11,885.25,5,4,177.05,Sunday,True,False
m-020,2026-01-12,219.19,3,2,73.06,Monday,False,False
m-020,2026-01-13,500.81,3,3,166.94,Tuesday,False,False
m-020,2026-01-14,332.88,4,3,83.22,Wednesday,False,True
m-020,2026-01-15,595.14,6,5,99.19,Thursday,False,False
m-020,2026-01-16,584.82,4,2,146.21,Friday,False,False
m-020,2026-01-17,260.74,3,2,86.91,Saturday,True,False
m-020,2026-01-18,599.02,7,5,85.57,Sunday,True,False
m-020,2026-01-19,465.84,4,3,116.46,Monday,False,False
m-020,2026-01-20,76.56,1,0,76.56,Tuesday,False,False
m-020,2026-01-21,346.95,3,3,115.65,Wednesday,False,False
m-020,2026-01-22,545.43,3,3,181.81,Thursday,False,False
m-020,2026-01-23,181.83,1,0,181.83,Friday,False,False
m-020,2026-01-24,684.28,4,4,171.07,Saturday,True,False
m-020,2026-01-25,1429.55,6,3,238.26,Sunday,True,False
m-020,2026-01-26,645.71,4,3,161.43,Monday,False,False
m-020,2026-01-27,542.17,5,4,108.43,Tuesday,False,False
m-020,2026-01-28,264.42,4,4,66.1,Wednesday,False,False
m-020,2026-01-29,225.76,2,1,112.88,Thursday,False,False
m-020,2026-01-30,1334.19,9,5,148.24,Friday,False,False
m-020,2026-01-31,1050.35,9,5,116.71,Saturday,True,False
m-020,2026-02-01,231.71,3,2,77.24,Sunday,True,False
m-020,2026-02-02,223.34,2,1,111.67,Monday,False,False
m-020,2026-02-03,391.51,5,4,78.3,Tuesday,False,False
m-020,2026-02-04,545.49,1,1,545.49,Wednesday,False,False
m-020,2026-02-05,202.08,2,0,101.04,Thursday,False,False
m-020,2026-02-06,415.08,3,2,138.36,Friday,False,False
m-020,2026-02-07,430.95,2,0,215.48,Saturday,True,False
m-020,2026-02-08,703.31,7,5,100.47,Sunday,True,False
m-020,2026-02-09,393.72,3,3,131.24,Monday,False,False
m-020,2026-02-10,693.74,3,2,231.25,Tuesday,False,False
m-020,2026-02-11,271.63,3,2,90.54,Wednesday,False,False
m-020,2026-02-12,536.64,4,3,134.16,Thursday,False,False
m-020,2026-02-13,495.54,4,4,123.88,Friday,False,False
m-020,2026-02-14,196.14,3,1,65.38,Saturday,True,False
m-020,2026-02-15,426.18,5,5,85.24,Sunday,True,False
m-020,2026-02-16,279.66,1,1,279.66,Monday,False,False
m-020,2026-02-17,182.82,2,1,91.41,Tuesday,False,False
m-020,2026-02-18,742.92,5,3,148.58,Wednesday,False,False
m-020,2026-02-20,87.86,1,0,87.86,Friday,False,False
m-020,2026-02-21,308.94,3,3,102.98,Saturday,True,False
m-020,2026-02-22,618.11,6,4,103.02,Sunday,True,False
m-020,2026-02-23,332.83,3,3,110.94,Monday,False,False
m-020,2026-02-24,112.84,2,2,56.42,Tuesday,False,False
m-020,2026-02-25,274.19,4,3,68.55,Wednesday,False,False
m-020,2026-02-26,418.44,2,1,209.22,Thursday,False,False
m-020,2026-02-27,352.77,2,1,176.38,Friday,False,False
m-020,2026-02-28,182.24,1,1,182.24,Saturday,True,False
m-020,2026-03-01,314.6,3,3,104.87,Sunday,True,False
m-020,2026-03-02,577.44,4,3,144.36,Monday,False,False
m-020,2026-03-03,308.94,2,2,154.47,Tuesday,False,False
m-020,2026-03-04,1255.64,9,7,139.52,Wednesday,False,True
m-020,2026-03-05,815.77,4,4,203.94,Thursday,False,False
m-020,2026-03-06,465.88,5,1,93.18,Friday,False,False
m-020,2026-03-07,555.17,5,4,111.03,Saturday,True,False
m-020,2026-03-08,705.61,6,2,117.6,Sunday,True,False
m-020,2026-03-09,498.65,4,4,124.66,Monday,False,False
m-020,2026-03-10,894.51,5,3,178.9,Tuesday,False,False
m-020,2026-03-11,395.07,3,2,131.69,Wednesday,False,False
m-020,2026-03-12,699.44,5,3,139.89,Thursday,False,False
m-020,2026-03-13,285.16,3,1,95.05,Friday,False,False
m-020,2026-03-14,559.26,5,4,111.85,Saturday,True,False
m-020,2026-03-15,1211.39,9,4,134.6,Sunday,True,False
m-020,2026-03-16,747.18,5,3,149.44,Monday,False,False
m-020,2026-03-17,202.08,3,3,67.36,Tuesday,False,False
m-020,2026-03-18,673.12,5,4,134.62,Wednesday,False,False
m-020,2026-03-19,475.11,5,3,95.02,Thursday,False,False
m-020,2026-03-20,645.99,6,3,107.66,Friday,False,True
m-020,2026-03-21,887.64,8,6,110.96,Saturday,True,False
m-020,2026-03-22,761.81,4,2,190.45,Sunday,True,False
m-020,2026-03-23,46.22,1,1,46.22,Monday,False,False
m-020,2026-03-24,497.36,3,2,165.79,Tuesday,False,False
m-020,2026-03-25,489.37,3,3,163.12,Wednesday,False,False
m-020,2026-03-26,57.76,1,0,57.76,Thursday,False,False
m-020,2026-03-27,67.29,1,1,67.29,Friday,False,False
m-020,2026-03-28,268.06,4,2,67.02,Saturday,True,False
m-020,2026-03-29,609.42,6,3,101.57,Sunday,True,False
m-020,2026-03-30,457.93,3,2,152.64,Monday,False,False
m-020,2026-03-31,490.77,3,2,163.59,Tuesday,False,False
m-020,2026-04-02,1151.44,7,2,164.49,Thursday,False,False
m-020,2026-04-03,158.41,2,0,79.21,Friday,False,False
m-020,2026-04-04,456.88,2,1,228.44,Saturday,True,False
m-020,2026-04-05,285.59,4,3,71.4,Sunday,True,False
m-020,2026-04-06,116.27,1,1,116.27,Monday,False,False
m-020,2026-04-07,274.14,3,3,91.38,Tuesday,False,False
m-020,2026-04-08,57.36,1,0,57.36,Wednesday,False,False
m-020,2026-04-09,494.1,4,3,123.52,Thursday,False,False
m-020,2026-04-10,153.12,2,2,76.56,Friday,False,False
m-020,2026-04-11,154.55,2,1,77.28,Saturday,True,False
m-020,2026-04-12,461.2,2,2,230.6,Sunday,True,False
m-020,2026-04-13,526.08,6,4,87.68,Monday,False,False
m-020,2026-04-14,262.82,3,1,87.61,Tuesday,False,False
m-020,2026-04-15,363.66,1,1,363.66,Wednesday,False,False
m-020,2026-04-16,394.13,5,4,78.83,Thursday,False,False
m-020,2026-04-17,271.63,3,2,90.54,Friday,False,False
m-020,2026-04-18,771.19,3,3,257.06,Saturday,True,False
m-020,2026-04-19,277.06,4,2,69.26,Sunday,True,False
m-020,2026-04-20,232.54,1,1,232.54,Monday,False,False
m-020,2026-04-21,240.8,3,1,80.27,Tuesday,False,False
m-020,2026-04-22,134.48,1,1,134.48,Wednesday,False,False
m-020,2026-04-23,425.84,4,2,106.46,Thursday,False,False
m-020,2026-04-24,136.68,1,0,136.68,Friday,False,False
m-020,2026-04-25,971.05,7,3,138.72,Saturday,True,False
m-020,2026-04-26,799.81,6,5,133.3,Sunday,True,False
m-020,2026-04-27,137.15,2,1,68.58,Monday,False,False
m-020,2026-04-28,226.92,2,2,113.46,Tuesday,False,False
m-020,2026-04-29,415.91,3,2,138.64,Wednesday,False,False
m-020,2026-04-30,400.65,4,3,100.16,Thursday,False,False
m-020,2026-05-01,319.17,4,4,79.79,Friday,False,False
m-020,2026-05-02,212.91,4,3,53.23,Saturday,True,False
m-020,2026-05-03,33.64,1,1,33.64,Sunday,True,False
m-020,2026-05-04,38.28,1,1,38.28,Monday,False,False
m-020,2026-05-05,160.28,2,2,80.14,Tuesday,False,False
m-020,2026-05-06,115.52,2,2,57.76,Wednesday,False,False
m-020,2026-05-07,282.76,3,2,94.25,Thursday,False,False
m-020,2026-05-08,946.15,4,2,236.54,Friday,False,False
m-020,2026-05-09,317.62,3,1,105.87,Saturday,True,False
m-020,2026-05-10,1768.82,4,4,442.21,Sunday,True,False
m-020,2026-05-11,369.3,4,3,92.32,Monday,False,False
m-020,2026-05-12,38.28,1,0,38.28,Tuesday,False,False
m-020,2026-05-13,161.1,3,3,53.7,Wednesday,False,False
m-020,2026-05-14,629.47,6,1,104.91,Thursday,False,False
m-020,2026-05-15,601.74,4,2,150.44,Friday,False,False
m-020,2026-05-16,834.8,5,4,166.96,Saturday,True,False
m-020,2026-05-17,309.6,4,3,77.4,Sunday,True,False
m-020,2026-05-18,81.9,1,1,81.9,Monday,False,False
m-020,2026-05-19,371.24,4,4,92.81,Tuesday,False,False
m-020,2026-05-20,411.26,4,2,102.82,Wednesday,False,False
m-020,2026-05-21,206.4,3,2,68.8,Thursday,False,False
m-020,2026-05-22,577.17,4,4,144.29,Friday,False,False
m-020,2026-05-23,956.73,5,3,191.35,Saturday,True,False
m-020,2026-05-24,459.46,3,2,153.15,Sunday,True,False
m-020,2026-05-25,623.86,5,5,124.77,Monday,False,False
m-020,2026-05-26,217.76,4,4,54.44,Tuesday,False,False
m-020,2026-05-27,290.3,2,2,145.15,Wednesday,False,False
m-020,2026-05-28,365.12,3,2,121.71,Thursday,False,False
m-020,2026-05-29,148.36,2,1,74.18,Friday,False,False
m-020,2026-05-30,396.34,3,3,132.11,Saturday,True,False
m-020,2026-05-31,774.67,6,5,129.11,Sunday,True,False
m-020,2026-06-01,134.48,1,1,134.48,Monday,False,False
m-020,2026-06-02,660.04,3,3,220.01,Tuesday,False,False
m-020,2026-06-03,437.68,5,3,87.54,Wednesday,False,False
m-020,2026-06-04,76.56,2,2,38.28,Thursday,False,False
m-020,2026-06-05,310.95,4,4,77.74,Friday,False,False
m-020,2026-06-06,519.77,5,2,103.95,Saturday,True,False
m-020,2026-06-07,788.55,6,3,131.42,Sunday,True,False
m-020,2026-06-08,227.68,3,1,75.89,Monday,False,False
m-020,2026-06-09,712.77,6,5,118.8,Tuesday,False,False
m-020,2026-06-10,81.9,1,1,81.9,Wednesday,False,False
m-020,2026-06-11,283.64,3,3,94.55,Thursday,False,False
m-020,2026-06-12,785.71,7,6,112.24,Friday,False,False
m-020,2026-06-13,583.77,2,1,291.88,Saturday,True,False
m-020,2026-06-14,186.44,1,1,186.44,Sunday,True,False
m-020,2026-06-15,169.76,2,1,84.88,Monday,False,False
m-020,2026-06-16,93.22,1,1,93.22,Tuesday,False,False
m-020,2026-06-17,204.51,4,2,51.13,Wednesday,False,False
m-020,2026-06-18,712.81,6,5,118.8,Thursday,False,False
m-020,2026-06-19,1067.6,5,4,213.52,Friday,False,False
m-020,2026-06-20,184.82,3,3,61.61,Saturday,True,False
m-020,2026-06-21,761.77,6,4,126.96,Sunday,True,False
m-020,2026-06-22,292.85,4,3,73.21,Monday,False,False
m-020,2026-06-23,637.3,4,2,159.33,Tuesday,False,False
m-020,2026-06-24,38.28,1,0,38.28,Wednesday,False,False
m-020,2026-06-25,912.67,5,4,182.53,Thursday,False,False
m-020,2026-06-26,91.12,1,0,91.12,Friday,False,False
m-020,2026-06-27,286.03,4,2,71.51,Saturday,True,False
m-020,2026-06-28,524.85,3,2,174.95,Sunday,True,False
m-020,2026-06-29,409.45,3,2,136.48,Monday,False,False
m-020,2026-06-30,268.56,3,1,89.52,Tuesday,False,False
m-020,2026-07-01,182.4,4,3,45.6,Wednesday,False,False
m-020,2026-07-02,763.47,4,3,190.87,Thursday,False,False
m-020,2026-07-03,224.16,4,4,56.04,Friday,False,False
m-020,2026-07-04,336.82,2,2,168.41,Saturday,True,False
m-020,2026-07-05,554.49,6,5,92.42,Sunday,True,False
m-020,2026-07-06,336.24,2,1,168.12,Monday,False,False
m-020,2026-07-07,355.42,4,1,88.86,Tuesday,False,False
m-020,2026-07-08,606.79,5,2,121.36,Wednesday,False,False
m-020,2026-07-09,241.55,2,1,120.78,Thursday,False,False
m-020,2026-07-10,481.42,4,2,120.35,Friday,False,False
m-020,2026-07-11,726.98,8,5,90.87,Saturday,True,False
m-020,2026-07-12,508.07,6,4,84.68,Sunday,True,False
m-020,2026-07-13,309.6,3,1,103.2,Monday,False,False
m-020,2026-07-14,201.76,2,2,100.88,Tuesday,False,False
m-020,2026-07-15,399.7,4,4,99.93,Wednesday,False,False
m-020,2026-07-16,120.49,2,2,60.24,Thursday,False,False
m-020,2026-07-17,150.98,2,1,75.49,Friday,False,False
m-020,2026-07-18,67.28,1,1,67.28,Saturday,True,False
m-020,2026-07-19,340.24,4,2,85.06,Sunday,True,False
m-020,2026-07-20,531.37,4,3,132.84,Monday,False,False
m-020,2026-07-21,488.49,4,4,122.12,Tuesday,False,False
m-020,2026-07-22,344.84,4,3,86.21,Wednesday,False,False
m-020,2026-07-23,667.56,4,3,166.89,Thursday,False,False
m-020,2026-07-24,465.75,4,3,116.44,Friday,False,False
m-020,2026-07-25,338.14,5,5,67.63,Saturday,True,False
m-020,2026-07-26,764.18,4,2,191.04,Sunday,True,False
m-020,2026-07-28,102.92,2,1,51.46,Tuesday,False,False
m-020,2026-07-29,396.42,3,3,132.14,Wednesday,False,False
m-020,2026-07-30,103.98,2,2,51.99,Thursday,False,False
m-020,2026-07-31,118.14,3,3,39.38,Friday,False,False
m-020,2026-08-01,600.73,4,3,150.18,Saturday,True,False
m-020,2026-08-02,892.89,7,5,127.56,Sunday,True,False
m-020,2026-08-03,105.57,2,1,52.78,Monday,False,False
m-020,2026-08-04,282.96,3,3,94.32,Tuesday,False,False
m-020,2026-08-05,403.44,1,1,403.44,Wednesday,False,False
m-020,2026-08-06,134.48,1,1,134.48,Thursday,False,False
m-020,2026-08-07,259.7,2,2,129.85,Friday,False,False
m-020,2026-08-08,435.75,5,4,87.15,Saturday,True,False
m-020,2026-08-09,916.89,10,6,91.69,Sunday,True,False
m-020,2026-08-10,373.12,5,4,74.62,Monday,False,False
m-020,2026-08-11,170.61,3,1,56.87,Tuesday,False,False
m-020,2026-08-12,43.93,1,0,43.93,Wednesday,False,False
m-020,2026-08-13,174.65,3,3,58.22,Thursday,False,False
m-020,2026-08-14,252.11,4,2,63.03,Friday,False,False
m-020,2026-08-15,545.87,6,2,90.98,Saturday,True,True
m-020,2026-08-16,796.49,5,4,159.3,Sunday,True,False
m-020,2026-08-17,249.11,2,1,124.56,Monday,False,False
m-020,2026-08-18,594.72,4,3,148.68,Tuesday,False,False
m-020,2026-08-19,175.72,1,0,175.72,Wednesday,False,False
m-020,2026-08-20,57.76,1,0,57.76,Thursday,False,False
m-020,2026-08-21,323.78,3,3,107.93,Friday,False,False
m-020,2026-08-22,590.08,6,5,98.35,Saturday,True,False
m-020,2026-08-23,503.41,4,1,125.85,Sunday,True,False
m-020,2026-08-25,326.68,3,2,108.89,Tuesday,False,False
m-020,2026-08-26,485.36,5,3,97.07,Wednesday,False,False
m-020,2026-08-27,232.49,4,2,58.12,Thursday,False,False
m-020,2026-08-28,931.39,5,3,186.28,Friday,False,True
m-020,2026-08-29,479.49,5,4,95.9,Saturday,True,False
m-020,2026-08-30,310.18,3,2,103.39,Sunday,True,False
m-020,2026-08-31,506.12,5,5,101.22,Monday,False,False
m-020,2026-09-01,422.71,5,5,84.54,Tuesday,False,False
m-020,2026-09-02,131.79,1,0,131.79,Wednesday,False,False
m-020,2026-09-03,1005.86,6,4,167.64,Thursday,False,False
m-020,2026-09-04,57.36,1,0,57.36,Friday,False,False
m-020,2026-09-05,390.11,5,4,78.02,Saturday,True,False
m-020,2026-09-06,578.38,4,3,144.6,Sunday,True,False
m-020,2026-09-07,127.46,2,2,63.73,Monday,False,False
m-020,2026-09-08,360.24,3,2,120.08,Tuesday,False,False
m-020,2026-09-09,310.19,4,3,77.55,Wednesday,False,False
m-020,2026-09-10,581.95,3,1,193.98,Thursday,False,False
m-020,2026-09-11,280.07,2,2,140.04,Friday,False,False
m-020,2026-09-12,691.71,5,2,138.34,Saturday,True,False
m-020,2026-09-13,626.92,5,2,125.38,Sunday,True,False
m-020,2026-09-14,115.85,3,1,38.62,Monday,False,False
m-020,2026-09-15,76.56,1,0,76.56,Tuesday,False,False
m-020,2026-09-16,220.11,2,1,110.06,Wednesday,False,False
m-020,2026-09-17,428.48,3,3,142.83,Thursday,False,False
m-021,2025-09-18,3578.53,5,5,715.71,Thursday,False,False
m-021,2025-09-19,1430.48,6,2,238.41,Friday,False,False
m-021,2025-09-20,532.94,4,2,133.24,Saturday,True,False
m-021,2025-09-21,952.83,3,2,317.61,Sunday,True,False
m-021,2025-09-22,2272.18,3,3,757.39,Monday,False,False
m-021,2025-09-23,168.06,2,1,84.03,Tuesday,False,False
m-021,2025-09-24,332.75,3,2,110.92,Wednesday,False,False
m-021,2025-09-25,1489.41,5,5,297.88,Thursday,False,False
m-021,2025-09-26,1086.24,4,3,271.56,Friday,False,False
m-021,2025-09-27,756.3,2,2,378.15,Saturday,True,False
m-021,2025-09-28,674.33,5,4,134.87,Sunday,True,False
m-021,2025-09-29,1047.35,3,3,349.12,Monday,False,False
m-021,2025-10-01,1180.71,2,0,590.36,Wednesday,False,False
m-021,2025-10-02,3122.18,8,6,390.27,Thursday,False,False
m-021,2025-10-03,322.11,2,2,161.06,Friday,False,False
m-021,2025-10-04,476.58,3,3,158.86,Saturday,True,False
m-021,2025-10-05,309.99,3,2,103.33,Sunday,True,False
m-021,2025-10-06,472.6,4,3,118.15,Monday,False,False
m-021,2025-10-07,1040.14,4,3,260.03,Tuesday,False,False
m-021,2025-10-08,155.16,2,2,77.58,Wednesday,False,False
m-021,2025-10-09,4066.62,6,6,677.77,Thursday,False,False
m-021,2025-10-10,560.18,2,2,280.09,Friday,False,False
m-021,2025-10-11,2449.71,5,4,489.94,Saturday,True,False
m-021,2025-10-12,1601.06,4,2,400.26,Sunday,True,False
m-021,2025-10-13,365.91,3,3,121.97,Monday,False,False
m-021,2025-10-14,844.68,3,2,281.56,Tuesday,False,False
m-021,2025-10-15,559.06,3,3,186.35,Wednesday,False,False
m-021,2025-10-16,393.57,1,1,393.57,Thursday,False,False
m-021,2025-10-17,546.11,4,3,136.53,Friday,False,False
m-021,2025-10-18,753.63,5,2,150.73,Saturday,True,False
m-021,2025-10-19,691.5,5,2,138.3,Sunday,True,False
m-021,2025-10-20,677.24,4,3,169.31,Monday,False,True
m-021,2025-10-21,5873.36,9,8,652.6,Tuesday,False,True
m-021,2025-10-22,987.2,6,5,164.53,Wednesday,False,True
m-021,2025-10-23,673.25,4,2,168.31,Thursday,False,False
m-021,2025-10-24,392.87,4,2,98.22,Friday,False,False
m-021,2025-10-25,957.34,4,3,239.34,Saturday,True,False
m-021,2025-10-26,1500.93,4,4,375.23,Sunday,True,False
m-021,2025-10-27,1503.56,4,3,375.89,Monday,False,False
m-021,2025-10-28,1158.72,3,3,386.24,Tuesday,False,False
m-021,2025-10-29,2951.98,7,5,421.71,Wednesday,False,False
m-021,2025-10-30,683.39,2,2,341.7,Thursday,False,False
m-021,2025-10-31,221.52,1,1,221.52,Friday,False,False
m-021,2025-11-01,1039.33,9,8,115.48,Saturday,True,False
m-021,2025-11-02,387.8,2,2,193.9,Sunday,True,False
m-021,2025-11-03,886.52,3,3,295.51,Monday,False,False
m-021,2025-11-04,1881.22,6,5,313.54,Tuesday,False,False
m-021,2025-11-05,84.42,2,2,42.21,Wednesday,False,False
m-021,2025-11-06,2411.3,7,5,344.47,Thursday,False,False
m-021,2025-11-07,750.75,3,2,250.25,Friday,False,False
m-021,2025-11-08,3234.78,5,4,646.96,Saturday,True,False
m-021,2025-11-10,492.18,2,0,246.09,Monday,False,False
m-021,2025-11-12,576.02,1,1,576.02,Wednesday,False,False
m-021,2025-11-14,623.32,2,2,311.66,Friday,False,False
m-021,2025-11-15,1068.2,3,3,356.07,Saturday,True,False
m-021,2025-11-16,2046.81,8,7,255.85,Sunday,True,False
m-021,2025-11-17,1180.71,1,0,1180.71,Monday,False,False
m-021,2025-11-18,863.67,3,2,287.89,Tuesday,False,False
m-021,2025-11-19,132.91,3,2,44.3,Wednesday,False,False
m-021,2025-11-20,2783.88,7,5,397.7,Thursday,False,False
m-021,2025-11-21,609.03,2,2,304.52,Friday,False,False
m-021,2025-11-23,825.83,2,2,412.92,Sunday,True,False
m-021,2025-11-24,62.17,2,2,31.08,Monday,False,False
m-021,2025-11-25,1422.7,2,2,711.35,Tuesday,False,False
m-021,2025-11-26,898.13,2,2,449.06,Wednesday,False,False
m-021,2025-11-27,240.0,4,3,60.0,Thursday,False,False
m-021,2025-11-28,1194.85,5,4,238.97,Friday,False,False
m-021,2025-11-29,1036.95,3,3,345.65,Saturday,True,False
m-021,2025-11-30,1963.66,5,4,392.73,Sunday,True,False
m-021,2025-12-02,831.9,5,5,166.38,Tuesday,False,False
m-021,2025-12-03,1497.78,4,2,374.44,Wednesday,False,False
m-021,2025-12-04,1071.18,7,3,153.03,Thursday,False,False
m-021,2025-12-05,2924.92,7,4,417.85,Friday,False,False
m-021,2025-12-06,541.32,1,1,541.32,Saturday,True,False
m-021,2025-12-07,1830.39,4,3,457.6,Sunday,True,False
m-021,2025-12-08,1368.24,4,3,342.06,Monday,False,False
m-021,2025-12-09,837.46,3,1,279.15,Tuesday,False,False
m-021,2025-12-10,664.56,2,2,332.28,Wednesday,False,False
m-021,2025-12-11,679.9,2,0,339.95,Thursday,False,False
m-021,2025-12-12,2819.13,4,1,704.78,Friday,False,False
m-021,2025-12-13,55.33,1,1,55.33,Saturday,True,False
m-021,2025-12-14,959.82,4,3,239.96,Sunday,True,False
m-021,2025-12-16,1532.44,6,4,255.41,Tuesday,False,False
m-021,2025-12-19,270.66,1,1,270.66,Friday,False,False
m-021,2025-12-20,1874.83,6,4,312.47,Saturday,True,False
m-021,2025-12-21,2240.72,5,5,448.14,Sunday,True,False
m-021,2025-12-22,842.47,2,1,421.24,Monday,False,False
m-021,2025-12-23,1396.46,4,3,349.12,Tuesday,False,False
m-021,2025-12-25,2166.15,7,6,309.45,Thursday,False,True
m-021,2025-12-26,55.33,1,1,55.33,Friday,False,False
m-021,2025-12-27,942.97,3,2,314.32,Saturday,True,False
m-021,2025-12-28,3005.37,7,4,429.34,Sunday,True,False
m-021,2025-12-29,221.52,1,0,221.52,Monday,False,False
m-021,2025-12-30,221.52,1,1,221.52,Tuesday,False,False
m-021,2025-12-31,3223.3,7,4,460.47,Wednesday,False,True
m-021,2026-01-01,3206.02,8,7,400.75,Thursday,False,True
m-021,2026-01-03,499.62,1,1,499.62,Saturday,True,False
m-021,2026-01-04,588.27,4,2,147.07,Sunday,True,False
m-021,2026-01-05,634.8,3,2,211.6,Monday,False,False
m-021,2026-01-06,44.5,1,0,44.5,Tuesday,False,False
m-021,2026-01-07,282.21,2,2,141.11,Wednesday,False,False
m-021,2026-01-08,599.45,3,1,199.82,Thursday,False,False
m-021,2026-01-09,3433.6,5,5,686.72,Friday,False,False
m-021,2026-01-10,124.34,3,2,41.45,Saturday,True,False
m-021,2026-01-11,908.35,4,4,227.09,Sunday,True,False
m-021,2026-01-12,139.39,2,1,69.69,Monday,False,False
m-021,2026-01-13,328.89,2,0,164.44,Tuesday,False,False
m-021,2026-01-14,282.01,3,3,94.0,Wednesday,False,True
m-021,2026-01-15,1260.12,6,5,210.02,Thursday,False,False
m-021,2026-01-16,1517.95,4,2,379.49,Friday,False,False
m-021,2026-01-17,1542.54,4,2,385.64,Saturday,True,False
m-021,2026-01-18,165.99,1,0,165.99,Sunday,True,False
m-021,2026-01-19,2055.53,7,4,293.65,Monday,False,False
m-021,2026-01-20,1393.01,3,1,464.34,Tuesday,False,False
m-021,2026-01-21,1983.82,4,4,495.96,Wednesday,False,False
m-021,2026-01-22,270.66,1,1,270.66,Thursday,False,False
m-021,2026-01-23,240.97,2,0,120.48,Friday,False,False
m-021,2026-01-24,117.14,1,0,117.14,Saturday,True,False
m-021,2026-01-25,520.47,2,2,260.24,Sunday,True,False
m-021,2026-01-26,804.76,2,1,402.38,Monday,False,False
m-021,2026-01-27,1490.39,3,3,496.8,Tuesday,False,False
m-021,2026-01-28,810.12,3,3,270.04,Wednesday,False,False
m-021,2026-01-29,453.53,5,3,90.71,Thursday,False,False
m-021,2026-01-30,1176.97,5,3,235.39,Friday,False,False
m-021,2026-01-31,1441.48,4,3,360.37,Saturday,True,False
m-021,2026-02-01,2831.63,8,4,353.95,Sunday,True,False
m-021,2026-02-02,1380.1,5,4,276.02,Monday,False,False
m-021,2026-02-03,655.01,3,3,218.34,Tuesday,False,False
m-021,2026-02-04,861.22,4,4,215.3,Wednesday,False,False
m-021,2026-02-05,1756.1,7,5,250.87,Thursday,False,False
m-021,2026-02-06,1053.89,4,3,263.47,Friday,False,False
m-021,2026-02-07,429.0,4,4,107.25,Saturday,True,False
m-021,2026-02-08,631.22,2,2,315.61,Sunday,True,False
m-021,2026-02-09,443.04,2,1,221.52,Monday,False,False
m-021,2026-02-10,707.47,4,3,176.87,Tuesday,False,False
m-021,2026-02-11,2168.41,5,4,433.68,Wednesday,False,False
m-021,2026-02-12,1177.89,3,2,392.63,Thursday,False,False
m-021,2026-02-13,270.66,1,0,270.66,Friday,False,False
m-021,2026-02-14,79.84,1,1,79.84,Saturday,True,False
m-021,2026-02-15,157.06,2,1,78.53,Sunday,True,False
m-021,2026-02-16,1149.87,3,0,383.29,Monday,False,False
m-021,2026-02-17,55.33,1,0,55.33,Tuesday,False,False
m-021,2026-02-18,733.08,3,2,244.36,Wednesday,False,False
m-021,2026-02-19,576.02,1,0,576.02,Thursday,False,False
m-021,2026-02-20,121.38,2,1,60.69,Friday,False,False
m-021,2026-02-21,863.67,3,1,287.89,Saturday,True,False
m-021,2026-02-22,576.02,1,0,576.02,Sunday,True,False
m-021,2026-02-23,79.84,1,1,79.84,Monday,False,False
m-021,2026-02-24,583.88,4,3,145.97,Tuesday,False,False
m-021,2026-02-25,1629.61,2,2,814.8,Wednesday,False,False
m-021,2026-02-26,1836.57,3,2,612.19,Thursday,False,False
m-021,2026-02-27,142.01,2,2,71.0,Friday,False,False
m-021,2026-02-28,1082.16,2,2,541.08,Saturday,True,False
m-021,2026-03-01,2787.04,4,2,696.76,Sunday,True,False
m-021,2026-03-03,172.47,2,2,86.24,Tuesday,False,False
m-021,2026-03-04,2108.83,10,6,210.88,Wednesday,False,True
m-021,2026-03-05,1061.79,2,2,530.9,Thursday,False,False
m-021,2026-03-06,485.42,3,3,161.81,Friday,False,False
m-021,2026-03-07,1347.86,4,3,336.96,Saturday,True,False
m-021,2026-03-08,632.62,3,3,210.87,Sunday,True,False
m-021,2026-03-09,234.28,1,1,234.28,Monday,False,False
m-021,2026-03-11,610.37,3,2,203.46,Wednesday,False,False
m-021,2026-03-12,1100.85,3,3,366.95,Thursday,False,False
m-021,2026-03-13,1458.35,5,5,291.67,Friday,False,False
m-021,2026-03-14,2621.25,4,3,655.31,Saturday,True,False
m-021,2026-03-15,1694.95,6,4,282.49,Sunday,True,False
m-021,2026-03-17,1154.22,4,2,288.56,Tuesday,False,False
m-021,2026-03-18,3368.42,5,2,673.68,Wednesday,False,False
m-021,2026-03-20,257.67,3,3,85.89,Friday,False,True
m-021,2026-03-21,2001.35,4,3,500.34,Saturday,True,False
m-021,2026-03-22,2215.59,5,3,443.12,Sunday,True,False
m-021,2026-03-23,638.19,3,3,212.73,Monday,False,False
m-021,2026-03-24,1671.45,4,3,417.86,Tuesday,False,False
m-021,2026-03-25,2668.54,5,3,533.71,Wednesday,False,False
m-021,2026-03-28,429.48,2,2,214.74,Saturday,True,False
m-021,2026-03-29,1280.5,3,2,426.83,Sunday,True,False
m-021,2026-03-30,1240.25,3,2,413.42,Monday,False,False
m-021,2026-03-31,328.69,2,1,164.34,Tuesday,False,False
m-021,2026-04-01,469.03,4,4,117.26,Wednesday,False,False
m-021,2026-04-02,1168.46,4,3,292.12,Thursday,False,False
m-021,2026-04-03,400.48,3,2,133.49,Friday,False,False
m-021,2026-04-04,1008.66,2,1,504.33,Saturday,True,False
m-021,2026-04-05,390.42,2,1,195.21,Sunday,True,False
m-021,2026-04-06,1262.6,4,0,315.65,Monday,False,False
m-021,2026-04-07,575.3,2,1,287.65,Tuesday,False,False
m-021,2026-04-08,698.88,4,4,174.72,Wednesday,False,False
m-021,2026-04-09,1019.06,2,1,509.53,Thursday,False,False
m-021,2026-04-10,1994.43,4,3,498.61,Friday,False,False
m-021,2026-04-11,620.68,2,2,310.34,Saturday,True,False
m-021,2026-04-12,1151.77,4,4,287.94,Sunday,True,False
m-021,2026-04-13,249.81,1,1,249.81,Monday,False,False
m-021,2026-04-14,1648.04,8,7,206.0,Tuesday,False,False
m-021,2026-04-15,79.84,1,1,79.84,Wednesday,False,False
m-021,2026-04-16,999.1,6,3,166.52,Thursday,False,False
m-021,2026-04-17,2425.46,2,1,1212.73,Friday,False,False
m-021,2026-04-18,571.4,3,3,190.47,Saturday,True,False
m-021,2026-04-19,1183.39,5,4,236.68,Sunday,True,False
m-021,2026-04-20,1401.85,2,1,700.92,Monday,False,False
m-021,2026-04-21,897.8,3,2,299.27,Tuesday,False,False
m-021,2026-04-22,457.79,4,1,114.45,Wednesday,False,False
m-021,2026-04-23,1439.86,6,1,239.98,Thursday,False,False
m-021,2026-04-24,759.82,5,2,151.96,Friday,False,False
m-021,2026-04-25,2735.7,4,2,683.92,Saturday,True,False
m-021,2026-04-26,3061.82,5,4,612.36,Sunday,True,False
m-021,2026-04-27,132.91,3,2,44.3,Monday,False,False
m-021,2026-04-29,1174.29,2,2,587.14,Wednesday,False,False
m-021,2026-04-30,721.6,2,2,360.8,Thursday,False,False
m-021,2026-05-01,60.69,1,1,60.69,Friday,False,False
m-021,2026-05-02,1691.63,6,5,281.94,Saturday,True,False
m-021,2026-05-03,1949.58,2,0,974.79,Sunday,True,False
m-021,2026-05-04,713.7,2,2,356.85,Monday,False,False
m-021,2026-05-05,601.23,2,1,300.62,Tuesday,False,False
m-021,2026-05-06,797.04,4,3,199.26,Wednesday,False,False
m-021,2026-05-07,887.15,4,4,221.79,Thursday,False,False
m-021,2026-05-08,2369.07,6,4,394.84,Friday,False,False
m-021,2026-05-09,1325.75,6,3,220.96,Saturday,True,False
m-021,2026-05-10,1721.77,5,5,344.35,Sunday,True,False
m-021,2026-05-11,881.16,3,3,293.72,Monday,False,False
m-021,2026-05-12,541.32,2,0,270.66,Tuesday,False,False
m-021,2026-05-13,967.46,3,2,322.49,Wednesday,False,False
m-021,2026-05-14,107.37,1,0,107.37,Thursday,False,False
m-021,2026-05-15,391.06,4,3,97.76,Friday,False,False
m-021,2026-05-16,221.32,2,2,110.66,Saturday,True,False
m-021,2026-05-17,2176.18,6,5,362.7,Sunday,True,False
m-021,2026-05-18,458.9,3,3,152.97,Monday,False,False
m-021,2026-05-19,393.57,1,0,393.57,Tuesday,False,False
m-021,2026-05-20,1363.16,3,1,454.39,Wednesday,False,False
m-021,2026-05-21,139.39,2,1,69.69,Thursday,False,False
m-021,2026-05-22,811.85,4,3,202.96,Friday,False,False
m-021,2026-05-23,1270.84,5,5,254.17,Saturday,True,False
m-021,2026-05-24,2004.45,8,7,250.56,Sunday,True,False
m-021,2026-05-25,648.69,2,2,324.35,Monday,False,False
m-021,2026-05-26,221.52,1,1,221.52,Tuesday,False,False
m-021,2026-05-27,1281.66,3,3,427.22,Wednesday,False,False
m-021,2026-05-28,1422.7,2,2,711.35,Thursday,False,False
m-021,2026-05-29,378.03,2,1,189.02,Friday,False,False
m-021,2026-05-30,169.54,3,2,56.51,Saturday,True,False
m-021,2026-05-31,1380.69,5,3,276.14,Sunday,True,False
m-021,2026-06-01,724.67,4,2,181.17,Monday,False,False
m-021,2026-06-02,851.44,4,4,212.86,Tuesday,False,False
m-021,2026-06-03,683.39,2,2,341.7,Wednesday,False,False
m-021,2026-06-04,221.52,1,1,221.52,Thursday,False,False
m-021,2026-06-05,825.09,5,3,165.02,Friday,False,False
m-021,2026-06-06,1174.29,2,1,587.14,Saturday,True,False
m-021,2026-06-07,266.02,2,2,133.01,Sunday,True,False
m-021,2026-06-08,421.25,2,1,210.62,Monday,False,False
m-021,2026-06-09,643.38,2,1,321.69,Tuesday,False,False
m-021,2026-06-10,562.8,3,3,187.6,Wednesday,False,False
m-021,2026-06-11,221.52,1,1,221.52,Thursday,False,False
m-021,2026-06-12,177.83,2,1,88.92,Friday,False,False
m-021,2026-06-13,2024.23,6,4,337.37,Saturday,True,False
m-021,2026-06-14,1322.69,3,1,440.9,Sunday,True,False
m-021,2026-06-15,1230.38,5,2,246.08,Monday,False,False
m-021,2026-06-16,55.33,1,0,55.33,Tuesday,False,False
m-021,2026-06-17,1750.31,3,3,583.44,Wednesday,False,False
m-021,2026-06-18,1479.82,5,2,295.96,Thursday,False,False
m-021,2026-06-19,756.3,2,1,378.15,Friday,False,False
m-021,2026-06-20,970.95,2,2,485.48,Saturday,True,False
m-021,2026-06-21,2025.48,3,3,675.16,Sunday,True,False
m-021,2026-06-22,2176.96,3,3,725.65,Monday,False,False
m-021,2026-06-23,588.47,3,2,196.16,Tuesday,False,False
m-021,2026-06-24,816.18,3,2,272.06,Wednesday,False,False
m-021,2026-06-25,270.66,1,1,270.66,Thursday,False,False
m-021,2026-06-26,1696.64,3,1,565.55,Friday,False,False
m-021,2026-06-27,636.71,2,2,318.36,Saturday,True,False
m-021,2026-06-28,2824.7,6,3,470.78,Sunday,True,False
m-021,2026-06-29,79.84,1,0,79.84,Monday,False,False
m-021,2026-06-30,2180.82,8,6,272.6,Tuesday,False,False
m-021,2026-07-01,877.38,3,2,292.46,Wednesday,False,False
m-021,2026-07-02,5774.7,11,8,524.97,Thursday,False,False
m-021,2026-07-03,983.71,2,1,491.85,Friday,False,False
m-021,2026-07-04,744.01,5,4,148.8,Saturday,True,False
m-021,2026-07-05,2068.19,8,7,258.52,Sunday,True,False
m-021,2026-07-06,1667.12,4,4,416.78,Monday,False,False
m-021,2026-07-07,2017.53,3,2,672.51,Tuesday,False,False
m-021,2026-07-08,406.22,5,3,81.24,Wednesday,False,False
m-021,2026-07-09,960.45,3,1,320.15,Thursday,False,False
m-021,2026-07-10,2101.73,4,3,525.43,Friday,False,False
m-021,2026-07-11,3089.79,9,4,343.31,Saturday,True,False
m-021,2026-07-12,2720.97,7,5,388.71,Sunday,True,False
m-021,2026-07-14,351.42,1,1,351.42,Tuesday,False,False
m-021,2026-07-15,22.25,1,1,22.25,Wednesday,False,False
m-021,2026-07-16,301.03,3,2,100.34,Thursday,False,False
m-021,2026-07-17,492.18,2,2,246.09,Friday,False,False
m-021,2026-07-18,520.24,4,3,130.06,Saturday,True,False
m-021,2026-07-19,797.54,2,0,398.77,Sunday,True,False
m-021,2026-07-20,566.16,3,2,188.72,Monday,False,False
m-021,2026-07-21,119.76,2,1,59.88,Tuesday,False,False
m-021,2026-07-22,510.71,2,1,255.36,Wednesday,False,False
m-021,2026-07-23,1028.11,4,4,257.03,Thursday,False,False
m-021,2026-07-24,1534.91,6,3,255.82,Friday,False,False
m-021,2026-07-25,825.83,2,2,412.92,Saturday,True,False
m-021,2026-07-26,1961.72,3,2,653.91,Sunday,True,False
m-021,2026-07-27,346.27,2,2,173.14,Monday,False,False
m-021,2026-07-28,309.9,3,2,103.3,Tuesday,False,False
m-021,2026-07-29,393.57,1,1,393.57,Wednesday,False,False
m-021,2026-07-30,331.35,2,2,165.68,Thursday,False,False
m-021,2026-07-31,22.25,1,0,22.25,Friday,False,False
m-021,2026-08-01,2252.72,7,5,321.82,Saturday,True,False
m-021,2026-08-02,765.17,5,3,153.03,Sunday,True,False
m-021,2026-08-03,822.6,4,3,205.65,Monday,False,False
m-021,2026-08-04,3639.68,5,4,727.94,Tuesday,False,False
m-021,2026-08-05,172.47,2,1,86.24,Wednesday,False,False
m-021,2026-08-06,360.47,2,1,180.24,Thursday,False,False
m-021,2026-08-07,270.07,2,2,135.04,Friday,False,False
m-021,2026-08-08,1887.27,5,5,377.45,Saturday,True,False
m-021,2026-08-09,1205.94,7,5,172.28,Sunday,True,False
m-021,2026-08-10,2606.68,8,5,325.83,Monday,False,False
m-021,2026-08-11,121.38,1,1,121.38,Tuesday,False,False
m-021,2026-08-12,116.02,2,1,58.01,Wednesday,False,False
m-021,2026-08-13,3350.49,6,5,558.42,Thursday,False,False
m-021,2026-08-14,243.77,2,1,121.88,Friday,False,False
m-021,2026-08-15,2695.64,10,5,269.56,Saturday,True,True
m-021,2026-08-16,1809.81,6,3,301.64,Sunday,True,False
m-021,2026-08-17,871.44,5,3,174.29,Monday,False,False
m-021,2026-08-18,831.28,4,3,207.82,Tuesday,False,False
m-021,2026-08-19,168.06,2,1,84.03,Wednesday,False,False
m-021,2026-08-20,310.58,2,0,155.29,Thursday,False,False
m-021,2026-08-21,276.65,2,1,138.32,Friday,False,False
m-021,2026-08-22,2037.24,5,2,407.45,Saturday,True,False
m-021,2026-08-23,1655.15,5,4,331.03,Sunday,True,False
m-021,2026-08-24,393.99,3,2,131.33,Monday,False,False
m-021,2026-08-25,1650.83,5,4,330.17,Tuesday,False,False
m-021,2026-08-26,351.42,1,0,351.42,Wednesday,False,False
m-021,2026-08-27,39.92,1,1,39.92,Thursday,False,False
m-021,2026-08-28,1384.08,5,3,276.82,Friday,False,True
m-021,2026-08-29,2421.76,4,2,605.44,Saturday,True,False
m-021,2026-08-30,3002.36,5,3,600.47,Sunday,True,False
m-021,2026-08-31,443.13,3,2,147.71,Monday,False,False
m-021,2026-09-01,499.62,1,0,499.62,Tuesday,False,False
m-021,2026-09-02,929.52,6,3,154.92,Wednesday,False,False
m-021,2026-09-03,965.02,6,5,160.84,Thursday,False,False
m-021,2026-09-04,39.92,1,1,39.92,Friday,False,False
m-021,2026-09-05,962.23,5,2,192.45,Saturday,True,False
m-021,2026-09-06,454.26,2,2,227.13,Sunday,True,False
m-021,2026-09-07,62.17,2,2,31.08,Monday,False,False
m-021,2026-09-08,202.62,3,2,67.54,Tuesday,False,False
m-021,2026-09-09,60.69,1,1,60.69,Wednesday,False,False
m-021,2026-09-10,180.28,1,1,180.28,Thursday,False,False
m-021,2026-09-11,939.69,4,1,234.92,Friday,False,False
m-021,2026-09-12,2133.68,6,6,355.61,Saturday,True,False
m-021,2026-09-13,842.47,2,1,421.24,Sunday,True,False
m-021,2026-09-14,1082.51,4,4,270.63,Monday,False,False
m-021,2026-09-15,1273.85,4,4,318.46,Tuesday,False,False
m-021,2026-09-16,636.02,4,4,159.0,Wednesday,False,False
m-021,2026-09-17,3089.41,8,7,386.18,Thursday,False,False
m-022,2025-09-18,6485.39,4,2,1621.35,Thursday,False,False
m-022,2025-09-19,1577.03,2,1,788.52,Friday,False,False
m-022,2025-09-20,5488.21,3,0,1829.4,Saturday,True,False
m-022,2025-09-21,6464.29,4,3,1616.07,Sunday,True,False
m-022,2025-09-22,4585.18,2,1,2292.59,Monday,False,False
m-022,2025-09-23,2642.83,2,0,1321.42,Tuesday,False,False
m-022,2025-09-24,5140.32,5,4,1028.06,Wednesday,False,False
m-022,2025-09-25,1198.04,1,1,1198.04,Thursday,False,False
m-022,2025-09-26,13664.51,8,6,1708.06,Friday,False,False
m-022,2025-09-27,6294.89,4,2,1573.72,Saturday,True,False
m-022,2025-09-28,12312.84,6,6,2052.14,Sunday,True,False
m-022,2025-09-29,3924.85,4,2,981.21,Monday,False,False
m-022,2025-09-30,6254.7,3,3,2084.9,Tuesday,False,False
m-022,2025-10-01,9252.49,3,2,3084.16,Wednesday,False,False
m-022,2025-10-02,2326.72,2,2,1163.36,Thursday,False,False
m-022,2025-10-03,8641.34,5,3,1728.27,Friday,False,False
m-022,2025-10-04,18080.66,8,7,2260.08,Saturday,True,False
m-022,2025-10-05,695.1,1,0,695.1,Sunday,True,False
m-022,2025-10-06,5772.86,3,2,1924.29,Monday,False,False
m-022,2025-10-07,7176.82,5,5,1435.36,Tuesday,False,False
m-022,2025-10-08,1910.57,2,2,955.28,Wednesday,False,False
m-022,2025-10-09,7666.0,5,4,1533.2,Thursday,False,False
m-022,2025-10-10,5945.82,6,4,990.97,Friday,False,False
m-022,2025-10-11,1784.96,2,1,892.48,Saturday,True,False
m-022,2025-10-12,4838.24,5,5,967.65,Sunday,True,False
m-022,2025-10-13,2326.72,2,2,1163.36,Monday,False,False
m-022,2025-10-14,2079.97,2,1,1039.98,Tuesday,False,False
m-022,2025-10-15,1910.57,2,2,955.28,Wednesday,False,False
m-022,2025-10-16,5959.69,3,1,1986.56,Thursday,False,False
m-022,2025-10-17,2737.17,3,2,912.39,Friday,False,False
m-022,2025-10-18,1105.55,2,2,552.78,Saturday,True,False
m-022,2025-10-19,13095.02,7,4,1870.72,Sunday,True,False
m-022,2025-10-20,9773.4,6,4,1628.9,Monday,False,True
m-022,2025-10-21,695.1,1,0,695.1,Tuesday,False,True
m-022,2025-10-22,11313.27,9,5,1257.03,Wednesday,False,True
m-022,2025-10-23,2567.77,3,1,855.92,Thursday,False,False
m-022,2025-10-24,3278.01,3,3,1092.67,Friday,False,False
m-022,2025-10-25,2347.82,2,2,1173.91,Saturday,True,False
m-022,2025-10-26,712.53,1,1,712.53,Sunday,True,False
m-022,2025-10-28,2157.32,2,0,1078.66,Tuesday,False,False
m-022,2025-10-29,903.03,1,1,903.03,Wednesday,False,False
m-022,2025-10-30,2026.01,3,1,675.34,Thursday,False,False
m-022,2025-10-31,2458.96,3,2,819.65,Friday,False,False
m-022,2025-11-01,1855.24,2,0,927.62,Saturday,True,False
m-022,2025-11-02,1292.38,2,0,646.19,Sunday,True,False
m-022,2025-11-03,5582.36,3,2,1860.79,Monday,False,False
m-022,2025-11-04,2642.83,2,1,1321.42,Tuesday,False,False
m-022,2025-11-05,5456.43,5,5,1091.29,Wednesday,False,False
m-022,2025-11-06,903.03,1,1,903.03,Thursday,False,False
m-022,2025-11-07,12570.69,7,6,1795.81,Friday,False,False
m-022,2025-11-08,3202.95,4,3,800.74,Saturday,True,False
m-022,2025-11-09,3229.75,3,3,1076.58,Sunday,True,False
m-022,2025-11-10,9575.83,6,6,1595.97,Monday,False,False
m-022,2025-11-11,4181.96,4,4,1045.49,Tuesday,False,False
m-022,2025-11-12,1577.03,2,1,788.52,Wednesday,False,False
m-022,2025-11-13,2497.49,3,2,832.5,Thursday,False,False
m-022,2025-11-14,881.93,1,1,881.93,Friday,False,False
m-022,2025-11-15,12143.0,7,4,1734.71,Saturday,True,False
m-022,2025-11-16,10312.42,8,4,1289.05,Sunday,True,False
m-022,2025-11-17,1910.57,2,0,955.28,Monday,False,False
m-022,2025-11-18,5372.77,2,2,2686.38,Tuesday,False,False
m-022,2025-11-19,2642.83,2,2,1321.42,Wednesday,False,False
m-022,2025-11-20,3594.12,3,0,1198.04,Thursday,False,False
m-022,2025-11-21,6734.78,7,7,962.11,Friday,False,False
m-022,2025-11-22,4448.89,4,2,1112.22,Saturday,True,False
m-022,2025-11-23,3942.28,4,3,985.57,Sunday,True,False
m-022,2025-11-25,7235.08,4,3,1808.77,Tuesday,False,False
m-022,2025-11-28,4174.73,1,1,4174.73,Friday,False,False
m-022,2025-11-29,2480.06,3,2,826.69,Saturday,True,False
m-022,2025-11-30,1608.49,2,1,804.24,Sunday,True,False
m-022,2025-12-01,2347.82,2,1,1173.91,Monday,False,False
m-022,2025-12-02,2623.1,3,1,874.37,Tuesday,False,False
m-022,2025-12-03,5372.77,2,1,2686.38,Wednesday,False,False
m-022,2025-12-04,4174.73,1,1,4174.73,Thursday,False,False
m-022,2025-12-05,4783.65,6,5,797.28,Friday,False,False
m-022,2025-12-06,3300.03,3,1,1100.01,Saturday,True,False
m-022,2025-12-07,1987.48,3,2,662.49,Sunday,True,False
m-022,2025-12-08,1855.24,2,1,927.62,Monday,False,False
m-022,2025-12-09,3039.25,3,1,1013.08,Tuesday,False,False
m-022,2025-12-10,4202.14,4,3,1050.53,Wednesday,False,False
m-022,2025-12-11,6940.04,6,5,1156.67,Thursday,False,False
m-022,2025-12-12,1407.63,2,1,703.82,Friday,False,False
m-022,2025-12-13,8307.51,5,3,1661.5,Saturday,True,False
m-022,2025-12-14,3595.97,5,3,719.19,Sunday,True,False
m-022,2025-12-15,2687.99,3,2,896.0,Monday,False,False
m-022,2025-12-16,8117.01,5,3,1623.4,Tuesday,False,False
m-022,2025-12-17,4427.79,4,3,1106.95,Wednesday,False,False
m-022,2025-12-18,695.1,1,1,695.1,Thursday,False,False
m-022,2025-12-19,3414.55,4,3,853.64,Friday,False,False
m-022,2025-12-20,3005.76,4,0,751.44,Saturday,True,False
m-022,2025-12-21,10829.52,5,3,2165.9,Sunday,True,False
m-022,2025-12-22,7575.25,5,5,1515.05,Monday,False,False
m-022,2025-12-23,2101.07,2,0,1050.53,Tuesday,False,False
m-022,2025-12-24,712.53,1,0,712.53,Wednesday,False,False
m-022,2025-12-25,1390.2,2,0,695.1,Thursday,False,True
m-022,2025-12-26,712.53,1,0,712.53,Friday,False,False
m-022,2025-12-27,820.9,2,2,410.45,Saturday,True,False
m-022,2025-12-28,12044.99,6,4,2007.5,Sunday,True,False
m-022,2025-12-29,4869.83,2,2,2434.92,Monday,False,False
m-022,2025-12-30,903.03,1,1,903.03,Tuesday,False,False
m-022,2025-12-31,5106.09,5,4,1021.22,Wednesday,False,True
m-022,2026-01-01,3520.91,6,4,586.82,Thursday,False,True
m-022,2026-01-02,7064.31,3,1,2354.77,Friday,False,False
m-022,2026-01-03,8336.96,6,5,1389.49,Saturday,True,False
m-022,2026-01-04,2682.58,4,1,670.64,Sunday,True,False
m-022,2026-01-05,4174.73,1,1,4174.73,Monday,False,False
m-022,2026-01-06,903.03,1,1,903.03,Tuesday,False,False
m-022,2026-01-07,4033.03,4,4,1008.26,Wednesday,False,False
m-022,2026-01-08,2289.56,3,1,763.19,Thursday,False,False
m-022,2026-01-09,6029.97,3,2,2009.99,Friday,False,False
m-022,2026-01-10,7343.45,5,4,1468.69,Saturday,True,False
m-022,2026-01-11,10839.88,5,3,2167.98,Sunday,True,False
m-022,2026-01-12,4499.0,6,3,749.83,Monday,False,False
m-022,2026-01-13,3995.13,4,3,998.78,Tuesday,False,False
m-022,2026-01-14,3624.14,5,3,724.83,Wednesday,False,True
m-022,2026-01-15,2195.41,3,1,731.8,Thursday,False,False
m-022,2026-01-16,5703.18,5,2,1140.64,Friday,False,False
m-022,2026-01-17,9201.46,7,5,1314.49,Saturday,True,False
m-022,2026-01-18,4769.62,6,5,794.94,Sunday,True,False
m-022,2026-01-19,13096.32,7,5,1870.9,Monday,False,False
m-022,2026-01-20,18535.52,12,7,1544.63,Tuesday,False,False
m-022,2026-01-21,3547.52,4,3,886.88,Wednesday,False,False
m-022,2026-01-22,7228.01,4,3,1807.0,Thursday,False,False
m-022,2026-01-23,6370.14,4,2,1592.54,Friday,False,False
m-022,2026-01-24,3938.17,5,3,787.63,Saturday,True,False
m-022,2026-01-25,7082.67,5,4,1416.53,Sunday,True,False
m-022,2026-01-26,9029.77,6,2,1504.96,Monday,False,False
m-022,2026-01-27,4484.97,6,5,747.5,Tuesday,False,False
m-022,2026-01-28,8169.86,5,3,1633.97,Wednesday,False,False
m-022,2026-01-29,4405.58,5,5,881.12,Thursday,False,False
m-022,2026-01-30,4144.8,5,4,828.96,Friday,False,False
m-022,2026-01-31,3208.65,3,1,1069.55,Saturday,True,False
m-022,2026-02-01,217798.49,2,2,108899.24,Sunday,True,False
m-022,2026-02-02,4237.29,4,3,1059.32,Monday,False,False
m-022,2026-02-03,4390.63,5,3,878.13,Tuesday,False,False
m-022,2026-02-04,4804.75,6,3,800.79,Wednesday,False,False
m-022,2026-02-05,5065.26,6,3,844.21,Thursday,False,False
m-022,2026-02-06,5783.22,3,2,1927.74,Friday,False,False
m-022,2026-02-07,6978.13,7,6,996.88,Saturday,True,False
m-022,2026-02-08,4487.71,4,1,1121.93,Sunday,True,False
m-022,2026-02-09,7389.69,7,2,1055.67,Monday,False,False
m-022,2026-02-10,1615.56,2,2,807.78,Tuesday,False,False
m-022,2026-02-11,2501.16,3,3,833.72,Wednesday,False,False
m-022,2026-02-12,2228.53,4,4,557.13,Thursday,False,False
m-022,2026-02-13,6567.68,6,5,1094.61,Friday,False,False
m-022,2026-02-14,903.03,1,0,903.03,Saturday,True,False
m-022,2026-02-15,2983.0,3,3,994.33,Sunday,True,False
m-022,2026-02-17,1198.04,1,1,1198.04,Tuesday,False,False
m-022,2026-02-18,2476.39,3,3,825.46,Wednesday,False,False
m-022,2026-02-19,10523.77,5,5,2104.75,Thursday,False,False
m-022,2026-02-20,9648.15,7,5,1378.31,Friday,False,False
m-022,2026-02-21,6672.22,4,0,1668.05,Saturday,True,False
m-022,2026-02-22,5769.19,3,1,1923.06,Sunday,True,False
m-022,2026-02-23,881.93,1,1,881.93,Monday,False,False
m-022,2026-02-24,1198.04,1,1,1198.04,Tuesday,False,False
m-022,2026-02-25,1444.79,1,1,1444.79,Wednesday,False,False
m-022,2026-02-26,2026.01,3,2,675.34,Thursday,False,False
m-022,2026-02-27,7082.67,5,3,1416.53,Friday,False,False
m-022,2026-02-28,5021.03,7,1,717.29,Saturday,True,False
m-022,2026-03-01,2139.89,2,1,1069.94,Sunday,True,False
m-022,2026-03-02,5769.19,3,1,1923.06,Monday,False,False
m-022,2026-03-03,2737.17,3,3,912.39,Tuesday,False,False
m-022,2026-03-04,11812.17,11,6,1073.83,Wednesday,False,True
m-022,2026-03-05,10155.52,4,2,2538.88,Thursday,False,False
m-022,2026-03-06,3108.61,3,1,1036.2,Friday,False,False
m-022,2026-03-07,3262.87,4,3,815.72,Saturday,True,False
m-022,2026-03-08,6762.97,4,3,1690.74,Sunday,True,False
m-022,2026-03-09,2272.13,3,2,757.38,Monday,False,False
m-022,2026-03-10,24124.5,8,5,3015.56,Tuesday,False,False
m-022,2026-03-11,881.93,1,1,881.93,Wednesday,False,False
m-022,2026-03-12,8209.32,7,6,1172.76,Thursday,False,False
m-022,2026-03-13,2642.83,2,2,1321.42,Friday,False,False
m-022,2026-03-14,12701.56,7,4,1814.51,Saturday,True,False
m-022,2026-03-15,2326.72,2,2,1163.36,Sunday,True,False
m-022,2026-03-16,3077.34,4,3,769.34,Monday,False,False
m-022,2026-03-17,2139.89,2,1,1069.94,Tuesday,False,False
m-022,2026-03-18,3185.52,4,3,796.38,Wednesday,False,False
m-022,2026-03-19,4289.22,4,3,1072.3,Thursday,False,False
m-022,2026-03-20,8883.32,8,4,1110.42,Friday,False,True
m-022,2026-03-21,8117.01,5,5,1623.4,Saturday,True,False
m-022,2026-03-22,6314.62,3,2,2104.87,Sunday,True,False
m-022,2026-03-23,6686.25,4,2,1671.56,Monday,False,False
m-022,2026-03-24,6162.21,4,2,1540.55,Tuesday,False,False
m-022,2026-03-25,8759.91,3,2,2919.97,Wednesday,False,False
m-022,2026-03-26,2480.06,3,2,826.69,Thursday,False,False
m-022,2026-03-27,2139.89,2,1,1069.94,Friday,False,False
m-022,2026-03-28,2265.69,3,2,755.23,Saturday,True,False
m-022,2026-03-29,9053.16,7,4,1293.31,Sunday,True,False
m-022,2026-03-30,3935.21,4,3,983.8,Monday,False,False
m-022,2026-03-31,9739.66,4,1,2434.92,Tuesday,False,False
m-022,2026-04-01,7492.93,5,3,1498.59,Wednesday,False,False
m-022,2026-04-02,2157.32,2,2,1078.66,Thursday,False,False
m-022,2026-04-03,2889.58,2,1,1444.79,Friday,False,False
m-022,2026-04-04,5604.73,5,4,1120.95,Saturday,True,False
m-022,2026-04-05,9457.65,7,5,1351.09,Sunday,True,False
m-022,2026-04-06,6332.05,3,3,2110.68,Monday,False,False
m-022,2026-04-07,2889.58,2,2,1444.79,Tuesday,False,False
m-022,2026-04-08,2869.41,4,2,717.35,Wednesday,False,False
m-022,2026-04-09,4067.45,5,4,813.49,Thursday,False,False
m-022,2026-04-10,410.45,1,1,410.45,Friday,False,False
m-022,2026-04-11,7027.15,4,3,1756.79,Saturday,True,False
m-022,2026-04-12,3299.11,3,2,1099.7,Sunday,True,False
m-022,2026-04-13,8165.27,5,5,1633.05,Monday,False,False
m-022,2026-04-14,3098.44,4,3,774.61,Tuesday,False,False
m-022,2026-04-15,7628.1,5,2,1525.62,Wednesday,False,False
m-022,2026-04-16,3526.13,4,4,881.53,Thursday,False,False
m-022,2026-04-17,5056.66,2,1,2528.33,Friday,False,False
m-022,2026-04-18,820.9,2,0,410.45,Saturday,True,False
m-022,2026-04-19,2026.01,3,3,675.34,Sunday,True,False
m-022,2026-04-20,6200.74,4,3,1550.18,Monday,False,False
m-022,2026-04-21,2642.83,2,2,1321.42,Tuesday,False,False
m-022,2026-04-22,9785.42,7,7,1397.92,Wednesday,False,False
m-022,2026-04-23,1615.56,2,1,807.78,Thursday,False,False
m-022,2026-04-24,2497.49,3,2,832.5,Friday,False,False
m-022,2026-04-25,6710.72,6,4,1118.45,Saturday,True,False
m-022,2026-04-27,8650.78,5,3,1730.16,Monday,False,False
m-022,2026-04-28,2511.52,3,1,837.17,Tuesday,False,False
m-022,2026-04-29,6569.05,7,4,938.44,Wednesday,False,False
m-022,2026-04-30,6654.79,4,3,1663.7,Thursday,False,False
m-022,2026-05-01,903.03,1,0,903.03,Friday,False,False
m-022,2026-05-02,1444.79,1,1,1444.79,Saturday,True,False
m-022,2026-05-03,5610.69,6,3,935.11,Sunday,True,False
m-022,2026-05-04,12792.94,7,5,1827.56,Monday,False,False
m-022,2026-05-05,4352.73,5,5,870.55,Tuesday,False,False
m-022,2026-05-06,8015.6,4,3,2003.9,Wednesday,False,False
m-022,2026-05-07,4240.96,4,3,1060.24,Thursday,False,False
m-022,2026-05-08,16879.64,10,7,1687.96,Friday,False,False
m-022,2026-05-09,7536.72,5,4,1507.34,Saturday,True,False
m-022,2026-05-10,8794.68,6,6,1465.78,Sunday,True,False
m-022,2026-05-11,4394.3,5,3,878.86,Monday,False,False
m-022,2026-05-12,6817.56,3,0,2272.52,Tuesday,False,False
m-022,2026-05-13,881.93,1,0,881.93,Wednesday,False,False
m-022,2026-05-14,10697.28,4,2,2674.32,Thursday,False,False
m-022,2026-05-15,4782.72,4,4,1195.68,Friday,False,False
m-022,2026-05-16,4174.73,1,0,4174.73,Saturday,True,False
m-022,2026-05-17,3400.52,4,1,850.13,Sunday,True,False
m-022,2026-05-18,1594.46,2,2,797.23,Monday,False,False
m-022,2026-05-19,3524.76,3,1,1174.92,Tuesday,False,False
m-022,2026-05-20,4887.26,2,2,2443.63,Wednesday,False,False
m-022,2026-05-21,3748.38,4,4,937.1,Thursday,False,False
m-022,2026-05-22,2026.01,3,2,675.34,Friday,False,False
m-022,2026-05-23,1594.46,2,1,797.23,Saturday,True,False
m-022,2026-05-24,5173.44,6,4,862.24,Sunday,True,False
m-022,2026-05-25,6888.77,5,4,1377.75,Monday,False,False
m-022,2026-05-26,410.45,1,1,410.45,Tuesday,False,False
m-022,2026-05-27,1702.83,3,2,567.61,Wednesday,False,False
m-022,2026-05-28,1806.06,2,0,903.03,Thursday,False,False
m-022,2026-05-29,2929.04,4,3,732.26,Friday,False,False
m-022,2026-05-30,9315.05,6,4,1552.51,Saturday,True,False
m-022,2026-05-31,1763.86,2,2,881.93,Sunday,True,False
m-022,2026-06-01,410.45,1,0,410.45,Monday,False,False
m-022,2026-06-02,3002.09,4,2,750.52,Tuesday,False,False
m-022,2026-06-03,2490.42,3,1,830.14,Wednesday,False,False
m-022,2026-06-04,881.93,1,0,881.93,Thursday,False,False
m-022,2026-06-05,3005.76,4,3,751.44,Friday,False,False
m-022,2026-06-06,14688.74,8,6,1836.09,Saturday,True,False
m-022,2026-06-07,8759.91,3,2,2919.97,Sunday,True,False
m-022,2026-06-08,3053.28,3,2,1017.76,Monday,False,False
m-022,2026-06-09,3792.61,3,2,1264.2,Tuesday,False,False
m-022,2026-06-10,6780.59,5,4,1356.12,Wednesday,False,False
m-022,2026-06-11,2605.67,3,2,868.56,Thursday,False,False
m-022,2026-06-12,2869.85,3,2,956.62,Friday,False,False
m-022,2026-06-13,7157.73,4,4,1789.43,Saturday,True,False
m-022,2026-06-14,5772.86,3,2,1924.29,Sunday,True,False
m-022,2026-06-15,5772.86,3,1,1924.29,Monday,False,False
m-022,2026-06-16,2834.99,3,1,945.0,Tuesday,False,False
m-022,2026-06-17,1313.48,2,1,656.74,Wednesday,False,False
m-022,2026-06-18,2101.07,2,2,1050.53,Thursday,False,False
m-022,2026-06-19,7536.72,5,4,1507.34,Friday,False,False
m-022,2026-06-20,2792.5,3,2,930.83,Saturday,True,False
m-022,2026-06-21,1292.38,2,1,646.19,Sunday,True,False
m-022,2026-06-22,7316.65,6,4,1219.44,Monday,False,False
m-022,2026-06-23,4385.85,6,2,730.98,Tuesday,False,False
m-022,2026-06-24,2310.66,3,3,770.22,Wednesday,False,False
m-022,2026-06-25,6029.97,3,2,2009.99,Thursday,False,False
m-022,2026-06-26,6860.39,7,5,980.06,Friday,False,False
m-022,2026-06-27,2157.32,2,2,1078.66,Saturday,True,False
m-022,2026-06-28,6633.69,4,3,1658.42,Sunday,True,False
m-022,2026-06-29,3414.55,4,3,853.64,Monday,False,False
m-022,2026-06-30,7474.76,4,3,1868.69,Tuesday,False,False
m-022,2026-07-01,9547.5,3,3,3182.5,Wednesday,False,False
m-022,2026-07-02,1444.79,1,0,1444.79,Thursday,False,False
m-022,2026-07-03,1893.14,2,0,946.57,Friday,False,False
m-022,2026-07-04,4203.06,4,2,1050.76,Saturday,True,False
m-022,2026-07-05,3300.77,4,2,825.19,Sunday,True,False
m-022,2026-07-06,3840.87,3,3,1280.29,Monday,False,False
m-022,2026-07-07,10124.66,6,5,1687.44,Tuesday,False,False
m-022,2026-07-08,1784.96,2,1,892.48,Wednesday,False,False
m-022,2026-07-09,2796.17,3,3,932.06,Thursday,False,False
m-022,2026-07-10,3734.35,4,3,933.59,Friday,False,False
m-022,2026-07-11,7686.99,8,7,960.87,Saturday,True,False
m-022,2026-07-12,63149.46,5,1,12629.89,Sunday,True,False
m-022,2026-07-13,5372.77,2,2,2686.38,Monday,False,False
m-022,2026-07-14,6572.66,5,5,1314.53,Tuesday,False,False
m-022,2026-07-15,4782.72,4,3,1195.68,Wednesday,False,False
m-022,2026-07-16,4174.73,1,1,4174.73,Thursday,False,False
m-022,2026-07-17,4400.99,5,5,880.2,Friday,False,False
m-022,2026-07-18,7777.77,6,5,1296.29,Saturday,True,False
m-022,2026-07-19,4838.24,5,5,967.65,Sunday,True,False
m-022,2026-07-20,8653.07,6,4,1442.18,Monday,False,False
m-022,2026-07-21,15507.19,6,3,2584.53,Tuesday,False,False
m-022,2026-07-22,1198.04,1,0,1198.04,Wednesday,False,False
m-022,2026-07-23,3300.03,3,3,1100.01,Thursday,False,False
m-022,2026-07-24,2157.32,2,1,1078.66,Friday,False,False
m-022,2026-07-25,820.9,2,1,410.45,Saturday,True,False
m-022,2026-07-26,6481.72,4,4,1620.43,Sunday,True,False
m-022,2026-07-27,9472.44,4,4,2368.11,Monday,False,False
m-022,2026-07-28,16990.8,7,4,2427.26,Tuesday,False,False
m-022,2026-07-29,7265.91,4,3,1816.48,Wednesday,False,False
m-022,2026-07-30,881.93,1,1,881.93,Thursday,False,False
m-022,2026-07-31,6780.4,4,2,1695.1,Friday,False,False
m-022,2026-08-01,5708.16,4,2,1427.04,Saturday,True,False
m-022,2026-08-02,14796.32,6,4,2466.05,Sunday,True,False
m-022,2026-08-03,4174.73,1,1,4174.73,Monday,False,False
m-022,2026-08-04,11278.5,6,5,1879.75,Tuesday,False,False
m-022,2026-08-05,1594.46,2,1,797.23,Wednesday,False,False
m-022,2026-08-06,7425.58,4,2,1856.39,Thursday,False,False
m-022,2026-08-07,3005.76,4,3,751.44,Friday,False,False
m-022,2026-08-08,9315.05,6,4,1552.51,Saturday,True,False
m-022,2026-08-09,2490.42,3,2,830.14,Sunday,True,False
m-022,2026-08-10,1390.2,2,2,695.1,Monday,False,False
m-022,2026-08-11,410.45,1,0,410.45,Tuesday,False,False
m-022,2026-08-12,5467.11,3,2,1822.37,Wednesday,False,False
m-022,2026-08-13,2157.32,2,2,1078.66,Thursday,False,False
m-022,2026-08-14,7777.77,6,4,1296.29,Friday,False,False
m-022,2026-08-15,34389.75,16,12,2149.36,Saturday,True,True
m-022,2026-08-16,4174.73,1,0,4174.73,Sunday,True,False
m-022,2026-08-17,9221.63,5,5,1844.33,Monday,False,False
m-022,2026-08-18,7094.68,7,5,1013.53,Tuesday,False,False
m-022,2026-08-19,1444.79,1,1,1444.79,Wednesday,False,False
m-022,2026-08-20,712.53,1,0,712.53,Thursday,False,False
m-022,2026-08-21,2139.89,2,2,1069.94,Friday,False,False
m-022,2026-08-22,2584.76,4,2,646.19,Saturday,True,False
m-022,2026-08-23,410.45,1,1,410.45,Sunday,True,False
m-022,2026-08-24,5992.81,4,3,1498.2,Monday,False,False
m-022,2026-08-25,695.1,1,0,695.1,Tuesday,False,False
m-022,2026-08-26,2480.06,3,3,826.69,Wednesday,False,False
m-022,2026-08-27,820.9,2,1,410.45,Thursday,False,False
m-022,2026-08-28,4970.92,5,4,994.18,Friday,False,True
m-022,2026-08-29,7891.36,5,4,1578.27,Saturday,True,False
m-022,2026-08-30,2929.04,4,4,732.26,Sunday,True,False
m-022,2026-08-31,4183.33,5,3,836.67,Monday,False,False
m-022,2026-09-01,8270.35,6,2,1378.39,Tuesday,False,False
m-022,2026-09-02,2921.97,4,4,730.49,Wednesday,False,False
m-022,2026-09-03,2490.42,3,1,830.14,Thursday,False,False
m-022,2026-09-04,6988.33,4,2,1747.08,Friday,False,False
m-022,2026-09-05,4674.54,4,3,1168.64,Saturday,True,False
m-022,2026-09-06,5280.28,3,1,1760.09,Sunday,True,False
m-022,2026-09-07,10992.29,4,3,2748.07,Monday,False,False
m-022,2026-09-08,1444.79,1,1,1444.79,Tuesday,False,False
m-022,2026-09-09,8602.52,5,4,1720.5,Wednesday,False,False
m-022,2026-09-10,3400.52,4,3,850.13,Thursday,False,False
m-022,2026-09-11,2139.89,2,2,1069.94,Friday,False,False
m-022,2026-09-12,3569.92,4,1,892.48,Saturday,True,False
m-022,2026-09-13,2709.09,3,3,903.03,Sunday,True,False
m-022,2026-09-14,1198.04,1,1,1198.04,Monday,False,False
m-022,2026-09-15,8972.14,7,5,1281.73,Tuesday,False,False
m-022,2026-09-16,1598.13,2,1,799.06,Wednesday,False,False
m-022,2026-09-17,2326.72,2,2,1163.36,Thursday,False,False
m-023,2025-09-18,612.19,2,1,306.1,Thursday,False,False
m-023,2025-09-19,1791.72,4,2,447.93,Friday,False,False
m-023,2025-09-20,2177.07,5,2,435.41,Saturday,True,False
m-023,2025-09-21,209.28,1,0,209.28,Sunday,True,False
m-023,2025-09-22,373.3,2,2,186.65,Monday,False,False
m-023,2025-09-23,187.35,1,1,187.35,Tuesday,False,False
m-023,2025-09-24,1637.64,4,3,409.41,Wednesday,False,False
m-023,2025-09-25,1205.28,4,2,301.32,Thursday,False,False
m-023,2025-09-26,353.37,2,2,176.68,Friday,False,False
m-023,2025-09-27,1402.38,5,5,280.48,Saturday,True,False
m-023,2025-09-28,2201.34,3,2,733.78,Sunday,True,False
m-023,2025-09-29,695.06,3,2,231.69,Monday,False,False
m-023,2025-09-30,1618.26,5,4,323.65,Tuesday,False,False
m-023,2025-10-01,999.63,3,2,333.21,Wednesday,False,False
m-023,2025-10-02,3293.56,7,6,470.51,Thursday,False,False
m-023,2025-10-03,299.05,3,1,99.68,Friday,False,False
m-023,2025-10-04,1168.17,5,2,233.63,Saturday,True,False
m-023,2025-10-05,1393.26,3,2,464.42,Sunday,True,False
m-023,2025-10-06,654.9,2,1,327.45,Monday,False,False
m-023,2025-10-07,1986.81,4,3,496.7,Tuesday,False,False
m-023,2025-10-08,995.0,2,2,497.5,Wednesday,False,False
m-023,2025-10-09,61.78,2,0,30.89,Thursday,False,False
m-023,2025-10-10,364.75,2,1,182.38,Friday,False,False
m-023,2025-10-11,559.91,3,3,186.64,Saturday,True,False
m-023,2025-10-12,2402.0,6,3,400.33,Sunday,True,False
m-023,2025-10-13,691.28,2,0,345.64,Monday,False,False
m-023,2025-10-14,1245.83,4,2,311.46,Tuesday,False,False
m-023,2025-10-15,380.43,1,1,380.43,Wednesday,False,False
m-023,2025-10-17,2637.34,6,5,439.56,Friday,False,False
m-023,2025-10-18,621.73,3,3,207.24,Saturday,True,False
m-023,2025-10-19,703.27,4,4,175.82,Sunday,True,False
m-023,2025-10-20,3507.38,8,6,438.42,Monday,False,True
m-023,2025-10-21,3580.27,7,5,511.47,Tuesday,False,True
m-023,2025-10-22,496.11,3,1,165.37,Wednesday,False,True
m-023,2025-10-23,404.88,3,2,134.96,Thursday,False,False
m-023,2025-10-24,1190.95,6,5,198.49,Friday,False,False
m-023,2025-10-25,482.45,5,5,96.49,Saturday,True,False
m-023,2025-10-26,245.82,3,2,81.94,Sunday,True,False
m-023,2025-10-27,248.73,1,0,248.73,Monday,False,False
m-023,2025-10-28,1429.38,2,1,714.69,Tuesday,False,False
m-023,2025-10-29,1119.95,5,4,223.99,Wednesday,False,False
m-023,2025-10-30,1122.33,4,2,280.58,Thursday,False,False
m-023,2025-10-31,476.45,2,2,238.22,Friday,False,False
m-023,2025-11-01,1239.78,5,2,247.96,Saturday,True,False
m-023,2025-11-02,2038.57,4,4,509.64,Sunday,True,False
m-023,2025-11-03,1298.02,6,4,216.34,Monday,False,False
m-023,2025-11-04,248.73,1,1,248.73,Tuesday,False,False
m-023,2025-11-05,380.43,1,1,380.43,Wednesday,False,False
m-023,2025-11-06,1693.41,2,1,846.7,Thursday,False,False
m-023,2025-11-07,602.22,4,4,150.56,Friday,False,False
m-023,2025-11-08,297.08,2,0,148.54,Saturday,True,False
m-023,2025-11-09,817.79,2,1,408.9,Sunday,True,False
m-023,2025-11-10,585.24,1,0,585.24,Monday,False,False
m-023,2025-11-11,439.45,2,1,219.72,Tuesday,False,False
m-023,2025-11-12,223.68,1,0,223.68,Wednesday,False,False
m-023,2025-11-13,1816.62,6,5,302.77,Thursday,False,False
m-023,2025-11-14,248.73,1,1,248.73,Friday,False,False
m-023,2025-11-15,1172.86,5,5,234.57,Saturday,True,False
m-023,2025-11-16,360.98,4,3,90.24,Sunday,True,False
m-023,2025-11-17,464.46,3,2,154.82,Monday,False,False
m-023,2025-11-18,694.28,4,2,173.57,Tuesday,False,False
m-023,2025-11-19,806.67,2,1,403.34,Wednesday,False,False
m-023,2025-11-20,3859.0,6,4,643.17,Thursday,False,False
m-023,2025-11-21,701.15,4,2,175.29,Friday,False,False
m-023,2025-11-22,2478.58,4,2,619.64,Saturday,True,False
m-023,2025-11-23,442.47,4,2,110.62,Sunday,True,False
m-023,2025-11-24,1068.61,4,2,267.15,Monday,False,False
m-023,2025-11-25,1075.49,4,2,268.87,Tuesday,False,False
m-023,2025-11-26,625.69,3,1,208.56,Wednesday,False,False
m-023,2025-11-27,373.63,2,1,186.82,Thursday,False,False
m-023,2025-11-28,26.95,1,1,26.95,Friday,False,False
m-023,2025-11-29,564.03,3,2,188.01,Saturday,True,False
m-023,2025-11-30,2665.95,8,7,333.24,Sunday,True,False
m-023,2025-12-02,307.37,2,0,153.68,Tuesday,False,False
m-023,2025-12-03,266.83,2,2,133.42,Wednesday,False,False
m-023,2025-12-04,660.14,4,4,165.04,Thursday,False,False
m-023,2025-12-06,901.29,5,4,180.26,Saturday,True,False
m-023,2025-12-07,1482.0,4,2,370.5,Sunday,True,False
m-023,2025-12-08,816.18,4,4,204.04,Monday,False,False
m-023,2025-12-09,380.43,1,1,380.43,Tuesday,False,False
m-023,2025-12-10,104.64,1,0,104.64,Wednesday,False,False
m-023,2025-12-11,1867.18,6,5,311.2,Thursday,False,False
m-023,2025-12-12,564.32,2,2,282.16,Friday,False,False
m-023,2025-12-13,2882.02,5,2,576.4,Saturday,True,False
m-023,2025-12-14,104.64,1,1,104.64,Sunday,True,False
m-023,2025-12-15,682.81,2,2,341.4,Monday,False,False
m-023,2025-12-16,1498.96,3,2,499.65,Tuesday,False,False
m-023,2025-12-17,340.03,5,2,68.01,Wednesday,False,False
m-023,2025-12-18,540.99,3,2,180.33,Thursday,False,False
m-023,2025-12-19,910.08,3,2,303.36,Friday,False,False
m-023,2025-12-20,271.73,2,2,135.86,Saturday,True,False
m-023,2025-12-21,696.46,6,5,116.08,Sunday,True,False
m-023,2025-12-23,1267.76,3,3,422.59,Tuesday,False,False
m-023,2025-12-24,497.58,3,3,165.86,Wednesday,False,False
m-023,2025-12-25,609.23,5,3,121.85,Thursday,False,True
m-023,2025-12-26,1418.87,3,2,472.96,Friday,False,False
m-023,2025-12-27,752.47,4,3,188.12,Saturday,True,False
m-023,2025-12-28,1799.8,5,3,359.96,Sunday,True,False
m-023,2025-12-29,808.64,2,2,404.32,Monday,False,False
m-023,2025-12-30,517.89,4,3,129.47,Tuesday,False,False
m-023,2025-12-31,3352.76,8,4,419.1,Wednesday,False,True
m-023,2026-01-01,652.38,3,2,217.46,Thursday,False,True
m-023,2026-01-02,1070.39,3,1,356.8,Friday,False,False
m-023,2026-01-03,870.76,3,1,290.25,Saturday,True,False
m-023,2026-01-04,1135.3,7,6,162.19,Sunday,True,False
m-023,2026-01-05,275.68,2,2,137.84,Monday,False,False
m-023,2026-01-06,832.24,3,3,277.41,Tuesday,False,False
m-023,2026-01-08,1250.11,5,3,250.02,Thursday,False,False
m-023,2026-01-09,958.54,3,2,319.51,Friday,False,False
m-023,2026-01-10,2551.78,5,3,510.36,Saturday,True,False
m-023,2026-01-11,1839.91,7,3,262.84,Sunday,True,False
m-023,2026-01-12,1082.7,2,2,541.35,Monday,False,False
m-023,2026-01-13,223.68,1,1,223.68,Tuesday,False,False
m-023,2026-01-14,185.98,1,1,185.98,Wednesday,False,True
m-023,2026-01-15,708.12,3,3,236.04,Thursday,False,False
m-023,2026-01-16,1305.93,3,1,435.31,Friday,False,False
m-023,2026-01-17,1607.47,7,7,229.64,Saturday,True,False
m-023,2026-01-18,1323.57,4,3,330.89,Sunday,True,False
m-023,2026-01-19,310.85,1,0,310.85,Monday,False,False
m-023,2026-01-21,692.17,5,3,138.43,Wednesday,False,False
m-023,2026-01-22,992.62,3,1,330.87,Thursday,False,False
m-023,2026-01-23,1112.91,5,5,222.58,Friday,False,False
m-023,2026-01-24,415.37,4,3,103.84,Saturday,True,False
m-023,2026-01-25,1061.12,4,4,265.28,Sunday,True,False
m-023,2026-01-26,846.24,3,2,282.08,Monday,False,False
m-023,2026-01-27,551.54,5,3,110.31,Tuesday,False,False
m-023,2026-01-28,814.78,3,3,271.59,Wednesday,False,False
m-023,2026-01-29,1372.92,3,2,457.64,Thursday,False,False
m-023,2026-01-30,898.64,3,2,299.55,Friday,False,False
m-023,2026-01-31,268.85,3,2,89.62,Saturday,True,False
m-023,2026-02-01,4010.93,11,6,364.63,Sunday,True,False
m-023,2026-02-02,747.2,3,3,249.07,Monday,False,False
m-023,2026-02-03,1669.12,6,3,278.19,Tuesday,False,False
m-023,2026-02-04,409.66,2,0,204.83,Wednesday,False,False
m-023,2026-02-05,3066.66,4,3,766.66,Thursday,False,False
m-023,2026-02-06,104.64,1,0,104.64,Friday,False,False
m-023,2026-02-07,882.44,6,5,147.07,Saturday,True,False
m-023,2026-02-08,1504.02,7,6,214.86,Sunday,True,False
m-023,2026-02-09,1102.93,4,2,275.73,Monday,False,False
m-023,2026-02-11,90.75,2,1,45.38,Wednesday,False,False
m-023,2026-02-12,2150.76,8,4,268.85,Thursday,False,False
m-023,2026-02-13,1604.84,4,2,401.21,Friday,False,False
m-023,2026-02-14,310.85,1,1,310.85,Saturday,True,False
m-023,2026-02-15,159.06,4,4,39.76,Sunday,True,False
m-023,2026-02-16,421.23,2,2,210.62,Monday,False,False
m-023,2026-02-18,271.73,2,2,135.86,Wednesday,False,False
m-023,2026-02-19,397.27,2,2,198.64,Thursday,False,False
m-023,2026-02-20,1474.17,6,5,245.7,Friday,False,False
m-023,2026-02-21,1082.07,3,2,360.69,Saturday,True,False
m-023,2026-02-22,1065.38,5,5,213.08,Sunday,True,False
m-023,2026-02-23,1194.25,5,5,238.85,Monday,False,False
m-023,2026-02-24,1309.95,3,3,436.65,Tuesday,False,False
m-023,2026-02-25,569.36,3,2,189.79,Wednesday,False,False
m-023,2026-02-26,310.85,1,1,310.85,Thursday,False,False
m-023,2026-02-27,2401.96,5,5,480.39,Friday,False,False
m-023,2026-02-28,1616.26,5,4,323.25,Saturday,True,False
m-023,2026-03-01,383.58,2,0,191.79,Sunday,True,False
m-023,2026-03-02,592.77,2,2,296.39,Monday,False,False
m-023,2026-03-03,771.22,2,2,385.61,Tuesday,False,False
m-023,2026-03-04,1157.14,6,5,192.86,Wednesday,False,True
m-023,2026-03-05,1624.08,3,2,541.36,Thursday,False,False
m-023,2026-03-06,566.41,2,2,283.2,Friday,False,False
m-023,2026-03-07,760.41,2,2,380.2,Saturday,True,False
m-023,2026-03-08,1493.61,5,3,298.72,Sunday,True,False
m-023,2026-03-09,1097.78,4,4,274.44,Monday,False,False
m-023,2026-03-10,982.53,3,3,327.51,Tuesday,False,False
m-023,2026-03-11,313.92,1,1,313.92,Wednesday,False,False
m-023,2026-03-12,1998.24,5,3,399.65,Thursday,False,False
m-023,2026-03-13,501.9,3,2,167.3,Friday,False,False
m-023,2026-03-14,415.26,2,1,207.63,Saturday,True,False
m-023,2026-03-15,2486.94,6,5,414.49,Sunday,True,False
m-023,2026-03-16,581.38,4,2,145.34,Monday,False,False
m-023,2026-03-17,229.54,2,2,114.77,Tuesday,False,False
m-023,2026-03-18,286.13,2,1,143.06,Wednesday,False,False
m-023,2026-03-19,647.69,2,2,323.85,Thursday,False,False
m-023,2026-03-20,1689.67,8,5,211.21,Friday,False,True
m-023,2026-03-21,309.39,2,2,154.7,Saturday,True,False
m-023,2026-03-22,1310.2,6,3,218.37,Sunday,True,False
m-023,2026-03-23,983.66,4,4,245.92,Monday,False,False
m-023,2026-03-24,1895.64,3,2,631.88,Tuesday,False,False
m-023,2026-03-25,247.76,3,2,82.59,Wednesday,False,False
m-023,2026-03-26,1093.99,8,6,136.75,Thursday,False,False
m-023,2026-03-27,1517.43,5,5,303.49,Friday,False,False
m-023,2026-03-28,228.19,3,2,76.06,Saturday,True,False
m-023,2026-03-29,788.89,4,3,197.22,Sunday,True,False
m-023,2026-03-30,1653.54,3,3,551.18,Monday,False,False
m-023,2026-03-31,1067.41,5,3,213.48,Tuesday,False,False
m-023,2026-04-01,352.92,4,2,88.23,Wednesday,False,False
m-023,2026-04-02,498.2,2,1,249.1,Thursday,False,False
m-023,2026-04-03,4099.14,6,2,683.19,Friday,False,False
m-023,2026-04-04,794.17,4,4,198.54,Saturday,True,False
m-023,2026-04-05,1084.3,4,1,271.08,Sunday,True,False
m-023,2026-04-06,2288.26,6,4,381.38,Monday,False,False
m-023,2026-04-07,619.77,5,3,123.95,Tuesday,False,False
m-023,2026-04-08,520.5,2,2,260.25,Wednesday,False,False
m-023,2026-04-09,1280.31,5,2,256.06,Thursday,False,False
m-023,2026-04-10,2098.17,6,2,349.7,Friday,False,False
m-023,2026-04-11,2091.36,6,5,348.56,Saturday,True,False
m-023,2026-04-12,3774.73,7,4,539.25,Sunday,True,False
m-023,2026-04-13,1833.11,3,2,611.04,Monday,False,False
m-023,2026-04-14,933.81,3,3,311.27,Tuesday,False,False
m-023,2026-04-15,742.7,2,0,371.35,Wednesday,False,False
m-023,2026-04-16,1833.63,3,2,611.21,Thursday,False,False
m-023,2026-04-17,501.76,3,1,167.25,Friday,False,False
m-023,2026-04-18,1006.2,5,2,201.24,Saturday,True,False
m-023,2026-04-19,639.14,3,2,213.05,Sunday,True,False
m-023,2026-04-21,943.35,3,1,314.45,Tuesday,False,False
m-023,2026-04-22,615.27,6,4,102.54,Wednesday,False,False
m-023,2026-04-23,2350.86,5,4,470.17,Thursday,False,False
m-023,2026-04-24,34.83,1,1,34.83,Friday,False,False
m-023,2026-04-25,501.76,4,2,125.44,Saturday,True,False
m-023,2026-04-26,745.56,3,1,248.52,Sunday,True,False
m-023,2026-04-27,2483.54,4,2,620.88,Monday,False,False
m-023,2026-04-28,1044.15,4,3,261.04,Tuesday,False,False
m-023,2026-04-29,449.98,4,2,112.5,Wednesday,False,False
m-023,2026-04-30,4091.98,7,6,584.57,Thursday,False,False
m-023,2026-05-01,655.48,2,1,327.74,Friday,False,False
m-023,2026-05-02,1652.87,6,2,275.48,Saturday,True,False
m-023,2026-05-03,2357.1,5,2,471.42,Sunday,True,False
m-023,2026-05-04,2566.14,5,4,513.23,Monday,False,False
m-023,2026-05-06,3425.3,6,5,570.88,Wednesday,False,False
m-023,2026-05-07,2367.85,6,4,394.64,Thursday,False,False
m-023,2026-05-08,2945.07,3,3,981.69,Friday,False,False
m-023,2026-05-09,538.78,5,2,107.76,Saturday,True,False
m-023,2026-05-10,1314.42,5,4,262.88,Sunday,True,False
m-023,2026-05-11,2837.79,3,3,945.93,Monday,False,False
m-023,2026-05-12,585.24,1,1,585.24,Tuesday,False,False
m-023,2026-05-13,989.73,3,2,329.91,Wednesday,False,False
m-023,2026-05-14,754.72,3,2,251.57,Thursday,False,False
m-023,2026-05-15,1203.31,5,4,240.66,Friday,False,False
m-023,2026-05-16,1278.56,5,5,255.71,Saturday,True,False
m-023,2026-05-17,2468.57,5,4,493.71,Sunday,True,False
m-023,2026-05-18,479.76,2,1,239.88,Monday,False,False
m-023,2026-05-19,1529.72,5,5,305.94,Tuesday,False,False
m-023,2026-05-20,782.89,4,4,195.72,Wednesday,False,False
m-023,2026-05-21,316.3,2,2,158.15,Thursday,False,False
m-023,2026-05-22,841.67,5,4,168.33,Friday,False,False
m-023,2026-05-23,1813.61,6,4,302.27,Saturday,True,False
m-023,2026-05-24,2601.16,8,5,325.14,Sunday,True,False
m-023,2026-05-25,752.39,2,1,376.2,Monday,False,False
m-023,2026-05-26,959.82,6,2,159.97,Tuesday,False,False
m-023,2026-05-27,104.64,1,0,104.64,Wednesday,False,False
m-023,2026-05-28,2518.3,5,4,503.66,Thursday,False,False
m-023,2026-05-29,723.68,4,3,180.92,Friday,False,False
m-023,2026-05-30,927.29,3,1,309.1,Saturday,True,False
m-023,2026-05-31,636.3,4,3,159.08,Sunday,True,False
m-023,2026-06-01,754.72,3,2,251.57,Monday,False,False
m-023,2026-06-02,253.47,1,0,253.47,Tuesday,False,False
m-023,2026-06-03,801.72,3,3,267.24,Wednesday,False,False
m-023,2026-06-04,272.25,2,2,136.12,Thursday,False,False
m-023,2026-06-05,1366.05,6,6,227.68,Friday,False,False
m-023,2026-06-06,1892.14,5,1,378.43,Saturday,True,False
m-023,2026-06-07,403.68,3,2,134.56,Sunday,True,False
m-023,2026-06-08,1748.32,4,3,437.08,Monday,False,False
m-023,2026-06-09,1109.65,3,3,369.88,Tuesday,False,False
m-023,2026-06-10,185.98,1,1,185.98,Wednesday,False,False
m-023,2026-06-11,497.46,1,1,497.46,Thursday,False,False
m-023,2026-06-12,1487.18,5,2,297.44,Friday,False,False
m-023,2026-06-13,2019.99,4,4,505.0,Saturday,True,False
m-023,2026-06-14,507.4,4,4,126.85,Sunday,True,False
m-023,2026-06-15,1576.26,4,2,394.06,Monday,False,False
m-023,2026-06-16,817.58,3,2,272.53,Tuesday,False,False
m-023,2026-06-17,2430.24,8,6,303.78,Wednesday,False,False
m-023,2026-06-18,887.37,2,2,443.68,Thursday,False,False
m-023,2026-06-19,55.92,1,0,55.92,Friday,False,False
m-023,2026-06-20,420.56,3,2,140.19,Saturday,True,False
m-023,2026-06-21,773.22,3,2,257.74,Sunday,True,False
m-023,2026-06-22,1752.76,5,3,350.55,Monday,False,False
m-023,2026-06-23,669.78,2,2,334.89,Tuesday,False,False
m-023,2026-06-25,1375.35,3,2,458.45,Thursday,False,False
m-023,2026-06-26,462.71,3,1,154.24,Friday,False,False
m-023,2026-06-27,1612.33,5,3,322.47,Saturday,True,False
m-023,2026-06-28,760.86,1,1,760.86,Sunday,True,False
m-023,2026-06-29,478.27,4,1,119.57,Monday,False,False
m-023,2026-06-30,1060.32,3,3,353.44,Tuesday,False,False
m-023,2026-07-01,1719.63,4,4,429.91,Wednesday,False,False
m-023,2026-07-02,2327.74,7,6,332.53,Thursday,False,False
m-023,2026-07-03,26.95,1,0,26.95,Friday,False,False
m-023,2026-07-04,3185.1,3,3,1061.7,Saturday,True,False
m-023,2026-07-05,1873.85,5,4,374.77,Sunday,True,False
m-023,2026-07-06,270.22,5,3,54.04,Monday,False,False
m-023,2026-07-07,2236.17,3,3,745.39,Tuesday,False,False
m-023,2026-07-08,174.15,2,1,87.07,Wednesday,False,False
m-023,2026-07-09,3076.08,6,5,512.68,Thursday,False,False
m-023,2026-07-10,718.98,4,3,179.74,Friday,False,False
m-023,2026-07-11,1360.68,6,4,226.78,Saturday,True,False
m-023,2026-07-12,358.11,2,2,179.06,Sunday,True,False
m-023,2026-07-13,445.62,1,1,445.62,Monday,False,False
m-023,2026-07-14,1156.81,5,2,231.36,Tuesday,False,False
m-023,2026-07-15,3188.68,5,5,637.74,Wednesday,False,False
m-023,2026-07-16,980.52,4,2,245.13,Thursday,False,False
m-023,2026-07-17,927.5,4,2,231.88,Friday,False,False
m-023,2026-07-18,906.15,6,5,151.02,Saturday,True,False
m-023,2026-07-19,1998.03,4,4,499.51,Sunday,True,False
m-023,2026-07-20,401.6,3,3,133.87,Monday,False,False
m-023,2026-07-21,795.69,2,1,397.84,Tuesday,False,False
m-023,2026-07-22,1172.82,5,2,234.56,Wednesday,False,False
m-023,2026-07-23,2269.38,5,3,453.88,Thursday,False,False
m-023,2026-07-24,1400.38,4,2,350.1,Friday,False,False
m-023,2026-07-25,1517.79,3,1,505.93,Saturday,True,False
m-023,2026-07-26,1650.96,5,4,330.19,Sunday,True,False
m-023,2026-07-27,665.96,3,2,221.99,Monday,False,False
m-023,2026-07-28,29545.58,5,4,5909.12,Tuesday,False,False
m-023,2026-07-29,1403.1,5,5,280.62,Wednesday,False,False
m-023,2026-07-30,361.47,3,2,120.49,Thursday,False,False
m-023,2026-07-31,159.73,2,2,79.87,Friday,False,False
m-023,2026-08-01,426.59,6,2,71.1,Saturday,True,False
m-023,2026-08-02,471.67,3,2,157.22,Sunday,True,False
m-023,2026-08-03,1075.87,4,2,268.97,Monday,False,False
m-023,2026-08-04,760.86,2,2,380.43,Tuesday,False,False
m-023,2026-08-05,415.26,2,2,207.63,Wednesday,False,False
m-023,2026-08-06,1372.0,3,2,457.33,Thursday,False,False
m-023,2026-08-07,559.91,2,2,279.96,Friday,False,False
m-023,2026-08-08,297.82,2,2,148.91,Saturday,True,False
m-023,2026-08-09,1113.38,5,3,222.68,Sunday,True,False
m-023,2026-08-10,1035.73,5,3,207.15,Monday,False,False
m-023,2026-08-11,148.54,1,1,148.54,Tuesday,False,False
m-023,2026-08-12,2275.33,5,4,455.07,Wednesday,False,False
m-023,2026-08-13,1556.55,2,1,778.28,Thursday,False,False
m-023,2026-08-14,374.7,2,2,187.35,Friday,False,False
m-023,2026-08-15,144.65,3,1,48.22,Saturday,True,True
m-023,2026-08-16,1281.76,7,5,183.11,Sunday,True,False
m-023,2026-08-17,2881.16,5,3,576.23,Monday,False,False
m-023,2026-08-18,938.98,3,3,312.99,Tuesday,False,False
m-023,2026-08-19,756.74,2,2,378.37,Wednesday,False,False
m-023,2026-08-20,505.33,2,1,252.67,Thursday,False,False
m-023,2026-08-21,26.95,1,0,26.95,Friday,False,False
m-023,2026-08-22,1009.14,3,1,336.38,Saturday,True,False
m-023,2026-08-23,2689.71,4,4,672.43,Sunday,True,False
m-023,2026-08-24,180.15,4,3,45.04,Monday,False,False
m-023,2026-08-25,498.2,2,1,249.1,Tuesday,False,False
m-023,2026-08-26,1679.59,5,3,335.92,Wednesday,False,False
m-023,2026-08-27,383.58,3,3,127.86,Thursday,False,False
m-023,2026-08-28,1268.37,5,4,253.67,Friday,False,True
m-023,2026-08-29,1006.53,5,3,201.31,Saturday,True,False
m-023,2026-08-30,1696.54,6,5,282.76,Sunday,True,False
m-023,2026-08-31,495.37,3,3,165.12,Monday,False,False
m-023,2026-09-01,1104.04,6,4,184.01,Tuesday,False,False
m-023,2026-09-02,806.67,2,1,403.34,Wednesday,False,False
m-023,2026-09-03,814.76,2,2,407.38,Thursday,False,False
m-023,2026-09-04,148.54,1,0,148.54,Friday,False,False
m-023,2026-09-05,1012.72,4,3,253.18,Saturday,True,False
m-023,2026-09-06,1219.14,3,3,406.38,Sunday,True,False
m-023,2026-09-07,1219.8,3,2,406.6,Monday,False,False
m-023,2026-09-08,823.31,2,1,411.66,Tuesday,False,False
m-023,2026-09-09,606.84,3,3,202.28,Wednesday,False,False
m-023,2026-09-10,675.6,3,3,225.2,Thursday,False,False
m-023,2026-09-11,2763.99,6,5,460.66,Friday,False,False
m-023,2026-09-12,341.91,4,4,85.48,Saturday,True,False
m-023,2026-09-13,919.48,5,5,183.9,Sunday,True,False
m-023,2026-09-14,2041.85,4,3,510.46,Monday,False,False
m-023,2026-09-15,1015.65,3,3,338.55,Tuesday,False,False
m-023,2026-09-16,585.24,1,1,585.24,Wednesday,False,False
m-024,2025-09-18,1704.75,6,5,284.12,Thursday,False,False
m-024,2025-09-19,398.44,4,2,99.61,Friday,False,False
m-024,2025-09-20,1428.06,2,1,714.03,Saturday,True,False
m-024,2025-09-21,896.48,8,5,112.06,Sunday,True,False
m-024,2025-09-22,219.15,1,1,219.15,Monday,False,False
m-024,2025-09-23,1231.72,5,4,246.34,Tuesday,False,False
m-024,2025-09-25,2669.61,3,1,889.87,Thursday,False,False
m-024,2025-09-26,1028.0,5,3,205.6,Friday,False,False
m-024,2025-09-27,1427.78,4,4,356.94,Saturday,True,False
m-024,2025-09-28,851.18,2,1,425.59,Sunday,True,False
m-024,2025-09-29,2660.45,3,2,886.82,Monday,False,False
m-024,2025-09-30,2891.44,3,2,963.81,Tuesday,False,False
m-024,2025-10-01,513.95,2,2,256.98,Wednesday,False,False
m-024,2025-10-02,817.08,5,3,163.42,Thursday,False,False
m-024,2025-10-03,446.84,2,1,223.42,Friday,False,False
m-024,2025-10-04,1267.8,6,5,211.3,Saturday,True,False
m-024,2025-10-05,1077.42,3,2,359.14,Sunday,True,False
m-024,2025-10-06,2907.47,4,3,726.87,Monday,False,False
m-024,2025-10-07,3867.09,6,6,644.52,Tuesday,False,False
m-024,2025-10-08,1170.14,3,2,390.05,Wednesday,False,False
m-024,2025-10-09,329.61,2,2,164.8,Thursday,False,False
m-024,2025-10-10,1223.2,4,4,305.8,Friday,False,False
m-024,2025-10-11,1365.56,7,5,195.08,Saturday,True,False
m-024,2025-10-12,692.77,2,1,346.39,Sunday,True,False
m-024,2025-10-13,3343.64,8,6,417.96,Monday,False,False
m-024,2025-10-14,2830.71,4,3,707.68,Tuesday,False,False
m-024,2025-10-15,516.22,2,0,258.11,Wednesday,False,False
m-024,2025-10-16,856.49,4,2,214.12,Thursday,False,False
m-024,2025-10-17,1160.2,5,4,232.04,Friday,False,False
m-024,2025-10-18,1567.13,5,3,313.43,Saturday,True,False
m-024,2025-10-19,701.28,4,3,175.32,Sunday,True,False
m-024,2025-10-20,914.68,8,5,114.34,Monday,False,True
m-024,2025-10-21,706.49,4,4,176.62,Tuesday,False,True
m-024,2025-10-22,1749.61,6,4,291.6,Wednesday,False,True
m-024,2025-10-23,1645.26,4,2,411.32,Thursday,False,False
m-024,2025-10-24,1130.07,2,1,565.04,Friday,False,False
m-024,2025-10-26,418.28,3,3,139.43,Sunday,True,False
m-024,2025-10-27,884.27,2,2,442.14,Monday,False,False
m-024,2025-10-28,102.79,1,1,102.79,Tuesday,False,False
m-024,2025-10-29,714.03,1,1,714.03,Wednesday,False,False
m-024,2025-10-30,569.55,3,2,189.85,Thursday,False,False
m-024,2025-11-01,780.56,3,2,260.19,Saturday,True,False
m-024,2025-11-02,2239.07,8,5,279.88,Sunday,True,False
m-024,2025-11-03,869.17,4,2,217.29,Monday,False,False
m-024,2025-11-04,4888.98,7,6,698.43,Tuesday,False,False
m-024,2025-11-05,746.98,5,3,149.4,Wednesday,False,False
m-024,2025-11-06,1017.04,2,2,508.52,Thursday,False,False
m-024,2025-11-07,1803.21,7,3,257.6,Friday,False,False
m-024,2025-11-08,858.0,3,1,286.0,Saturday,True,False
m-024,2025-11-09,1269.52,5,4,253.9,Sunday,True,False
m-024,2025-11-10,35.32,1,1,35.32,Monday,False,False
m-024,2025-11-11,310.04,4,2,77.51,Tuesday,False,False
m-024,2025-11-12,1544.46,5,3,308.89,Wednesday,False,False
m-024,2025-11-14,3151.76,6,3,525.29,Friday,False,False
m-024,2025-11-15,86.53,2,1,43.26,Saturday,True,False
m-024,2025-11-16,1035.57,4,4,258.89,Sunday,True,False
m-024,2025-11-17,611.08,2,1,305.54,Monday,False,False
m-024,2025-11-18,164.64,1,1,164.64,Tuesday,False,False
m-024,2025-11-19,584.95,4,1,146.24,Wednesday,False,False
m-024,2025-11-20,1949.47,4,3,487.37,Thursday,False,False
m-024,2025-11-21,977.41,3,0,325.8,Friday,False,False
m-024,2025-11-22,1059.92,4,4,264.98,Saturday,True,False
m-024,2025-11-23,3434.58,4,4,858.64,Sunday,True,False
m-024,2025-11-24,933.65,3,2,311.22,Monday,False,False
m-024,2025-11-25,2203.58,7,5,314.8,Tuesday,False,False
m-024,2025-11-26,1065.85,4,3,266.46,Wednesday,False,False
m-024,2025-11-27,941.82,4,4,235.46,Thursday,False,False
m-024,2025-11-28,1543.5,6,5,257.25,Friday,False,False
m-024,2025-11-29,720.03,2,2,360.02,Saturday,True,False
m-024,2025-11-30,1598.3,4,4,399.58,Sunday,True,False
m-024,2025-12-02,23.95,1,1,23.95,Tuesday,False,False
m-024,2025-12-03,2142.09,1,1,2142.09,Wednesday,False,False
m-024,2025-12-04,1111.09,2,2,555.55,Thursday,False,False
m-024,2025-12-05,62.58,1,1,62.58,Friday,False,False
m-024,2025-12-06,472.62,2,2,236.31,Saturday,True,False
m-024,2025-12-07,1590.79,5,3,318.16,Sunday,True,False
m-024,2025-12-08,470.79,3,2,156.93,Monday,False,False
m-024,2025-12-09,255.44,3,1,85.15,Tuesday,False,False
m-024,2025-12-10,1029.93,6,4,171.66,Wednesday,False,False
m-024,2025-12-11,508.52,2,0,254.26,Thursday,False,False
m-024,2025-12-12,157.54,1,0,157.54,Friday,False,False
m-024,2025-12-13,173.41,1,1,173.41,Saturday,True,False
m-024,2025-12-14,2789.14,5,2,557.83,Sunday,True,False
m-024,2025-12-15,849.21,3,3,283.07,Monday,False,False
m-024,2025-12-16,264.85,3,3,88.28,Tuesday,False,False
m-024,2025-12-17,816.82,2,1,408.41,Wednesday,False,False
m-024,2025-12-18,445.97,2,1,222.98,Thursday,False,False
m-024,2025-12-19,35.32,1,0,35.32,Friday,False,False
m-024,2025-12-20,1258.88,2,1,629.44,Saturday,True,False
m-024,2025-12-21,839.36,5,4,167.87,Sunday,True,False
m-024,2025-12-22,1359.6,4,2,339.9,Monday,False,False
m-024,2025-12-23,3208.46,6,5,534.74,Tuesday,False,False
m-024,2025-12-24,1561.66,4,4,390.42,Wednesday,False,False
m-024,2025-12-25,4023.02,5,3,804.6,Thursday,False,True
m-024,2025-12-26,107.17,2,1,53.58,Friday,False,False
m-024,2025-12-27,2452.48,7,7,350.35,Saturday,True,False
m-024,2025-12-28,1267.61,5,2,253.52,Sunday,True,False
m-024,2025-12-29,297.46,2,1,148.73,Monday,False,False
m-024,2025-12-30,731.08,2,1,365.54,Tuesday,False,False
m-024,2025-12-31,1427.52,8,5,178.44,Wednesday,False,True
m-024,2026-01-01,4455.66,12,10,371.3,Thursday,False,True
m-024,2026-01-02,47.9,1,1,47.9,Friday,False,False
m-024,2026-01-03,490.22,2,2,245.11,Saturday,True,False
m-024,2026-01-04,47.9,1,1,47.9,Sunday,True,False
m-024,2026-01-05,714.03,1,1,714.03,Monday,False,False
m-024,2026-01-06,438.3,1,1,438.3,Tuesday,False,False
m-024,2026-01-07,1640.59,6,3,273.43,Wednesday,False,False
m-024,2026-01-08,527.62,3,2,175.87,Thursday,False,False
m-024,2026-01-09,665.49,3,2,221.83,Friday,False,False
m-024,2026-01-10,1175.19,5,3,235.04,Saturday,True,False
m-024,2026-01-11,919.45,3,1,306.48,Sunday,True,False
m-024,2026-01-12,787.13,4,2,196.78,Monday,False,False
m-024,2026-01-13,1007.75,6,3,167.96,Tuesday,False,False
m-024,2026-01-14,54.88,1,1,54.88,Wednesday,False,True
m-024,2026-01-15,1036.72,3,3,345.57,Thursday,False,False
m-024,2026-01-16,1950.43,4,3,487.61,Friday,False,False
m-024,2026-01-17,1197.2,5,3,239.44,Saturday,True,False
m-024,2026-01-18,567.74,3,2,189.25,Sunday,True,False
m-024,2026-01-19,1772.58,6,4,295.43,Monday,False,False
m-024,2026-01-20,822.56,2,2,411.28,Tuesday,False,False
m-024,2026-01-21,863.03,2,0,431.52,Wednesday,False,False
m-024,2026-01-22,392.19,3,1,130.73,Thursday,False,False
m-024,2026-01-23,518.36,2,2,259.18,Friday,False,False
m-024,2026-01-24,157.54,1,1,157.54,Saturday,True,False
m-024,2026-01-25,2134.63,6,2,355.77,Sunday,True,False
m-024,2026-01-26,575.02,5,5,115.0,Monday,False,False
m-024,2026-01-27,895.02,6,5,149.17,Tuesday,False,False
m-024,2026-01-28,71.85,2,1,35.92,Wednesday,False,False
m-024,2026-01-29,918.49,3,3,306.16,Thursday,False,False
m-024,2026-01-30,424.97,3,2,141.66,Friday,False,False
m-024,2026-01-31,681.76,3,3,227.25,Saturday,True,False
m-024,2026-02-01,250.77,2,1,125.38,Sunday,True,False
m-024,2026-02-02,2127.21,8,5,265.9,Monday,False,False
m-024,2026-02-03,157.54,1,1,157.54,Tuesday,False,False
m-024,2026-02-04,1472.44,4,4,368.11,Wednesday,False,False
m-024,2026-02-05,635.03,3,3,211.68,Thursday,False,False
m-024,2026-02-06,1812.32,3,3,604.11,Friday,False,False
m-024,2026-02-07,2005.93,5,4,401.19,Saturday,True,False
m-024,2026-02-08,1001.1,5,3,200.22,Sunday,True,False
m-024,2026-02-09,479.61,3,2,159.87,Monday,False,False
m-024,2026-02-10,312.9,2,1,156.45,Tuesday,False,False
m-024,2026-02-11,2128.21,4,3,532.05,Wednesday,False,False
m-024,2026-02-12,2773.07,4,2,693.27,Thursday,False,False
m-024,2026-02-13,714.03,1,1,714.03,Friday,False,False
m-024,2026-02-14,484.53,4,2,121.13,Saturday,True,False
m-024,2026-02-15,1805.12,4,4,451.28,Sunday,True,False
m-024,2026-02-16,308.37,2,2,154.18,Monday,False,False
m-024,2026-02-17,631.45,3,2,210.48,Tuesday,False,False
m-024,2026-02-18,62.58,1,1,62.58,Wednesday,False,False
m-024,2026-02-19,2946.03,5,4,589.21,Thursday,False,False
m-024,2026-02-20,3033.76,5,3,606.75,Friday,False,False
m-024,2026-02-21,565.97,2,1,282.98,Saturday,True,False
m-024,2026-02-22,110.48,3,3,36.83,Sunday,True,False
m-024,2026-02-23,1116.05,5,3,223.21,Monday,False,False
m-024,2026-02-24,938.66,3,3,312.89,Tuesday,False,False
m-024,2026-02-25,1437.73,4,4,359.43,Wednesday,False,False
m-024,2026-02-26,835.31,2,2,417.66,Thursday,False,False
m-024,2026-02-27,541.8,2,2,270.9,Friday,False,False
m-024,2026-02-28,1008.12,5,5,201.62,Saturday,True,False
m-024,2026-03-01,2775.43,8,3,346.93,Sunday,True,False
m-024,2026-03-02,62.58,1,1,62.58,Monday,False,False
m-024,2026-03-03,2004.29,4,4,501.07,Tuesday,False,False
m-024,2026-03-04,1289.98,5,3,258.0,Wednesday,False,True
m-024,2026-03-05,775.72,3,2,258.57,Thursday,False,False
m-024,2026-03-06,1146.35,5,3,229.27,Friday,False,False
m-024,2026-03-07,809.23,5,4,161.85,Saturday,True,False
m-024,2026-03-08,887.88,5,3,177.58,Sunday,True,False
m-024,2026-03-09,2264.62,5,4,452.92,Monday,False,False
m-024,2026-03-10,1428.06,2,1,714.03,Tuesday,False,False
m-024,2026-03-11,793.86,4,3,198.46,Wednesday,False,False
m-024,2026-03-12,286.09,3,2,95.36,Thursday,False,False
m-024,2026-03-13,714.03,1,1,714.03,Friday,False,False
m-024,2026-03-15,737.51,3,2,245.84,Sunday,True,False
m-024,2026-03-16,1773.34,4,2,443.34,Monday,False,False
m-024,2026-03-17,3001.2,4,3,750.3,Tuesday,False,False
m-024,2026-03-18,70.64,2,1,35.32,Wednesday,False,False
m-024,2026-03-19,3256.35,3,2,1085.45,Thursday,False,False
m-024,2026-03-20,1044.01,7,5,149.14,Friday,False,True
m-024,2026-03-21,1836.69,6,2,306.12,Saturday,True,False
m-024,2026-03-23,426.75,3,2,142.25,Monday,False,False
m-024,2026-03-24,394.9,3,3,131.63,Tuesday,False,False
m-024,2026-03-25,2029.9,5,4,405.98,Wednesday,False,False
m-024,2026-03-26,320.96,2,1,160.48,Thursday,False,False
m-024,2026-03-27,382.14,3,3,127.38,Friday,False,False
m-024,2026-03-28,2536.76,6,3,422.79,Saturday,True,False
m-024,2026-03-29,2837.77,5,5,567.55,Sunday,True,False
m-024,2026-03-30,138.11,2,1,69.06,Monday,False,False
m-024,2026-03-31,1347.11,5,3,269.42,Tuesday,False,False
m-024,2026-04-01,1647.92,4,3,411.98,Wednesday,False,False
m-024,2026-04-02,2279.44,7,6,325.63,Thursday,False,False
m-024,2026-04-03,260.46,2,1,130.23,Friday,False,False
m-024,2026-04-04,1606.16,6,5,267.69,Saturday,True,False
m-024,2026-04-06,1132.97,5,4,226.59,Monday,False,False
m-024,2026-04-07,657.45,1,0,657.45,Tuesday,False,False
m-024,2026-04-08,965.1,4,2,241.27,Wednesday,False,False
m-024,2026-04-09,1585.34,3,2,528.45,Thursday,False,False
m-024,2026-04-10,2452.25,8,5,306.53,Friday,False,False
m-024,2026-04-11,736.26,4,3,184.06,Saturday,True,False
m-024,2026-04-12,329.63,4,3,82.41,Sunday,True,False
m-024,2026-04-13,221.31,2,2,110.66,Monday,False,False
m-024,2026-04-14,2299.63,3,2,766.54,Tuesday,False,False
m-024,2026-04-15,1056.09,4,2,264.02,Wednesday,False,False
m-024,2026-04-16,23.95,1,1,23.95,Thursday,False,False
m-024,2026-04-17,102.79,1,1,102.79,Friday,False,False
m-024,2026-04-18,454.9,2,2,227.45,Saturday,True,False
m-024,2026-04-19,1320.26,5,3,264.05,Sunday,True,False
m-024,2026-04-20,1460.91,6,5,243.48,Monday,False,False
m-024,2026-04-21,1867.7,5,3,373.54,Tuesday,False,False
m-024,2026-04-22,197.36,2,1,98.68,Wednesday,False,False
m-024,2026-04-23,619.01,4,3,154.75,Thursday,False,False
m-024,2026-04-24,3792.41,7,4,541.77,Friday,False,False
m-024,2026-04-25,1387.28,3,2,462.43,Saturday,True,False
m-024,2026-04-26,1678.28,6,5,279.71,Sunday,True,False
m-024,2026-04-27,226.82,1,0,226.82,Monday,False,False
m-024,2026-04-28,453.64,1,1,453.64,Tuesday,False,False
m-024,2026-04-29,1312.36,5,2,262.47,Wednesday,False,False
m-024,2026-04-30,324.72,3,3,108.24,Thursday,False,False
m-024,2026-05-01,236.37,3,2,78.79,Friday,False,False
m-024,2026-05-02,1149.05,4,2,287.26,Saturday,True,False
m-024,2026-05-03,1099.99,4,3,275.0,Sunday,True,False
m-024,2026-05-04,384.26,1,1,384.26,Monday,False,False
m-024,2026-05-05,520.23,2,2,260.12,Tuesday,False,False
m-024,2026-05-06,1684.52,3,3,561.51,Wednesday,False,False
m-024,2026-05-07,173.41,1,0,173.41,Thursday,False,False
m-024,2026-05-08,3115.28,6,4,519.21,Friday,False,False
m-024,2026-05-09,3366.81,5,5,673.36,Saturday,True,False
m-024,2026-05-10,1155.41,5,3,231.08,Sunday,True,False
m-024,2026-05-11,322.31,2,1,161.16,Monday,False,False
m-024,2026-05-12,817.29,5,3,163.46,Tuesday,False,False
m-024,2026-05-13,657.83,5,4,131.57,Wednesday,False,False
m-024,2026-05-14,2064.47,4,3,516.12,Thursday,False,False
m-024,2026-05-15,237.22,3,3,79.07,Friday,False,False
m-024,2026-05-16,605.22,5,2,121.04,Saturday,True,False
m-024,2026-05-17,973.87,2,1,486.94,Sunday,True,False
m-024,2026-05-18,667.43,3,1,222.48,Monday,False,False
m-024,2026-05-19,1060.06,2,1,530.03,Tuesday,False,False
m-024,2026-05-20,1281.79,5,4,256.36,Wednesday,False,False
m-024,2026-05-21,2356.95,5,4,471.39,Thursday,False,False
m-024,2026-05-22,1355.16,6,5,225.86,Friday,False,False
m-024,2026-05-23,525.8,5,3,105.16,Saturday,True,False
m-024,2026-05-24,1107.88,6,3,184.65,Sunday,True,False
m-024,2026-05-25,597.59,4,3,149.4,Monday,False,False
m-024,2026-05-26,1032.02,3,2,344.01,Tuesday,False,False
m-024,2026-05-27,1647.21,2,2,823.6,Wednesday,False,False
m-024,2026-05-28,762.0,4,2,190.5,Thursday,False,False
m-024,2026-05-29,775.6,5,5,155.12,Friday,False,False
m-024,2026-05-30,314.48,3,0,104.83,Saturday,True,False
m-024,2026-05-31,1560.17,4,3,390.04,Sunday,True,False
m-024,2026-06-01,2147.59,3,3,715.86,Monday,False,False
m-024,2026-06-02,3343.07,4,3,835.77,Tuesday,False,False
m-024,2026-06-03,1258.88,2,1,629.44,Wednesday,False,False
m-024,2026-06-04,1015.48,5,5,203.1,Thursday,False,False
m-024,2026-06-05,173.41,1,1,173.41,Friday,False,False
m-024,2026-06-06,2604.79,4,3,651.2,Saturday,True,False
m-024,2026-06-07,595.96,4,2,148.99,Sunday,True,False
m-024,2026-06-08,336.98,4,3,84.24,Monday,False,False
m-024,2026-06-09,871.57,2,1,435.78,Tuesday,False,False
m-024,2026-06-10,1291.64,3,1,430.55,Wednesday,False,False
m-024,2026-06-11,1654.88,2,1,827.44,Thursday,False,False
m-024,2026-06-12,110.48,2,1,55.24,Friday,False,False
m-024,2026-06-13,2361.73,6,4,393.62,Saturday,True,False
m-024,2026-06-14,714.92,4,2,178.73,Sunday,True,False
m-024,2026-06-15,990.23,3,2,330.08,Monday,False,False
m-024,2026-06-16,2612.88,5,4,522.58,Tuesday,False,False
m-024,2026-06-17,340.97,4,2,85.24,Wednesday,False,False
m-024,2026-06-18,4246.63,4,1,1061.66,Thursday,False,False
m-024,2026-06-19,2110.07,4,4,527.52,Friday,False,False
m-024,2026-06-20,1530.28,4,4,382.57,Saturday,True,False
m-024,2026-06-21,367.64,3,1,122.55,Sunday,True,False
m-024,2026-06-22,520.23,1,1,520.23,Monday,False,False
m-024,2026-06-24,1126.71,5,4,225.34,Wednesday,False,False
m-024,2026-06-25,1523.15,4,2,380.79,Thursday,False,False
m-024,2026-06-26,800.56,3,3,266.85,Friday,False,False
m-024,2026-06-27,1317.44,3,2,439.15,Saturday,True,False
m-024,2026-06-28,1565.21,5,3,313.04,Sunday,True,False
m-024,2026-06-29,1981.15,4,3,495.29,Monday,False,False
m-024,2026-06-30,205.44,2,1,102.72,Tuesday,False,False
m-024,2026-07-01,2972.32,5,3,594.46,Wednesday,False,False
m-024,2026-07-02,2538.85,6,4,423.14,Thursday,False,False
m-024,2026-07-03,226.82,1,1,226.82,Friday,False,False
m-024,2026-07-04,2814.08,5,3,562.82,Saturday,True,False
m-024,2026-07-05,1188.89,5,2,237.78,Sunday,True,False
m-024,2026-07-06,1671.97,4,1,417.99,Monday,False,False
m-024,2026-07-07,804.23,3,2,268.08,Tuesday,False,False
m-024,2026-07-08,2368.91,2,1,1184.46,Wednesday,False,False
m-024,2026-07-09,581.62,3,1,193.87,Thursday,False,False
m-024,2026-07-10,1993.22,3,2,664.41,Friday,False,False
m-024,2026-07-11,912.79,2,0,456.4,Saturday,True,False
m-024,2026-07-12,544.36,4,3,136.09,Sunday,True,False
m-024,2026-07-13,1528.76,5,5,305.75,Monday,False,False
m-024,2026-07-14,35.32,1,1,35.32,Tuesday,False,False
m-024,2026-07-15,503.02,3,2,167.67,Wednesday,False,False
m-024,2026-07-16,555.04,4,3,138.76,Thursday,False,False
m-024,2026-07-17,35.32,1,1,35.32,Friday,False,False
m-024,2026-07-18,1828.58,3,1,609.53,Saturday,True,False
m-024,2026-07-19,408.21,2,2,204.1,Sunday,True,False
m-024,2026-07-20,226.82,1,0,226.82,Monday,False,False
m-024,2026-07-21,70.64,2,1,35.32,Tuesday,False,False
m-024,2026-07-22,23.95,1,0,23.95,Wednesday,False,False
m-024,2026-07-23,848.18,4,4,212.04,Thursday,False,False
m-024,2026-07-24,4436.29,6,4,739.38,Friday,False,False
m-024,2026-07-25,1371.66,4,3,342.92,Saturday,True,False
m-024,2026-07-26,54.88,1,1,54.88,Sunday,True,False
m-024,2026-07-27,772.77,4,3,193.19,Monday,False,False
m-024,2026-07-28,1501.71,5,4,300.34,Tuesday,False,False
m-024,2026-07-29,942.89,4,2,235.72,Wednesday,False,False
m-024,2026-07-30,4679.11,7,4,668.44,Thursday,False,False
m-024,2026-07-31,424.73,3,2,141.58,Friday,False,False
m-024,2026-08-01,715.08,4,3,178.77,Saturday,True,False
m-024,2026-08-02,1372.9,3,2,457.63,Sunday,True,False
m-024,2026-08-03,457.48,4,2,114.37,Monday,False,False
m-024,2026-08-04,157.54,1,0,157.54,Tuesday,False,False
m-024,2026-08-05,873.22,3,3,291.07,Wednesday,False,False
m-024,2026-08-06,746.53,4,3,186.63,Thursday,False,False
m-024,2026-08-07,281.7,2,2,140.85,Friday,False,False
m-024,2026-08-08,668.23,3,3,222.74,Saturday,True,False
m-024,2026-08-09,1062.83,4,4,265.71,Sunday,True,False
m-024,2026-08-10,693.64,1,0,693.64,Monday,False,False
m-024,2026-08-11,54.88,1,1,54.88,Tuesday,False,False
m-024,2026-08-12,320.96,2,0,160.48,Wednesday,False,False
m-024,2026-08-13,23.95,1,1,23.95,Thursday,False,False
m-024,2026-08-14,676.7,4,2,169.18,Friday,False,False
m-024,2026-08-15,1223.66,5,4,244.73,Saturday,True,True
m-024,2026-08-16,2057.9,7,6,293.99,Sunday,True,False
m-024,2026-08-17,1697.3,4,4,424.32,Monday,False,False
m-024,2026-08-18,914.72,4,4,228.68,Tuesday,False,False
m-024,2026-08-19,773.3,3,3,257.77,Wednesday,False,False
m-024,2026-08-20,452.8,5,5,90.56,Thursday,False,False
m-024,2026-08-21,446.48,2,2,223.24,Friday,False,False
m-024,2026-08-22,860.5,3,1,286.83,Saturday,True,False
m-024,2026-08-23,1227.98,3,2,409.33,Sunday,True,False
m-024,2026-08-24,473.62,3,3,157.87,Monday,False,False
m-024,2026-08-25,2305.56,2,2,1152.78,Tuesday,False,False
m-024,2026-08-26,384.49,3,2,128.16,Wednesday,False,False
m-024,2026-08-27,681.4,2,2,340.7,Thursday,False,False
m-024,2026-08-28,1603.04,6,6,267.17,Friday,False,True
m-024,2026-08-29,797.25,3,3,265.75,Saturday,True,False
m-024,2026-08-30,1376.83,6,5,229.47,Sunday,True,False
m-024,2026-08-31,1139.58,4,2,284.9,Monday,False,False
m-024,2026-09-01,1512.98,3,2,504.33,Tuesday,False,False
m-024,2026-09-02,425.83,3,2,141.94,Wednesday,False,False
m-024,2026-09-03,131.12,2,1,65.56,Thursday,False,False
m-024,2026-09-04,173.41,1,1,173.41,Friday,False,False
m-024,2026-09-05,1128.34,4,4,282.08,Saturday,True,False
m-024,2026-09-06,3735.63,5,4,747.13,Sunday,True,False
m-024,2026-09-07,1115.73,3,1,371.91,Monday,False,False
m-024,2026-09-08,595.47,5,3,119.09,Tuesday,False,False
m-024,2026-09-09,3423.86,4,3,855.96,Wednesday,False,False
m-024,2026-09-10,699.4,4,4,174.85,Thursday,False,False
m-024,2026-09-11,892.78,3,3,297.59,Friday,False,False
m-024,2026-09-12,1298.41,5,3,259.68,Saturday,True,False
m-024,2026-09-13,1107.77,4,1,276.94,Sunday,True,False
m-024,2026-09-14,3029.53,3,1,1009.84,Monday,False,False
m-024,2026-09-15,1563.49,3,2,521.16,Tuesday,False,False
m-024,2026-09-16,778.05,4,4,194.51,Wednesday,False,False
m-024,2026-09-17,2357.03,6,4,392.84,Thursday,False,False
m-025,2025-09-18,3230.36,4,2,807.59,Thursday,False,False
m-025,2025-09-19,1077.02,2,2,538.51,Friday,False,False
m-025,2025-09-20,3372.9,4,4,843.22,Saturday,True,False
m-025,2025-09-21,7546.39,4,2,1886.6,Sunday,True,False
m-025,2025-09-22,2816.18,2,1,1408.09,Monday,False,False
m-025,2025-09-23,7133.47,5,3,1426.69,Tuesday,False,False
m-025,2025-09-24,4176.56,2,1,2088.28,Wednesday,False,False
m-025,2025-09-25,3893.33,4,1,973.33,Thursday,False,False
m-025,2025-09-26,1939.97,2,2,969.98,Friday,False,False
m-025,2025-09-27,7898.62,6,5,1316.44,Saturday,True,False
m-025,2025-09-28,5674.55,5,2,1134.91,Sunday,True,False
m-025,2025-09-29,1009.97,1,1,1009.97,Monday,False,False
m-025,2025-09-30,727.9,1,1,727.9,Tuesday,False,False
m-025,2025-10-01,2049.74,3,3,683.25,Wednesday,False,False
m-025,2025-10-02,5525.16,4,3,1381.29,Thursday,False,False
m-025,2025-10-03,2857.61,4,2,714.4,Friday,False,False
m-025,2025-10-04,2790.0,3,2,930.0,Saturday,True,False
m-025,2025-10-05,7361.75,4,3,1840.44,Sunday,True,False
m-025,2025-10-06,7010.05,7,5,1001.44,Monday,False,False
m-025,2025-10-07,5546.92,4,2,1386.73,Tuesday,False,False
m-025,2025-10-08,4518.26,5,2,903.65,Wednesday,False,False
m-025,2025-10-09,3098.25,2,2,1549.12,Thursday,False,False
m-025,2025-10-10,6857.53,5,3,1371.51,Friday,False,False
m-025,2025-10-11,1922.24,2,1,961.12,Saturday,True,False
m-025,2025-10-12,3343.81,3,1,1114.6,Sunday,True,False
m-025,2025-10-13,1971.09,2,1,985.54,Monday,False,False
m-025,2025-10-14,391.84,1,1,391.84,Tuesday,False,False
m-025,2025-10-15,4146.31,3,1,1382.1,Wednesday,False,False
m-025,2025-10-16,6879.4,7,6,982.77,Thursday,False,False
m-025,2025-10-17,10813.37,9,8,1201.49,Friday,False,False
m-025,2025-10-18,3881.97,3,1,1293.99,Saturday,True,False
m-025,2025-10-19,7104.41,5,1,1420.88,Sunday,True,False
m-025,2025-10-20,7149.58,7,4,1021.37,Monday,False,True
m-025,2025-10-21,3292.93,4,3,823.23,Tuesday,False,True
m-025,2025-10-22,6564.19,5,5,1312.84,Wednesday,False,True
m-025,2025-10-23,3185.19,2,2,1592.6,Thursday,False,False
m-025,2025-10-24,1119.74,2,1,559.87,Friday,False,False
m-025,2025-10-25,8940.78,8,8,1117.6,Saturday,True,False
m-025,2025-10-26,961.12,1,1,961.12,Sunday,True,False
m-025,2025-10-27,2224.07,1,0,2224.07,Monday,False,False
m-025,2025-10-28,2331.81,3,3,777.27,Tuesday,False,False
m-025,2025-10-29,6686.55,5,4,1337.31,Wednesday,False,False
m-025,2025-10-30,3490.09,3,3,1163.36,Thursday,False,False
m-025,2025-10-31,3703.46,3,3,1234.49,Friday,False,False
m-025,2025-11-01,6837.01,7,5,976.72,Saturday,True,False
m-025,2025-11-02,3635.12,4,4,908.78,Sunday,True,False
m-025,2025-11-03,3441.24,3,3,1147.08,Monday,False,False
m-025,2025-11-04,3961.94,3,3,1320.65,Tuesday,False,False
m-025,2025-11-05,4080.95,5,3,816.19,Wednesday,False,False
m-025,2025-11-06,7858.26,5,4,1571.65,Thursday,False,False
m-025,2025-11-07,9687.37,7,5,1383.91,Friday,False,False
m-025,2025-11-08,6036.56,4,3,1509.14,Saturday,True,False
m-025,2025-11-09,1689.02,2,2,844.51,Sunday,True,False
m-025,2025-11-10,5239.23,5,2,1047.85,Monday,False,False
m-025,2025-11-11,4371.24,4,3,1092.81,Tuesday,False,False
m-025,2025-11-12,1689.02,2,1,844.51,Wednesday,False,False
m-025,2025-11-13,2007.02,3,2,669.01,Thursday,False,False
m-025,2025-11-14,5147.99,5,4,1029.6,Friday,False,False
m-025,2025-11-15,7323.21,6,3,1220.54,Saturday,True,False
m-025,2025-11-16,1689.02,2,2,844.51,Sunday,True,False
m-025,2025-11-17,11249.85,7,4,1607.12,Monday,False,False
m-025,2025-11-18,6468.08,4,2,1617.02,Tuesday,False,False
m-025,2025-11-19,3537.42,4,3,884.36,Wednesday,False,False
m-025,2025-11-20,3230.36,4,2,807.59,Thursday,False,False
m-025,2025-11-21,3007.75,3,3,1002.58,Friday,False,False
m-025,2025-11-22,6735.4,5,3,1347.08,Saturday,True,False
m-025,2025-11-23,9585.82,5,4,1917.16,Sunday,True,False
m-025,2025-11-24,685.18,1,1,685.18,Monday,False,False
m-025,2025-11-25,4524.43,4,2,1131.11,Tuesday,False,False
m-025,2025-11-26,2901.09,3,3,967.03,Wednesday,False,False
m-025,2025-11-27,727.9,1,1,727.9,Thursday,False,False
m-025,2025-11-28,6102.92,6,5,1017.15,Friday,False,False
m-025,2025-11-29,6604.55,6,3,1100.76,Saturday,True,False
m-025,2025-11-30,13516.64,8,6,1689.58,Sunday,True,False
m-025,2025-12-01,3410.12,3,2,1136.71,Monday,False,False
m-025,2025-12-02,930.0,1,0,930.0,Tuesday,False,False
m-025,2025-12-03,3833.08,4,4,958.27,Wednesday,False,False
m-025,2025-12-04,1370.36,2,1,685.18,Thursday,False,False
m-025,2025-12-05,2773.46,2,2,1386.73,Friday,False,False
m-025,2025-12-06,4997.53,3,2,1665.84,Saturday,True,False
m-025,2025-12-07,961.12,1,1,961.12,Sunday,True,False
m-025,2025-12-08,4312.35,2,0,2156.18,Monday,False,False
m-025,2025-12-09,3208.02,3,2,1069.34,Tuesday,False,False
m-025,2025-12-10,6795.58,5,4,1359.12,Wednesday,False,False
m-025,2025-12-11,2576.3,3,3,858.77,Thursday,False,False
m-025,2025-12-12,2411.78,3,2,803.93,Friday,False,False
m-025,2025-12-13,7477.65,5,4,1495.53,Saturday,True,False
m-025,2025-12-14,8626.52,7,5,1232.36,Sunday,True,False
m-025,2025-12-15,3577.03,3,3,1192.34,Monday,False,False
m-025,2025-12-16,16331.86,5,3,3266.37,Tuesday,False,False
m-025,2025-12-17,2007.02,3,1,669.01,Wednesday,False,False
m-025,2025-12-18,8639.62,7,5,1234.23,Thursday,False,False
m-025,2025-12-19,4217.99,4,4,1054.5,Friday,False,False
m-025,2025-12-20,6888.65,5,4,1377.73,Saturday,True,False
m-025,2025-12-21,7626.12,7,2,1089.45,Sunday,True,False
m-025,2025-12-22,685.18,1,1,685.18,Monday,False,False
m-025,2025-12-23,2951.97,2,2,1475.98,Tuesday,False,False
m-025,2025-12-25,5594.58,5,3,1118.92,Thursday,False,True
m-025,2025-12-26,6667.06,6,4,1111.18,Friday,False,False
m-025,2025-12-27,3727.16,5,4,745.43,Saturday,True,False
m-025,2025-12-28,2385.8,3,3,795.27,Sunday,True,False
m-025,2025-12-29,3978.11,5,3,795.62,Monday,False,False
m-025,2025-12-30,1077.02,2,1,538.51,Tuesday,False,False
m-025,2025-12-31,8341.34,6,5,1390.22,Wednesday,False,True
m-025,2026-01-01,6453.33,5,3,1290.67,Thursday,False,True
m-025,2026-01-02,2773.46,2,2,1386.73,Friday,False,False
m-025,2026-01-03,2667.87,3,3,889.29,Saturday,True,False
m-025,2026-01-04,6048.66,6,4,1008.11,Sunday,True,False
m-025,2026-01-06,5688.14,5,5,1137.63,Tuesday,False,False
m-025,2026-01-07,2803.62,4,3,700.9,Wednesday,False,False
m-025,2026-01-08,9132.27,9,8,1014.7,Thursday,False,False
m-025,2026-01-09,2224.07,1,1,2224.07,Friday,False,False
m-025,2026-01-10,3346.92,4,4,836.73,Saturday,True,False
m-025,2026-01-11,7229.55,7,4,1032.79,Sunday,True,False
m-025,2026-01-12,2224.07,1,1,2224.07,Monday,False,False
m-025,2026-01-13,3016.99,4,4,754.25,Tuesday,False,False
m-025,2026-01-14,9500.7,8,6,1187.59,Wednesday,False,True
m-025,2026-01-15,2951.97,2,1,1475.98,Thursday,False,False
m-025,2026-01-16,2909.25,2,1,1454.62,Friday,False,False
m-025,2026-01-17,1793.65,3,3,597.88,Saturday,True,False
m-025,2026-01-18,5485.55,5,4,1097.11,Sunday,True,False
m-025,2026-01-19,6257.42,5,5,1251.48,Monday,False,False
m-025,2026-01-20,1468.86,3,0,489.62,Tuesday,False,False
m-025,2026-01-21,2196.76,4,4,549.19,Wednesday,False,False
m-025,2026-01-22,4923.06,4,3,1230.77,Thursday,False,False
m-025,2026-01-23,2088.28,1,0,2088.28,Friday,False,False
m-025,2026-01-24,4811.97,4,3,1202.99,Saturday,True,False
m-025,2026-01-26,3384.17,4,2,846.04,Monday,False,False
m-025,2026-01-27,727.9,1,1,727.9,Tuesday,False,False
m-025,2026-01-28,5841.46,5,4,1168.29,Wednesday,False,False
m-025,2026-01-29,1922.24,2,1,961.12,Thursday,False,False
m-025,2026-01-30,3777.3,3,2,1259.1,Friday,False,False
m-025,2026-01-31,6252.32,4,2,1563.08,Saturday,True,False
m-025,2026-02-01,10912.54,8,4,1364.07,Sunday,True,False
m-025,2026-02-02,7466.42,4,3,1866.6,Monday,False,False
m-025,2026-02-03,4176.56,2,0,2088.28,Tuesday,False,False
m-025,2026-02-04,4997.53,3,3,1665.84,Wednesday,False,False
m-025,2026-02-05,3787.61,5,5,757.52,Thursday,False,False
m-025,2026-02-06,4971.91,4,3,1242.98,Friday,False,False
m-025,2026-02-07,3490.09,3,1,1163.36,Saturday,True,False
m-025,2026-02-08,7696.52,6,5,1282.75,Sunday,True,False
m-025,2026-02-09,3625.88,3,2,1208.63,Monday,False,False
m-025,2026-02-10,3995.51,5,2,799.1,Tuesday,False,False
m-025,2026-02-11,1737.87,2,2,868.94,Wednesday,False,False
m-025,2026-02-12,6675.28,5,4,1335.06,Thursday,False,False
m-025,2026-02-13,2667.87,3,3,889.29,Friday,False,False
m-025,2026-02-14,8266.87,7,6,1180.98,Saturday,True,False
m-025,2026-02-15,1009.97,1,1,1009.97,Sunday,True,False
m-025,2026-02-16,3777.3,3,2,1259.1,Monday,False,False
m-025,2026-02-17,4713.43,4,2,1178.36,Tuesday,False,False
m-025,2026-02-18,12718.75,9,6,1413.19,Wednesday,False,False
m-025,2026-02-19,3206.73,5,4,641.35,Thursday,False,False
m-025,2026-02-20,6186.01,4,3,1546.5,Friday,False,False
m-025,2026-02-21,2698.99,3,0,899.66,Saturday,True,False
m-025,2026-02-22,3666.24,4,3,916.56,Sunday,True,False
m-025,2026-02-23,5717.27,5,4,1143.45,Monday,False,False
m-025,2026-02-24,961.12,1,1,961.12,Tuesday,False,False
m-025,2026-02-25,7036.0,6,5,1172.67,Wednesday,False,False
m-025,2026-02-26,2968.14,4,4,742.04,Thursday,False,False
m-025,2026-02-27,3029.91,3,2,1009.97,Friday,False,False
m-025,2026-02-28,3929.26,5,4,785.85,Saturday,True,False
m-025,2026-03-01,2615.91,2,1,1307.96,Sunday,True,False
m-025,2026-03-02,3372.9,4,3,843.22,Monday,False,False
m-025,2026-03-03,2088.28,1,1,2088.28,Tuesday,False,False
m-025,2026-03-04,7812.42,7,7,1116.06,Wednesday,False,True
m-025,2026-03-05,13328.89,7,6,1904.13,Thursday,False,False
m-025,2026-03-06,3597.87,4,4,899.47,Friday,False,False
m-025,2026-03-07,3049.4,2,2,1524.7,Saturday,True,False
m-025,2026-03-08,1689.02,2,2,844.51,Sunday,True,False
m-025,2026-03-09,961.12,1,0,961.12,Monday,False,False
m-025,2026-03-10,2901.09,3,2,967.03,Tuesday,False,False
m-025,2026-03-11,1413.08,2,2,706.54,Wednesday,False,False
m-025,2026-03-12,727.9,1,1,727.9,Thursday,False,False
m-025,2026-03-13,2545.18,3,3,848.39,Friday,False,False
m-025,2026-03-14,2088.28,1,0,2088.28,Saturday,True,False
m-025,2026-03-15,961.12,1,1,961.12,Sunday,True,False
m-025,2026-03-16,4345.29,5,4,869.06,Monday,False,False
m-025,2026-03-17,6094.44,4,0,1523.61,Tuesday,False,False
m-025,2026-03-18,3433.02,4,2,858.26,Wednesday,False,False
m-025,2026-03-19,7330.63,4,2,1832.66,Thursday,False,False
m-025,2026-03-20,8150.31,7,4,1164.33,Friday,False,True
m-025,2026-03-21,4325.77,5,3,865.15,Saturday,True,False
m-025,2026-03-22,3154.07,2,1,1577.04,Sunday,True,False
m-025,2026-03-23,1413.08,2,2,706.54,Monday,False,False
m-025,2026-03-24,2615.91,2,2,1307.96,Tuesday,False,False
m-025,2026-03-25,5810.34,5,4,1162.07,Wednesday,False,False
m-025,2026-03-26,5389.37,4,3,1347.34,Thursday,False,False
m-025,2026-03-27,2803.62,4,1,700.9,Friday,False,False
m-025,2026-03-28,1744.8,3,2,581.6,Saturday,True,False
m-025,2026-03-29,2773.46,2,1,1386.73,Sunday,True,False
m-025,2026-03-30,5106.56,3,3,1702.19,Monday,False,False
m-025,2026-03-31,961.12,1,1,961.12,Tuesday,False,False
m-025,2026-04-01,3324.05,4,2,831.01,Wednesday,False,False
m-025,2026-04-02,2816.18,2,1,1408.09,Thursday,False,False
m-025,2026-04-03,8577.67,7,5,1225.38,Friday,False,False
m-025,2026-04-04,4138.02,4,3,1034.51,Saturday,True,False
m-025,2026-04-05,2080.86,3,3,693.62,Sunday,True,False
m-025,2026-04-06,685.18,1,1,685.18,Monday,False,False
m-025,2026-04-07,961.12,1,0,961.12,Tuesday,False,False
m-025,2026-04-08,3098.25,2,1,1549.12,Wednesday,False,False
m-025,2026-04-09,3301.09,3,2,1100.36,Thursday,False,False
m-025,2026-04-10,685.18,1,0,685.18,Friday,False,False
m-025,2026-04-11,2196.76,4,2,549.19,Saturday,True,False
m-025,2026-04-12,3501.36,3,1,1167.12,Sunday,True,False
m-025,2026-04-13,2129.71,3,3,709.9,Monday,False,False
m-025,2026-04-14,727.9,1,0,727.9,Tuesday,False,False
m-025,2026-04-15,6489.35,7,2,927.05,Wednesday,False,False
m-025,2026-04-16,3826.15,3,1,1275.38,Thursday,False,False
m-025,2026-04-17,2773.46,2,2,1386.73,Friday,False,False
m-025,2026-04-18,3746.18,3,1,1248.73,Saturday,True,False
m-025,2026-04-19,3727.16,5,3,745.43,Sunday,True,False
m-025,2026-04-20,727.9,1,1,727.9,Monday,False,False
m-025,2026-04-21,3948.28,3,3,1316.09,Tuesday,False,False
m-025,2026-04-22,2871.96,3,2,957.32,Wednesday,False,False
m-025,2026-04-23,5859.19,5,2,1171.84,Thursday,False,False
m-025,2026-04-25,5754.52,5,3,1150.9,Saturday,True,False
m-025,2026-04-26,6503.68,5,4,1300.74,Sunday,True,False
m-025,2026-04-27,2480.12,2,1,1240.06,Monday,False,False
m-025,2026-04-28,1737.87,2,2,868.94,Tuesday,False,False
m-025,2026-04-29,5234.93,5,4,1046.99,Wednesday,False,False
m-025,2026-04-30,2088.28,1,1,2088.28,Thursday,False,False
m-025,2026-05-01,727.9,1,1,727.9,Friday,False,False
m-025,2026-05-02,3343.81,3,2,1114.6,Saturday,True,False
m-025,2026-05-03,3635.12,4,2,908.78,Sunday,True,False
m-025,2026-05-04,4095.3,4,2,1023.82,Monday,False,False
m-025,2026-05-05,2183.7,3,1,727.9,Tuesday,False,False
m-025,2026-05-06,9392.0,8,5,1174.0,Wednesday,False,False
m-025,2026-05-08,4431.36,4,2,1107.84,Friday,False,False
m-025,2026-05-09,6851.36,6,4,1141.89,Saturday,True,False
m-025,2026-05-10,8235.93,5,5,1647.19,Sunday,True,False
m-025,2026-05-11,5841.46,5,1,1168.29,Monday,False,False
m-025,2026-05-12,6486.28,5,5,1297.26,Tuesday,False,False
m-025,2026-05-13,4312.35,2,0,2156.18,Wednesday,False,False
m-025,2026-05-14,5056.42,5,3,1011.28,Thursday,False,False
m-025,2026-05-15,1321.84,2,2,660.92,Friday,False,False
m-025,2026-05-16,2951.97,2,1,1475.98,Saturday,True,False
m-025,2026-05-17,1695.15,2,2,847.58,Sunday,True,False
m-025,2026-05-18,3826.15,3,3,1275.38,Monday,False,False
m-025,2026-05-19,2080.86,3,3,693.62,Tuesday,False,False
m-025,2026-05-20,2224.07,1,0,2224.07,Wednesday,False,False
m-025,2026-05-21,3919.22,3,2,1306.41,Thursday,False,False
m-025,2026-05-22,6336.14,6,4,1056.02,Friday,False,False
m-025,2026-05-23,3635.12,4,2,908.78,Saturday,True,False
m-025,2026-05-24,5056.42,5,5,1011.28,Sunday,True,False
m-025,2026-05-25,4843.05,5,2,968.61,Monday,False,False
m-025,2026-05-26,3844.48,4,3,961.12,Tuesday,False,False
m-025,2026-05-27,6001.37,4,3,1500.34,Wednesday,False,False
m-025,2026-05-28,2949.94,3,3,983.31,Thursday,False,False
m-025,2026-05-29,3839.25,3,1,1279.75,Friday,False,False
m-025,2026-05-30,4555.88,4,4,1138.97,Saturday,True,False
m-025,2026-05-31,6603.79,7,5,943.4,Sunday,True,False
m-025,2026-06-01,8732.11,6,5,1455.35,Monday,False,False
m-025,2026-06-02,685.18,1,0,685.18,Tuesday,False,False
m-025,2026-06-03,5241.06,5,1,1048.21,Wednesday,False,False
m-025,2026-06-04,2129.71,3,2,709.9,Thursday,False,False
m-025,2026-06-05,3968.87,4,1,992.22,Friday,False,False
m-025,2026-06-06,2019.94,2,2,1009.97,Saturday,True,False
m-025,2026-06-07,5147.99,5,4,1029.6,Sunday,True,False
m-025,2026-06-08,685.18,1,0,685.18,Monday,False,False
m-025,2026-06-09,5853.06,5,4,1170.61,Tuesday,False,False
m-025,2026-06-10,12614.08,9,8,1401.56,Wednesday,False,False
m-025,2026-06-11,6938.24,6,4,1156.37,Thursday,False,False
m-025,2026-06-12,4115.19,3,3,1371.73,Friday,False,False
m-025,2026-06-13,4891.94,4,2,1222.99,Saturday,True,False
m-025,2026-06-14,4138.02,4,2,1034.51,Sunday,True,False
m-025,2026-06-15,1689.02,2,1,844.51,Monday,False,False
m-025,2026-06-16,6196.05,6,5,1032.68,Tuesday,False,False
m-025,2026-06-17,6244.9,6,4,1040.82,Wednesday,False,False
m-025,2026-06-18,8038.77,6,5,1339.8,Thursday,False,False
m-025,2026-06-19,4568.4,3,1,1522.8,Friday,False,False
m-025,2026-06-20,5461.18,5,3,1092.24,Saturday,True,False
m-025,2026-06-21,1413.08,2,1,706.54,Sunday,True,False
m-025,2026-06-22,3628.99,4,2,907.25,Monday,False,False
m-025,2026-06-23,3545.91,3,2,1181.97,Tuesday,False,False
m-025,2026-06-24,2224.07,1,1,2224.07,Wednesday,False,False
m-025,2026-06-25,3261.81,4,3,815.45,Thursday,False,False
m-025,2026-06-26,4176.56,2,2,2088.28,Friday,False,False
m-025,2026-06-27,2932.21,3,1,977.4,Saturday,True,False
m-025,2026-06-28,4712.14,6,6,785.36,Sunday,True,False
m-025,2026-06-29,3818.73,5,5,763.75,Monday,False,False
m-025,2026-06-30,3016.99,4,3,754.25,Tuesday,False,False
m-025,2026-07-01,6708.22,8,7,838.53,Wednesday,False,False
m-025,2026-07-02,6117.27,5,2,1223.45,Thursday,False,False
m-025,2026-07-03,1009.97,1,1,1009.97,Friday,False,False
m-025,2026-07-04,2380.33,3,0,793.44,Saturday,True,False
m-025,2026-07-05,3751.12,4,4,937.78,Sunday,True,False
m-025,2026-07-06,4828.14,6,5,804.69,Monday,False,False
m-025,2026-07-07,3839.25,3,1,1279.75,Tuesday,False,False
m-025,2026-07-08,6936.31,6,2,1156.05,Wednesday,False,False
m-025,2026-07-09,2088.28,1,0,2088.28,Thursday,False,False
m-025,2026-07-10,1860.0,2,1,930.0,Friday,False,False
m-025,2026-07-11,7628.15,6,5,1271.36,Saturday,True,False
m-025,2026-07-12,4115.19,3,2,1371.73,Sunday,True,False
m-025,2026-07-13,1615.18,2,2,807.59,Monday,False,False
m-025,2026-07-14,3018.28,2,1,1509.14,Tuesday,False,False
m-025,2026-07-15,2698.99,3,2,899.66,Wednesday,False,False
m-025,2026-07-16,1077.02,2,2,538.51,Thursday,False,False
m-025,2026-07-17,4420.09,4,2,1105.02,Friday,False,False
m-025,2026-07-18,1737.87,2,1,868.94,Saturday,True,False
m-025,2026-07-19,4849.22,4,4,1212.3,Sunday,True,False
m-025,2026-07-20,5176.04,3,1,1725.35,Monday,False,False
m-025,2026-07-21,5040.25,3,2,1680.08,Tuesday,False,False
m-025,2026-07-22,3410.12,3,3,1136.71,Wednesday,False,False
m-025,2026-07-23,391.84,1,0,391.84,Thursday,False,False
m-025,2026-07-24,930.0,1,1,930.0,Friday,False,False
m-025,2026-07-25,2949.94,3,3,983.31,Saturday,True,False
m-025,2026-07-26,3139.68,4,3,784.92,Sunday,True,False
m-025,2026-07-27,6672.21,3,1,2224.07,Monday,False,False
m-025,2026-07-28,2088.28,1,0,2088.28,Tuesday,False,False
m-025,2026-07-29,5186.53,3,1,1728.84,Wednesday,False,False
m-025,2026-07-30,3913.09,3,2,1304.36,Thursday,False,False
m-025,2026-07-31,3490.09,3,3,1163.36,Friday,False,False
m-025,2026-08-01,2650.14,3,2,883.38,Saturday,True,False
m-025,2026-08-02,4554.05,4,4,1138.51,Sunday,True,False
m-025,2026-08-03,8476.39,5,2,1695.28,Monday,False,False
m-025,2026-08-04,3783.43,3,2,1261.14,Tuesday,False,False
m-025,2026-08-05,2007.02,3,2,669.01,Wednesday,False,False
m-025,2026-08-06,2224.07,1,1,2224.07,Thursday,False,False
m-025,2026-08-07,3979.4,3,3,1326.47,Friday,False,False
m-025,2026-08-08,3441.24,3,2,1147.08,Saturday,True,False
m-025,2026-08-09,2979.74,4,3,744.94,Sunday,True,False
m-025,2026-08-10,1646.3,2,1,823.15,Monday,False,False
m-025,2026-08-11,3292.93,4,1,823.23,Tuesday,False,False
m-025,2026-08-12,2282.96,3,2,760.99,Wednesday,False,False
m-025,2026-08-13,2086.99,3,3,695.66,Thursday,False,False
m-025,2026-08-14,2698.99,3,1,899.66,Friday,False,False
m-025,2026-08-15,5186.53,3,3,1728.84,Saturday,True,True
m-025,2026-08-16,3948.98,5,3,789.8,Sunday,True,False
m-025,2026-08-17,1804.92,3,2,601.64,Monday,False,False
m-025,2026-08-18,961.12,1,1,961.12,Tuesday,False,False
m-025,2026-08-19,13437.97,7,4,1919.71,Wednesday,False,False
m-025,2026-08-20,1009.97,1,1,1009.97,Thursday,False,False
m-025,2026-08-21,4609.87,4,2,1152.47,Friday,False,False
m-025,2026-08-22,7898.62,6,5,1316.44,Saturday,True,False
m-025,2026-08-23,4313.41,6,3,718.9,Sunday,True,False
m-025,2026-08-24,1009.97,1,1,1009.97,Monday,False,False
m-025,2026-08-25,2086.99,3,3,695.66,Tuesday,False,False
m-025,2026-08-26,1009.97,1,1,1009.97,Wednesday,False,False
m-025,2026-08-27,8045.97,7,3,1149.42,Thursday,False,False
m-025,2026-08-28,3301.09,3,3,1100.36,Friday,False,True
m-025,2026-08-29,7323.21,6,5,1220.54,Saturday,True,False
m-025,2026-08-30,961.12,1,1,961.12,Sunday,True,False
m-025,2026-08-31,2362.93,3,2,787.64,Monday,False,False
m-025,2026-09-01,1009.97,1,0,1009.97,Tuesday,False,False
m-025,2026-09-02,5981.61,5,4,1196.32,Wednesday,False,False
m-025,2026-09-03,7990.93,7,4,1141.56,Thursday,False,False
m-025,2026-09-04,1352.96,2,2,676.48,Friday,False,False
m-025,2026-09-05,3746.18,3,3,1248.73,Saturday,True,False
m-025,2026-09-06,8899.35,6,5,1483.22,Sunday,True,False
m-025,2026-09-07,3154.07,2,1,1577.04,Monday,False,False
m-025,2026-09-08,7323.21,6,4,1220.54,Tuesday,False,False
m-025,2026-09-09,7274.3,6,6,1212.38,Wednesday,False,False
m-025,2026-09-10,10122.69,7,6,1446.1,Thursday,False,False
m-025,2026-09-11,1971.09,2,2,985.54,Friday,False,False
m-025,2026-09-12,8291.75,5,4,1658.35,Saturday,True,False
m-025,2026-09-13,3763.42,6,4,627.24,Sunday,True,False
m-025,2026-09-14,3048.11,4,3,762.03,Monday,False,False
m-025,2026-09-15,3049.4,2,1,1524.7,Tuesday,False,False
m-025,2026-09-16,5409.26,3,2,1803.09,Wednesday,False,False
m-025,2026-09-17,727.9,1,1,727.9,Thursday,False,False
m-026,2025-09-18,172.22,2,2,86.11,Thursday,False,False
m-026,2025-09-19,468.02,4,2,117.0,Friday,False,False
m-026,2025-09-20,597.76,4,4,149.44,Saturday,True,False
m-026,2025-09-21,430.23,2,1,215.12,Sunday,True,False
m-026,2025-09-22,215.12,3,3,71.71,Monday,False,False
m-026,2025-09-23,545.9,3,1,181.97,Tuesday,False,False
m-026,2025-09-24,423.63,4,3,105.91,Wednesday,False,False
m-026,2025-09-25,170.5,2,2,85.25,Thursday,False,False
m-026,2025-09-26,359.43,4,1,89.86,Friday,False,False
m-026,2025-09-27,443.52,4,0,110.88,Saturday,True,False
m-026,2025-09-28,140.45,2,1,70.22,Sunday,True,False
m-026,2025-09-29,570.57,6,4,95.09,Monday,False,False
m-026,2025-09-30,1537.23,7,6,219.6,Tuesday,False,False
m-026,2025-10-01,558.12,6,4,93.02,Wednesday,False,False
m-026,2025-10-02,1209.15,7,5,172.74,Thursday,False,False
m-026,2025-10-03,760.68,6,5,126.78,Friday,False,False
m-026,2025-10-04,632.73,6,4,105.46,Saturday,True,False
m-026,2025-10-05,484.69,5,4,96.94,Sunday,True,False
m-026,2025-10-06,274.34,3,2,91.45,Monday,False,False
m-026,2025-10-07,84.9,2,2,42.45,Tuesday,False,False
m-026,2025-10-09,691.74,5,2,138.35,Thursday,False,False
m-026,2025-10-10,70.55,1,1,70.55,Friday,False,False
m-026,2025-10-11,1042.96,5,3,208.59,Saturday,True,False
m-026,2025-10-13,114.51,2,2,57.26,Monday,False,False
m-026,2025-10-14,119.84,1,0,119.84,Tuesday,False,False
m-026,2025-10-15,195.86,3,1,65.29,Wednesday,False,False
m-026,2025-10-16,537.63,3,2,179.21,Thursday,False,False
m-026,2025-10-17,84.9,2,1,42.45,Friday,False,False
m-026,2025-10-18,695.03,5,3,139.01,Saturday,True,False
m-026,2025-10-19,985.2,5,3,197.04,Sunday,True,False
m-026,2025-10-20,762.67,8,6,95.33,Monday,False,True
m-026,2025-10-21,760.5,5,5,152.1,Tuesday,False,True
m-026,2025-10-22,1232.65,8,6,154.08,Wednesday,False,True
m-026,2025-10-23,507.88,3,1,169.29,Thursday,False,False
m-026,2025-10-24,883.32,7,6,126.19,Friday,False,False
m-026,2025-10-25,750.86,7,4,107.27,Saturday,True,False
m-026,2025-10-26,832.62,4,1,208.16,Sunday,True,False
m-026,2025-10-27,581.59,4,2,145.4,Monday,False,False
m-026,2025-10-28,40.34,1,0,40.34,Tuesday,False,False
m-026,2025-10-29,115.83,1,1,115.83,Wednesday,False,False
m-026,2025-10-30,579.14,3,2,193.05,Thursday,False,False
m-026,2025-10-31,352.55,4,1,88.14,Friday,False,False
m-026,2025-11-01,246.15,4,3,61.54,Saturday,True,False
m-026,2025-11-02,386.64,4,3,96.66,Sunday,True,False
m-026,2025-11-03,161.18,2,2,80.59,Monday,False,False
m-026,2025-11-04,98.55,2,2,49.28,Tuesday,False,False
m-026,2025-11-05,402.75,4,4,100.69,Wednesday,False,False
m-026,2025-11-06,691.22,7,6,98.75,Thursday,False,False
m-026,2025-11-07,747.93,9,5,83.1,Friday,False,False
m-026,2025-11-08,418.93,3,1,139.64,Saturday,True,False
m-026,2025-11-09,458.04,5,2,91.61,Sunday,True,False
m-026,2025-11-10,88.48,1,1,88.48,Monday,False,False
m-026,2025-11-11,727.77,5,4,145.55,Tuesday,False,False
m-026,2025-11-12,300.98,3,3,100.33,Wednesday,False,False
m-026,2025-11-13,536.3,3,1,178.77,Thursday,False,False
m-026,2025-11-14,324.21,4,3,81.05,Friday,False,False
m-026,2025-11-15,586.06,5,4,117.21,Saturday,True,False
m-026,2025-11-16,1061.51,5,5,212.3,Sunday,True,False
m-026,2025-11-17,134.87,2,2,67.44,Monday,False,False
m-026,2025-11-18,685.65,4,1,171.41,Tuesday,False,False
m-026,2025-11-19,335.15,3,2,111.72,Wednesday,False,False
m-026,2025-11-20,240.86,2,0,120.43,Thursday,False,False
m-026,2025-11-21,383.88,3,2,127.96,Friday,False,False
m-026,2025-11-22,210.35,2,1,105.18,Saturday,True,False
m-026,2025-11-23,498.66,4,2,124.66,Sunday,True,False
m-026,2025-11-24,537.73,2,2,268.86,Monday,False,False
m-026,2025-11-25,48.83,1,0,48.83,Tuesday,False,False
m-026,2025-11-26,251.99,3,2,84.0,Wednesday,False,False
m-026,2025-11-27,862.65,6,5,143.78,Thursday,False,False
m-026,2025-11-28,350.68,1,1,350.68,Friday,False,False
m-026,2025-11-29,522.82,5,4,104.56,Saturday,True,False
m-026,2025-12-01,407.38,4,4,101.84,Monday,False,False
m-026,2025-12-02,90.63,1,0,90.63,Tuesday,False,False
m-026,2025-12-03,341.78,5,3,68.36,Wednesday,False,False
m-026,2025-12-04,108.96,3,3,36.32,Thursday,False,False
m-026,2025-12-05,1187.45,7,5,169.64,Friday,False,False
m-026,2025-12-06,631.92,5,4,126.38,Saturday,True,False
m-026,2025-12-07,303.29,5,4,60.66,Sunday,True,False
m-026,2025-12-09,441.06,4,4,110.26,Tuesday,False,False
m-026,2025-12-10,860.86,3,3,286.95,Wednesday,False,False
m-026,2025-12-11,603.64,5,2,120.73,Thursday,False,False
m-026,2025-12-12,231.66,1,1,231.66,Friday,False,False
m-026,2025-12-13,339.6,4,3,84.9,Saturday,True,False
m-026,2025-12-14,378.18,5,4,75.64,Sunday,True,False
m-026,2025-12-15,265.74,4,4,66.44,Monday,False,False
m-026,2025-12-16,546.38,3,3,182.13,Tuesday,False,False
m-026,2025-12-17,557.75,6,5,92.96,Wednesday,False,False
m-026,2025-12-18,945.93,3,3,315.31,Thursday,False,False
m-026,2025-12-19,741.56,4,4,185.39,Friday,False,False
m-026,2025-12-20,322.02,4,4,80.5,Saturday,True,False
m-026,2025-12-21,482.25,5,4,96.45,Sunday,True,False
m-026,2025-12-23,117.13,2,2,58.56,Tuesday,False,False
m-026,2025-12-24,300.33,2,2,150.16,Wednesday,False,False
m-026,2025-12-25,868.67,5,4,173.73,Thursday,False,True
m-026,2025-12-26,105.06,3,3,35.02,Friday,False,False
m-026,2025-12-27,698.91,5,3,139.78,Saturday,True,False
m-026,2025-12-28,669.28,6,5,111.55,Sunday,True,False
m-026,2025-12-29,302.84,4,3,75.71,Monday,False,False
m-026,2025-12-30,70.55,1,0,70.55,Tuesday,False,False
m-026,2025-12-31,336.45,4,3,84.11,Wednesday,False,True
m-026,2026-01-01,589.89,6,4,98.32,Thursday,False,True
m-026,2026-01-02,169.75,2,2,84.88,Friday,False,False
m-026,2026-01-03,167.22,1,1,167.22,Saturday,True,False
m-026,2026-01-04,707.01,2,2,353.5,Sunday,True,False
m-026,2026-01-05,167.22,1,0,167.22,Monday,False,False
m-026,2026-01-06,159.81,2,1,79.9,Tuesday,False,False
m-026,2026-01-07,537.72,4,3,134.43,Wednesday,False,False
m-026,2026-01-08,334.44,1,1,334.44,Thursday,False,False
m-026,2026-01-09,600.25,5,2,120.05,Friday,False,False
m-026,2026-01-10,496.97,4,2,124.24,Saturday,True,False
m-026,2026-01-11,1006.19,6,5,167.7,Sunday,True,False
m-026,2026-01-12,558.54,4,2,139.64,Monday,False,False
m-026,2026-01-13,692.66,4,1,173.17,Tuesday,False,False
m-026,2026-01-14,453.15,2,2,226.58,Wednesday,False,True
m-026,2026-01-15,713.39,8,7,89.17,Thursday,False,False
m-026,2026-01-16,237.12,2,1,118.56,Friday,False,False
m-026,2026-01-17,544.7,4,4,136.18,Saturday,True,False
m-026,2026-01-18,356.39,5,4,71.28,Sunday,True,False
m-026,2026-01-19,651.46,7,5,93.07,Monday,False,False
m-026,2026-01-20,260.73,3,1,86.91,Tuesday,False,False
m-026,2026-01-21,404.34,2,2,202.17,Wednesday,False,False
m-026,2026-01-22,147.93,2,2,73.96,Thursday,False,False
m-026,2026-01-23,775.64,5,4,155.13,Friday,False,False
m-026,2026-01-24,161.18,2,2,80.59,Saturday,True,False
m-026,2026-01-25,1032.64,6,5,172.11,Sunday,True,False
m-026,2026-01-26,291.17,2,2,145.58,Monday,False,False
m-026,2026-01-27,293.95,3,2,97.98,Tuesday,False,False
m-026,2026-01-28,679.95,5,4,135.99,Wednesday,False,False
m-026,2026-01-29,186.38,2,1,93.19,Thursday,False,False
m-026,2026-01-30,536.14,3,2,178.71,Friday,False,False
m-026,2026-01-31,1153.43,6,3,192.24,Saturday,True,False
m-026,2026-02-01,608.76,3,1,202.92,Sunday,True,False
m-026,2026-02-02,393.61,4,1,98.4,Monday,False,False
m-026,2026-02-03,151.9,2,1,75.95,Tuesday,False,False
m-026,2026-02-04,222.45,3,1,74.15,Wednesday,False,False
m-026,2026-02-05,430.48,3,3,143.49,Thursday,False,False
m-026,2026-02-06,320.3,4,2,80.08,Friday,False,False
m-026,2026-02-07,254.67,3,2,84.89,Saturday,True,False
m-026,2026-02-08,1247.96,9,8,138.66,Sunday,True,False
m-026,2026-02-09,307.67,3,1,102.56,Monday,False,False
m-026,2026-02-10,379.35,5,2,75.87,Tuesday,False,False
m-026,2026-02-11,255.63,2,0,127.82,Wednesday,False,False
m-026,2026-02-12,309.88,4,2,77.47,Thursday,False,False
m-026,2026-02-13,553.73,7,5,79.1,Friday,False,False
m-026,2026-02-14,331.3,3,1,110.43,Saturday,True,False
m-026,2026-02-15,458.93,3,1,152.98,Sunday,True,False
m-026,2026-02-16,90.63,1,0,90.63,Monday,False,False
m-026,2026-02-17,179.8,3,2,59.93,Tuesday,False,False
m-026,2026-02-18,329.54,2,0,164.77,Wednesday,False,False
m-026,2026-02-19,538.55,4,3,134.64,Thursday,False,False
m-026,2026-02-20,438.31,4,4,109.58,Friday,False,False
m-026,2026-02-21,1041.98,5,3,208.4,Saturday,True,False
m-026,2026-02-22,195.32,1,1,195.32,Sunday,True,False
m-026,2026-02-23,70.55,1,1,70.55,Monday,False,False
m-026,2026-02-24,136.5,2,2,68.25,Tuesday,False,False
m-026,2026-02-25,459.97,3,1,153.32,Wednesday,False,False
m-026,2026-02-26,220.08,2,1,110.04,Thursday,False,False
m-026,2026-02-27,560.29,5,3,112.06,Friday,False,False
m-026,2026-02-28,245.89,2,2,122.94,Saturday,True,False
m-026,2026-03-01,729.03,7,3,104.15,Sunday,True,False
m-026,2026-03-02,286.01,4,3,71.5,Monday,False,False
m-026,2026-03-03,355.51,3,2,118.5,Tuesday,False,False
m-026,2026-03-04,441.74,3,3,147.25,Wednesday,False,True
m-026,2026-03-05,384.79,4,2,96.2,Thursday,False,False
m-026,2026-03-06,306.26,5,4,61.25,Friday,False,False
m-026,2026-03-07,167.22,1,1,167.22,Saturday,True,False
m-026,2026-03-08,160.53,2,1,80.26,Sunday,True,False
m-026,2026-03-09,185.09,5,3,37.02,Monday,False,False
m-026,2026-03-10,656.73,3,2,218.91,Tuesday,False,False
m-026,2026-03-11,499.99,3,1,166.66,Wednesday,False,False
m-026,2026-03-12,831.19,6,5,138.53,Thursday,False,False
m-026,2026-03-13,48.83,1,0,48.83,Friday,False,False
m-026,2026-03-14,651.43,5,5,130.29,Saturday,True,False
m-026,2026-03-15,152.17,2,2,76.08,Sunday,True,False
m-026,2026-03-16,321.7,2,0,160.85,Monday,False,False
m-026,2026-03-17,657.18,4,2,164.3,Tuesday,False,False
m-026,2026-03-18,335.91,3,2,111.97,Wednesday,False,False
m-026,2026-03-20,805.28,6,2,134.21,Friday,False,True
m-026,2026-03-21,211.18,2,2,105.59,Saturday,True,False
m-026,2026-03-22,379.33,2,2,189.66,Sunday,True,False
m-026,2026-03-23,182.56,2,1,91.28,Monday,False,False
m-026,2026-03-24,70.55,1,1,70.55,Tuesday,False,False
m-026,2026-03-25,263.82,2,2,131.91,Wednesday,False,False
m-026,2026-03-26,326.44,2,1,163.22,Thursday,False,False
m-026,2026-03-27,204.74,3,3,68.25,Friday,False,False
m-026,2026-03-28,316.13,2,2,158.06,Saturday,True,False
m-026,2026-03-29,218.89,3,3,72.96,Sunday,True,False
m-026,2026-03-30,499.39,2,1,249.7,Monday,False,False
m-026,2026-03-31,501.66,1,0,501.66,Tuesday,False,False
m-026,2026-04-01,43.96,1,1,43.96,Wednesday,False,False
m-026,2026-04-02,164.04,2,2,82.02,Thursday,False,False
m-026,2026-04-03,467.53,4,3,116.88,Friday,False,False
m-026,2026-04-04,685.33,7,5,97.9,Saturday,True,False
m-026,2026-04-05,488.28,3,2,162.76,Sunday,True,False
m-026,2026-04-06,605.07,6,5,100.84,Monday,False,False
m-026,2026-04-07,312.67,4,2,78.17,Tuesday,False,False
m-026,2026-04-08,523.38,7,3,74.77,Wednesday,False,False
m-026,2026-04-09,915.96,7,4,130.85,Thursday,False,False
m-026,2026-04-10,370.44,3,1,123.48,Friday,False,False
m-026,2026-04-11,1050.95,6,6,175.16,Saturday,True,False
m-026,2026-04-12,36.07,1,1,36.07,Sunday,True,False
m-026,2026-04-13,857.05,4,2,214.26,Monday,False,False
m-026,2026-04-14,72.89,2,2,36.44,Tuesday,False,False
m-026,2026-04-16,240.75,3,2,80.25,Thursday,False,False
m-026,2026-04-17,168.23,3,2,56.08,Friday,False,False
m-026,2026-04-18,589.52,4,2,147.38,Saturday,True,False
m-026,2026-04-19,521.37,4,2,130.34,Sunday,True,False
m-026,2026-04-20,183.76,2,2,91.88,Monday,False,False
m-026,2026-04-21,160.07,2,2,80.04,Tuesday,False,False
m-026,2026-04-22,464.59,3,2,154.86,Wednesday,False,False
m-026,2026-04-23,528.01,5,2,105.6,Thursday,False,False
m-026,2026-04-24,213.24,3,2,71.08,Friday,False,False
m-026,2026-04-25,246.68,3,3,82.23,Saturday,True,False
m-026,2026-04-26,1022.23,7,3,146.03,Sunday,True,False
m-026,2026-04-27,72.89,2,2,36.44,Monday,False,False
m-026,2026-04-28,404.91,3,2,134.97,Tuesday,False,False
m-026,2026-04-29,204.42,3,2,68.14,Wednesday,False,False
m-026,2026-04-30,342.33,3,2,114.11,Thursday,False,False
m-026,2026-05-01,478.99,5,1,95.8,Friday,False,False
m-026,2026-05-02,36.07,1,1,36.07,Saturday,True,False
m-026,2026-05-03,973.98,5,3,194.8,Sunday,True,False
m-026,2026-05-04,438.19,3,2,146.06,Monday,False,False
m-026,2026-05-05,679.03,5,4,135.81,Tuesday,False,False
m-026,2026-05-06,855.83,6,3,142.64,Wednesday,False,False
m-026,2026-05-07,141.1,1,0,141.1,Thursday,False,False
m-026,2026-05-08,717.66,6,4,119.61,Friday,False,False
m-026,2026-05-09,395.34,4,3,98.84,Saturday,True,False
m-026,2026-05-10,447.71,4,2,111.93,Sunday,True,False
m-026,2026-05-11,123.74,2,0,61.87,Monday,False,False
m-026,2026-05-12,581.11,5,3,116.22,Tuesday,False,False
m-026,2026-05-13,530.12,5,4,106.02,Wednesday,False,False
m-026,2026-05-14,203.75,2,1,101.88,Thursday,False,False
m-026,2026-05-15,670.97,4,2,167.74,Friday,False,False
m-026,2026-05-16,120.65,3,3,40.22,Saturday,True,False
m-026,2026-05-17,906.17,5,4,181.23,Sunday,True,False
m-026,2026-05-18,591.37,3,3,197.12,Monday,False,False
m-026,2026-05-19,638.86,6,2,106.48,Tuesday,False,False
m-026,2026-05-20,591.6,5,3,118.32,Wednesday,False,False
m-026,2026-05-21,790.06,6,6,131.68,Thursday,False,False
m-026,2026-05-22,382.85,2,1,191.42,Friday,False,False
m-026,2026-05-23,535.02,5,4,107.0,Saturday,True,False
m-026,2026-05-24,933.23,4,3,233.31,Sunday,True,False
m-026,2026-05-25,501.66,1,1,501.66,Monday,False,False
m-026,2026-05-26,97.66,1,0,97.66,Tuesday,False,False
m-026,2026-05-27,1508.27,7,7,215.47,Wednesday,False,False
m-026,2026-05-28,297.84,5,5,59.57,Thursday,False,False
m-026,2026-05-30,285.61,4,4,71.4,Saturday,True,False
m-026,2026-05-31,80.68,1,0,80.68,Sunday,True,False
m-026,2026-06-01,309.07,4,2,77.27,Monday,False,False
m-026,2026-06-02,172.65,2,1,86.32,Tuesday,False,False
m-026,2026-06-03,350.42,3,0,116.81,Wednesday,False,False
m-026,2026-06-04,616.96,6,5,102.83,Thursday,False,False
m-026,2026-06-05,577.06,6,3,96.18,Friday,False,False
m-026,2026-06-06,998.8,5,4,199.76,Saturday,True,False
m-026,2026-06-07,291.17,2,1,145.58,Sunday,True,False
m-026,2026-06-08,535.79,5,3,107.16,Monday,False,False
m-026,2026-06-09,790.08,6,2,131.68,Tuesday,False,False
m-026,2026-06-10,1117.61,6,4,186.27,Wednesday,False,False
m-026,2026-06-11,433.26,5,4,86.65,Thursday,False,False
m-026,2026-06-12,749.9,4,3,187.48,Friday,False,False
m-026,2026-06-13,643.96,4,3,160.99,Saturday,True,False
m-026,2026-06-14,366.35,4,2,91.59,Sunday,True,False
m-026,2026-06-15,419.71,4,3,104.93,Monday,False,False
m-026,2026-06-16,90.63,1,1,90.63,Tuesday,False,False
m-026,2026-06-17,451.1,3,2,150.37,Wednesday,False,False
m-026,2026-06-18,389.84,3,3,129.95,Thursday,False,False
m-026,2026-06-19,114.6,1,1,114.6,Friday,False,False
m-026,2026-06-20,579.11,7,6,82.73,Saturday,True,False
m-026,2026-06-21,300.54,2,2,150.27,Sunday,True,False
m-026,2026-06-22,402.97,3,1,134.32,Monday,False,False
m-026,2026-06-23,709.51,7,6,101.36,Tuesday,False,False
m-026,2026-06-24,1167.02,7,6,166.72,Wednesday,False,False
m-026,2026-06-25,459.57,5,4,91.91,Thursday,False,False
m-026,2026-06-26,87.67,1,1,87.67,Friday,False,False
m-026,2026-06-27,303.8,5,3,60.76,Saturday,True,False
m-026,2026-06-28,670.82,4,2,167.7,Sunday,True,False
m-026,2026-06-29,72.89,2,2,36.44,Monday,False,False
m-026,2026-06-30,956.89,7,6,136.7,Tuesday,False,False
m-026,2026-07-01,207.76,2,2,103.88,Wednesday,False,False
m-026,2026-07-02,239.68,1,1,239.68,Thursday,False,False
m-026,2026-07-03,631.86,6,6,105.31,Friday,False,False
m-026,2026-07-04,400.37,4,3,100.09,Saturday,True,False
m-026,2026-07-05,935.31,6,3,155.88,Sunday,True,False
m-026,2026-07-06,745.89,6,4,124.32,Monday,False,False
m-026,2026-07-07,603.9,3,3,201.3,Tuesday,False,False
m-026,2026-07-08,257.85,2,1,128.93,Wednesday,False,False
m-026,2026-07-09,397.88,3,2,132.63,Thursday,False,False
m-026,2026-07-10,789.19,7,4,112.74,Friday,False,False
m-026,2026-07-12,319.15,5,3,63.83,Sunday,True,False
m-026,2026-07-13,231.66,1,1,231.66,Monday,False,False
m-026,2026-07-14,162.05,3,1,54.02,Tuesday,False,False
m-026,2026-07-15,293.54,3,3,97.85,Wednesday,False,False
m-026,2026-07-16,109.33,2,1,54.67,Thursday,False,False
m-026,2026-07-17,690.78,3,3,230.26,Friday,False,False
m-026,2026-07-18,397.15,6,6,66.19,Saturday,True,False
m-026,2026-07-19,653.99,6,2,109.0,Sunday,True,False
m-026,2026-07-20,320.21,3,2,106.74,Monday,False,False
m-026,2026-07-21,43.96,1,1,43.96,Tuesday,False,False
m-026,2026-07-23,390.76,3,3,130.25,Thursday,False,False
m-026,2026-07-24,1100.53,8,6,137.57,Friday,False,False
m-026,2026-07-25,217.33,2,1,108.66,Saturday,True,False
m-026,2026-07-26,283.05,2,1,141.52,Sunday,True,False
m-026,2026-07-27,308.47,4,3,77.12,Monday,False,False
m-026,2026-07-28,36.07,1,1,36.07,Tuesday,False,False
m-026,2026-07-29,572.21,2,2,286.1,Wednesday,False,False
m-026,2026-07-30,228.12,3,2,76.04,Thursday,False,False
m-026,2026-07-31,141.62,2,2,70.81,Friday,False,False
m-026,2026-08-01,743.52,4,4,185.88,Saturday,True,False
m-026,2026-08-02,256.15,3,1,85.38,Sunday,True,False
m-026,2026-08-03,388.74,6,5,64.79,Monday,False,False
m-026,2026-08-04,660.74,5,3,132.15,Tuesday,False,False
m-026,2026-08-05,97.66,1,1,97.66,Wednesday,False,False
m-026,2026-08-06,369.56,4,3,92.39,Thursday,False,False
m-026,2026-08-07,189.93,2,0,94.96,Friday,False,False
m-026,2026-08-08,477.52,3,1,159.17,Saturday,True,False
m-026,2026-08-09,878.09,8,6,109.76,Sunday,True,False
m-026,2026-08-10,179.11,2,0,89.56,Monday,False,False
m-026,2026-08-11,68.99,2,1,34.5,Tuesday,False,False
m-026,2026-08-12,752.55,4,3,188.14,Wednesday,False,False
m-026,2026-08-13,283.64,2,2,141.82,Thursday,False,False
m-026,2026-08-14,122.02,2,1,61.01,Friday,False,False
m-026,2026-08-15,1007.05,9,7,111.89,Saturday,True,True
m-026,2026-08-16,43.96,1,1,43.96,Sunday,True,False
m-026,2026-08-17,203.99,3,1,68.0,Monday,False,False
m-026,2026-08-18,277.89,3,2,92.63,Tuesday,False,False
m-026,2026-08-19,333.76,5,2,66.75,Wednesday,False,False
m-026,2026-08-20,579.45,3,2,193.15,Thursday,False,False
m-026,2026-08-21,141.1,1,1,141.1,Friday,False,False
m-026,2026-08-22,602.63,4,2,150.66,Saturday,True,False
m-026,2026-08-23,1273.0,8,3,159.12,Sunday,True,False
m-026,2026-08-24,373.83,5,3,74.77,Monday,False,False
m-026,2026-08-25,312.03,5,4,62.41,Tuesday,False,False
m-026,2026-08-26,641.16,3,2,213.72,Wednesday,False,False
m-026,2026-08-27,503.55,2,0,251.77,Thursday,False,False
m-026,2026-08-28,672.08,7,7,96.01,Friday,False,True
m-026,2026-08-29,411.63,4,4,102.91,Saturday,True,False
m-026,2026-08-30,529.22,5,3,105.84,Sunday,True,False
m-026,2026-08-31,260.32,3,3,86.77,Monday,False,False
m-026,2026-09-01,563.56,4,3,140.89,Tuesday,False,False
m-026,2026-09-02,511.98,4,3,128.0,Wednesday,False,False
m-026,2026-09-03,1105.15,7,4,157.88,Thursday,False,False
m-026,2026-09-04,230.09,2,1,115.04,Friday,False,False
m-026,2026-09-05,339.95,4,4,84.99,Saturday,True,False
m-026,2026-09-06,43.96,1,1,43.96,Sunday,True,False
m-026,2026-09-07,254.24,3,2,84.75,Monday,False,False
m-026,2026-09-08,254.31,3,3,84.77,Tuesday,False,False
m-026,2026-09-09,186.93,4,1,46.73,Wednesday,False,False
m-026,2026-09-10,161.18,2,2,80.59,Thursday,False,False
m-026,2026-09-11,523.32,2,2,261.66,Friday,False,False
m-026,2026-09-12,419.02,3,2,139.67,Saturday,True,False
m-026,2026-09-13,378.2,5,2,75.64,Sunday,True,False
m-026,2026-09-14,282.13,3,3,94.04,Monday,False,False
m-026,2026-09-15,119.38,2,2,59.69,Tuesday,False,False
m-026,2026-09-16,902.42,7,4,128.92,Wednesday,False,False
m-026,2026-09-17,370.72,3,1,123.57,Thursday,False,False
m-027,2025-09-18,1524.26,3,3,508.09,Thursday,False,False
m-027,2025-09-19,795.66,2,1,397.83,Friday,False,False
m-027,2025-09-20,678.06,1,0,678.06,Saturday,True,False
m-027,2025-09-21,1215.88,5,5,243.18,Sunday,True,False
m-027,2025-09-22,1629.66,6,4,271.61,Monday,False,False
m-027,2025-09-23,939.64,2,2,469.82,Tuesday,False,False
m-027,2025-09-25,1024.64,4,1,256.16,Thursday,False,False
m-027,2025-09-26,1136.52,3,3,378.84,Friday,False,False
m-027,2025-09-27,1356.12,1,1,1356.12,Saturday,True,False
m-027,2025-09-28,2505.66,6,6,417.61,Sunday,True,False
m-027,2025-09-29,1252.65,4,2,313.16,Monday,False,False
m-027,2025-09-30,198.87,3,1,66.29,Tuesday,False,False
m-027,2025-10-01,67.39,1,0,67.39,Wednesday,False,False
m-027,2025-10-02,32.87,1,1,32.87,Thursday,False,False
m-027,2025-10-03,116.93,2,2,58.46,Friday,False,False
m-027,2025-10-04,217.86,3,2,72.62,Saturday,True,False
m-027,2025-10-05,998.07,2,1,499.04,Sunday,True,False
m-027,2025-10-06,124.29,2,1,62.14,Monday,False,False
m-027,2025-10-07,1537.0,6,5,256.17,Tuesday,False,False
m-027,2025-10-08,2432.31,4,2,608.08,Wednesday,False,False
m-027,2025-10-09,187.83,2,2,93.92,Thursday,False,False
m-027,2025-10-10,1237.92,4,3,309.48,Friday,False,False
m-027,2025-10-11,1926.29,6,4,321.05,Saturday,True,False
m-027,2025-10-12,3005.41,3,2,1001.8,Sunday,True,False
m-027,2025-10-13,1618.28,5,5,323.66,Monday,False,False
m-027,2025-10-14,470.29,2,2,235.14,Tuesday,False,False
m-027,2025-10-15,235.2,1,1,235.2,Wednesday,False,False
m-027,2025-10-16,1619.57,4,1,404.89,Thursday,False,False
m-027,2025-10-17,802.91,4,2,200.73,Friday,False,False
m-027,2025-10-18,2471.6,4,3,617.9,Saturday,True,False
m-027,2025-10-19,1058.57,3,3,352.86,Sunday,True,False
m-027,2025-10-20,594.08,5,4,118.82,Monday,False,True
m-027,2025-10-21,3447.04,8,7,430.88,Tuesday,False,True
m-027,2025-10-22,354.5,2,2,177.25,Wednesday,False,True
m-027,2025-10-23,2156.62,8,4,269.58,Thursday,False,False
m-027,2025-10-24,1129.62,2,1,564.81,Friday,False,False
m-027,2025-10-25,1322.64,5,4,264.53,Saturday,True,False
m-027,2025-10-26,1058.92,2,2,529.46,Sunday,True,False
m-027,2025-10-27,202.17,2,1,101.08,Monday,False,False
m-027,2025-10-28,1017.8,5,4,203.56,Tuesday,False,False
m-027,2025-10-29,27.71,1,1,27.71,Wednesday,False,False
m-027,2025-10-30,655.13,3,2,218.38,Thursday,False,False
m-027,2025-10-31,654.77,4,3,163.69,Friday,False,False
m-027,2025-11-01,504.81,3,2,168.27,Saturday,True,False
m-027,2025-11-02,2712.24,1,0,2712.24,Sunday,True,False
m-027,2025-11-03,131.48,2,1,65.74,Monday,False,False
m-027,2025-11-04,2288.82,5,5,457.76,Tuesday,False,False
m-027,2025-11-05,551.35,2,1,275.68,Wednesday,False,False
m-027,2025-11-06,1103.59,4,2,275.9,Thursday,False,False
m-027,2025-11-07,1063.91,4,4,265.98,Friday,False,False
m-027,2025-11-08,1193.87,3,3,397.96,Saturday,True,False
m-027,2025-11-09,646.7,6,5,107.78,Sunday,True,False
m-027,2025-11-10,2519.03,4,3,629.76,Monday,False,False
m-027,2025-11-12,56.9,1,1,56.9,Wednesday,False,False
m-027,2025-11-13,862.4,5,4,172.48,Thursday,False,False
m-027,2025-11-14,3657.71,8,6,457.21,Friday,False,False
m-027,2025-11-15,538.48,4,3,134.62,Saturday,True,False
m-027,2025-11-16,1227.91,3,2,409.3,Sunday,True,False
m-027,2025-11-17,745.45,2,1,372.72,Monday,False,False
m-027,2025-11-18,670.27,2,2,335.14,Tuesday,False,False
m-027,2025-11-19,644.24,3,2,214.75,Wednesday,False,False
m-027,2025-11-20,1523.77,4,2,380.94,Thursday,False,False
m-027,2025-11-21,3355.16,7,4,479.31,Friday,False,False
m-027,2025-11-22,1600.61,6,5,266.77,Saturday,True,False
m-027,2025-11-23,67.39,1,0,67.39,Sunday,True,False
m-027,2025-11-24,516.83,3,2,172.28,Monday,False,False
m-027,2025-11-25,258.65,2,0,129.32,Tuesday,False,False
m-027,2025-11-26,527.19,4,3,131.8,Wednesday,False,False
m-027,2025-11-27,251.58,2,1,125.79,Thursday,False,False
m-027,2025-11-28,1537.31,3,2,512.44,Friday,False,False
m-027,2025-11-29,501.05,5,3,100.21,Saturday,True,False
m-027,2025-11-30,505.79,2,2,252.9,Sunday,True,False
m-027,2025-12-01,570.04,4,3,142.51,Monday,False,False
m-027,2025-12-02,622.26,3,3,207.42,Tuesday,False,False
m-027,2025-12-03,1081.18,3,3,360.39,Wednesday,False,False
m-027,2025-12-04,394.77,2,2,197.38,Thursday,False,False
m-027,2025-12-05,1705.15,8,5,213.14,Friday,False,False
m-027,2025-12-06,884.88,3,2,294.96,Saturday,True,False
m-027,2025-12-07,444.28,2,2,222.14,Sunday,True,False
m-027,2025-12-09,660.05,4,3,165.01,Tuesday,False,False
m-027,2025-12-10,1463.11,4,3,365.78,Wednesday,False,False
m-027,2025-12-11,225.78,1,0,225.78,Thursday,False,False
m-027,2025-12-12,996.52,3,1,332.17,Friday,False,False
m-027,2025-12-13,1265.34,5,5,253.07,Saturday,True,False
m-027,2025-12-14,225.78,1,1,225.78,Sunday,True,False
m-027,2025-12-15,757.15,4,4,189.29,Monday,False,False
m-027,2025-12-16,100.26,2,2,50.13,Tuesday,False,False
m-027,2025-12-17,1147.25,3,1,382.42,Wednesday,False,False
m-027,2025-12-18,1641.85,5,4,328.37,Thursday,False,False
m-027,2025-12-19,67.39,1,1,67.39,Friday,False,False
m-027,2025-12-20,1626.16,6,4,271.03,Saturday,True,False
m-027,2025-12-21,588.9,4,1,147.23,Sunday,True,False
m-027,2025-12-23,4183.34,6,4,697.22,Tuesday,False,False
m-027,2025-12-24,701.02,3,2,233.67,Wednesday,False,False
m-027,2025-12-25,95.1,2,1,47.55,Thursday,False,True
m-027,2025-12-26,2210.24,3,1,736.75,Friday,False,False
m-027,2025-12-27,434.42,3,1,144.81,Saturday,True,False
m-027,2025-12-28,1218.81,3,2,406.27,Sunday,True,False
m-027,2025-12-29,1038.47,6,4,173.08,Monday,False,False
m-027,2025-12-30,561.91,4,3,140.48,Tuesday,False,False
m-027,2025-12-31,1353.42,4,3,338.36,Wednesday,False,True
m-027,2026-01-01,582.57,4,3,145.64,Thursday,False,True
m-027,2026-01-02,933.62,2,2,466.81,Friday,False,False
m-027,2026-01-03,736.35,6,5,122.72,Saturday,True,False
m-027,2026-01-04,1454.96,7,6,207.85,Sunday,True,False
m-027,2026-01-05,2152.53,6,4,358.75,Monday,False,False
m-027,2026-01-06,379.97,2,1,189.98,Tuesday,False,False
m-027,2026-01-07,1769.9,4,2,442.48,Wednesday,False,False
m-027,2026-01-08,1562.94,3,2,520.98,Thursday,False,False
m-027,2026-01-09,727.62,3,2,242.54,Friday,False,False
m-027,2026-01-10,1581.9,2,2,790.95,Saturday,True,False
m-027,2026-01-11,444.49,2,1,222.24,Sunday,True,False
m-027,2026-01-12,56.9,1,1,56.9,Monday,False,False
m-027,2026-01-13,472.1,3,1,157.37,Tuesday,False,False
m-027,2026-01-14,1428.15,3,2,476.05,Wednesday,False,True
m-027,2026-01-15,333.81,2,2,166.9,Thursday,False,False
m-027,2026-01-16,892.99,6,1,148.83,Friday,False,False
m-027,2026-01-17,1446.81,6,4,241.14,Saturday,True,False
m-027,2026-01-18,2392.32,4,3,598.08,Sunday,True,False
m-027,2026-01-20,564.96,4,3,141.24,Tuesday,False,False
m-027,2026-01-21,1570.93,6,2,261.82,Wednesday,False,False
m-027,2026-01-22,483.96,2,1,241.98,Thursday,False,False
m-027,2026-01-23,1973.52,3,1,657.84,Friday,False,False
m-027,2026-01-24,1206.67,6,6,201.11,Saturday,True,False
m-027,2026-01-25,1151.53,3,1,383.84,Sunday,True,False
m-027,2026-01-26,803.94,5,5,160.79,Monday,False,False
m-027,2026-01-27,839.26,3,1,279.75,Tuesday,False,False
m-027,2026-01-28,1646.87,2,1,823.44,Wednesday,False,False
m-027,2026-01-29,134.78,1,1,134.78,Thursday,False,False
m-027,2026-01-30,988.9,4,2,247.22,Friday,False,False
m-027,2026-01-31,55.42,2,1,27.71,Saturday,True,False
m-027,2026-02-01,1137.85,6,5,189.64,Sunday,True,False
m-027,2026-02-02,675.68,5,4,135.14,Monday,False,False
m-027,2026-02-03,1243.9,5,3,248.78,Tuesday,False,False
m-027,2026-02-04,2324.93,2,1,1162.47,Wednesday,False,False
m-027,2026-02-05,1154.93,3,2,384.98,Thursday,False,False
m-027,2026-02-06,1763.09,4,2,440.77,Friday,False,False
m-027,2026-02-07,241.89,3,3,80.63,Saturday,True,False
m-027,2026-02-08,347.65,2,2,173.82,Sunday,True,False
m-027,2026-02-09,854.12,2,1,427.06,Monday,False,False
m-027,2026-02-10,1162.6,5,5,232.52,Tuesday,False,False
m-027,2026-02-11,1037.12,4,3,259.28,Wednesday,False,False
m-027,2026-02-12,1439.1,4,3,359.78,Thursday,False,False
m-027,2026-02-13,290.75,1,1,290.75,Friday,False,False
m-027,2026-02-14,211.31,2,2,105.66,Saturday,True,False
m-027,2026-02-15,886.99,3,1,295.66,Sunday,True,False
m-027,2026-02-16,2332.89,5,4,466.58,Monday,False,False
m-027,2026-02-17,2840.91,8,6,355.11,Tuesday,False,False
m-027,2026-02-18,530.98,3,2,176.99,Wednesday,False,False
m-027,2026-02-19,1219.01,4,3,304.75,Thursday,False,False
m-027,2026-02-20,437.42,1,1,437.42,Friday,False,False
m-027,2026-02-21,3344.49,9,6,371.61,Saturday,True,False
m-027,2026-02-22,1868.01,5,4,373.6,Sunday,True,False
m-027,2026-02-23,906.62,5,3,181.32,Monday,False,False
m-027,2026-02-24,697.18,4,3,174.3,Tuesday,False,False
m-027,2026-02-25,379.97,2,2,189.98,Wednesday,False,False
m-027,2026-02-26,706.95,4,4,176.74,Thursday,False,False
m-027,2026-02-27,1143.02,3,2,381.01,Friday,False,False
m-027,2026-02-28,1032.31,6,3,172.05,Saturday,True,False
m-027,2026-03-01,1740.98,4,2,435.24,Sunday,True,False
m-027,2026-03-02,660.02,3,2,220.01,Monday,False,False
m-027,2026-03-03,27.71,1,0,27.71,Tuesday,False,False
m-027,2026-03-04,1965.8,3,2,655.27,Wednesday,False,True
m-027,2026-03-05,2431.94,4,3,607.98,Thursday,False,False
m-027,2026-03-06,1278.44,4,3,319.61,Friday,False,False
m-027,2026-03-07,644.12,6,5,107.35,Saturday,True,False
m-027,2026-03-08,2629.65,5,3,525.93,Sunday,True,False
m-027,2026-03-09,1084.6,4,3,271.15,Monday,False,False
m-027,2026-03-10,2071.03,5,3,414.21,Tuesday,False,False
m-027,2026-03-11,417.07,3,1,139.02,Wednesday,False,False
m-027,2026-03-12,1084.72,3,3,361.57,Thursday,False,False
m-027,2026-03-13,1040.55,3,2,346.85,Friday,False,False
m-027,2026-03-14,3500.76,6,5,583.46,Saturday,True,False
m-027,2026-03-15,1196.91,3,2,398.97,Sunday,True,False
m-027,2026-03-16,219.39,3,2,73.13,Monday,False,False
m-027,2026-03-17,269.56,2,2,134.78,Tuesday,False,False
m-027,2026-03-18,1260.12,4,3,315.03,Wednesday,False,False
m-027,2026-03-19,1552.9,3,3,517.63,Thursday,False,False
m-027,2026-03-20,877.69,4,4,219.42,Friday,False,True
m-027,2026-03-21,176.06,1,0,176.06,Saturday,True,False
m-027,2026-03-23,1312.54,4,3,328.14,Monday,False,False
m-027,2026-03-24,27.71,1,1,27.71,Tuesday,False,False
m-027,2026-03-25,134.78,1,1,134.78,Wednesday,False,False
m-027,2026-03-26,227.6,1,0,227.6,Thursday,False,False
m-027,2026-03-27,303.32,3,1,101.11,Friday,False,False
m-027,2026-03-28,220.7,2,0,110.35,Saturday,True,False
m-027,2026-03-29,202.17,1,0,202.17,Sunday,True,False
m-027,2026-03-30,874.84,1,1,874.84,Monday,False,False
m-027,2026-03-31,531.03,5,2,106.21,Tuesday,False,False
m-027,2026-04-01,32.87,1,0,32.87,Wednesday,False,False
m-027,2026-04-02,84.61,2,2,42.3,Thursday,False,False
m-027,2026-04-03,2259.19,7,7,322.74,Friday,False,False
m-027,2026-04-04,794.25,5,2,158.85,Saturday,True,False
m-027,2026-04-05,4096.07,5,4,819.21,Sunday,True,False
m-027,2026-04-06,627.06,3,2,209.02,Monday,False,False
m-027,2026-04-07,394.77,2,2,197.38,Tuesday,False,False
m-027,2026-04-08,1094.63,2,1,547.31,Wednesday,False,False
m-027,2026-04-09,834.99,3,3,278.33,Thursday,False,False
m-027,2026-04-11,904.85,5,5,180.97,Saturday,True,False
m-027,2026-04-12,1062.24,9,5,118.03,Sunday,True,False
m-027,2026-04-13,2977.56,8,6,372.2,Monday,False,False
m-027,2026-04-14,675.74,3,2,225.25,Tuesday,False,False
m-027,2026-04-15,527.14,4,2,131.78,Wednesday,False,False
m-027,2026-04-16,1240.75,4,3,310.19,Thursday,False,False
m-027,2026-04-18,1634.17,6,4,272.36,Saturday,True,False
m-027,2026-04-19,444.28,2,2,222.14,Sunday,True,False
m-027,2026-04-20,2055.19,7,4,293.6,Monday,False,False
m-027,2026-04-21,2069.94,3,2,689.98,Tuesday,False,False
m-027,2026-04-22,1807.68,3,2,602.56,Wednesday,False,False
m-027,2026-04-23,414.15,4,2,103.54,Thursday,False,False
m-027,2026-04-24,3472.19,4,0,868.05,Friday,False,False
m-027,2026-04-25,2951.54,7,5,421.65,Saturday,True,False
m-027,2026-04-26,925.0,4,4,231.25,Sunday,True,False
m-027,2026-04-27,1414.64,2,1,707.32,Monday,False,False
m-027,2026-04-28,688.58,5,3,137.72,Tuesday,False,False
m-027,2026-04-29,1439.25,4,4,359.81,Wednesday,False,False
m-027,2026-05-01,646.32,5,3,129.26,Friday,False,False
m-027,2026-05-02,710.93,2,1,355.46,Saturday,True,False
m-027,2026-05-03,598.54,3,3,199.51,Sunday,True,False
m-027,2026-05-04,499.7,2,2,249.85,Monday,False,False
m-027,2026-05-05,1293.13,4,4,323.28,Tuesday,False,False
m-027,2026-05-06,794.94,3,2,264.98,Wednesday,False,False
m-027,2026-05-07,225.78,1,1,225.78,Thursday,False,False
m-027,2026-05-08,1533.63,4,3,383.41,Friday,False,False
m-027,2026-05-09,110.84,1,1,110.84,Saturday,True,False
m-027,2026-05-10,416.57,1,1,416.57,Sunday,True,False
m-027,2026-05-11,1538.92,4,2,384.73,Monday,False,False
m-027,2026-05-12,1018.13,4,3,254.53,Tuesday,False,False
m-027,2026-05-13,734.96,2,1,367.48,Wednesday,False,False
m-027,2026-05-14,634.13,3,2,211.38,Thursday,False,False
m-027,2026-05-15,1360.52,3,2,453.51,Friday,False,False
m-027,2026-05-16,2027.72,8,7,253.46,Saturday,True,False
m-027,2026-05-17,2380.09,7,5,340.01,Sunday,True,False
m-027,2026-05-18,1429.34,5,3,285.87,Monday,False,False
m-027,2026-05-19,32.87,1,0,32.87,Tuesday,False,False
m-027,2026-05-20,1151.57,4,2,287.89,Wednesday,False,False
m-027,2026-05-21,1470.15,6,6,245.02,Thursday,False,False
m-027,2026-05-22,32.87,1,1,32.87,Friday,False,False
m-027,2026-05-23,380.61,2,0,190.3,Saturday,True,False
m-027,2026-05-24,1121.7,5,3,224.34,Sunday,True,False
m-027,2026-05-25,2190.68,5,4,438.14,Monday,False,False
m-027,2026-05-26,122.09,2,0,61.04,Tuesday,False,False
m-027,2026-05-27,2817.49,6,4,469.58,Wednesday,False,False
m-027,2026-05-29,1145.49,5,2,229.1,Friday,False,False
m-027,2026-05-30,1821.78,6,5,303.63,Saturday,True,False
m-027,2026-05-31,145.31,2,0,72.66,Sunday,True,False
m-027,2026-06-01,227.6,1,1,227.6,Monday,False,False
m-027,2026-06-02,738.64,3,2,246.21,Tuesday,False,False
m-027,2026-06-03,967.92,3,1,322.64,Wednesday,False,False
m-027,2026-06-04,558.28,4,2,139.57,Thursday,False,False
m-027,2026-06-05,606.98,4,3,151.74,Friday,False,False
m-027,2026-06-06,98.61,1,1,98.61,Saturday,True,False
m-027,2026-06-07,4426.51,7,5,632.36,Sunday,True,False
m-027,2026-06-08,410.77,3,1,136.92,Monday,False,False
m-027,2026-06-09,65.74,1,0,65.74,Tuesday,False,False
m-027,2026-06-10,600.3,4,4,150.07,Wednesday,False,False
m-027,2026-06-11,953.67,3,1,317.89,Thursday,False,False
m-027,2026-06-12,2076.22,5,4,415.24,Friday,False,False
m-027,2026-06-13,1645.26,4,3,411.32,Saturday,True,False
m-027,2026-06-14,663.62,3,2,221.21,Sunday,True,False
m-027,2026-06-15,1255.24,2,2,627.62,Monday,False,False
m-027,2026-06-16,1317.6,4,3,329.4,Tuesday,False,False
m-027,2026-06-17,1185.93,6,6,197.66,Wednesday,False,False
m-027,2026-06-18,319.81,3,1,106.6,Thursday,False,False
m-027,2026-06-19,1936.06,4,2,484.02,Friday,False,False
m-027,2026-06-20,409.02,3,2,136.34,Saturday,True,False
m-027,2026-06-21,5853.01,7,4,836.14,Sunday,True,False
m-027,2026-06-22,2288.59,7,5,326.94,Monday,False,False
m-027,2026-06-23,89.22,1,1,89.22,Tuesday,False,False
m-027,2026-06-24,1390.37,3,3,463.46,Wednesday,False,False
m-027,2026-06-25,225.78,1,1,225.78,Thursday,False,False
m-027,2026-06-26,1356.61,7,5,193.8,Friday,False,False
m-027,2026-06-27,122.09,2,1,61.04,Saturday,True,False
m-027,2026-06-28,222.35,3,2,74.12,Sunday,True,False
m-027,2026-06-29,1328.49,5,2,265.7,Monday,False,False
m-027,2026-06-30,3093.1,3,2,1031.03,Tuesday,False,False
m-027,2026-07-01,1148.46,3,1,382.82,Wednesday,False,False
m-027,2026-07-02,203.77,2,1,101.88,Thursday,False,False
m-027,2026-07-04,678.06,1,1,678.06,Saturday,True,False
m-027,2026-07-05,703.25,4,3,175.81,Sunday,True,False
m-027,2026-07-06,437.42,1,0,437.42,Monday,False,False
m-027,2026-07-07,738.11,4,1,184.53,Tuesday,False,False
m-027,2026-07-08,83.13,1,1,83.13,Wednesday,False,False
m-027,2026-07-09,1356.12,1,1,1356.12,Thursday,False,False
m-027,2026-07-10,731.08,4,3,182.77,Friday,False,False
m-027,2026-07-11,711.67,5,3,142.33,Saturday,True,False
m-027,2026-07-12,1670.2,8,4,208.78,Sunday,True,False
m-027,2026-07-13,2230.96,2,1,1115.48,Monday,False,False
m-027,2026-07-14,258.65,2,2,129.32,Tuesday,False,False
m-027,2026-07-15,225.78,1,1,225.78,Wednesday,False,False
m-027,2026-07-16,888.58,5,4,177.72,Thursday,False,False
m-027,2026-07-17,932.73,3,2,310.91,Friday,False,False
m-027,2026-07-18,770.25,5,4,154.05,Saturday,True,False
m-027,2026-07-19,258.65,2,2,129.32,Sunday,True,False
m-027,2026-07-20,751.65,4,2,187.91,Monday,False,False
m-027,2026-07-21,1129.62,2,0,564.81,Tuesday,False,False
m-027,2026-07-22,122.09,2,1,61.04,Wednesday,False,False
m-027,2026-07-23,2218.52,3,2,739.51,Thursday,False,False
m-027,2026-07-24,3319.03,7,3,474.15,Friday,False,False
m-027,2026-07-25,913.32,5,5,182.66,Saturday,True,False
m-027,2026-07-26,1430.66,3,2,476.89,Sunday,True,False
m-027,2026-07-27,649.96,3,2,216.65,Monday,False,False
m-027,2026-07-28,1387.06,4,2,346.76,Tuesday,False,False
m-027,2026-07-29,1012.61,3,1,337.54,Wednesday,False,False
m-027,2026-07-30,1376.49,4,3,344.12,Thursday,False,False
m-027,2026-07-31,291.52,2,2,145.76,Friday,False,False
m-027,2026-08-01,425.53,2,0,212.76,Saturday,True,False
m-027,2026-08-02,437.09,3,2,145.7,Sunday,True,False
m-027,2026-08-03,27.71,1,1,27.71,Monday,False,False
m-027,2026-08-04,3358.21,4,2,839.55,Tuesday,False,False
m-027,2026-08-05,150.47,2,1,75.24,Wednesday,False,False
m-027,2026-08-06,155.68,3,2,51.89,Thursday,False,False
m-027,2026-08-07,791.86,2,2,395.93,Friday,False,False
m-027,2026-08-08,375.36,3,1,125.12,Saturday,True,False
m-027,2026-08-09,1586.02,3,3,528.67,Sunday,True,False
m-027,2026-08-10,1838.43,3,1,612.81,Monday,False,False
m-027,2026-08-11,218.71,1,0,218.71,Tuesday,False,False
m-027,2026-08-12,583.92,3,3,194.64,Wednesday,False,False
m-027,2026-08-13,1203.86,4,4,300.97,Thursday,False,False
m-027,2026-08-14,347.65,2,2,173.82,Friday,False,False
m-027,2026-08-15,683.2,5,5,136.64,Saturday,True,True
m-027,2026-08-16,1313.75,6,4,218.96,Sunday,True,False
m-027,2026-08-17,548.26,3,2,182.75,Monday,False,False
m-027,2026-08-18,909.03,4,2,227.26,Tuesday,False,False
m-027,2026-08-19,797.22,5,4,159.44,Wednesday,False,False
m-027,2026-08-21,960.87,4,3,240.22,Friday,False,False
m-027,2026-08-22,1095.92,4,3,273.98,Saturday,True,False
m-027,2026-08-23,333.19,4,1,83.3,Sunday,True,False
m-027,2026-08-24,893.16,5,5,178.63,Monday,False,False
m-027,2026-08-25,432.26,3,2,144.09,Tuesday,False,False
m-027,2026-08-26,968.09,2,1,484.04,Wednesday,False,False
m-027,2026-08-27,1449.1,4,4,362.28,Thursday,False,False
m-027,2026-08-28,2272.27,6,4,378.71,Friday,False,True
m-027,2026-08-29,1194.11,11,8,108.56,Saturday,True,False
m-027,2026-08-30,4580.83,9,6,508.98,Sunday,True,False
m-027,2026-08-31,915.67,4,3,228.92,Monday,False,False
m-027,2026-09-01,876.87,4,2,219.22,Tuesday,False,False
m-027,2026-09-02,1115.48,2,0,557.74,Wednesday,False,False
m-027,2026-09-03,768.69,2,1,384.34,Thursday,False,False
m-027,2026-09-04,2978.9,4,3,744.72,Friday,False,False
m-027,2026-09-05,1534.21,4,3,383.55,Saturday,True,False
m-027,2026-09-06,323.49,3,1,107.83,Sunday,True,False
m-027,2026-09-07,2459.57,5,2,491.91,Monday,False,False
m-027,2026-09-08,416.57,1,1,416.57,Tuesday,False,False
m-027,2026-09-09,1150.0,4,3,287.5,Wednesday,False,False
m-027,2026-09-10,804.38,4,3,201.1,Thursday,False,False
m-027,2026-09-11,508.46,2,1,254.23,Friday,False,False
m-027,2026-09-12,89.22,1,1,89.22,Saturday,True,False
m-027,2026-09-13,2654.04,6,4,442.34,Sunday,True,False
m-027,2026-09-14,1099.72,4,1,274.93,Monday,False,False
m-027,2026-09-15,4458.3,8,7,557.29,Tuesday,False,False
m-027,2026-09-16,1565.05,3,3,521.68,Wednesday,False,False
m-027,2026-09-17,1517.16,4,3,379.29,Thursday,False,False
m-028,2025-09-18,47.62,2,2,23.81,Thursday,False,False
m-028,2025-09-19,850.73,3,1,283.58,Friday,False,False
m-028,2025-09-20,2097.25,5,3,419.45,Saturday,True,False
m-028,2025-09-21,31.9,1,0,31.9,Sunday,True,False
m-028,2025-09-22,738.5,3,1,246.17,Monday,False,False
m-028,2025-09-23,458.2,3,2,152.73,Tuesday,False,False
m-028,2025-09-24,1109.75,5,3,221.95,Wednesday,False,False
m-028,2025-09-25,477.42,2,2,238.71,Thursday,False,False
m-028,2025-09-26,2260.87,8,6,282.61,Friday,False,False
m-028,2025-09-27,1334.02,4,4,333.5,Saturday,True,False
m-028,2025-09-28,1708.43,5,3,341.69,Sunday,True,False
m-028,2025-09-29,486.13,2,2,243.06,Monday,False,False
m-028,2025-09-30,593.59,5,4,118.72,Tuesday,False,False
m-028,2025-10-01,1067.29,6,4,177.88,Wednesday,False,False
m-028,2025-10-02,1534.83,4,3,383.71,Thursday,False,False
m-028,2025-10-03,854.11,3,2,284.7,Friday,False,False
m-028,2025-10-04,1857.18,4,2,464.3,Saturday,True,False
m-028,2025-10-05,937.38,4,4,234.34,Sunday,True,False
m-028,2025-10-06,31.9,1,0,31.9,Monday,False,False
m-028,2025-10-07,1026.08,4,1,256.52,Tuesday,False,False
m-028,2025-10-08,1104.58,4,2,276.14,Wednesday,False,False
m-028,2025-10-09,287.42,2,1,143.71,Thursday,False,False
m-028,2025-10-10,661.5,3,2,220.5,Friday,False,False
m-028,2025-10-11,638.91,5,4,127.78,Saturday,True,False
m-028,2025-10-12,801.88,5,2,160.38,Sunday,True,False
m-028,2025-10-13,60.46,1,0,60.46,Monday,False,False
m-028,2025-10-14,1048.71,3,3,349.57,Tuesday,False,False
m-028,2025-10-15,2302.42,4,2,575.6,Wednesday,False,False
m-028,2025-10-16,750.52,1,1,750.52,Thursday,False,False
m-028,2025-10-17,60.46,1,1,60.46,Friday,False,False
m-028,2025-10-18,60.46,1,0,60.46,Saturday,True,False
m-028,2025-10-19,1833.05,6,4,305.51,Sunday,True,False
m-028,2025-10-20,7291.26,6,5,1215.21,Monday,False,True
m-028,2025-10-21,1264.77,6,5,210.8,Tuesday,False,True
m-028,2025-10-22,844.5,4,4,211.12,Wednesday,False,True
m-028,2025-10-23,335.95,3,2,111.98,Thursday,False,False
m-028,2025-10-24,765.18,1,0,765.18,Friday,False,False
m-028,2025-10-25,3689.96,3,3,1229.99,Saturday,True,False
m-028,2025-10-26,1409.79,5,1,281.96,Sunday,True,False
m-028,2025-10-27,1525.42,4,2,381.36,Monday,False,False
m-028,2025-10-28,366.91,1,1,366.91,Tuesday,False,False
m-028,2025-10-29,1192.55,4,3,298.14,Wednesday,False,False
m-028,2025-10-30,1232.21,4,3,308.05,Thursday,False,False
m-028,2025-10-31,3340.13,3,3,1113.38,Friday,False,False
m-028,2025-11-01,1342.59,6,5,223.76,Saturday,True,False
m-028,2025-11-02,211.44,2,1,105.72,Sunday,True,False
m-028,2025-11-03,719.96,3,1,239.99,Monday,False,False
m-028,2025-11-04,178.0,3,1,59.33,Tuesday,False,False
m-028,2025-11-05,510.62,2,2,255.31,Wednesday,False,False
m-028,2025-11-06,877.96,3,3,292.65,Thursday,False,False
m-028,2025-11-07,31.9,1,1,31.9,Friday,False,False
m-028,2025-11-08,1938.36,5,4,387.67,Saturday,True,False
m-028,2025-11-09,23.81,1,0,23.81,Sunday,True,False
m-028,2025-11-10,544.83,5,3,108.97,Monday,False,False
m-028,2025-11-11,714.79,4,4,178.7,Tuesday,False,False
m-028,2025-11-12,1436.9,4,4,359.22,Wednesday,False,False
m-028,2025-11-13,811.87,5,3,162.37,Thursday,False,False
m-028,2025-11-14,903.68,3,3,301.23,Friday,False,False
m-028,2025-11-15,1332.9,5,3,266.58,Saturday,True,False
m-028,2025-11-16,651.15,5,3,130.23,Sunday,True,False
m-028,2025-11-17,1609.49,3,1,536.5,Monday,False,False
m-028,2025-11-18,1556.68,4,3,389.17,Tuesday,False,False
m-028,2025-11-19,255.06,1,1,255.06,Wednesday,False,False
m-028,2025-11-20,92.36,2,2,46.18,Thursday,False,False
m-028,2025-11-21,365.63,3,2,121.88,Friday,False,False
m-028,2025-11-22,1040.67,3,2,346.89,Saturday,True,False
m-028,2025-11-23,1311.48,6,5,218.58,Sunday,True,False
m-028,2025-11-24,1105.56,5,3,221.11,Monday,False,False
m-028,2025-11-25,306.85,2,1,153.43,Tuesday,False,False
m-028,2025-11-26,780.96,3,3,260.32,Wednesday,False,False
m-028,2025-11-27,1008.83,5,4,201.77,Thursday,False,False
m-028,2025-11-28,2817.19,4,2,704.3,Friday,False,False
m-028,2025-11-29,1654.09,3,1,551.36,Saturday,True,False
m-028,2025-11-30,184.68,2,2,92.34,Sunday,True,False
m-028,2025-12-01,724.5,3,3,241.5,Monday,False,False
m-028,2025-12-02,988.44,6,6,164.74,Tuesday,False,False
m-028,2025-12-03,286.74,3,2,95.58,Wednesday,False,False
m-028,2025-12-04,386.59,4,3,96.65,Thursday,False,False
m-028,2025-12-05,1161.19,2,1,580.6,Friday,False,False
m-028,2025-12-06,1780.89,5,4,356.18,Saturday,True,False
m-028,2025-12-07,1579.49,4,3,394.87,Sunday,True,False
m-028,2025-12-08,482.48,3,1,160.83,Monday,False,False
m-028,2025-12-09,79.52,3,2,26.51,Tuesday,False,False
m-028,2025-12-10,988.29,2,2,494.14,Wednesday,False,False
m-028,2025-12-11,921.45,2,2,460.72,Thursday,False,False
m-028,2025-12-12,1460.19,4,4,365.05,Friday,False,False
m-028,2025-12-13,973.92,5,4,194.78,Saturday,True,False
m-028,2025-12-14,2048.2,9,4,227.58,Sunday,True,False
m-028,2025-12-15,2749.55,6,6,458.26,Monday,False,False
m-028,2025-12-16,517.33,4,3,129.33,Tuesday,False,False
m-028,2025-12-17,761.76,3,2,253.92,Wednesday,False,False
m-028,2025-12-18,1023.69,3,2,341.23,Thursday,False,False
m-028,2025-12-19,689.0,2,1,344.5,Friday,False,False
m-028,2025-12-20,2071.89,5,4,414.38,Saturday,True,False
m-028,2025-12-21,1951.04,4,4,487.76,Sunday,True,False
m-028,2025-12-22,5795.56,10,8,579.56,Monday,False,False
m-028,2025-12-23,2038.22,5,3,407.64,Tuesday,False,False
m-028,2025-12-24,619.97,2,2,309.98,Wednesday,False,False
m-028,2025-12-25,3693.03,8,7,461.63,Thursday,False,True
m-028,2025-12-26,1633.06,2,1,816.53,Friday,False,False
m-028,2025-12-27,2469.06,8,6,308.63,Saturday,True,False
m-028,2025-12-28,764.4,5,1,152.88,Sunday,True,False
m-028,2025-12-29,2652.32,7,5,378.9,Monday,False,False
m-028,2025-12-30,1338.58,4,2,334.64,Tuesday,False,False
m-028,2025-12-31,1776.33,5,2,355.27,Wednesday,False,True
m-028,2026-01-01,1586.65,7,4,226.66,Thursday,False,True
m-028,2026-01-02,425.6,3,3,141.87,Friday,False,False
m-028,2026-01-03,674.43,1,1,674.43,Saturday,True,False
m-028,2026-01-04,809.02,4,3,202.26,Sunday,True,False
m-028,2026-01-05,2773.98,6,5,462.33,Monday,False,False
m-028,2026-01-06,213.53,2,2,106.76,Tuesday,False,False
m-028,2026-01-07,494.48,2,2,247.24,Wednesday,False,False
m-028,2026-01-09,658.51,2,1,329.26,Friday,False,False
m-028,2026-01-10,576.05,3,1,192.02,Saturday,True,False
m-028,2026-01-11,1020.65,2,1,510.33,Sunday,True,False
m-028,2026-01-12,730.17,2,1,365.08,Monday,False,False
m-028,2026-01-13,981.86,4,4,245.46,Tuesday,False,False
m-028,2026-01-14,757.04,2,2,378.52,Wednesday,False,True
m-028,2026-01-15,406.44,2,2,203.22,Thursday,False,False
m-028,2026-01-16,454.06,4,3,113.52,Friday,False,False
m-028,2026-01-17,3186.69,4,1,796.67,Saturday,True,False
m-028,2026-01-18,1266.98,4,3,316.74,Sunday,True,False
m-028,2026-01-19,1310.45,5,2,262.09,Monday,False,False
m-028,2026-01-20,556.15,3,2,185.38,Tuesday,False,False
m-028,2026-01-21,2299.76,4,3,574.94,Wednesday,False,False
m-028,2026-01-22,733.82,1,0,733.82,Thursday,False,False
m-028,2026-01-23,584.96,4,3,146.24,Friday,False,False
m-028,2026-01-24,4576.74,10,5,457.67,Saturday,True,False
m-028,2026-01-25,631.45,3,3,210.48,Sunday,True,False
m-028,2026-01-26,171.24,1,1,171.24,Monday,False,False
m-028,2026-01-27,529.51,3,3,176.5,Tuesday,False,False
m-028,2026-01-28,1187.8,4,2,296.95,Wednesday,False,False
m-028,2026-01-29,870.23,3,1,290.08,Thursday,False,False
m-028,2026-01-30,1086.28,5,4,217.26,Friday,False,False
m-028,2026-01-31,737.04,2,2,368.52,Saturday,True,False
m-028,2026-02-01,757.04,2,2,378.52,Sunday,True,False
m-028,2026-02-02,1610.17,2,2,805.08,Monday,False,False
m-028,2026-02-03,912.2,4,4,228.05,Tuesday,False,False
m-028,2026-02-04,1088.43,5,4,217.69,Wednesday,False,False
m-028,2026-02-05,860.24,5,2,172.05,Thursday,False,False
m-028,2026-02-06,1896.45,5,4,379.29,Friday,False,False
m-028,2026-02-07,422.88,3,3,140.96,Saturday,True,False
m-028,2026-02-08,2249.3,10,6,224.93,Sunday,True,False
m-028,2026-02-09,1829.16,5,4,365.83,Monday,False,False
m-028,2026-02-10,23.81,1,1,23.81,Tuesday,False,False
m-028,2026-02-11,449.62,2,2,224.81,Wednesday,False,False
m-028,2026-02-12,462.87,4,3,115.72,Thursday,False,False
m-028,2026-02-13,436.69,2,1,218.34,Friday,False,False
m-028,2026-02-14,956.88,5,5,191.38,Saturday,True,False
m-028,2026-02-15,3377.72,6,4,562.95,Sunday,True,False
m-028,2026-02-16,269.86,4,3,67.46,Monday,False,False
m-028,2026-02-17,1164.49,4,3,291.12,Tuesday,False,False
m-028,2026-02-18,734.75,4,3,183.69,Wednesday,False,False
m-028,2026-02-19,4473.43,4,3,1118.36,Thursday,False,False
m-028,2026-02-20,1132.63,3,2,377.54,Friday,False,False
m-028,2026-02-21,393.21,4,3,98.3,Saturday,True,False
m-028,2026-02-22,2039.66,6,1,339.94,Sunday,True,False
m-028,2026-02-23,2220.35,5,4,444.07,Monday,False,False
m-028,2026-02-24,817.46,3,2,272.49,Tuesday,False,False
m-028,2026-02-25,776.86,3,2,258.95,Wednesday,False,False
m-028,2026-02-26,914.15,2,2,457.08,Thursday,False,False
m-028,2026-02-27,426.07,2,0,213.04,Friday,False,False
m-028,2026-02-28,131.89,4,3,32.97,Saturday,True,False
m-028,2026-03-01,366.91,1,1,366.91,Sunday,True,False
m-028,2026-03-02,2815.46,7,5,402.21,Monday,False,False
m-028,2026-03-03,2280.58,3,3,760.19,Tuesday,False,False
m-028,2026-03-04,1197.27,6,6,199.54,Wednesday,False,True
m-028,2026-03-05,1625.95,6,4,270.99,Thursday,False,False
m-028,2026-03-06,92.36,2,2,46.18,Friday,False,False
m-028,2026-03-07,536.04,4,4,134.01,Saturday,True,False
m-028,2026-03-08,819.6,3,2,273.2,Sunday,True,False
m-028,2026-03-09,144.73,3,3,48.24,Monday,False,False
m-028,2026-03-10,328.43,3,3,109.48,Tuesday,False,False
m-028,2026-03-11,1593.91,5,5,318.78,Wednesday,False,False
m-028,2026-03-12,71.43,1,0,71.43,Thursday,False,False
m-028,2026-03-13,768.48,3,3,256.16,Friday,False,False
m-028,2026-03-14,2155.56,7,5,307.94,Saturday,True,False
m-028,2026-03-15,1718.28,11,4,156.21,Sunday,True,False
m-028,2026-03-16,325.34,2,2,162.67,Monday,False,False
m-028,2026-03-18,1333.3,4,4,333.32,Wednesday,False,False
m-028,2026-03-19,794.28,2,2,397.14,Thursday,False,False
m-028,2026-03-20,991.26,9,6,110.14,Friday,False,True
m-028,2026-03-21,1015.12,3,2,338.37,Saturday,True,False
m-028,2026-03-22,831.86,4,2,207.96,Sunday,True,False
m-028,2026-03-23,3211.79,3,3,1070.6,Monday,False,False
m-028,2026-03-24,31.9,1,1,31.9,Tuesday,False,False
m-028,2026-03-25,1158.86,5,3,231.77,Wednesday,False,False
m-028,2026-03-26,479.87,2,0,239.94,Thursday,False,False
m-028,2026-03-27,1459.75,2,2,729.88,Friday,False,False
m-028,2026-03-28,55.71,2,0,27.85,Saturday,True,False
m-028,2026-03-29,219.53,2,2,109.76,Sunday,True,False
m-028,2026-03-30,599.08,4,2,149.77,Monday,False,False
m-028,2026-03-31,848.29,5,4,169.66,Tuesday,False,False
m-028,2026-04-01,1071.59,3,3,357.2,Wednesday,False,False
m-028,2026-04-02,385.55,2,0,192.78,Thursday,False,False
m-028,2026-04-03,286.96,2,1,143.48,Friday,False,False
m-028,2026-04-04,1288.17,4,1,322.04,Saturday,True,False
m-028,2026-04-05,3173.13,4,4,793.28,Sunday,True,False
m-028,2026-04-06,1285.82,5,4,257.16,Monday,False,False
m-028,2026-04-07,1383.89,6,5,230.65,Tuesday,False,False
m-028,2026-04-08,803.6,3,3,267.87,Wednesday,False,False
m-028,2026-04-09,798.04,2,2,399.02,Thursday,False,False
m-028,2026-04-10,1690.14,3,1,563.38,Friday,False,False
m-028,2026-04-11,2676.61,4,3,669.15,Saturday,True,False
m-028,2026-04-12,114.16,1,1,114.16,Sunday,True,False
m-028,2026-04-13,1585.68,2,1,792.84,Monday,False,False
m-028,2026-04-14,2155.69,5,4,431.14,Tuesday,False,False
m-028,2026-04-15,431.36,3,1,143.79,Wednesday,False,False
m-028,2026-04-16,57.08,1,1,57.08,Thursday,False,False
m-028,2026-04-17,1137.72,4,4,284.43,Friday,False,False
m-028,2026-04-18,1557.67,5,4,311.53,Saturday,True,False
m-028,2026-04-19,2338.77,6,6,389.8,Sunday,True,False
m-028,2026-04-20,639.35,5,4,127.87,Monday,False,False
m-028,2026-04-21,1297.01,4,4,324.25,Tuesday,False,False
m-028,2026-04-22,3110.92,3,1,1036.97,Wednesday,False,False
m-028,2026-04-23,256.71,2,2,128.35,Thursday,False,False
m-028,2026-04-24,1904.71,6,4,317.45,Friday,False,False
m-028,2026-04-25,835.17,4,1,208.79,Saturday,True,False
m-028,2026-04-26,3785.37,4,3,946.34,Sunday,True,False
m-028,2026-04-27,114.16,1,1,114.16,Monday,False,False
m-028,2026-04-28,1482.04,6,3,247.01,Tuesday,False,False
m-028,2026-04-29,487.83,3,2,162.61,Wednesday,False,False
m-028,2026-04-30,57.08,1,1,57.08,Thursday,False,False
m-028,2026-05-01,302.68,3,2,100.89,Friday,False,False
m-028,2026-05-02,1092.66,7,5,156.09,Saturday,True,False
m-028,2026-05-03,1235.24,5,3,247.05,Sunday,True,False
m-028,2026-05-04,312.14,2,1,156.07,Monday,False,False
m-028,2026-05-05,496.9,3,3,165.63,Tuesday,False,False
m-028,2026-05-06,393.07,3,2,131.02,Wednesday,False,False
m-028,2026-05-08,854.85,3,2,284.95,Friday,False,False
m-028,2026-05-09,211.44,2,1,105.72,Saturday,True,False
m-028,2026-05-10,780.92,5,3,156.18,Sunday,True,False
m-028,2026-05-11,1223.17,4,3,305.79,Monday,False,False
m-028,2026-05-12,177.96,3,2,59.32,Tuesday,False,False
m-028,2026-05-13,1314.22,5,4,262.84,Wednesday,False,False
m-028,2026-05-14,71.43,1,1,71.43,Thursday,False,False
m-028,2026-05-15,1333.75,4,1,333.44,Friday,False,False
m-028,2026-05-16,525.86,3,1,175.29,Saturday,True,False
m-028,2026-05-17,2062.02,8,8,257.75,Sunday,True,False
m-028,2026-05-18,1407.66,2,0,703.83,Monday,False,False
m-028,2026-05-20,1020.24,1,1,1020.24,Wednesday,False,False
m-028,2026-05-21,1357.02,5,5,271.4,Thursday,False,False
m-028,2026-05-22,326.49,2,1,163.24,Friday,False,False
m-028,2026-05-23,219.53,2,2,109.76,Saturday,True,False
m-028,2026-05-24,79.52,2,2,39.76,Sunday,True,False
m-028,2026-05-25,429.72,3,3,143.24,Monday,False,False
m-028,2026-05-26,1276.44,4,4,319.11,Tuesday,False,False
m-028,2026-05-27,911.82,3,1,303.94,Wednesday,False,False
m-028,2026-05-28,2098.89,5,2,419.78,Thursday,False,False
m-028,2026-05-29,1371.07,4,3,342.77,Friday,False,False
m-028,2026-05-30,502.39,4,2,125.6,Saturday,True,False
m-028,2026-05-31,465.38,5,5,93.08,Sunday,True,False
m-028,2026-06-01,2280.58,3,3,760.19,Monday,False,False
m-028,2026-06-02,446.39,3,2,148.8,Tuesday,False,False
m-028,2026-06-03,1911.02,4,1,477.76,Wednesday,False,False
m-028,2026-06-04,1096.49,2,2,548.24,Thursday,False,False
m-028,2026-06-05,4087.53,5,5,817.51,Friday,False,False
m-028,2026-06-06,2986.84,7,7,426.69,Saturday,True,False
m-028,2026-06-07,2720.03,5,3,544.01,Sunday,True,False
m-028,2026-06-08,71.43,2,1,35.71,Monday,False,False
m-028,2026-06-09,1920.9,4,4,480.22,Tuesday,False,False
m-028,2026-06-10,1865.86,3,2,621.95,Wednesday,False,False
m-028,2026-06-11,1146.86,3,2,382.29,Thursday,False,False
m-028,2026-06-13,325.34,2,1,162.67,Saturday,True,False
m-028,2026-06-14,1467.05,2,2,733.53,Sunday,True,False
m-028,2026-06-15,2449.22,4,3,612.3,Monday,False,False
m-028,2026-06-16,181.63,1,1,181.63,Tuesday,False,False
m-028,2026-06-17,1897.43,4,3,474.36,Wednesday,False,False
m-028,2026-06-18,463.03,3,2,154.34,Thursday,False,False
m-028,2026-06-19,444.56,3,1,148.19,Friday,False,False
m-028,2026-06-20,240.14,2,1,120.07,Saturday,True,False
m-028,2026-06-21,80.89,2,0,40.44,Sunday,True,False
m-028,2026-06-22,1294.38,5,5,258.88,Monday,False,False
m-028,2026-06-23,625.3,6,4,104.22,Tuesday,False,False
m-028,2026-06-24,1987.51,6,4,331.25,Wednesday,False,False
m-028,2026-06-25,977.94,3,2,325.98,Thursday,False,False
m-028,2026-06-26,1658.77,6,5,276.46,Friday,False,False
m-028,2026-06-27,2544.96,3,3,848.32,Saturday,True,False
m-028,2026-06-28,793.71,4,4,198.43,Sunday,True,False
m-028,2026-06-29,1765.85,7,4,252.26,Monday,False,False
m-028,2026-06-30,1099.86,3,3,366.62,Tuesday,False,False
m-028,2026-07-03,2454.75,2,2,1227.38,Friday,False,False
m-028,2026-07-04,1320.57,5,2,264.11,Saturday,True,False
m-028,2026-07-05,1295.36,4,4,323.84,Sunday,True,False
m-028,2026-07-06,368.52,2,2,184.26,Monday,False,False
m-028,2026-07-07,595.97,4,2,148.99,Tuesday,False,False
m-028,2026-07-08,463.03,2,1,231.52,Wednesday,False,False
m-028,2026-07-10,1488.3,5,4,297.66,Friday,False,False
m-028,2026-07-11,1020.41,4,4,255.1,Saturday,True,False
m-028,2026-07-12,187.63,1,1,187.63,Sunday,True,False
m-028,2026-07-13,1099.27,3,2,366.42,Monday,False,False
m-028,2026-07-14,746.08,2,2,373.04,Tuesday,False,False
m-028,2026-07-15,573.92,2,2,286.96,Wednesday,False,False
m-028,2026-07-16,1051.36,7,6,150.19,Thursday,False,False
m-028,2026-07-17,570.54,2,1,285.27,Friday,False,False
m-028,2026-07-18,3116.0,6,3,519.33,Saturday,True,False
m-028,2026-07-19,785.03,4,2,196.26,Sunday,True,False
m-028,2026-07-20,749.53,4,4,187.38,Monday,False,False
m-028,2026-07-21,31.9,1,0,31.9,Tuesday,False,False
m-028,2026-07-22,925.36,4,3,231.34,Wednesday,False,False
m-028,2026-07-23,682.43,3,0,227.48,Thursday,False,False
m-028,2026-07-24,23.81,1,1,23.81,Friday,False,False
m-028,2026-07-25,2919.01,3,3,973.0,Saturday,True,False
m-028,2026-07-26,433.01,4,3,108.25,Sunday,True,False
m-028,2026-07-27,2352.53,4,3,588.13,Monday,False,False
m-028,2026-07-28,1006.04,6,4,167.67,Tuesday,False,False
m-028,2026-07-29,248.09,2,2,124.04,Wednesday,False,False
m-028,2026-07-30,375.26,1,1,375.26,Thursday,False,False
m-028,2026-07-31,389.56,4,4,97.39,Friday,False,False
m-028,2026-08-01,1507.3,4,2,376.83,Saturday,True,False
m-028,2026-08-02,1014.88,5,5,202.98,Sunday,True,False
m-028,2026-08-03,1937.94,7,4,276.85,Monday,False,False
m-028,2026-08-04,600.79,3,3,200.26,Tuesday,False,False
m-028,2026-08-05,439.73,3,3,146.58,Wednesday,False,False
m-028,2026-08-06,2980.56,6,5,496.76,Thursday,False,False
m-028,2026-08-07,625.92,3,3,208.64,Friday,False,False
m-028,2026-08-08,1466.46,1,1,1466.46,Saturday,True,False
m-028,2026-08-09,31.9,1,1,31.9,Sunday,True,False
m-028,2026-08-10,478.58,2,1,239.29,Monday,False,False
m-028,2026-08-11,1289.97,5,4,257.99,Tuesday,False,False
m-028,2026-08-13,795.6,3,2,265.2,Thursday,False,False
m-028,2026-08-14,943.66,3,3,314.55,Friday,False,False
m-028,2026-08-15,2911.28,5,2,582.26,Saturday,True,True
m-028,2026-08-16,3036.0,10,4,303.6,Sunday,True,False
m-028,2026-08-17,3367.16,6,4,561.19,Monday,False,False
m-028,2026-08-18,600.29,3,3,200.1,Tuesday,False,False
m-028,2026-08-19,187.63,1,1,187.63,Wednesday,False,False
m-028,2026-08-20,1843.09,4,4,460.77,Thursday,False,False
m-028,2026-08-21,55.71,2,2,27.85,Friday,False,False
m-028,2026-08-22,414.05,3,3,138.02,Saturday,True,False
m-028,2026-08-23,255.06,1,1,255.06,Sunday,True,False
m-028,2026-08-24,1181.08,4,3,295.27,Monday,False,False
m-028,2026-08-25,479.87,2,2,239.94,Tuesday,False,False
m-028,2026-08-26,119.22,1,0,119.22,Wednesday,False,False
m-028,2026-08-27,1556.47,4,1,389.12,Thursday,False,False
m-028,2026-08-28,2193.94,6,4,365.66,Friday,False,True
m-028,2026-08-29,1046.78,4,3,261.7,Saturday,True,False
m-028,2026-08-30,1459.04,4,3,364.76,Sunday,True,False
m-028,2026-08-31,914.86,2,2,457.43,Monday,False,False
m-028,2026-09-01,1753.47,2,1,876.74,Tuesday,False,False
m-028,2026-09-02,363.26,1,1,363.26,Wednesday,False,False
m-028,2026-09-03,57.08,1,1,57.08,Thursday,False,False
m-028,2026-09-04,367.31,3,2,122.44,Friday,False,False
m-028,2026-09-05,548.54,2,2,274.27,Saturday,True,False
m-028,2026-09-06,765.13,2,1,382.56,Sunday,True,False
m-028,2026-09-07,1088.99,5,4,217.8,Monday,False,False
m-028,2026-09-08,649.93,5,4,129.99,Tuesday,False,False
m-028,2026-09-09,7112.64,8,6,889.08,Wednesday,False,False
m-028,2026-09-10,1737.16,9,6,193.02,Thursday,False,False
m-028,2026-09-12,1654.09,2,1,827.04,Saturday,True,False
m-028,2026-09-13,854.74,2,2,427.37,Sunday,True,False
m-028,2026-09-14,442.69,2,1,221.34,Monday,False,False
m-028,2026-09-15,1245.48,5,3,249.1,Tuesday,False,False
m-028,2026-09-16,2128.65,6,5,354.78,Wednesday,False,False
m-028,2026-09-17,1110.68,4,3,277.67,Thursday,False,False
m-029,2025-09-18,778.27,7,4,111.18,Thursday,False,False
m-029,2025-09-19,939.2,1,0,939.2,Friday,False,False
m-029,2025-09-20,1069.51,3,2,356.5,Saturday,True,False
m-029,2025-09-21,393.92,4,3,98.48,Sunday,True,False
m-029,2025-09-22,759.86,3,3,253.29,Monday,False,False
m-029,2025-09-23,3345.45,5,4,669.09,Tuesday,False,False
m-029,2025-09-24,934.76,1,1,934.76,Wednesday,False,False
m-029,2025-09-25,1978.29,8,5,247.29,Thursday,False,False
m-029,2025-09-26,187.56,2,2,93.78,Friday,False,False
m-029,2025-09-27,353.71,4,3,88.43,Saturday,True,False
m-029,2025-09-28,890.82,2,2,445.41,Sunday,True,False
m-029,2025-09-29,2074.99,4,1,518.75,Monday,False,False
m-029,2025-09-30,110.11,1,1,110.11,Tuesday,False,False
m-029,2025-10-01,917.65,3,1,305.88,Wednesday,False,False
m-029,2025-10-02,455.23,3,2,151.74,Thursday,False,False
m-029,2025-10-03,767.33,2,2,383.66,Friday,False,False
m-029,2025-10-04,451.18,3,1,150.39,Saturday,True,False
m-029,2025-10-05,219.74,2,1,109.87,Sunday,True,False
m-029,2025-10-06,2134.74,4,2,533.69,Monday,False,False
m-029,2025-10-07,233.69,1,1,233.69,Tuesday,False,False
m-029,2025-10-08,1071.92,4,3,267.98,Wednesday,False,False
m-029,2025-10-09,233.69,1,1,233.69,Thursday,False,False
m-029,2025-10-10,1569.78,6,4,261.63,Friday,False,False
m-029,2025-10-11,1281.49,2,1,640.75,Saturday,True,False
m-029,2025-10-12,773.09,4,3,193.27,Sunday,True,False
m-029,2025-10-13,1629.44,3,2,543.15,Monday,False,False
m-029,2025-10-14,590.65,2,2,295.32,Tuesday,False,False
m-029,2025-10-15,49.74,1,1,49.74,Wednesday,False,False
m-029,2025-10-16,1360.24,6,4,226.71,Thursday,False,False
m-029,2025-10-17,69.35,2,2,34.67,Friday,False,False
m-029,2025-10-18,531.33,2,1,265.67,Saturday,True,False
m-029,2025-10-19,2157.08,8,5,269.64,Sunday,True,False
m-029,2025-10-20,1375.95,6,4,229.32,Monday,False,True
m-029,2025-10-21,3701.49,10,8,370.15,Tuesday,False,True
m-029,2025-10-22,1073.4,5,3,214.68,Wednesday,False,True
m-029,2025-10-23,754.48,3,3,251.49,Thursday,False,False
m-029,2025-10-24,582.8,3,2,194.27,Friday,False,False
m-029,2025-10-25,710.62,3,3,236.87,Saturday,True,False
m-029,2025-10-26,1494.72,6,5,249.12,Sunday,True,False
m-029,2025-10-27,768.02,2,1,384.01,Monday,False,False
m-029,2025-10-28,946.6,3,3,315.53,Tuesday,False,False
m-029,2025-10-29,1055.13,4,4,263.78,Wednesday,False,False
m-029,2025-10-30,381.1,2,2,190.55,Thursday,False,False
m-029,2025-10-31,724.09,5,1,144.82,Friday,False,False
m-029,2025-11-01,873.35,3,2,291.12,Saturday,True,False
m-029,2025-11-02,677.99,2,1,339.0,Sunday,True,False
m-029,2025-11-03,151.48,2,0,75.74,Monday,False,False
m-029,2025-11-04,1664.02,5,3,332.8,Tuesday,False,False
m-029,2025-11-05,546.95,4,3,136.74,Wednesday,False,False
m-029,2025-11-06,784.25,4,2,196.06,Thursday,False,False
m-029,2025-11-07,356.96,1,1,356.96,Friday,False,False
m-029,2025-11-08,1095.06,7,5,156.44,Saturday,True,False
m-029,2025-11-09,49.74,2,2,24.87,Sunday,True,False
m-029,2025-11-10,790.88,5,1,158.18,Monday,False,False
m-029,2025-11-11,1971.93,5,5,394.39,Tuesday,False,False
m-029,2025-11-12,984.95,4,3,246.24,Wednesday,False,False
m-029,2025-11-13,2059.69,6,2,343.28,Thursday,False,False
m-029,2025-11-14,308.3,3,1,102.77,Friday,False,False
m-029,2025-11-15,1090.68,4,4,272.67,Saturday,True,False
m-029,2025-11-16,1027.97,5,3,205.59,Sunday,True,False
m-029,2025-11-17,677.71,5,4,135.54,Monday,False,False
m-029,2025-11-18,272.45,2,2,136.22,Tuesday,False,False
m-029,2025-11-19,1647.33,5,3,329.47,Wednesday,False,False
m-029,2025-11-20,1172.89,2,0,586.45,Thursday,False,False
m-029,2025-11-21,1753.8,7,6,250.54,Friday,False,False
m-029,2025-11-22,1270.15,4,3,317.54,Saturday,True,False
m-029,2025-11-23,361.41,4,3,90.35,Sunday,True,False
m-029,2025-11-24,356.96,1,1,356.96,Monday,False,False
m-029,2025-11-25,522.48,3,2,174.16,Tuesday,False,False
m-029,2025-11-26,1112.97,4,3,278.24,Wednesday,False,False
m-029,2025-11-27,1761.5,6,1,293.58,Thursday,False,False
m-029,2025-11-28,44.48,1,1,44.48,Friday,False,False
m-029,2025-11-29,1819.55,4,4,454.89,Saturday,True,False
m-029,2025-11-30,1235.4,2,1,617.7,Sunday,True,False
m-029,2025-12-01,207.65,2,1,103.82,Monday,False,False
m-029,2025-12-02,209.59,3,2,69.86,Tuesday,False,False
m-029,2025-12-03,1929.23,7,3,275.6,Wednesday,False,False
m-029,2025-12-04,620.98,3,3,206.99,Thursday,False,False
m-029,2025-12-05,177.92,2,1,88.96,Friday,False,False
m-029,2025-12-06,411.43,3,3,137.14,Saturday,True,False
m-029,2025-12-07,653.42,3,3,217.81,Sunday,True,False
m-029,2025-12-08,1662.92,5,3,332.58,Monday,False,False
m-029,2025-12-09,745.49,4,3,186.37,Tuesday,False,False
m-029,2025-12-11,1414.72,5,4,282.94,Thursday,False,False
m-029,2025-12-12,872.1,4,4,218.02,Friday,False,False
m-029,2025-12-13,590.65,2,2,295.32,Saturday,True,False
m-029,2025-12-14,344.91,4,1,86.23,Sunday,True,False
m-029,2025-12-15,107.0,2,2,53.5,Monday,False,False
m-029,2025-12-16,1349.95,3,2,449.98,Tuesday,False,False
m-029,2025-12-17,44.48,1,1,44.48,Wednesday,False,False
m-029,2025-12-18,865.52,3,1,288.51,Thursday,False,False
m-029,2025-12-19,1362.64,7,5,194.66,Friday,False,False
m-029,2025-12-20,1510.58,4,3,377.64,Saturday,True,False
m-029,2025-12-21,464.82,3,1,154.94,Sunday,True,False
m-029,2025-12-22,49.74,1,1,49.74,Monday,False,False
m-029,2025-12-23,154.59,2,2,77.3,Tuesday,False,False
m-029,2025-12-24,1343.68,4,4,335.92,Wednesday,False,False
m-029,2025-12-25,1300.2,6,6,216.7,Thursday,False,True
m-029,2025-12-26,131.69,2,0,65.84,Friday,False,False
m-029,2025-12-27,1878.96,4,4,469.74,Saturday,True,False
m-029,2025-12-28,1416.78,6,3,236.13,Sunday,True,False
m-029,2025-12-29,668.14,3,2,222.71,Monday,False,False
m-029,2025-12-30,2286.74,9,7,254.08,Tuesday,False,False
m-029,2025-12-31,1063.91,6,2,177.32,Wednesday,False,True
m-029,2026-01-01,1764.17,7,3,252.02,Thursday,False,True
m-029,2026-01-02,147.41,1,1,147.41,Friday,False,False
m-029,2026-01-03,984.69,6,4,164.12,Saturday,True,False
m-029,2026-01-04,1635.78,5,3,327.16,Sunday,True,False
m-029,2026-01-05,1383.5,4,3,345.88,Monday,False,False
m-029,2026-01-06,2957.53,6,5,492.92,Tuesday,False,False
m-029,2026-01-07,1103.69,4,2,275.92,Wednesday,False,False
m-029,2026-01-08,1290.63,4,2,322.66,Thursday,False,False
m-029,2026-01-09,889.46,3,1,296.49,Friday,False,False
m-029,2026-01-10,2272.89,8,4,284.11,Saturday,True,False
m-029,2026-01-11,829.47,4,3,207.37,Sunday,True,False
m-029,2026-01-12,1453.69,4,3,363.42,Monday,False,False
m-029,2026-01-13,2011.88,6,3,335.31,Tuesday,False,False
m-029,2026-01-14,817.76,3,1,272.59,Wednesday,False,True
m-029,2026-01-15,1727.34,4,4,431.84,Thursday,False,False
m-029,2026-01-16,1150.2,4,3,287.55,Friday,False,False
m-029,2026-01-17,469.6,1,1,469.6,Saturday,True,False
m-029,2026-01-18,1713.11,3,1,571.04,Sunday,True,False
m-029,2026-01-19,317.43,2,2,158.72,Monday,False,False
m-029,2026-01-20,629.41,3,3,209.8,Tuesday,False,False
m-029,2026-01-21,2735.32,5,3,547.06,Wednesday,False,False
m-029,2026-01-22,644.31,3,2,214.77,Thursday,False,False
m-029,2026-01-23,410.75,2,1,205.38,Friday,False,False
m-029,2026-01-24,1590.45,5,3,318.09,Saturday,True,False
m-029,2026-01-25,679.78,3,2,226.59,Sunday,True,False
m-029,2026-01-26,3137.28,3,3,1045.76,Monday,False,False
m-029,2026-01-27,3506.2,6,3,584.37,Tuesday,False,False
m-029,2026-01-28,689.7,4,3,172.42,Wednesday,False,False
m-029,2026-01-29,657.6,2,1,328.8,Thursday,False,False
m-029,2026-01-30,133.44,1,1,133.44,Friday,False,False
m-029,2026-01-31,859.84,3,2,286.61,Saturday,True,False
m-029,2026-02-01,511.86,2,1,255.93,Sunday,True,False
m-029,2026-02-02,401.44,2,2,200.72,Monday,False,False
m-029,2026-02-03,453.91,2,1,226.96,Tuesday,False,False
m-029,2026-02-04,260.35,2,2,130.18,Wednesday,False,False
m-029,2026-02-05,1070.88,1,1,1070.88,Thursday,False,False
m-029,2026-02-06,2822.22,7,5,403.17,Friday,False,False
m-029,2026-02-07,2534.6,11,5,230.42,Saturday,True,False
m-029,2026-02-08,3265.3,6,6,544.22,Sunday,True,False
m-029,2026-02-09,506.87,3,3,168.96,Monday,False,False
m-029,2026-02-10,435.39,1,1,435.39,Tuesday,False,False
m-029,2026-02-11,1270.18,7,6,181.45,Wednesday,False,False
m-029,2026-02-12,2625.5,4,2,656.38,Thursday,False,False
m-029,2026-02-13,646.84,4,4,161.71,Friday,False,False
m-029,2026-02-14,465.02,4,4,116.26,Saturday,True,False
m-029,2026-02-15,840.83,6,5,140.14,Sunday,True,False
m-029,2026-02-16,1105.65,3,3,368.55,Monday,False,False
m-029,2026-02-17,804.12,4,2,201.03,Tuesday,False,False
m-029,2026-02-18,662.7,5,3,132.54,Wednesday,False,False
m-029,2026-02-19,1066.7,4,3,266.67,Thursday,False,False
m-029,2026-02-20,1782.27,3,2,594.09,Friday,False,False
m-029,2026-02-21,2209.31,7,5,315.62,Saturday,True,False
m-029,2026-02-22,3059.39,5,3,611.88,Sunday,True,False
m-029,2026-02-23,1058.28,3,3,352.76,Monday,False,False
m-029,2026-02-24,1214.11,6,5,202.35,Tuesday,False,False
m-029,2026-02-25,605.62,4,4,151.4,Wednesday,False,False
m-029,2026-02-26,687.6,3,1,229.2,Thursday,False,False
m-029,2026-02-27,1934.27,9,4,214.92,Friday,False,False
m-029,2026-02-28,3101.87,7,4,443.12,Saturday,True,False
m-029,2026-03-01,550.15,5,4,110.03,Sunday,True,False
m-029,2026-03-02,282.74,2,2,141.37,Monday,False,False
m-029,2026-03-03,791.47,4,2,197.87,Tuesday,False,False
m-029,2026-03-04,1986.47,6,3,331.08,Wednesday,False,True
m-029,2026-03-05,358.02,2,1,179.01,Thursday,False,False
m-029,2026-03-06,502.09,2,2,251.04,Friday,False,False
m-029,2026-03-07,890.17,5,4,178.03,Saturday,True,False
m-029,2026-03-08,555.88,3,3,185.29,Sunday,True,False
m-029,2026-03-09,579.71,2,1,289.86,Monday,False,False
m-029,2026-03-10,717.46,3,2,239.15,Tuesday,False,False
m-029,2026-03-11,1371.52,2,1,685.76,Wednesday,False,False
m-029,2026-03-12,1076.73,4,4,269.18,Thursday,False,False
m-029,2026-03-13,1181.3,3,2,393.77,Friday,False,False
m-029,2026-03-14,925.79,4,4,231.45,Saturday,True,False
m-029,2026-03-15,1511.89,6,6,251.98,Sunday,True,False
m-029,2026-03-16,2213.7,6,4,368.95,Monday,False,False
m-029,2026-03-17,1363.3,5,4,272.66,Tuesday,False,False
m-029,2026-03-18,697.46,4,3,174.36,Wednesday,False,False
m-029,2026-03-19,1398.95,5,3,279.79,Thursday,False,False
m-029,2026-03-20,1387.63,5,3,277.53,Friday,False,True
m-029,2026-03-21,235.48,2,1,117.74,Saturday,True,False
m-029,2026-03-22,853.65,6,4,142.28,Sunday,True,False
m-029,2026-03-23,435.39,2,2,217.7,Monday,False,False
m-029,2026-03-24,1038.7,4,1,259.67,Tuesday,False,False
m-029,2026-03-25,467.38,1,1,467.38,Wednesday,False,False
m-029,2026-03-26,770.24,2,1,385.12,Thursday,False,False
m-029,2026-03-27,1728.79,5,4,345.76,Friday,False,False
m-029,2026-03-28,356.96,1,1,356.96,Saturday,True,False
m-029,2026-03-29,1687.93,6,4,281.32,Sunday,True,False
m-029,2026-03-30,273.13,2,2,136.56,Monday,False,False
m-029,2026-03-31,452.12,3,3,150.71,Tuesday,False,False
m-029,2026-04-01,569.48,4,2,142.37,Wednesday,False,False
m-029,2026-04-02,147.41,1,0,147.41,Thursday,False,False
m-029,2026-04-03,3199.79,5,2,639.96,Friday,False,False
m-029,2026-04-04,444.35,3,2,148.12,Saturday,True,False
m-029,2026-04-05,626.15,2,2,313.08,Sunday,True,False
m-029,2026-04-06,2533.73,7,5,361.96,Monday,False,False
m-029,2026-04-07,125.04,1,1,125.04,Tuesday,False,False
m-029,2026-04-09,651.52,3,1,217.17,Thursday,False,False
m-029,2026-04-10,448.05,2,2,224.02,Friday,False,False
m-029,2026-04-11,1054.43,3,2,351.48,Saturday,True,False
m-029,2026-04-12,1833.45,7,3,261.92,Sunday,True,False
m-029,2026-04-13,522.53,5,4,104.51,Monday,False,False
m-029,2026-04-14,356.96,1,1,356.96,Tuesday,False,False
m-029,2026-04-15,726.32,2,1,363.16,Wednesday,False,False
m-029,2026-04-17,612.58,5,3,122.52,Friday,False,False
m-029,2026-04-18,4263.58,7,5,609.08,Saturday,True,False
m-029,2026-04-19,614.73,2,1,307.36,Sunday,True,False
m-029,2026-04-20,4042.08,6,3,673.68,Monday,False,False
m-029,2026-04-21,357.34,3,3,119.11,Tuesday,False,False
m-029,2026-04-22,442.23,2,2,221.12,Wednesday,False,False
m-029,2026-04-23,1198.18,3,2,399.39,Thursday,False,False
m-029,2026-04-24,1529.94,4,3,382.48,Friday,False,False
m-029,2026-04-25,1545.48,4,3,386.37,Saturday,True,False
m-029,2026-04-26,794.0,5,3,158.8,Sunday,True,False
m-029,2026-04-27,62.52,1,0,62.52,Monday,False,False
m-029,2026-04-28,537.15,3,3,179.05,Tuesday,False,False
m-029,2026-04-29,1935.26,7,5,276.47,Wednesday,False,False
m-029,2026-04-30,330.33,2,2,165.16,Thursday,False,False
m-029,2026-05-01,1031.68,5,4,206.34,Friday,False,False
m-029,2026-05-02,1076.21,6,3,179.37,Saturday,True,False
m-029,2026-05-03,469.47,4,4,117.37,Sunday,True,False
m-029,2026-05-04,1899.2,3,3,633.07,Monday,False,False
m-029,2026-05-05,345.12,2,2,172.56,Tuesday,False,False
m-029,2026-05-06,964.07,2,1,482.04,Wednesday,False,False
m-029,2026-05-07,470.06,4,3,117.51,Thursday,False,False
m-029,2026-05-08,847.53,5,4,169.51,Friday,False,False
m-029,2026-05-10,29559.98,9,4,3284.44,Sunday,True,False
m-029,2026-05-11,2661.1,5,4,532.22,Monday,False,False
m-029,2026-05-12,741.01,3,2,247.0,Tuesday,False,False
m-029,2026-05-13,273.63,2,2,136.82,Wednesday,False,False
m-029,2026-05-14,880.35,3,1,293.45,Thursday,False,False
m-029,2026-05-15,915.51,6,4,152.58,Friday,False,False
m-029,2026-05-16,446.98,3,2,148.99,Saturday,True,False
m-029,2026-05-17,147.41,1,1,147.41,Sunday,True,False
m-029,2026-05-18,53.41,1,0,53.41,Monday,False,False
m-029,2026-05-19,191.89,2,0,95.94,Tuesday,False,False
m-029,2026-05-20,679.46,3,2,226.49,Wednesday,False,False
m-029,2026-05-21,210.61,1,1,210.61,Thursday,False,False
m-029,2026-05-22,245.09,2,2,122.54,Friday,False,False
m-029,2026-05-23,1712.32,8,4,214.04,Saturday,True,False
m-029,2026-05-24,3113.81,4,4,778.45,Sunday,True,False
m-029,2026-05-25,1343.36,4,3,335.84,Monday,False,False
m-029,2026-05-26,761.51,3,3,253.84,Tuesday,False,False
m-029,2026-05-27,1262.74,4,3,315.68,Wednesday,False,False
m-029,2026-05-28,134.98,2,2,67.49,Thursday,False,False
m-029,2026-05-29,756.19,3,2,252.06,Friday,False,False
m-029,2026-05-30,518.91,3,2,172.97,Saturday,True,False
m-029,2026-05-31,1457.44,7,6,208.21,Sunday,True,False
m-029,2026-06-01,1835.05,3,1,611.68,Monday,False,False
m-029,2026-06-02,245.09,2,2,122.54,Tuesday,False,False
m-029,2026-06-03,288.56,3,0,96.19,Wednesday,False,False
m-029,2026-06-04,1483.8,5,5,296.76,Thursday,False,False
m-029,2026-06-05,2834.42,4,2,708.6,Friday,False,False
m-029,2026-06-06,2091.84,9,8,232.43,Saturday,True,False
m-029,2026-06-07,520.79,2,1,260.4,Sunday,True,False
m-029,2026-06-08,952.69,5,4,190.54,Monday,False,False
m-029,2026-06-09,954.06,3,2,318.02,Tuesday,False,False
m-029,2026-06-10,88.96,2,0,44.48,Wednesday,False,False
m-029,2026-06-11,300.64,1,1,300.64,Thursday,False,False
m-029,2026-06-12,717.66,4,3,179.42,Friday,False,False
m-029,2026-06-13,2833.25,6,5,472.21,Saturday,True,False
m-029,2026-06-14,3408.02,6,4,568.0,Sunday,True,False
m-029,2026-06-15,825.47,4,2,206.37,Monday,False,False
m-029,2026-06-16,1903.27,3,3,634.42,Tuesday,False,False
m-029,2026-06-18,210.61,1,1,210.61,Thursday,False,False
m-029,2026-06-19,2673.4,5,4,534.68,Friday,False,False
m-029,2026-06-20,2474.55,9,6,274.95,Saturday,True,False
m-029,2026-06-21,607.21,4,3,151.8,Sunday,True,False
m-029,2026-06-22,1509.61,6,4,251.6,Monday,False,False
m-029,2026-06-23,185.1,2,1,92.55,Tuesday,False,False
m-029,2026-06-24,977.3,4,2,244.32,Wednesday,False,False
m-029,2026-06-25,504.03,3,2,168.01,Thursday,False,False
m-029,2026-06-26,2167.34,6,4,361.22,Friday,False,False
m-029,2026-06-27,2129.2,5,5,425.84,Saturday,True,False
m-029,2026-06-28,491.08,3,2,163.69,Sunday,True,False
m-029,2026-06-29,734.72,2,2,367.36,Monday,False,False
m-029,2026-06-30,631.83,1,1,631.83,Tuesday,False,False
m-029,2026-07-01,737.41,4,4,184.35,Wednesday,False,False
m-029,2026-07-02,504.03,3,2,168.01,Thursday,False,False
m-029,2026-07-03,292.54,2,2,146.27,Friday,False,False
m-029,2026-07-04,1225.64,5,2,245.13,Saturday,True,False
m-029,2026-07-05,606.08,3,2,202.03,Sunday,True,False
m-029,2026-07-06,3113.8,4,2,778.45,Monday,False,False
m-029,2026-07-07,710.57,3,2,236.86,Tuesday,False,False
m-029,2026-07-08,1183.52,2,2,591.76,Wednesday,False,False
m-029,2026-07-09,689.97,6,3,115.0,Thursday,False,False
m-029,2026-07-10,1080.79,4,3,270.2,Friday,False,False
m-029,2026-07-11,2716.16,7,6,388.02,Saturday,True,False
m-029,2026-07-12,2023.29,4,2,505.82,Sunday,True,False
m-029,2026-07-13,598.91,4,3,149.73,Monday,False,False
m-029,2026-07-14,470.96,3,3,156.99,Tuesday,False,False
m-029,2026-07-15,739.21,4,3,184.8,Wednesday,False,False
m-029,2026-07-16,714.47,4,3,178.62,Thursday,False,False
m-029,2026-07-17,692.99,3,3,231.0,Friday,False,False
m-029,2026-07-18,2572.44,6,3,428.74,Saturday,True,False
m-029,2026-07-19,1773.31,7,5,253.33,Sunday,True,False
m-029,2026-07-20,383.24,3,2,127.75,Monday,False,False
m-029,2026-07-21,499.53,4,3,124.88,Tuesday,False,False
m-029,2026-07-22,1503.64,5,3,300.73,Wednesday,False,False
m-029,2026-07-23,1065.44,3,0,355.15,Thursday,False,False
m-029,2026-07-24,824.03,2,2,412.02,Friday,False,False
m-029,2026-07-25,1688.71,4,4,422.18,Saturday,True,False
m-029,2026-07-26,1897.0,4,4,474.25,Sunday,True,False
m-029,2026-07-27,591.22,3,3,197.07,Monday,False,False
m-029,2026-07-28,348.24,4,2,87.06,Tuesday,False,False
m-029,2026-07-29,187.56,1,1,187.56,Wednesday,False,False
m-029,2026-07-30,617.01,2,2,308.5,Thursday,False,False
m-029,2026-07-31,661.46,5,4,132.29,Friday,False,False
m-029,2026-08-01,1291.14,6,5,215.19,Saturday,True,False
m-029,2026-08-02,2825.11,12,7,235.43,Sunday,True,False
m-029,2026-08-03,1375.99,5,4,275.2,Monday,False,False
m-029,2026-08-04,910.02,4,2,227.5,Tuesday,False,False
m-029,2026-08-05,1419.93,3,2,473.31,Wednesday,False,False
m-029,2026-08-06,235.15,2,2,117.58,Thursday,False,False
m-029,2026-08-07,848.48,2,2,424.24,Friday,False,False
m-029,2026-08-08,1101.44,4,4,275.36,Saturday,True,False
m-029,2026-08-09,216.93,2,2,108.46,Sunday,True,False
m-029,2026-08-10,627.48,5,5,125.5,Monday,False,False
m-029,2026-08-11,2516.04,6,5,419.34,Tuesday,False,False
m-029,2026-08-12,3068.4,5,3,613.68,Wednesday,False,False
m-029,2026-08-13,1085.04,5,4,217.01,Thursday,False,False
m-029,2026-08-14,1890.63,6,4,315.1,Friday,False,False
m-029,2026-08-15,2444.65,10,5,244.46,Saturday,True,True
m-029,2026-08-16,62.52,1,0,62.52,Sunday,True,False
m-029,2026-08-17,511.8,5,3,102.36,Monday,False,False
m-029,2026-08-18,780.86,6,3,130.14,Tuesday,False,False
m-029,2026-08-19,968.46,3,3,322.82,Wednesday,False,False
m-029,2026-08-20,831.59,3,3,277.2,Thursday,False,False
m-029,2026-08-21,1593.89,3,3,531.3,Friday,False,False
m-029,2026-08-22,589.64,1,1,589.64,Saturday,True,False
m-029,2026-08-23,1773.39,10,4,177.34,Sunday,True,False
m-029,2026-08-25,210.61,1,1,210.61,Tuesday,False,False
m-029,2026-08-26,886.55,3,2,295.52,Wednesday,False,False
m-029,2026-08-27,178.45,2,1,89.22,Thursday,False,False
m-029,2026-08-28,2272.36,7,6,324.62,Friday,False,True
m-029,2026-08-29,891.63,3,2,297.21,Saturday,True,False
m-029,2026-08-30,2295.1,5,3,459.02,Sunday,True,False
m-029,2026-08-31,1408.8,1,1,1408.8,Monday,False,False
m-029,2026-09-01,1439.98,6,6,240.0,Tuesday,False,False
m-029,2026-09-02,813.4,3,1,271.13,Wednesday,False,False
m-029,2026-09-03,1843.31,5,4,368.66,Thursday,False,False
m-029,2026-09-04,1054.42,6,2,175.74,Friday,False,False
m-029,2026-09-05,1210.82,6,2,201.8,Saturday,True,False
m-029,2026-09-06,1933.9,8,4,241.74,Sunday,True,False
m-029,2026-09-07,1838.9,4,2,459.72,Monday,False,False
m-029,2026-09-08,1955.62,10,7,195.56,Tuesday,False,False
m-029,2026-09-09,145.13,1,1,145.13,Wednesday,False,False
m-029,2026-09-10,676.82,5,5,135.36,Thursday,False,False
m-029,2026-09-11,659.27,3,2,219.76,Friday,False,False
m-029,2026-09-12,405.97,3,3,135.32,Saturday,True,False
m-029,2026-09-13,759.92,3,3,253.31,Sunday,True,False
m-029,2026-09-14,62.52,1,1,62.52,Monday,False,False
m-029,2026-09-15,1683.34,6,5,280.56,Tuesday,False,False
m-029,2026-09-16,1683.83,6,2,280.64,Wednesday,False,False
m-029,2026-09-17,990.46,3,3,330.15,Thursday,False,False
m-030,2025-09-18,376.1,1,1,376.1,Thursday,False,False
m-030,2025-09-19,522.59,2,2,261.3,Friday,False,False
m-030,2025-09-20,826.27,4,2,206.57,Saturday,True,False
m-030,2025-09-21,406.73,2,2,203.36,Sunday,True,False
m-030,2025-09-22,315.32,4,3,78.83,Monday,False,False
m-030,2025-09-23,1584.23,3,3,528.08,Tuesday,False,False
m-030,2025-09-24,1002.72,4,3,250.68,Wednesday,False,False
m-030,2025-09-25,732.23,5,4,146.45,Thursday,False,False
m-030,2025-09-26,649.32,2,1,324.66,Friday,False,False
m-030,2025-09-27,648.21,4,3,162.05,Saturday,True,False
m-030,2025-09-28,234.07,2,2,117.04,Sunday,True,False
m-030,2025-09-29,100.97,1,0,100.97,Monday,False,False
m-030,2025-09-30,1909.67,4,4,477.42,Tuesday,False,False
m-030,2025-10-01,479.97,3,3,159.99,Wednesday,False,False
m-030,2025-10-02,1299.42,5,3,259.88,Thursday,False,False
m-030,2025-10-03,670.86,6,5,111.81,Friday,False,False
m-030,2025-10-04,458.87,2,1,229.44,Saturday,True,False
m-030,2025-10-05,1023.6,1,0,1023.6,Sunday,True,False
m-030,2025-10-06,564.53,4,2,141.13,Monday,False,False
m-030,2025-10-07,1259.65,4,2,314.91,Tuesday,False,False
m-030,2025-10-08,3553.11,7,5,507.59,Wednesday,False,False
m-030,2025-10-09,564.65,3,3,188.22,Thursday,False,False
m-030,2025-10-10,1220.66,3,3,406.89,Friday,False,False
m-030,2025-10-11,193.59,3,2,64.53,Saturday,True,False
m-030,2025-10-12,1372.01,4,3,343.0,Sunday,True,False
m-030,2025-10-13,376.1,1,1,376.1,Monday,False,False
m-030,2025-10-14,1344.39,6,4,224.06,Tuesday,False,False
m-030,2025-10-15,27.38,1,1,27.38,Wednesday,False,False
m-030,2025-10-16,782.83,3,2,260.94,Thursday,False,False
m-030,2025-10-17,1580.3,7,7,225.76,Friday,False,False
m-030,2025-10-18,1768.45,5,3,353.69,Saturday,True,False
m-030,2025-10-19,569.28,4,2,142.32,Sunday,True,False
m-030,2025-10-20,1578.65,3,2,526.22,Monday,False,True
m-030,2025-10-21,2512.91,9,4,279.21,Tuesday,False,True
m-030,2025-10-22,2461.33,6,6,410.22,Wednesday,False,True
m-030,2025-10-23,1634.11,7,4,233.44,Thursday,False,False
m-030,2025-10-24,1886.36,4,3,471.59,Friday,False,False
m-030,2025-10-25,1321.41,6,5,220.24,Saturday,True,False
m-030,2025-10-26,3139.08,9,6,348.79,Sunday,True,False
m-030,2025-10-27,384.04,3,2,128.01,Monday,False,False
m-030,2025-10-29,1971.22,6,5,328.54,Wednesday,False,False
m-030,2025-10-30,1885.01,5,3,377.0,Thursday,False,False
m-030,2025-10-31,2345.15,8,6,293.14,Friday,False,False
m-030,2025-11-01,1859.03,8,5,232.38,Saturday,True,False
m-030,2025-11-02,149.8,2,2,74.9,Sunday,True,False
m-030,2025-11-03,536.85,1,0,536.85,Monday,False,False
m-030,2025-11-04,2006.95,7,6,286.71,Tuesday,False,False
m-030,2025-11-05,582.84,2,2,291.42,Wednesday,False,False
m-030,2025-11-06,92.62,2,2,46.31,Thursday,False,False
m-030,2025-11-07,282.54,4,3,70.63,Friday,False,False
m-030,2025-11-08,27.38,1,0,27.38,Saturday,True,False
m-030,2025-11-09,1754.5,8,4,219.31,Sunday,True,False
m-030,2025-11-10,389.08,2,2,194.54,Monday,False,False
m-030,2025-11-11,201.94,1,1,201.94,Tuesday,False,False
m-030,2025-11-12,3276.58,6,2,546.1,Wednesday,False,False
m-030,2025-11-13,376.1,1,0,376.1,Thursday,False,False
m-030,2025-11-14,853.17,3,3,284.39,Friday,False,False
m-030,2025-11-15,2195.15,3,1,731.72,Saturday,True,False
m-030,2025-11-16,279.92,2,1,139.96,Sunday,True,False
m-030,2025-11-17,330.29,2,1,165.14,Monday,False,False
m-030,2025-11-18,48.83,1,1,48.83,Tuesday,False,False
m-030,2025-11-19,656.56,3,3,218.85,Wednesday,False,False
m-030,2025-11-20,100.97,1,1,100.97,Thursday,False,False
m-030,2025-11-21,1531.78,2,1,765.89,Friday,False,False
m-030,2025-11-22,431.26,3,3,143.75,Saturday,True,False
m-030,2025-11-23,1229.27,3,2,409.76,Sunday,True,False
m-030,2025-11-24,735.78,5,4,147.16,Monday,False,False
m-030,2025-11-25,419.89,2,2,209.95,Tuesday,False,False
m-030,2025-11-26,1842.49,5,3,368.5,Wednesday,False,False
m-030,2025-11-27,2466.55,3,3,822.18,Thursday,False,False
m-030,2025-11-28,3122.39,6,4,520.4,Friday,False,False
m-030,2025-11-29,417.35,5,4,83.47,Saturday,True,False
m-030,2025-11-30,2195.79,5,4,439.16,Sunday,True,False
m-030,2025-12-01,686.3,5,3,137.26,Monday,False,False
m-030,2025-12-02,1076.03,3,1,358.68,Tuesday,False,False
m-030,2025-12-03,2384.9,5,1,476.98,Wednesday,False,False
m-030,2025-12-04,223.99,2,1,112.0,Thursday,False,False
m-030,2025-12-05,725.82,5,4,145.16,Friday,False,False
m-030,2025-12-06,2622.76,7,3,374.68,Saturday,True,False
m-030,2025-12-07,883.57,2,1,441.78,Sunday,True,False
m-030,2025-12-08,87.58,1,1,87.58,Monday,False,False
m-030,2025-12-09,2047.2,2,1,1023.6,Tuesday,False,False
m-030,2025-12-10,100.97,1,1,100.97,Wednesday,False,False
m-030,2025-12-11,635.4,3,0,211.8,Thursday,False,False
m-030,2025-12-12,1752.73,4,3,438.18,Friday,False,False
m-030,2025-12-13,756.99,3,2,252.33,Saturday,True,False
m-030,2025-12-14,357.9,1,1,357.9,Sunday,True,False
m-030,2025-12-15,779.58,2,2,389.79,Monday,False,False
m-030,2025-12-16,100.97,1,1,100.97,Tuesday,False,False
m-030,2025-12-17,777.79,3,1,259.26,Wednesday,False,False
m-030,2025-12-19,568.03,3,3,189.34,Friday,False,False
m-030,2025-12-20,15397.79,3,2,5132.6,Saturday,True,False
m-030,2025-12-21,872.06,4,3,218.02,Sunday,True,False
m-030,2025-12-22,805.58,3,3,268.53,Monday,False,False
m-030,2025-12-23,1367.21,6,3,227.87,Tuesday,False,False
m-030,2025-12-24,2779.37,6,3,463.23,Wednesday,False,False
m-030,2025-12-25,276.13,2,1,138.06,Thursday,False,True
m-030,2025-12-26,195.32,1,1,195.32,Friday,False,False
m-030,2025-12-27,658.92,5,5,131.78,Saturday,True,False
m-030,2025-12-28,832.96,5,4,166.59,Sunday,True,False
m-030,2025-12-29,250.77,3,3,83.59,Monday,False,False
m-030,2025-12-30,1833.2,3,1,611.07,Tuesday,False,False
m-030,2025-12-31,6320.24,14,10,451.45,Wednesday,False,True
m-030,2026-01-01,2719.93,5,3,543.99,Thursday,False,True
m-030,2026-01-02,222.7,2,2,111.35,Friday,False,False
m-030,2026-01-03,1220.44,2,1,610.22,Saturday,True,False
m-030,2026-01-04,582.84,1,1,582.84,Sunday,True,False
m-030,2026-01-05,694.9,3,1,231.63,Monday,False,False
m-030,2026-01-06,178.95,1,1,178.95,Tuesday,False,False
m-030,2026-01-07,566.56,2,2,283.28,Wednesday,False,False
m-030,2026-01-08,222.74,2,2,111.37,Thursday,False,False
m-030,2026-01-09,637.6,2,1,318.8,Friday,False,False
m-030,2026-01-10,610.21,4,3,152.55,Saturday,True,False
m-030,2026-01-11,1497.36,3,3,499.12,Sunday,True,False
m-030,2026-01-12,291.42,1,1,291.42,Monday,False,False
m-030,2026-01-13,801.03,3,1,267.01,Tuesday,False,False
m-030,2026-01-14,430.86,2,0,215.43,Wednesday,False,True
m-030,2026-01-15,2678.85,7,7,382.69,Thursday,False,False
m-030,2026-01-16,1653.24,5,3,330.65,Friday,False,False
m-030,2026-01-17,131.37,2,1,65.68,Saturday,True,False
m-030,2026-01-18,2683.73,6,3,447.29,Sunday,True,False
m-030,2026-01-19,585.33,4,3,146.33,Monday,False,False
m-030,2026-01-20,740.43,4,4,185.11,Tuesday,False,False
m-030,2026-01-21,954.14,2,0,477.07,Wednesday,False,False
m-030,2026-01-22,48.83,1,1,48.83,Thursday,False,False
m-030,2026-01-23,1294.4,6,5,215.73,Friday,False,False
m-030,2026-01-24,2605.9,6,4,434.32,Saturday,True,False
m-030,2026-01-25,1659.11,9,6,184.35,Sunday,True,False
m-030,2026-01-26,376.1,1,1,376.1,Monday,False,False
m-030,2026-01-27,87.58,1,0,87.58,Tuesday,False,False
m-030,2026-01-28,650.69,6,4,108.45,Wednesday,False,False
m-030,2026-01-29,1072.43,3,3,357.48,Thursday,False,False
m-030,2026-01-30,765.18,4,3,191.3,Friday,False,False
m-030,2026-01-31,1856.5,7,5,265.21,Saturday,True,False
m-030,2026-02-01,1299.19,3,1,433.06,Sunday,True,False
m-030,2026-02-02,1683.89,3,3,561.3,Monday,False,False
m-030,2026-02-03,1719.53,9,7,191.06,Tuesday,False,False
m-030,2026-02-04,703.48,4,3,175.87,Wednesday,False,False
m-030,2026-02-05,1781.55,4,3,445.39,Thursday,False,False
m-030,2026-02-06,325.44,2,1,162.72,Friday,False,False
m-030,2026-02-07,1250.36,2,1,625.18,Saturday,True,False
m-030,2026-02-08,2033.15,5,4,406.63,Sunday,True,False
m-030,2026-02-09,660.58,5,2,132.12,Monday,False,False
m-030,2026-02-10,2100.05,5,5,420.01,Tuesday,False,False
m-030,2026-02-11,2311.09,8,5,288.89,Wednesday,False,False
m-030,2026-02-12,1301.75,4,3,325.44,Thursday,False,False
m-030,2026-02-14,840.06,4,2,210.02,Saturday,True,False
m-030,2026-02-15,1762.39,5,5,352.48,Sunday,True,False
m-030,2026-02-16,1225.96,2,1,612.98,Monday,False,False
m-030,2026-02-17,859.93,5,3,171.99,Tuesday,False,False
m-030,2026-02-19,485.01,4,2,121.25,Thursday,False,False
m-030,2026-02-20,265.25,3,3,88.42,Friday,False,False
m-030,2026-02-21,3699.38,10,8,369.94,Saturday,True,False
m-030,2026-02-22,1814.95,6,4,302.49,Sunday,True,False
m-030,2026-02-23,582.84,2,2,291.42,Monday,False,False
m-030,2026-02-24,1023.6,1,1,1023.6,Tuesday,False,False
m-030,2026-02-25,109.52,1,1,109.52,Wednesday,False,False
m-030,2026-02-26,1785.35,6,6,297.56,Thursday,False,False
m-030,2026-02-27,1770.1,5,4,354.02,Friday,False,False
m-030,2026-02-28,944.83,5,3,188.97,Saturday,True,False
m-030,2026-03-01,4336.38,8,6,542.05,Sunday,True,False
m-030,2026-03-02,1695.78,5,4,339.16,Monday,False,False
m-030,2026-03-03,278.15,4,4,69.54,Tuesday,False,False
m-030,2026-03-04,2016.94,9,4,224.1,Wednesday,False,True
m-030,2026-03-05,1367.45,4,2,341.86,Thursday,False,False
m-030,2026-03-06,511.8,1,1,511.8,Friday,False,False
m-030,2026-03-07,938.33,4,3,234.58,Saturday,True,False
m-030,2026-03-08,801.03,2,1,400.52,Sunday,True,False
m-030,2026-03-09,1098.9,4,3,274.73,Monday,False,False
m-030,2026-03-10,100.97,1,0,100.97,Tuesday,False,False
m-030,2026-03-11,1603.46,6,5,267.24,Wednesday,False,False
m-030,2026-03-12,564.23,2,2,282.12,Thursday,False,False
m-030,2026-03-13,2951.16,4,2,737.79,Friday,False,False
m-030,2026-03-14,2433.43,7,6,347.63,Saturday,True,False
m-030,2026-03-15,1163.48,5,4,232.7,Sunday,True,False
m-030,2026-03-16,536.85,1,1,536.85,Monday,False,False
m-030,2026-03-17,2096.03,2,2,1048.02,Tuesday,False,False
m-030,2026-03-18,1172.09,4,2,293.02,Wednesday,False,False
m-030,2026-03-19,915.28,3,2,305.09,Thursday,False,False
m-030,2026-03-20,3510.59,6,5,585.1,Friday,False,True
m-030,2026-03-21,3293.22,8,5,411.65,Saturday,True,False
m-030,2026-03-22,555.05,2,2,277.52,Sunday,True,False
m-030,2026-03-23,907.93,3,2,302.64,Monday,False,False
m-030,2026-03-24,109.52,1,1,109.52,Tuesday,False,False
m-030,2026-03-25,376.1,1,0,376.1,Wednesday,False,False
m-030,2026-03-26,846.47,3,3,282.16,Thursday,False,False
m-030,2026-03-27,734.0,2,1,367.0,Friday,False,False
m-030,2026-03-28,3510.7,10,7,351.07,Saturday,True,False
m-030,2026-03-29,82.14,1,1,82.14,Sunday,True,False
m-030,2026-03-30,2524.27,3,1,841.42,Monday,False,False
m-030,2026-03-31,2018.34,5,3,403.67,Tuesday,False,False
m-030,2026-04-01,100.97,1,0,100.97,Wednesday,False,False
m-030,2026-04-02,291.42,1,1,291.42,Thursday,False,False
m-030,2026-04-03,1621.24,3,2,540.41,Friday,False,False
m-030,2026-04-04,48.83,1,1,48.83,Saturday,True,False
m-030,2026-04-05,1317.34,4,2,329.34,Sunday,True,False
m-030,2026-04-06,1624.8,6,6,270.8,Monday,False,False
m-030,2026-04-07,1277.34,5,3,255.47,Tuesday,False,False
m-030,2026-04-08,760.14,4,2,190.04,Wednesday,False,False
m-030,2026-04-09,419.77,3,2,139.92,Thursday,False,False
m-030,2026-04-10,1895.66,4,2,473.92,Friday,False,False
m-030,2026-04-11,511.8,1,1,511.8,Saturday,True,False
m-030,2026-04-12,291.42,1,1,291.42,Sunday,True,False
m-030,2026-04-13,48.83,1,1,48.83,Monday,False,False
m-030,2026-04-14,128.35,2,2,64.18,Tuesday,False,False
m-030,2026-04-15,1344.22,5,4,268.84,Wednesday,False,False
m-030,2026-04-16,1452.3,4,4,363.08,Thursday,False,False
m-030,2026-04-17,2191.96,4,4,547.99,Friday,False,False
m-030,2026-04-18,7545.08,8,5,943.14,Saturday,True,False
m-030,2026-04-19,201.94,1,0,201.94,Sunday,True,False
m-030,2026-04-20,71.17,2,2,35.58,Monday,False,False
m-030,2026-04-21,3287.92,7,3,469.7,Tuesday,False,False
m-030,2026-04-22,1856.15,7,5,265.16,Wednesday,False,False
m-030,2026-04-23,1836.34,5,3,367.27,Thursday,False,False
m-030,2026-04-24,1295.89,6,4,215.98,Friday,False,False
m-030,2026-04-25,734.0,2,1,367.0,Saturday,True,False
m-030,2026-04-26,1751.36,3,3,583.79,Sunday,True,False
m-030,2026-04-27,2949.43,8,7,368.68,Monday,False,False
m-030,2026-04-28,403.48,2,0,201.74,Tuesday,False,False
m-030,2026-04-30,869.7,2,1,434.85,Thursday,False,False
m-030,2026-05-01,376.1,1,1,376.1,Friday,False,False
m-030,2026-05-02,3518.35,6,2,586.39,Saturday,True,False
m-030,2026-05-03,588.72,5,2,117.74,Sunday,True,False
m-030,2026-05-04,1539.58,6,6,256.6,Monday,False,False
m-030,2026-05-05,1179.32,3,2,393.11,Tuesday,False,False
m-030,2026-05-06,727.67,5,5,145.53,Wednesday,False,False
m-030,2026-05-07,560.63,2,2,280.32,Thursday,False,False
m-030,2026-05-09,422.79,3,2,140.93,Saturday,True,False
m-030,2026-05-10,1402.6,4,1,350.65,Sunday,True,False
m-030,2026-05-11,857.8,4,2,214.45,Monday,False,False
m-030,2026-05-12,694.9,3,2,231.63,Tuesday,False,False
m-030,2026-05-13,43.79,1,1,43.79,Wednesday,False,False
m-030,2026-05-14,714.45,5,3,142.89,Thursday,False,False
m-030,2026-05-15,715.8,1,1,715.8,Friday,False,False
m-030,2026-05-16,2779.89,11,8,252.72,Saturday,True,False
m-030,2026-05-17,2457.2,7,6,351.03,Sunday,True,False
m-030,2026-05-18,1168.36,3,3,389.45,Monday,False,False
m-030,2026-05-19,1666.05,5,4,333.21,Tuesday,False,False
m-030,2026-05-20,401.69,2,2,200.84,Wednesday,False,False
m-030,2026-05-21,191.17,3,2,63.72,Thursday,False,False
m-030,2026-05-22,1413.44,3,2,471.15,Friday,False,False
m-030,2026-05-23,873.85,4,2,218.46,Saturday,True,False
m-030,2026-05-24,152.42,3,2,50.81,Sunday,True,False
m-030,2026-05-25,424.93,2,1,212.46,Monday,False,False
m-030,2026-05-26,155.73,2,1,77.86,Tuesday,False,False
m-030,2026-05-27,422.79,2,0,211.4,Wednesday,False,False
m-030,2026-05-28,43.79,1,1,43.79,Thursday,False,False
m-030,2026-05-29,468.72,3,2,156.24,Friday,False,False
m-030,2026-05-30,1551.09,4,2,387.77,Saturday,True,False
m-030,2026-05-31,1938.57,5,3,387.71,Sunday,True,False
m-030,2026-06-01,1378.71,5,3,275.74,Monday,False,False
m-030,2026-06-02,917.74,2,0,458.87,Tuesday,False,False
m-030,2026-06-03,1410.49,5,4,282.1,Wednesday,False,False
m-030,2026-06-04,1535.4,1,1,1535.4,Thursday,False,False
m-030,2026-06-05,266.53,3,1,88.84,Friday,False,False
m-030,2026-06-06,542.19,3,2,180.73,Saturday,True,False
m-030,2026-06-07,2924.69,6,6,487.45,Sunday,True,False
m-030,2026-06-08,158.35,2,2,79.18,Monday,False,False
m-030,2026-06-09,2984.64,5,4,596.93,Tuesday,False,False
m-030,2026-06-11,988.87,3,2,329.62,Thursday,False,False
m-030,2026-06-12,131.37,1,1,131.37,Friday,False,False
m-030,2026-06-13,730.22,6,6,121.7,Saturday,True,False
m-030,2026-06-14,1948.29,6,2,324.71,Sunday,True,False
m-030,2026-06-15,847.6,5,4,169.52,Monday,False,False
m-030,2026-06-16,376.1,1,0,376.1,Tuesday,False,False
m-030,2026-06-17,2171.92,3,1,723.97,Wednesday,False,False
m-030,2026-06-18,1796.4,8,6,224.55,Thursday,False,False
m-030,2026-06-19,945.43,3,2,315.14,Friday,False,False
m-030,2026-06-20,1539.95,5,3,307.99,Saturday,True,False
m-030,2026-06-21,1938.0,12,8,161.5,Sunday,True,False
m-030,2026-06-22,1078.36,2,1,539.18,Monday,False,False
m-030,2026-06-23,1714.35,2,0,857.18,Tuesday,False,False
m-030,2026-06-24,1801.93,3,1,600.64,Wednesday,False,False
m-030,2026-06-25,735.98,6,5,122.66,Thursday,False,False
m-030,2026-06-26,227.78,2,0,113.89,Friday,False,False
m-030,2026-06-27,1411.24,5,5,282.25,Saturday,True,False
m-030,2026-06-28,419.77,3,3,139.92,Sunday,True,False
m-030,2026-06-29,2798.68,6,5,466.45,Monday,False,False
m-030,2026-06-30,401.69,2,2,200.84,Tuesday,False,False
m-030,2026-07-01,71.17,2,2,35.58,Wednesday,False,False
m-030,2026-07-02,178.95,1,1,178.95,Thursday,False,False
m-030,2026-07-03,7979.96,5,5,1595.99,Friday,False,False
m-030,2026-07-04,595.05,3,3,198.35,Saturday,True,False
m-030,2026-07-05,1712.58,4,2,428.15,Sunday,True,False
m-030,2026-07-06,1579.19,2,0,789.6,Monday,False,False
m-030,2026-07-07,222.74,2,2,111.37,Tuesday,False,False
m-030,2026-07-08,1087.41,3,3,362.47,Wednesday,False,False
m-030,2026-07-09,1099.98,5,5,220.0,Thursday,False,False
m-030,2026-07-10,222.74,2,0,111.37,Friday,False,False
m-030,2026-07-11,76.21,2,2,38.1,Saturday,True,False
m-030,2026-07-12,1032.66,4,3,258.17,Sunday,True,False
m-030,2026-07-13,82.14,2,1,41.07,Monday,False,False
m-030,2026-07-15,401.69,3,2,133.9,Wednesday,False,False
m-030,2026-07-16,376.1,1,1,376.1,Thursday,False,False
m-030,2026-07-17,1080.68,4,4,270.17,Friday,False,False
m-030,2026-07-18,357.9,2,2,178.95,Saturday,True,False
m-030,2026-07-19,1120.59,5,2,224.12,Sunday,True,False
m-030,2026-07-20,874.26,1,0,874.26,Monday,False,False
m-030,2026-07-21,1167.82,4,3,291.96,Tuesday,False,False
m-030,2026-07-23,403.88,2,2,201.94,Thursday,False,False
m-030,2026-07-24,520.86,3,1,173.62,Friday,False,False
m-030,2026-07-25,4328.04,9,3,480.89,Saturday,True,False
m-030,2026-07-26,1457.1,2,1,728.55,Sunday,True,False
m-030,2026-07-27,1061.98,4,0,265.5,Monday,False,False
m-030,2026-07-28,2200.6,5,3,440.12,Tuesday,False,False
m-030,2026-07-29,912.95,3,2,304.32,Wednesday,False,False
m-030,2026-07-30,2134.78,4,4,533.7,Thursday,False,False
m-030,2026-07-31,3003.6,6,5,500.6,Friday,False,False
m-030,2026-08-01,1005.76,4,2,251.44,Saturday,True,False
m-030,2026-08-02,1782.8,7,4,254.69,Sunday,True,False
m-030,2026-08-03,690.75,2,2,345.38,Monday,False,False
m-030,2026-08-04,222.74,2,2,111.37,Tuesday,False,False
m-030,2026-08-05,255.16,3,2,85.05,Wednesday,False,False
m-030,2026-08-06,430.86,2,2,215.43,Thursday,False,False
m-030,2026-08-07,1431.21,3,3,477.07,Friday,False,False
m-030,2026-08-08,2462.86,5,4,492.57,Saturday,True,False
m-030,2026-08-09,120.0,3,1,40.0,Sunday,True,False
m-030,2026-08-10,3140.06,7,6,448.58,Monday,False,False
m-030,2026-08-11,291.42,1,0,291.42,Tuesday,False,False
m-030,2026-08-12,1180.32,7,7,168.62,Wednesday,False,False
m-030,2026-08-13,385.05,2,2,192.52,Thursday,False,False
m-030,2026-08-14,794.08,4,3,198.52,Friday,False,False
m-030,2026-08-15,2934.5,7,5,419.21,Saturday,True,True
m-030,2026-08-16,427.83,3,2,142.61,Sunday,True,False
m-030,2026-08-17,508.95,5,3,101.79,Monday,False,False
m-030,2026-08-18,178.95,1,1,178.95,Tuesday,False,False
m-030,2026-08-19,403.48,2,2,201.74,Wednesday,False,False
m-030,2026-08-20,473.76,2,2,236.88,Thursday,False,False
m-030,2026-08-21,1023.6,1,1,1023.6,Friday,False,False
m-030,2026-08-22,1943.01,3,2,647.67,Saturday,True,False
m-030,2026-08-23,2225.78,6,3,370.96,Sunday,True,False
m-030,2026-08-24,599.2,4,4,149.8,Monday,False,False
m-030,2026-08-25,1584.23,3,2,528.08,Tuesday,False,False
m-030,2026-08-26,43.79,1,1,43.79,Wednesday,False,False
m-030,2026-08-27,2453.45,5,5,490.69,Thursday,False,False
m-030,2026-08-28,305.53,3,0,101.84,Friday,False,True
m-030,2026-08-29,2589.81,5,4,517.96,Saturday,True,False
m-030,2026-08-30,2599.17,5,4,519.83,Sunday,True,False
m-030,2026-08-31,1215.17,7,6,173.6,Monday,False,False
m-030,2026-09-01,1536.49,7,7,219.5,Tuesday,False,False
m-030,2026-09-02,1098.78,4,3,274.7,Wednesday,False,False
m-030,2026-09-03,1313.05,4,2,328.26,Thursday,False,False
m-030,2026-09-04,1469.79,6,5,244.96,Friday,False,False
m-030,2026-09-06,3652.57,5,3,730.51,Sunday,True,False
m-030,2026-09-07,959.47,4,4,239.87,Monday,False,False
m-030,2026-09-08,401.69,2,0,200.84,Tuesday,False,False
m-030,2026-09-09,2338.62,2,2,1169.31,Wednesday,False,False
m-030,2026-09-10,511.8,1,1,511.8,Thursday,False,False
m-030,2026-09-11,173.87,2,2,86.94,Friday,False,False
m-030,2026-09-12,918.05,2,2,459.02,Saturday,True,False
m-030,2026-09-13,801.03,2,2,400.52,Sunday,True,False
m-030,2026-09-14,571.34,3,2,190.45,Monday,False,False
m-030,2026-09-15,237.38,3,2,79.13,Tuesday,False,False
m-030,2026-09-16,975.23,2,2,487.62,Wednesday,False,False
m-030,2026-09-17,761.92,4,4,190.48,Thursday,False,False
m-031,2025-09-18,631.58,4,2,157.9,Thursday,False,False
m-031,2025-09-19,317.1,3,3,105.7,Friday,False,False
m-031,2025-09-20,223.04,3,1,74.35,Saturday,True,False
m-031,2025-09-21,783.66,7,6,111.95,Sunday,True,False
m-031,2025-09-22,89.43,1,0,89.43,Monday,False,False
m-031,2025-09-23,322.1,3,1,107.37,Tuesday,False,False
m-031,2025-09-24,87.77,2,1,43.89,Wednesday,False,False
m-031,2025-09-25,158.26,2,2,79.13,Thursday,False,False
m-031,2025-09-26,333.59,4,3,83.4,Friday,False,False
m-031,2025-09-27,572.82,5,2,114.56,Saturday,True,False
m-031,2025-09-28,189.81,3,2,63.27,Sunday,True,False
m-031,2025-09-29,110.81,1,0,110.81,Monday,False,False
m-031,2025-09-30,956.47,5,3,191.29,Tuesday,False,False
m-031,2025-10-01,145.86,2,1,72.93,Wednesday,False,False
m-031,2025-10-02,129.96,1,1,129.96,Thursday,False,False
m-031,2025-10-03,607.36,2,1,303.68,Friday,False,False
m-031,2025-10-04,425.04,4,4,106.26,Saturday,True,False
m-031,2025-10-05,484.89,4,3,121.22,Sunday,True,False
m-031,2025-10-06,177.6,1,1,177.6,Monday,False,False
m-031,2025-10-07,205.04,3,1,68.35,Tuesday,False,False
m-031,2025-10-08,616.48,5,3,123.3,Wednesday,False,False
m-031,2025-10-09,500.73,6,4,83.46,Thursday,False,False
m-031,2025-10-10,774.97,5,5,154.99,Friday,False,False
m-031,2025-10-11,508.16,5,2,101.63,Saturday,True,False
m-031,2025-10-12,534.5,4,2,133.62,Sunday,True,False
m-031,2025-10-13,269.02,1,1,269.02,Monday,False,False
m-031,2025-10-14,867.83,3,3,289.28,Tuesday,False,False
m-031,2025-10-15,41.16,1,1,41.16,Wednesday,False,False
m-031,2025-10-16,95.73,1,1,95.73,Thursday,False,False
m-031,2025-10-17,543.95,4,3,135.99,Friday,False,False
m-031,2025-10-18,380.7,3,1,126.9,Saturday,True,False
m-031,2025-10-19,258.62,3,3,86.21,Sunday,True,False
m-031,2025-10-20,577.13,4,4,144.28,Monday,False,True
m-031,2025-10-21,812.29,8,6,101.54,Tuesday,False,True
m-031,2025-10-22,544.87,6,4,90.81,Wednesday,False,True
m-031,2025-10-23,160.42,2,2,80.21,Thursday,False,False
m-031,2025-10-24,58.55,1,1,58.55,Friday,False,False
m-031,2025-10-25,292.64,3,3,97.55,Saturday,True,False
m-031,2025-10-26,1305.47,6,3,217.58,Sunday,True,False
m-031,2025-10-27,322.43,3,3,107.48,Monday,False,False
m-031,2025-10-28,1460.2,5,4,292.04,Tuesday,False,False
m-031,2025-10-29,473.69,4,4,118.42,Wednesday,False,False
m-031,2025-10-30,125.64,3,1,41.88,Thursday,False,False
m-031,2025-10-31,311.05,3,3,103.68,Friday,False,False
m-031,2025-11-01,200.24,2,1,100.12,Saturday,True,False
m-031,2025-11-02,593.22,5,3,118.64,Sunday,True,False
m-031,2025-11-03,391.55,4,2,97.89,Monday,False,False
m-031,2025-11-05,652.32,3,3,217.44,Wednesday,False,False
m-031,2025-11-06,82.32,1,0,82.32,Thursday,False,False
m-031,2025-11-07,141.35,2,2,70.68,Friday,False,False
m-031,2025-11-08,274.2,4,2,68.55,Saturday,True,False
m-031,2025-11-09,572.29,5,3,114.46,Sunday,True,False
m-031,2025-11-10,327.57,5,4,65.51,Monday,False,False
m-031,2025-11-11,803.9,6,5,133.98,Tuesday,False,False
m-031,2025-11-12,30.71,1,1,30.71,Wednesday,False,False
m-031,2025-11-13,333.06,3,2,111.02,Thursday,False,False
m-031,2025-11-15,973.79,6,4,162.3,Saturday,True,False
m-031,2025-11-16,668.03,8,8,83.5,Sunday,True,False
m-031,2025-11-17,706.63,8,5,88.33,Monday,False,False
m-031,2025-11-18,778.19,6,4,129.7,Tuesday,False,False
m-031,2025-11-19,160.67,2,1,80.34,Wednesday,False,False
m-031,2025-11-20,640.86,3,2,213.62,Thursday,False,False
m-031,2025-11-21,184.84,3,1,61.61,Friday,False,False
m-031,2025-11-22,457.89,7,4,65.41,Saturday,True,False
m-031,2025-11-23,433.14,5,4,86.63,Sunday,True,False
m-031,2025-11-24,543.5,5,2,108.7,Monday,False,False
m-031,2025-11-25,151.63,3,3,50.54,Tuesday,False,False
m-031,2025-11-26,147.98,2,0,73.99,Wednesday,False,False
m-031,2025-11-27,43.32,1,0,43.32,Thursday,False,False
m-031,2025-11-29,1014.86,6,4,169.14,Saturday,True,False
m-031,2025-11-30,58.55,1,1,58.55,Sunday,True,False
m-031,2025-12-01,485.48,5,4,97.1,Monday,False,False
m-031,2025-12-02,134.51,1,1,134.51,Tuesday,False,False
m-031,2025-12-03,290.0,2,1,145.0,Wednesday,False,False
m-031,2025-12-04,543.52,5,3,108.7,Thursday,False,False
m-031,2025-12-05,514.58,4,2,128.64,Friday,False,False
m-031,2025-12-06,338.72,3,2,112.91,Saturday,True,False
m-031,2025-12-07,251.53,3,2,83.84,Sunday,True,False
m-031,2025-12-08,173.22,2,1,86.61,Monday,False,False
m-031,2025-12-09,985.53,5,3,197.11,Tuesday,False,False
m-031,2025-12-10,585.54,3,1,195.18,Wednesday,False,False
m-031,2025-12-11,804.34,7,6,114.91,Thursday,False,False
m-031,2025-12-12,86.64,1,1,86.64,Friday,False,False
m-031,2025-12-13,83.28,2,2,41.64,Saturday,True,False
m-031,2025-12-14,969.95,6,5,161.66,Sunday,True,False
m-031,2025-12-15,438.15,4,2,109.54,Monday,False,False
m-031,2025-12-16,408.63,4,1,102.16,Tuesday,False,False
m-031,2025-12-17,537.31,4,4,134.33,Wednesday,False,False
m-031,2025-12-18,256.76,2,2,128.38,Thursday,False,False
m-031,2025-12-19,312.34,2,1,156.17,Friday,False,False
m-031,2025-12-20,446.82,4,3,111.7,Saturday,True,False
m-031,2025-12-21,551.66,3,3,183.89,Sunday,True,False
m-031,2025-12-22,359.17,5,3,71.83,Monday,False,False
m-031,2025-12-24,885.24,6,4,147.54,Wednesday,False,False
m-031,2025-12-25,806.52,7,6,115.22,Thursday,False,True
m-031,2025-12-26,246.35,4,4,61.59,Friday,False,False
m-031,2025-12-27,165.91,3,3,55.3,Saturday,True,False
m-031,2025-12-28,168.24,2,1,84.12,Sunday,True,False
m-031,2025-12-29,183.5,3,2,61.17,Monday,False,False
m-031,2025-12-30,114.33,2,1,57.16,Tuesday,False,False
m-031,2025-12-31,776.3,8,4,97.04,Wednesday,False,True
m-031,2026-01-01,482.54,2,1,241.27,Thursday,False,True
m-031,2026-01-02,445.17,2,1,222.58,Friday,False,False
m-031,2026-01-03,241.71,4,3,60.43,Saturday,True,False
m-031,2026-01-04,465.24,2,1,232.62,Sunday,True,False
m-031,2026-01-05,661.16,4,3,165.29,Monday,False,False
m-031,2026-01-06,647.42,3,2,215.81,Tuesday,False,False
m-031,2026-01-07,464.95,2,1,232.48,Wednesday,False,False
m-031,2026-01-08,674.64,4,2,168.66,Thursday,False,False
m-031,2026-01-09,841.32,4,2,210.33,Friday,False,False
m-031,2026-01-10,418.37,3,1,139.46,Saturday,True,False
m-031,2026-01-11,606.04,6,5,101.01,Sunday,True,False
m-031,2026-01-12,264.94,2,2,132.47,Monday,False,False
m-031,2026-01-13,285.35,4,1,71.34,Tuesday,False,False
m-031,2026-01-14,998.58,5,5,199.72,Wednesday,False,True
m-031,2026-01-16,588.39,5,1,117.68,Friday,False,False
m-031,2026-01-17,282.87,4,4,70.72,Saturday,True,False
m-031,2026-01-18,780.28,5,2,156.06,Sunday,True,False
m-031,2026-01-19,655.41,6,4,109.24,Monday,False,False
m-031,2026-01-20,310.42,2,1,155.21,Tuesday,False,False
m-031,2026-01-21,311.52,3,3,103.84,Wednesday,False,False
m-031,2026-01-22,599.0,3,2,199.67,Thursday,False,False
m-031,2026-01-23,382.76,4,2,95.69,Friday,False,False
m-031,2026-01-24,134.51,1,1,134.51,Saturday,True,False
m-031,2026-01-25,135.45,2,2,67.72,Sunday,True,False
m-031,2026-01-26,110.81,1,1,110.81,Monday,False,False
m-031,2026-01-27,191.46,1,1,191.46,Tuesday,False,False
m-031,2026-01-28,43.32,1,1,43.32,Wednesday,False,False
m-031,2026-01-29,497.19,6,4,82.86,Thursday,False,False
m-031,2026-01-30,158.14,2,1,79.07,Friday,False,False
m-031,2026-01-31,437.69,4,3,109.42,Saturday,True,False
m-031,2026-02-01,117.1,1,0,117.1,Sunday,True,False
m-031,2026-02-02,695.42,4,2,173.86,Monday,False,False
m-031,2026-02-03,244.96,3,3,81.65,Tuesday,False,False
m-031,2026-02-04,186.47,2,1,93.24,Wednesday,False,False
m-031,2026-02-05,319.26,4,4,79.82,Thursday,False,False
m-031,2026-02-06,345.47,3,2,115.16,Friday,False,False
m-031,2026-02-07,291.01,4,2,72.75,Saturday,True,False
m-031,2026-02-08,477.9,6,4,79.65,Sunday,True,False
m-031,2026-02-09,168.24,2,1,84.12,Monday,False,False
m-031,2026-02-10,603.07,8,8,75.38,Tuesday,False,False
m-031,2026-02-11,30.71,1,1,30.71,Wednesday,False,False
m-031,2026-02-12,562.75,3,1,187.58,Thursday,False,False
m-031,2026-02-13,632.19,5,3,126.44,Friday,False,False
m-031,2026-02-14,286.88,3,1,95.63,Saturday,True,False
m-031,2026-02-15,505.3,7,3,72.19,Sunday,True,False
m-031,2026-02-16,273.75,4,1,68.44,Monday,False,False
m-031,2026-02-17,230.24,2,0,115.12,Tuesday,False,False
m-031,2026-02-18,393.86,4,2,98.46,Wednesday,False,False
m-031,2026-02-19,145.95,1,1,145.95,Thursday,False,False
m-031,2026-02-20,376.28,5,3,75.26,Friday,False,False
m-031,2026-02-21,144.73,2,1,72.36,Saturday,True,False
m-031,2026-02-22,959.87,9,6,106.65,Sunday,True,False
m-031,2026-02-23,41.64,1,0,41.64,Monday,False,False
m-031,2026-02-24,184.67,3,1,61.56,Tuesday,False,False
m-031,2026-02-25,267.66,2,2,133.83,Wednesday,False,False
m-031,2026-02-26,207.14,2,2,103.57,Thursday,False,False
m-031,2026-02-27,141.83,2,1,70.91,Friday,False,False
m-031,2026-02-28,363.74,3,1,121.25,Saturday,True,False
m-031,2026-03-01,1187.28,10,6,118.73,Sunday,True,False
m-031,2026-03-02,512.0,4,2,128.0,Monday,False,False
m-031,2026-03-03,219.24,3,1,73.08,Tuesday,False,False
m-031,2026-03-04,402.32,4,3,100.58,Wednesday,False,True
m-031,2026-03-05,72.35,2,2,36.17,Thursday,False,False
m-031,2026-03-06,280.68,2,2,140.34,Friday,False,False
m-031,2026-03-07,318.62,3,3,106.21,Saturday,True,False
m-031,2026-03-08,308.56,2,2,154.28,Sunday,True,False
m-031,2026-03-09,436.34,3,2,145.45,Monday,False,False
m-031,2026-03-10,597.83,3,2,199.28,Tuesday,False,False
m-031,2026-03-11,391.4,6,5,65.23,Wednesday,False,False
m-031,2026-03-12,110.81,1,1,110.81,Thursday,False,False
m-031,2026-03-13,216.56,2,1,108.28,Friday,False,False
m-031,2026-03-14,646.42,5,4,129.28,Saturday,True,False
m-031,2026-03-15,51.92,1,1,51.92,Sunday,True,False
m-031,2026-03-16,184.67,3,3,61.56,Monday,False,False
m-031,2026-03-17,181.88,3,2,60.63,Tuesday,False,False
m-031,2026-03-18,95.24,2,2,47.62,Wednesday,False,False
m-031,2026-03-19,222.01,4,4,55.5,Thursday,False,False
m-031,2026-03-20,651.43,8,6,81.43,Friday,False,True
m-031,2026-03-21,1013.03,6,3,168.84,Saturday,True,False
m-031,2026-03-22,414.37,5,4,82.87,Sunday,True,False
m-031,2026-03-23,1172.76,5,4,234.55,Monday,False,False
m-031,2026-03-24,403.53,1,0,403.53,Tuesday,False,False
m-031,2026-03-25,391.61,3,3,130.54,Wednesday,False,False
m-031,2026-03-26,95.73,1,1,95.73,Thursday,False,False
m-031,2026-03-27,703.76,4,1,175.94,Friday,False,False
m-031,2026-03-28,521.85,7,4,74.55,Saturday,True,False
m-031,2026-03-29,762.55,7,4,108.94,Sunday,True,False
m-031,2026-03-30,907.93,4,3,226.98,Monday,False,False
m-031,2026-03-31,591.4,5,4,118.28,Tuesday,False,False
m-031,2026-04-01,98.7,2,2,49.35,Wednesday,False,False
m-031,2026-04-02,343.2,4,1,85.8,Thursday,False,False
m-031,2026-04-03,287.03,4,2,71.76,Friday,False,False
m-031,2026-04-04,290.8,2,2,145.4,Saturday,True,False
m-031,2026-04-05,697.24,7,5,99.61,Sunday,True,False
m-031,2026-04-08,430.02,5,5,86.0,Wednesday,False,False
m-031,2026-04-09,325.25,3,2,108.42,Thursday,False,False
m-031,2026-04-10,770.37,4,1,192.59,Friday,False,False
m-031,2026-04-11,423.13,5,4,84.63,Saturday,True,False
m-031,2026-04-12,366.11,3,2,122.04,Sunday,True,False
m-031,2026-04-13,398.91,5,3,79.78,Monday,False,False
m-031,2026-04-14,126.44,2,1,63.22,Tuesday,False,False
m-031,2026-04-16,84.48,2,2,42.24,Thursday,False,False
m-031,2026-04-17,490.17,2,2,245.08,Friday,False,False
m-031,2026-04-18,477.38,4,2,119.34,Saturday,True,False
m-031,2026-04-19,259.92,2,1,129.96,Sunday,True,False
m-031,2026-04-20,855.31,6,4,142.55,Monday,False,False
m-031,2026-04-21,679.04,5,5,135.81,Tuesday,False,False
m-031,2026-04-22,213.87,3,1,71.29,Wednesday,False,False
m-031,2026-04-23,191.46,1,1,191.46,Thursday,False,False
m-031,2026-04-24,166.56,1,1,166.56,Friday,False,False
m-031,2026-04-25,367.57,2,2,183.78,Saturday,True,False
m-031,2026-04-26,639.16,5,2,127.83,Sunday,True,False
m-031,2026-04-27,984.77,6,3,164.13,Monday,False,False
m-031,2026-04-28,268.31,3,1,89.44,Tuesday,False,False
m-031,2026-04-29,397.82,4,4,99.46,Wednesday,False,False
m-031,2026-04-30,57.06,1,0,57.06,Thursday,False,False
m-031,2026-05-01,213.22,4,3,53.31,Friday,False,False
m-031,2026-05-02,799.26,6,6,133.21,Saturday,True,False
m-031,2026-05-03,729.59,4,3,182.4,Sunday,True,False
m-031,2026-05-04,484.82,4,2,121.2,Monday,False,False
m-031,2026-05-05,1064.99,5,3,213.0,Tuesday,False,False
m-031,2026-05-06,892.02,6,2,148.67,Wednesday,False,False
m-031,2026-05-07,310.35,3,3,103.45,Thursday,False,False
m-031,2026-05-08,232.6,3,1,77.53,Friday,False,False
m-031,2026-05-09,332.52,4,3,83.13,Saturday,True,False
m-031,2026-05-10,176.07,2,1,88.04,Sunday,True,False
m-031,2026-05-12,186.85,3,2,62.28,Tuesday,False,False
m-031,2026-05-13,405.13,4,4,101.28,Wednesday,False,False
m-031,2026-05-14,323.9,3,2,107.97,Thursday,False,False
m-031,2026-05-15,317.07,3,2,105.69,Friday,False,False
m-031,2026-05-16,322.02,4,4,80.5,Saturday,True,False
m-031,2026-05-17,1458.92,11,8,132.63,Sunday,True,False
m-031,2026-05-18,30.71,1,1,30.71,Monday,False,False
m-031,2026-05-19,125.64,2,2,62.82,Tuesday,False,False
m-031,2026-05-20,439.38,6,3,73.23,Wednesday,False,False
m-031,2026-05-22,655.04,3,2,218.35,Friday,False,False
m-031,2026-05-23,717.1,6,3,119.52,Saturday,True,False
m-031,2026-05-24,442.24,3,1,147.41,Sunday,True,False
m-031,2026-05-25,565.05,3,2,188.35,Monday,False,False
m-031,2026-05-26,212.83,2,1,106.42,Tuesday,False,False
m-031,2026-05-27,223.94,2,2,111.97,Wednesday,False,False
m-031,2026-05-28,313.82,3,3,104.61,Thursday,False,False
m-031,2026-05-29,726.53,4,4,181.63,Friday,False,False
m-031,2026-05-30,460.48,4,3,115.12,Saturday,True,False
m-031,2026-05-31,477.4,7,1,68.2,Sunday,True,False
m-031,2026-06-01,646.17,5,4,129.23,Monday,False,False
m-031,2026-06-02,62.41,1,1,62.41,Tuesday,False,False
m-031,2026-06-03,798.32,5,5,159.66,Wednesday,False,False
m-031,2026-06-04,776.86,3,1,258.95,Thursday,False,False
m-031,2026-06-05,41.64,1,1,41.64,Friday,False,False
m-031,2026-06-06,642.88,4,3,160.72,Saturday,True,False
m-031,2026-06-07,217.94,2,2,108.97,Sunday,True,False
m-031,2026-06-08,132.12,2,2,66.06,Monday,False,False
m-031,2026-06-09,264.94,2,2,132.47,Tuesday,False,False
m-031,2026-06-10,191.57,2,1,95.78,Wednesday,False,False
m-031,2026-06-11,51.92,1,1,51.92,Thursday,False,False
m-031,2026-06-12,490.61,3,2,163.54,Friday,False,False
m-031,2026-06-13,354.85,5,3,70.97,Saturday,True,False
m-031,2026-06-14,145.95,1,0,145.95,Sunday,True,False
m-031,2026-06-15,271.12,4,4,67.78,Monday,False,False
m-031,2026-06-16,256.42,3,3,85.47,Tuesday,False,False
m-031,2026-06-17,351.23,3,2,117.08,Wednesday,False,False
m-031,2026-06-18,249.79,2,1,124.9,Thursday,False,False
m-031,2026-06-19,207.68,1,1,207.68,Friday,False,False
m-031,2026-06-20,734.06,5,4,146.81,Saturday,True,False
m-031,2026-06-21,661.97,6,3,110.33,Sunday,True,False
m-031,2026-06-22,340.75,5,3,68.15,Monday,False,False
m-031,2026-06-23,469.02,4,4,117.26,Tuesday,False,False
m-031,2026-06-24,41.16,1,1,41.16,Wednesday,False,False
m-031,2026-06-25,455.91,5,3,91.18,Thursday,False,False
m-031,2026-06-26,89.43,1,1,89.43,Friday,False,False
m-031,2026-06-27,867.48,4,2,216.87,Saturday,True,False
m-031,2026-06-28,139.05,2,1,69.53,Sunday,True,False
m-031,2026-06-29,447.45,4,3,111.86,Monday,False,False
m-031,2026-06-30,84.96,2,1,42.48,Tuesday,False,False
m-031,2026-07-01,583.78,4,1,145.94,Wednesday,False,False
m-031,2026-07-02,528.0,5,2,105.6,Thursday,False,False
m-031,2026-07-03,319.41,5,4,63.88,Friday,False,False
m-031,2026-07-04,231.26,3,3,77.09,Saturday,True,False
m-031,2026-07-05,508.07,5,3,101.61,Sunday,True,False
m-031,2026-07-06,435.0,4,3,108.75,Monday,False,False
m-031,2026-07-07,460.56,3,3,153.52,Tuesday,False,False
m-031,2026-07-08,644.56,6,5,107.43,Wednesday,False,False
m-031,2026-07-10,386.19,4,3,96.55,Friday,False,False
m-031,2026-07-11,197.45,3,2,65.82,Saturday,True,False
m-031,2026-07-12,402.1,4,2,100.52,Sunday,True,False
m-031,2026-07-13,553.49,4,3,138.37,Monday,False,False
m-031,2026-07-15,1062.99,7,6,151.86,Wednesday,False,False
m-031,2026-07-16,317.9,2,2,158.95,Thursday,False,False
m-031,2026-07-17,287.55,3,3,95.85,Friday,False,False
m-031,2026-07-18,414.68,3,1,138.23,Saturday,True,False
m-031,2026-07-19,846.91,5,5,169.38,Sunday,True,False
m-031,2026-07-20,737.59,5,4,147.52,Monday,False,False
m-031,2026-07-21,415.06,3,3,138.35,Tuesday,False,False
m-031,2026-07-22,454.45,3,1,151.48,Wednesday,False,False
m-031,2026-07-24,120.14,2,1,60.07,Friday,False,False
m-031,2026-07-25,889.73,8,8,111.22,Saturday,True,False
m-031,2026-07-26,837.79,4,2,209.45,Sunday,True,False
m-031,2026-07-27,362.57,5,4,72.51,Monday,False,False
m-031,2026-07-28,508.06,3,3,169.35,Tuesday,False,False
m-031,2026-07-29,30.71,1,1,30.71,Wednesday,False,False
m-031,2026-07-30,89.43,1,1,89.43,Thursday,False,False
m-031,2026-07-31,690.97,5,3,138.19,Friday,False,False
m-031,2026-08-01,809.28,6,2,134.88,Saturday,True,False
m-031,2026-08-02,110.81,1,1,110.81,Sunday,True,False
m-031,2026-08-03,268.29,2,1,134.15,Monday,False,False
m-031,2026-08-04,520.17,2,1,260.09,Tuesday,False,False
m-031,2026-08-05,342.19,3,1,114.06,Wednesday,False,False
m-031,2026-08-06,289.67,2,2,144.84,Thursday,False,False
m-031,2026-08-07,164.64,1,1,164.64,Friday,False,False
m-031,2026-08-08,709.73,4,3,177.43,Saturday,True,False
m-031,2026-08-09,715.88,7,4,102.27,Sunday,True,False
m-031,2026-08-10,1050.0,6,2,175.0,Monday,False,False
m-031,2026-08-11,269.02,1,1,269.02,Tuesday,False,False
m-031,2026-08-12,197.45,2,1,98.72,Wednesday,False,False
m-031,2026-08-13,175.65,2,2,87.82,Thursday,False,False
m-031,2026-08-14,399.36,2,0,199.68,Friday,False,False
m-031,2026-08-15,512.82,3,1,170.94,Saturday,True,True
m-031,2026-08-16,781.31,6,5,130.22,Sunday,True,False
m-031,2026-08-17,393.84,2,2,196.92,Monday,False,False
m-031,2026-08-18,234.2,1,1,234.2,Tuesday,False,False
m-031,2026-08-19,464.96,4,2,116.24,Wednesday,False,False
m-031,2026-08-20,117.1,1,1,117.1,Thursday,False,False
m-031,2026-08-21,143.51,3,3,47.84,Friday,False,False
m-031,2026-08-22,827.9,8,3,103.49,Saturday,True,False
m-031,2026-08-23,554.51,5,4,110.9,Sunday,True,False
m-031,2026-08-24,364.92,3,3,121.64,Monday,False,False
m-031,2026-08-25,500.66,4,4,125.16,Tuesday,False,False
m-031,2026-08-26,554.95,2,2,277.48,Wednesday,False,False
m-031,2026-08-27,175.4,4,4,43.85,Thursday,False,False
m-031,2026-08-28,457.11,4,3,114.28,Friday,False,True
m-031,2026-08-29,474.6,4,3,118.65,Saturday,True,False
m-031,2026-08-30,480.48,6,4,80.08,Sunday,True,False
m-031,2026-09-01,151.63,3,2,50.54,Tuesday,False,False
m-031,2026-09-02,312.11,2,1,156.06,Wednesday,False,False
m-031,2026-09-04,342.78,5,4,68.56,Friday,False,False
m-031,2026-09-05,251.82,4,2,62.96,Saturday,True,False
m-031,2026-09-06,719.37,7,4,102.77,Sunday,True,False
m-031,2026-09-07,355.2,1,0,355.2,Monday,False,False
m-031,2026-09-08,176.15,2,2,88.07,Tuesday,False,False
m-031,2026-09-09,948.58,4,1,237.14,Wednesday,False,False
m-031,2026-09-10,1384.96,10,4,138.5,Thursday,False,False
m-031,2026-09-11,145.86,2,2,72.93,Friday,False,False
m-031,2026-09-12,41.64,1,1,41.64,Saturday,True,False
m-031,2026-09-13,247.57,3,3,82.52,Sunday,True,False
m-031,2026-09-14,58.55,1,0,58.55,Monday,False,False
m-031,2026-09-15,83.28,1,0,83.28,Tuesday,False,False
m-031,2026-09-17,829.48,6,2,138.25,Thursday,False,False
m-032,2025-09-19,6947.18,4,1,1736.8,Friday,False,False
m-032,2025-09-20,4918.24,5,4,983.65,Saturday,True,False
m-032,2025-09-21,7749.67,7,4,1107.1,Sunday,True,False
m-032,2025-09-22,3135.05,5,4,627.01,Monday,False,False
m-032,2025-09-23,4652.2,4,3,1163.05,Tuesday,False,False
m-032,2025-09-24,2727.89,2,2,1363.95,Wednesday,False,False
m-032,2025-09-25,2610.8,2,1,1305.4,Thursday,False,False
m-032,2025-09-26,1037.24,1,1,1037.24,Friday,False,False
m-032,2025-09-27,5553.86,7,4,793.41,Saturday,True,False
m-032,2025-09-28,3032.96,3,1,1010.99,Sunday,True,False
m-032,2025-09-29,333.71,1,1,333.71,Monday,False,False
m-032,2025-09-30,3218.94,3,2,1072.98,Tuesday,False,False
m-032,2025-10-01,3174.04,2,2,1587.02,Wednesday,False,False
m-032,2025-10-02,3255.5,3,2,1085.17,Thursday,False,False
m-032,2025-10-03,1735.55,2,2,867.78,Friday,False,False
m-032,2025-10-04,3657.77,4,3,914.44,Saturday,True,False
m-032,2025-10-05,7280.89,5,4,1456.18,Sunday,True,False
m-032,2025-10-06,831.37,1,1,831.37,Monday,False,False
m-032,2025-10-07,4160.46,3,3,1386.82,Tuesday,False,False
m-032,2025-10-08,5957.58,6,3,992.93,Wednesday,False,False
m-032,2025-10-09,4855.98,4,2,1213.99,Thursday,False,False
m-032,2025-10-10,2083.19,1,1,2083.19,Friday,False,False
m-032,2025-10-11,3210.55,4,2,802.64,Saturday,True,False
m-032,2025-10-12,5932.52,7,2,847.5,Sunday,True,False
m-032,2025-10-13,4985.91,5,4,997.18,Monday,False,False
m-032,2025-10-14,5534.39,5,4,1106.88,Tuesday,False,False
m-032,2025-10-15,5805.41,7,6,829.34,Wednesday,False,False
m-032,2025-10-16,4032.57,4,4,1008.14,Thursday,False,False
m-032,2025-10-17,2753.59,3,3,917.86,Friday,False,False
m-032,2025-10-18,2083.19,1,1,2083.19,Saturday,True,False
m-032,2025-10-19,5177.72,5,3,1035.54,Sunday,True,False
m-032,2025-10-20,2343.31,3,0,781.1,Monday,False,True
m-032,2025-10-21,8221.58,8,7,1027.7,Tuesday,False,True
m-032,2025-10-22,4225.9,6,5,704.32,Wednesday,False,True
m-032,2025-10-23,5570.31,3,3,1856.77,Thursday,False,False
m-032,2025-10-24,6539.64,6,6,1089.94,Friday,False,False
m-032,2025-10-25,4854.91,4,3,1213.73,Saturday,True,False
m-032,2025-10-26,7690.39,6,5,1281.73,Sunday,True,False
m-032,2025-10-27,1090.85,1,0,1090.85,Monday,False,False
m-032,2025-10-28,2291.8,3,1,763.93,Tuesday,False,False
m-032,2025-10-29,5740.26,5,3,1148.05,Wednesday,False,False
m-032,2025-10-30,2077.27,2,2,1038.64,Thursday,False,False
m-032,2025-10-31,2574.93,2,1,1287.46,Friday,False,False
m-032,2025-11-01,4457.52,5,4,891.5,Saturday,True,False
m-032,2025-11-02,4489.14,5,2,897.83,Sunday,True,False
m-032,2025-11-03,4390.63,4,2,1097.66,Monday,False,False
m-032,2025-11-04,1922.22,2,2,961.11,Tuesday,False,False
m-032,2025-11-05,2069.26,3,3,689.75,Wednesday,False,False
m-032,2025-11-06,2388.26,2,2,1194.13,Thursday,False,False
m-032,2025-11-08,2074.48,2,1,1037.24,Saturday,True,False
m-032,2025-11-09,7690.39,6,3,1281.73,Sunday,True,False
m-032,2025-11-10,4847.27,5,3,969.45,Monday,False,False
m-032,2025-11-11,3487.12,2,1,1743.56,Tuesday,False,False
m-032,2025-11-12,7484.52,6,4,1247.42,Wednesday,False,False
m-032,2025-11-13,7289.55,6,3,1214.92,Thursday,False,False
m-032,2025-11-14,3210.55,4,3,802.64,Friday,False,False
m-032,2025-11-15,4420.58,5,0,884.12,Saturday,True,False
m-032,2025-11-16,3657.77,4,3,914.44,Sunday,True,False
m-032,2025-11-17,1424.56,2,1,712.28,Monday,False,False
m-032,2025-11-18,1904.48,2,1,952.24,Tuesday,False,False
m-032,2025-11-19,1370.95,2,1,685.48,Wednesday,False,False
m-032,2025-11-20,5856.28,5,3,1171.26,Thursday,False,False
m-032,2025-11-21,2077.27,2,0,1038.64,Friday,False,False
m-032,2025-11-22,3693.64,4,4,923.41,Saturday,True,False
m-032,2025-11-23,6833.9,6,3,1138.98,Sunday,True,False
m-032,2025-11-24,3442.17,3,2,1147.39,Monday,False,False
m-032,2025-11-25,3120.43,2,2,1560.22,Tuesday,False,False
m-032,2025-11-26,3915.69,5,5,783.14,Wednesday,False,False
m-032,2025-11-27,5205.58,6,4,867.6,Thursday,False,False
m-032,2025-11-28,2849.12,4,3,712.28,Friday,False,False
m-032,2025-11-29,1090.85,1,0,1090.85,Saturday,True,False
m-032,2025-11-30,3248.27,3,2,1082.76,Sunday,True,False
m-032,2025-12-01,644.7,1,1,644.7,Monday,False,False
m-032,2025-12-02,2834.41,2,1,1417.2,Tuesday,False,False
m-032,2025-12-03,5035.33,5,1,1007.07,Wednesday,False,False
m-032,2025-12-04,644.7,1,1,644.7,Thursday,False,False
m-032,2025-12-05,2574.93,2,1,1287.46,Friday,False,False
m-032,2025-12-06,7707.06,6,2,1284.51,Saturday,True,False
m-032,2025-12-07,9702.13,6,5,1617.02,Sunday,True,False
m-032,2025-12-08,4827.88,5,4,965.58,Monday,False,False
m-032,2025-12-09,2995.33,3,2,998.44,Tuesday,False,False
m-032,2025-12-10,1743.56,1,1,1743.56,Wednesday,False,False
m-032,2025-12-11,5024.91,4,4,1256.23,Thursday,False,False
m-032,2025-12-12,2181.7,2,2,1090.85,Friday,False,False
m-032,2025-12-13,3248.27,3,2,1082.76,Saturday,True,False
m-032,2025-12-14,4650.11,4,4,1162.53,Sunday,True,False
m-032,2025-12-15,6583.28,4,3,1645.82,Monday,False,False
m-032,2025-12-16,3174.68,4,1,793.67,Tuesday,False,False
m-032,2025-12-17,2574.93,2,1,1287.46,Wednesday,False,False
m-032,2025-12-18,10139.57,7,5,1448.51,Thursday,False,False
m-032,2025-12-19,5903.97,6,4,983.99,Friday,False,False
m-032,2025-12-20,1868.61,2,1,934.3,Saturday,True,False
m-032,2025-12-21,6988.95,6,4,1164.82,Sunday,True,False
m-032,2025-12-23,6123.2,6,4,1020.53,Tuesday,False,False
m-032,2025-12-24,1165.08,2,2,582.54,Wednesday,False,False
m-032,2025-12-25,6495.06,7,5,927.87,Thursday,False,True
m-032,2025-12-26,3239.56,4,2,809.89,Friday,False,False
m-032,2025-12-27,6147.47,6,4,1024.58,Saturday,True,False
m-032,2025-12-28,5129.79,6,4,854.96,Sunday,True,False
m-032,2025-12-29,1476.07,2,2,738.04,Monday,False,False
m-032,2025-12-30,6852.43,7,5,978.92,Tuesday,False,False
m-032,2025-12-31,6777.96,8,6,847.24,Wednesday,False,True
m-032,2026-01-01,3193.88,4,4,798.47,Thursday,False,True
m-032,2026-01-02,6598.47,5,3,1319.69,Friday,False,False
m-032,2026-01-03,4855.98,4,4,1213.99,Saturday,True,False
m-032,2026-01-04,3900.93,5,4,780.19,Sunday,True,False
m-032,2026-01-05,1090.85,1,1,1090.85,Monday,False,False
m-032,2026-01-06,1090.85,1,1,1090.85,Tuesday,False,False
m-032,2026-01-07,4649.41,4,3,1162.35,Wednesday,False,False
m-032,2026-01-08,3270.21,5,5,654.04,Thursday,False,False
m-032,2026-01-09,1511.94,2,0,755.97,Friday,False,False
m-032,2026-01-10,7349.69,6,5,1224.95,Saturday,True,False
m-032,2026-01-11,4866.73,5,2,973.35,Sunday,True,False
m-032,2026-01-13,3487.12,2,2,1743.56,Tuesday,False,False
m-032,2026-01-14,6437.55,4,4,1609.39,Wednesday,False,True
m-032,2026-01-15,3507.75,3,1,1169.25,Thursday,False,False
m-032,2026-01-16,2410.98,3,2,803.66,Friday,False,False
m-032,2026-01-17,3880.31,4,4,970.08,Saturday,True,False
m-032,2026-01-18,3826.7,4,3,956.68,Sunday,True,False
m-032,2026-01-19,1037.24,1,1,1037.24,Monday,False,False
m-032,2026-01-20,4693.99,3,3,1564.66,Tuesday,False,False
m-032,2026-01-21,1904.48,2,2,952.24,Wednesday,False,False
m-032,2026-01-22,2602.79,3,3,867.6,Thursday,False,False
m-032,2026-01-23,5382.52,5,4,1076.5,Friday,False,False
m-032,2026-01-24,5197.7,4,2,1299.42,Saturday,True,False
m-032,2026-01-25,4374.99,4,3,1093.75,Sunday,True,False
m-032,2026-01-27,1662.74,2,2,831.37,Tuesday,False,False
m-032,2026-01-28,3159.04,4,2,789.76,Wednesday,False,False
m-032,2026-01-29,2083.19,1,1,2083.19,Thursday,False,False
m-032,2026-01-30,2494.11,3,3,831.37,Friday,False,False
m-032,2026-01-31,3767.87,5,4,753.57,Saturday,True,False
m-032,2026-02-01,2074.48,2,1,1037.24,Sunday,True,False
m-032,2026-02-02,5361.41,5,4,1072.28,Monday,False,False
m-032,2026-02-03,1037.24,1,0,1037.24,Tuesday,False,False
m-032,2026-02-04,1037.24,1,1,1037.24,Wednesday,False,False
m-032,2026-02-05,6983.37,6,4,1163.9,Thursday,False,False
m-032,2026-02-06,3781.8,3,3,1260.6,Friday,False,False
m-032,2026-02-07,3114.51,3,2,1038.17,Saturday,True,False
m-032,2026-02-08,3013.07,3,2,1004.36,Sunday,True,False
m-032,2026-02-09,5203.62,3,0,1734.54,Monday,False,False
m-032,2026-02-10,333.71,1,1,333.71,Tuesday,False,False
m-032,2026-02-11,2077.27,2,2,1038.64,Wednesday,False,False
m-032,2026-02-13,4872.65,4,2,1218.16,Friday,False,False
m-032,2026-02-14,5678.32,4,2,1419.58,Saturday,True,False
m-032,2026-02-15,1090.85,1,0,1090.85,Sunday,True,False
m-032,2026-02-16,6249.57,3,2,2083.19,Monday,False,False
m-032,2026-02-17,644.7,1,0,644.7,Tuesday,False,False
m-032,2026-02-18,3284.14,3,2,1094.71,Wednesday,False,False
m-032,2026-02-19,4533.02,4,4,1133.26,Thursday,False,False
m-032,2026-02-20,333.71,1,0,333.71,Friday,False,False
m-032,2026-02-21,5848.32,4,2,1462.08,Saturday,True,False
m-032,2026-02-22,6227.57,8,5,778.45,Sunday,True,False
m-032,2026-02-23,2950.43,2,2,1475.22,Monday,False,False
m-032,2026-02-24,978.41,2,2,489.21,Tuesday,False,False
m-032,2026-02-25,5896.01,5,4,1179.2,Wednesday,False,False
m-032,2026-02-26,867.24,1,1,867.24,Thursday,False,False
m-032,2026-02-27,2181.7,2,1,1090.85,Friday,False,False
m-032,2026-03-01,978.41,2,1,489.21,Sunday,True,False
m-032,2026-03-02,8773.58,9,6,974.84,Monday,False,False
m-032,2026-03-03,867.24,1,1,867.24,Tuesday,False,False
m-032,2026-03-04,9290.49,7,4,1327.21,Wednesday,False,True
m-032,2026-03-05,2780.8,2,2,1390.4,Thursday,False,False
m-032,2026-03-07,1476.07,2,1,738.04,Saturday,True,False
m-032,2026-03-08,5851.06,6,5,975.18,Sunday,True,False
m-032,2026-03-09,2610.8,2,2,1305.4,Monday,False,False
m-032,2026-03-10,2181.7,2,2,1090.85,Tuesday,False,False
m-032,2026-03-11,831.37,1,1,831.37,Wednesday,False,False
m-032,2026-03-12,7243.17,6,4,1207.2,Thursday,False,False
m-032,2026-03-13,3270.21,5,3,654.04,Friday,False,False
m-032,2026-03-14,7537.43,6,4,1256.24,Saturday,True,False
m-032,2026-03-15,5656.46,6,4,942.74,Sunday,True,False
m-032,2026-03-16,3765.13,3,1,1255.04,Monday,False,False
m-032,2026-03-17,2343.31,3,2,781.1,Tuesday,False,False
m-032,2026-03-18,3479.11,3,3,1159.7,Wednesday,False,False
m-032,2026-03-19,3255.5,3,2,1085.17,Thursday,False,False
m-032,2026-03-20,9635.97,11,8,876.0,Friday,False,True
m-032,2026-03-21,3272.55,3,1,1090.85,Saturday,True,False
m-032,2026-03-22,667.42,2,1,333.71,Sunday,True,False
m-032,2026-03-23,644.7,1,1,644.7,Monday,False,False
m-032,2026-03-24,7233.05,5,4,1446.61,Tuesday,False,False
m-032,2026-03-25,6574.57,5,3,1314.91,Wednesday,False,False
m-032,2026-03-26,3826.75,2,1,1913.38,Thursday,False,False
m-032,2026-03-27,1734.48,2,2,867.24,Friday,False,False
m-032,2026-03-28,6822.08,5,3,1364.42,Saturday,True,False
m-032,2026-03-29,5680.36,6,5,946.73,Sunday,True,False
m-032,2026-03-30,5789.49,5,5,1157.9,Monday,False,False
m-032,2026-03-31,5475.56,6,3,912.59,Tuesday,False,False
m-032,2026-04-01,1424.56,2,1,712.28,Wednesday,False,False
m-032,2026-04-02,5169.71,6,4,861.62,Thursday,False,False
m-032,2026-04-03,2077.27,2,2,1038.64,Friday,False,False
m-032,2026-04-04,4596.5,4,4,1149.12,Saturday,True,False
m-032,2026-04-05,5222.67,4,3,1305.67,Sunday,True,False
m-032,2026-04-06,6503.77,6,4,1083.96,Monday,False,False
m-032,2026-04-07,3120.43,2,0,1560.22,Tuesday,False,False
m-032,2026-04-08,4863.99,3,1,1621.33,Wednesday,False,False
m-032,2026-04-09,2574.93,2,1,1287.46,Thursday,False,False
m-032,2026-04-10,2388.26,2,2,1194.13,Friday,False,False
m-032,2026-04-11,6340.06,5,3,1268.01,Saturday,True,False
m-032,2026-04-12,9203.75,9,7,1022.64,Sunday,True,False
m-032,2026-04-13,3620.83,4,2,905.21,Monday,False,False
m-032,2026-04-14,5361.41,5,5,1072.28,Tuesday,False,False
m-032,2026-04-15,1424.56,2,1,712.28,Wednesday,False,False
m-032,2026-04-16,2343.31,3,2,781.1,Thursday,False,False
m-032,2026-04-17,2388.26,2,1,1194.13,Friday,False,False
m-032,2026-04-18,5615.21,4,4,1403.8,Saturday,True,False
m-032,2026-04-19,10991.57,9,6,1221.29,Sunday,True,False
m-032,2026-04-20,4463.44,4,3,1115.86,Monday,False,False
m-032,2026-04-21,2834.41,2,1,1417.2,Tuesday,False,False
m-032,2026-04-22,4796.08,5,5,959.22,Wednesday,False,False
m-032,2026-04-24,2602.79,3,1,867.6,Friday,False,False
m-032,2026-04-25,4366.28,5,3,873.26,Saturday,True,False
m-032,2026-04-26,2032.32,3,2,677.44,Sunday,True,False
m-032,2026-04-27,3032.96,3,2,1010.99,Monday,False,False
m-032,2026-04-28,5189.69,5,3,1037.94,Tuesday,False,False
m-032,2026-04-29,4106.8,5,5,821.36,Wednesday,False,False
m-032,2026-04-30,7119.92,6,3,1186.65,Thursday,False,False
m-032,2026-05-01,3863.64,4,4,965.91,Friday,False,False
m-032,2026-05-02,4756.63,4,1,1189.16,Saturday,True,False
m-032,2026-05-03,5723.22,5,4,1144.64,Sunday,True,False
m-032,2026-05-04,5033.62,3,2,1677.87,Monday,False,False
m-032,2026-05-05,2069.26,3,0,689.75,Tuesday,False,False
m-032,2026-05-07,6059.02,6,4,1009.84,Thursday,False,False
m-032,2026-05-08,1662.74,2,1,831.37,Friday,False,False
m-032,2026-05-09,5886.93,6,4,981.16,Saturday,True,False
m-032,2026-05-10,9909.43,7,5,1415.63,Sunday,True,False
m-032,2026-05-11,3454.14,3,2,1151.38,Monday,False,False
m-032,2026-05-12,1996.45,3,2,665.48,Tuesday,False,False
m-032,2026-05-13,1165.08,2,1,582.54,Wednesday,False,False
m-032,2026-05-14,2834.41,2,1,1417.2,Thursday,False,False
m-032,2026-05-15,3819.38,5,2,763.88,Friday,False,False
m-032,2026-05-16,2908.64,3,2,969.55,Saturday,True,False
m-032,2026-05-17,4783.17,4,2,1195.79,Sunday,True,False
m-032,2026-05-18,8846.44,7,5,1263.78,Monday,False,False
m-032,2026-05-19,2379.18,3,1,793.06,Tuesday,False,False
m-032,2026-05-20,1037.24,1,1,1037.24,Wednesday,False,False
m-032,2026-05-21,1922.22,2,2,961.11,Thursday,False,False
m-032,2026-05-22,1037.24,1,1,1037.24,Friday,False,False
m-032,2026-05-23,1743.56,1,1,1743.56,Saturday,True,False
m-032,2026-05-24,5045.39,6,3,840.9,Sunday,True,False
m-032,2026-05-25,3775.88,4,3,943.97,Monday,False,False
m-032,2026-05-26,333.71,1,0,333.71,Tuesday,False,False
m-032,2026-05-27,5374.51,6,3,895.75,Wednesday,False,False
m-032,2026-05-28,978.41,2,1,489.21,Thursday,False,False
m-032,2026-05-29,3174.04,2,1,1587.02,Friday,False,False
m-032,2026-05-30,3987.67,3,3,1329.22,Saturday,True,False
m-032,2026-05-31,5455.78,4,1,1363.94,Sunday,True,False
m-032,2026-06-01,831.37,1,1,831.37,Monday,False,False
m-032,2026-06-02,2343.31,3,1,781.1,Tuesday,False,False
m-032,2026-06-03,5904.02,4,4,1476.0,Wednesday,False,False
m-032,2026-06-04,333.71,1,1,333.71,Thursday,False,False
m-032,2026-06-05,7252.25,5,3,1450.45,Friday,False,False
m-032,2026-06-06,1958.09,2,2,979.04,Saturday,True,False
m-032,2026-06-07,3293.17,4,2,823.29,Sunday,True,False
m-032,2026-06-08,2238.19,3,0,746.06,Monday,False,False
m-032,2026-06-09,1165.08,2,2,582.54,Tuesday,False,False
m-032,2026-06-10,6279.47,6,5,1046.58,Wednesday,False,False
m-032,2026-06-11,3996.7,4,4,999.18,Thursday,False,False
m-032,2026-06-12,1200.95,2,1,600.48,Friday,False,False
m-032,2026-06-13,6727.38,6,5,1121.23,Saturday,True,False
m-032,2026-06-14,7495.42,6,5,1249.24,Sunday,True,False
m-032,2026-06-15,2905.85,3,1,968.62,Monday,False,False
m-032,2026-06-16,3820.83,3,2,1273.61,Tuesday,False,False
m-032,2026-06-17,867.24,1,1,867.24,Wednesday,False,False
m-032,2026-06-18,5976.16,5,3,1195.23,Thursday,False,False
m-032,2026-06-19,4160.46,3,2,1386.82,Friday,False,False
m-032,2026-06-20,3120.43,2,1,1560.22,Saturday,True,False
m-032,2026-06-21,4166.38,2,2,2083.19,Sunday,True,False
m-032,2026-06-22,2128.09,2,1,1064.04,Monday,False,False
m-032,2026-06-23,4917.6,3,1,1639.2,Tuesday,False,False
m-032,2026-06-24,978.41,2,0,489.21,Wednesday,False,False
m-032,2026-06-25,4166.38,2,1,2083.19,Thursday,False,False
m-032,2026-06-26,3781.8,3,2,1260.6,Friday,False,False
m-032,2026-06-27,6919.97,5,3,1383.99,Saturday,True,False
m-032,2026-06-28,7119.87,8,7,889.98,Sunday,True,False
m-032,2026-06-29,6234.57,5,4,1246.91,Monday,False,False
m-032,2026-06-30,4103.92,4,3,1025.98,Tuesday,False,False
m-032,2026-07-01,4568.89,4,2,1142.22,Wednesday,False,False
m-032,2026-07-02,3887.05,5,3,777.41,Thursday,False,False
m-032,2026-07-03,333.71,1,1,333.71,Friday,False,False
m-032,2026-07-04,4473.5,5,3,894.7,Saturday,True,False
m-032,2026-07-05,5689.44,5,2,1137.89,Sunday,True,False
m-032,2026-07-06,2069.26,3,3,689.75,Monday,False,False
m-032,2026-07-07,1743.56,1,1,1743.56,Tuesday,False,False
m-032,2026-07-08,3595.13,3,2,1198.38,Wednesday,False,False
m-032,2026-07-09,5895.31,5,3,1179.06,Thursday,False,False
m-032,2026-07-10,6160.98,6,4,1026.83,Friday,False,False
m-032,2026-07-11,4619.22,5,4,923.84,Saturday,True,False
m-032,2026-07-12,2899.56,4,3,724.89,Sunday,True,False
m-032,2026-07-13,7698.4,5,2,1539.68,Monday,False,False
m-032,2026-07-14,2750.61,3,3,916.87,Tuesday,False,False
m-032,2026-07-15,2727.89,2,0,1363.95,Wednesday,False,False
m-032,2026-07-16,2179.36,4,3,544.84,Thursday,False,False
m-032,2026-07-17,2416.9,2,1,1208.45,Friday,False,False
m-032,2026-07-18,4774.46,5,4,954.89,Saturday,True,False
m-032,2026-07-19,7772.63,6,5,1295.44,Sunday,True,False
m-032,2026-07-20,5732.94,6,2,955.49,Monday,False,False
m-032,2026-07-21,6328.23,7,5,904.03,Tuesday,False,False
m-032,2026-07-22,4079.64,4,1,1019.91,Wednesday,False,False
m-032,2026-07-23,9557.98,6,5,1593.0,Thursday,False,False
m-032,2026-07-24,1698.61,2,2,849.3,Friday,False,False
m-032,2026-07-25,6295.11,6,5,1049.19,Saturday,True,False
m-032,2026-07-26,7546.93,6,4,1257.82,Sunday,True,False
m-032,2026-07-27,1743.56,1,1,1743.56,Monday,False,False
m-032,2026-07-28,333.71,1,0,333.71,Tuesday,False,False
m-032,2026-07-29,2416.9,2,0,1208.45,Wednesday,False,False
m-032,2026-07-30,5562.3,4,4,1390.58,Thursday,False,False
m-032,2026-07-31,2771.72,3,2,923.91,Friday,False,False
m-032,2026-08-01,5678.32,4,4,1419.58,Saturday,True,False
m-032,2026-08-02,4145.46,5,5,829.09,Sunday,True,False
m-032,2026-08-03,2908.64,3,2,969.55,Monday,False,False
m-032,2026-08-04,9030.37,5,3,1806.07,Tuesday,False,False
m-032,2026-08-05,4374.99,4,2,1093.75,Wednesday,False,False
m-032,2026-08-06,831.37,1,1,831.37,Thursday,False,False
m-032,2026-08-07,1312.12,3,3,437.37,Friday,False,False
m-032,2026-08-08,4695.7,5,4,939.14,Saturday,True,False
m-032,2026-08-09,4318.49,3,2,1439.5,Sunday,True,False
m-032,2026-08-10,2416.9,2,1,1208.45,Monday,False,False
m-032,2026-08-11,7127.15,6,4,1187.86,Tuesday,False,False
m-032,2026-08-12,1090.85,1,0,1090.85,Wednesday,False,False
m-032,2026-08-13,4160.46,3,2,1386.82,Thursday,False,False
m-032,2026-08-14,3665.78,3,2,1221.93,Friday,False,False
m-032,2026-08-15,6140.19,8,5,767.52,Saturday,True,True
m-032,2026-08-16,5332.77,5,4,1066.55,Sunday,True,False
m-032,2026-08-17,5508.69,4,2,1377.17,Monday,False,False
m-032,2026-08-18,3527.59,5,4,705.52,Tuesday,False,False
m-032,2026-08-19,1200.95,2,1,600.48,Wednesday,False,False
m-032,2026-08-20,4310.48,4,4,1077.62,Thursday,False,False
m-032,2026-08-21,333.71,1,0,333.71,Friday,False,False
m-032,2026-08-23,4632.37,4,4,1158.09,Sunday,True,False
m-032,2026-08-24,2128.09,2,1,1064.04,Monday,False,False
m-032,2026-08-25,2083.19,1,1,2083.19,Tuesday,False,False
m-032,2026-08-26,2461.8,3,3,820.6,Wednesday,False,False
m-032,2026-08-27,1165.08,2,2,582.54,Thursday,False,False
m-032,2026-08-28,2988.01,4,2,747.0,Friday,False,True
m-032,2026-08-29,4902.6,5,3,980.52,Saturday,True,False
m-032,2026-08-30,3773.09,4,2,943.27,Sunday,True,False
m-032,2026-08-31,5251.31,4,4,1312.83,Monday,False,False
m-032,2026-09-01,3293.17,4,3,823.29,Tuesday,False,False
m-032,2026-09-02,5302.82,4,4,1325.7,Wednesday,False,False
m-032,2026-09-03,2416.9,2,1,1208.45,Thursday,False,False
m-032,2026-09-04,5508.69,4,4,1377.17,Friday,False,False
m-032,2026-09-05,2610.8,2,1,1305.4,Saturday,True,False
m-032,2026-09-06,5702.75,7,6,814.68,Sunday,True,False
m-032,2026-09-07,2727.89,2,2,1363.95,Monday,False,False
m-032,2026-09-08,5585.02,5,3,1117.0,Tuesday,False,False
m-032,2026-09-09,2789.46,3,1,929.82,Wednesday,False,False
m-032,2026-09-10,867.24,1,1,867.24,Thursday,False,False
m-032,2026-09-11,3987.67,3,3,1329.22,Friday,False,False
m-032,2026-09-13,9897.61,6,4,1649.6,Sunday,True,False
m-032,2026-09-14,2610.8,2,1,1305.4,Monday,False,False
m-032,2026-09-15,4587.79,5,4,917.56,Tuesday,False,False
m-032,2026-09-16,6661.11,6,5,1110.18,Wednesday,False,False
m-032,2026-09-17,5197.7,4,3,1299.42,Thursday,False,False
m-033,2025-09-18,928.47,1,1,928.47,Thursday,False,False
m-033,2025-09-19,2916.32,4,3,729.08,Friday,False,False
m-033,2025-09-20,4976.68,4,4,1244.17,Saturday,True,False
m-033,2025-09-21,6351.65,7,4,907.38,Sunday,True,False
m-033,2025-09-22,2710.2,4,3,677.55,Monday,False,False
m-033,2025-09-23,4047.49,4,2,1011.87,Tuesday,False,False
m-033,2025-09-24,5524.4,6,4,920.73,Wednesday,False,False
m-033,2025-09-25,2080.45,3,3,693.48,Thursday,False,False
m-033,2025-09-26,6529.06,4,4,1632.26,Friday,False,False
m-033,2025-09-27,3661.21,5,2,732.24,Saturday,True,False
m-033,2025-09-28,6842.54,5,4,1368.51,Sunday,True,False
m-033,2025-09-29,1375.69,2,2,687.84,Monday,False,False
m-033,2025-09-30,1816.96,3,1,605.65,Tuesday,False,False
m-033,2025-10-01,3759.91,3,1,1253.3,Wednesday,False,False
m-033,2025-10-02,3503.84,2,2,1751.92,Thursday,False,False
m-033,2025-10-03,5726.65,5,3,1145.33,Friday,False,False
m-033,2025-10-04,16213.88,9,6,1801.54,Saturday,True,False
m-033,2025-10-05,3909.88,3,2,1303.29,Sunday,True,False
m-033,2025-10-06,5642.56,7,6,806.08,Monday,False,False
m-033,2025-10-07,8732.11,5,4,1746.42,Tuesday,False,False
m-033,2025-10-08,3901.96,6,3,650.33,Wednesday,False,False
m-033,2025-10-09,2364.31,1,1,2364.31,Thursday,False,False
m-033,2025-10-10,539.82,1,1,539.82,Friday,False,False
m-033,2025-10-11,3321.16,4,3,830.29,Saturday,True,False
m-033,2025-10-12,6426.11,6,5,1071.02,Sunday,True,False
m-033,2025-10-13,5077.29,3,2,1692.43,Monday,False,False
m-033,2025-10-14,5811.83,6,4,968.64,Tuesday,False,False
m-033,2025-10-15,8440.54,7,5,1205.79,Wednesday,False,False
m-033,2025-10-16,803.31,1,1,803.31,Thursday,False,False
m-033,2025-10-17,794.69,1,0,794.69,Friday,False,False
m-033,2025-10-18,6216.82,4,2,1554.2,Saturday,True,False
m-033,2025-10-19,1277.14,2,1,638.57,Sunday,True,False
m-033,2025-10-20,4343.54,4,3,1085.88,Monday,False,True
m-033,2025-10-21,12584.51,10,6,1258.45,Tuesday,False,True
m-033,2025-10-22,2823.72,4,3,705.93,Wednesday,False,True
m-033,2025-10-23,928.47,1,1,928.47,Thursday,False,False
m-033,2025-10-24,2020.41,3,1,673.47,Friday,False,False
m-033,2025-10-25,4911.89,5,3,982.38,Saturday,True,False
m-033,2025-10-26,4339.71,3,1,1446.57,Sunday,True,False
m-033,2025-10-27,10398.81,7,4,1485.54,Monday,False,False
m-033,2025-10-28,1277.14,2,1,638.57,Tuesday,False,False
m-033,2025-10-29,2170.38,3,3,723.46,Wednesday,False,False
m-033,2025-10-30,3200.18,2,1,1600.09,Thursday,False,False
m-033,2025-10-31,928.47,1,1,928.47,Friday,False,False
m-033,2025-11-01,2433.87,3,3,811.29,Saturday,True,False
m-033,2025-11-02,928.47,1,1,928.47,Sunday,True,False
m-033,2025-11-03,8079.71,6,4,1346.62,Monday,False,False
m-033,2025-11-04,3727.35,3,0,1242.45,Tuesday,False,False
m-033,2025-11-05,794.69,1,0,794.69,Wednesday,False,False
m-033,2025-11-06,9531.76,10,5,953.18,Thursday,False,False
m-033,2025-11-07,9141.43,7,4,1305.92,Friday,False,False
m-033,2025-11-08,3503.84,2,1,1751.92,Saturday,True,False
m-033,2025-11-09,4157.03,5,4,831.41,Sunday,True,False
m-033,2025-11-10,2712.98,2,2,1356.49,Monday,False,False
m-033,2025-11-11,2080.45,3,1,693.48,Tuesday,False,False
m-033,2025-11-12,1987.85,3,3,662.62,Wednesday,False,False
m-033,2025-11-13,3800.94,5,2,760.19,Thursday,False,False
m-033,2025-11-14,6104.31,4,2,1526.08,Friday,False,False
m-033,2025-11-16,4655.82,4,3,1163.96,Sunday,True,False
m-033,2025-11-17,2304.16,3,3,768.05,Monday,False,False
m-033,2025-11-18,2904.13,2,1,1452.06,Tuesday,False,False
m-033,2025-11-19,794.69,1,1,794.69,Wednesday,False,False
m-033,2025-11-20,3115.19,2,2,1557.6,Thursday,False,False
m-033,2025-11-21,6083.04,4,3,1520.76,Friday,False,False
m-033,2025-11-22,6557.77,7,6,936.82,Saturday,True,False
m-033,2025-11-23,2526.47,3,2,842.16,Sunday,True,False
m-033,2025-11-24,3378.68,2,1,1689.34,Monday,False,False
m-033,2025-11-26,1492.03,3,2,497.34,Wednesday,False,False
m-033,2025-11-27,1849.32,4,2,462.33,Thursday,False,False
m-033,2025-11-29,9668.3,4,2,2417.07,Saturday,True,False
m-033,2025-11-30,1237.16,3,2,412.39,Sunday,True,False
m-033,2025-12-02,5143.02,4,4,1285.75,Tuesday,False,False
m-033,2025-12-03,10447.56,7,3,1492.51,Wednesday,False,False
m-033,2025-12-04,3131.21,5,4,626.24,Thursday,False,False
m-033,2025-12-05,4939.68,2,2,2469.84,Friday,False,False
m-033,2025-12-06,4655.82,4,4,1163.96,Saturday,True,False
m-033,2025-12-07,7356.35,5,4,1471.27,Sunday,True,False
m-033,2025-12-08,6999.96,6,2,1166.66,Monday,False,False
m-033,2025-12-09,4575.87,4,3,1143.97,Tuesday,False,False
m-033,2025-12-10,2575.37,1,1,2575.37,Wednesday,False,False
m-033,2025-12-11,1492.03,3,2,497.34,Thursday,False,False
m-033,2025-12-12,4563.22,4,2,1140.8,Friday,False,False
m-033,2025-12-13,9636.53,8,8,1204.57,Saturday,True,False
m-033,2025-12-14,7628.31,7,6,1089.76,Sunday,True,False
m-033,2025-12-15,6873.9,4,1,1718.48,Monday,False,False
m-033,2025-12-16,835.87,1,1,835.87,Tuesday,False,False
m-033,2025-12-17,1881.88,4,2,470.47,Wednesday,False,False
m-033,2025-12-18,6522.54,7,6,931.79,Thursday,False,False
m-033,2025-12-19,6141.31,6,4,1023.55,Friday,False,False
m-033,2025-12-20,6127.94,7,3,875.42,Saturday,True,False
m-033,2025-12-21,3200.18,2,0,1600.09,Sunday,True,False
m-033,2025-12-22,4343.54,4,3,1085.88,Monday,False,False
m-033,2025-12-23,6546.3,4,2,1636.57,Tuesday,False,False
m-033,2025-12-24,7632.75,4,3,1908.19,Wednesday,False,False
m-033,2025-12-25,3378.68,2,2,1689.34,Thursday,False,True
m-033,2025-12-26,2575.37,1,0,2575.37,Friday,False,False
m-033,2025-12-27,5642.67,5,3,1128.53,Saturday,True,False
m-033,2025-12-29,348.67,1,1,348.67,Monday,False,False
m-033,2025-12-30,3707.44,3,1,1235.81,Tuesday,False,False
m-033,2025-12-31,3081.41,5,4,616.28,Wednesday,False,True
m-033,2026-01-01,8995.79,6,4,1499.3,Thursday,False,True
m-033,2026-01-02,5463.16,5,4,1092.63,Friday,False,False
m-033,2026-01-03,4035.94,5,3,807.19,Saturday,True,False
m-033,2026-01-04,8485.75,7,4,1212.25,Sunday,True,False
m-033,2026-01-05,2137.82,3,2,712.61,Monday,False,False
m-033,2026-01-06,2262.98,3,0,754.33,Tuesday,False,False
m-033,2026-01-07,4096.09,3,1,1365.36,Wednesday,False,False
m-033,2026-01-08,1639.18,2,1,819.59,Thursday,False,False
m-033,2026-01-10,5227.0,4,2,1306.75,Saturday,True,False
m-033,2026-01-11,3662.41,6,3,610.4,Sunday,True,False
m-033,2026-01-12,8310.64,6,4,1385.11,Monday,False,False
m-033,2026-01-13,1764.34,2,2,882.17,Tuesday,False,False
m-033,2026-01-14,3513.51,5,3,702.7,Wednesday,False,True
m-033,2026-01-15,803.31,1,1,803.31,Thursday,False,False
m-033,2026-01-16,928.47,1,1,928.47,Friday,False,False
m-033,2026-01-17,2651.63,3,1,883.88,Saturday,True,False
m-033,2026-01-18,6821.46,6,5,1136.91,Sunday,True,False
m-033,2026-01-19,539.82,1,1,539.82,Monday,False,False
m-033,2026-01-20,3463.71,5,3,692.74,Tuesday,False,False
m-033,2026-01-21,8229.48,7,5,1175.64,Wednesday,False,False
m-033,2026-01-22,6915.08,4,3,1728.77,Thursday,False,False
m-033,2026-01-23,3115.19,2,2,1557.6,Friday,False,False
m-033,2026-01-24,2600.21,3,3,866.74,Saturday,True,False
m-033,2026-01-25,5450.51,5,5,1090.1,Sunday,True,False
m-033,2026-01-26,5880.6,4,1,1470.15,Monday,False,False
m-033,2026-01-27,7171.11,5,4,1434.22,Tuesday,False,False
m-033,2026-01-28,2211.56,3,3,737.19,Wednesday,False,False
m-033,2026-01-29,3370.06,2,1,1685.03,Thursday,False,False
m-033,2026-01-30,1723.16,2,1,861.58,Friday,False,False
m-033,2026-01-31,2071.83,3,2,690.61,Saturday,True,False
m-033,2026-02-01,3669.83,5,4,733.97,Sunday,True,False
m-033,2026-02-02,2811.42,4,2,702.86,Monday,False,False
m-033,2026-02-04,1987.85,3,1,662.62,Wednesday,False,False
m-033,2026-02-05,4728.62,2,2,2364.31,Thursday,False,False
m-033,2026-02-06,539.82,1,1,539.82,Friday,False,False
m-033,2026-02-07,2461.68,4,1,615.42,Saturday,True,False
m-033,2026-02-08,3312.54,4,2,828.14,Sunday,True,False
m-033,2026-02-09,8039.62,9,5,893.29,Monday,False,False
m-033,2026-02-10,5150.74,2,1,2575.37,Tuesday,False,False
m-033,2026-02-11,6039.23,4,2,1509.81,Wednesday,False,False
m-033,2026-02-12,5272.01,5,2,1054.4,Thursday,False,False
m-033,2026-02-14,835.87,1,1,835.87,Saturday,True,False
m-033,2026-02-15,1882.95,3,2,627.65,Sunday,True,False
m-033,2026-02-16,348.67,1,0,348.67,Monday,False,False
m-033,2026-02-17,7515.05,3,2,2505.02,Tuesday,False,False
m-033,2026-02-18,539.82,1,1,539.82,Wednesday,False,False
m-033,2026-02-19,6437.55,7,5,919.65,Thursday,False,False
m-033,2026-02-20,539.82,1,1,539.82,Friday,False,False
m-033,2026-02-21,6091.66,4,3,1522.92,Saturday,True,False
m-033,2026-02-22,1987.85,3,3,662.62,Sunday,True,False
m-033,2026-02-23,4047.49,4,2,1011.87,Monday,False,False
m-033,2026-02-24,4787.08,5,4,957.42,Tuesday,False,False
m-033,2026-02-25,1731.78,2,2,865.89,Wednesday,False,False
m-033,2026-02-26,1882.95,3,2,627.65,Thursday,False,False
m-033,2026-02-27,6789.92,4,2,1697.48,Friday,False,False
m-033,2026-02-28,8062.27,7,6,1151.75,Saturday,True,False
m-033,2026-03-01,3378.68,2,1,1689.34,Sunday,True,False
m-033,2026-03-02,4372.42,4,3,1093.1,Monday,False,False
m-033,2026-03-03,2401.31,3,3,800.44,Tuesday,False,False
m-033,2026-03-04,9283.22,6,5,1547.2,Wednesday,False,True
m-033,2026-03-05,835.87,1,1,835.87,Thursday,False,False
m-033,2026-03-06,1343.13,2,1,671.56,Friday,False,False
m-033,2026-03-07,5685.47,5,4,1137.09,Saturday,True,False
m-033,2026-03-08,6704.02,4,4,1676.0,Sunday,True,False
m-033,2026-03-09,1277.14,2,1,638.57,Monday,False,False
m-033,2026-03-10,2710.2,4,2,677.55,Tuesday,False,False
m-033,2026-03-11,1468.29,2,2,734.14,Wednesday,False,False
m-033,2026-03-12,1816.96,3,0,605.65,Thursday,False,False
m-033,2026-03-13,5775.55,3,1,1925.18,Friday,False,False
m-033,2026-03-14,2364.31,1,1,2364.31,Saturday,True,False
m-033,2026-03-15,1277.14,2,1,638.57,Sunday,True,False
m-033,2026-03-16,5379.18,5,4,1075.84,Monday,False,False
m-033,2026-03-17,2575.37,1,0,2575.37,Tuesday,False,False
m-033,2026-03-18,348.67,1,1,348.67,Wednesday,False,False
m-033,2026-03-19,4798.37,5,3,959.67,Thursday,False,False
m-033,2026-03-20,1343.13,2,1,671.56,Friday,False,True
m-033,2026-03-21,5775.55,3,3,1925.18,Saturday,True,False
m-033,2026-03-22,4458.32,4,4,1114.58,Sunday,True,False
m-033,2026-03-23,3934.52,6,4,655.75,Monday,False,False
m-033,2026-03-24,4842.18,5,3,968.44,Tuesday,False,False
m-033,2026-03-25,794.69,1,1,794.69,Wednesday,False,False
m-033,2026-03-26,2071.83,3,3,690.61,Thursday,False,False
m-033,2026-03-27,1334.51,2,2,667.26,Friday,False,False
m-033,2026-03-28,1731.78,2,0,865.89,Saturday,True,False
m-033,2026-03-29,4595.78,4,4,1148.94,Sunday,True,False
m-033,2026-03-30,7575.99,5,2,1515.2,Monday,False,False
m-033,2026-03-31,1334.51,2,1,667.26,Tuesday,False,False
m-033,2026-04-01,10062.98,7,5,1437.57,Wednesday,False,False
m-033,2026-04-02,7373.55,5,3,1474.71,Thursday,False,False
m-033,2026-04-03,2336.52,4,2,584.13,Friday,False,False
m-033,2026-04-04,4786.93,4,3,1196.73,Saturday,True,False
m-033,2026-04-05,2433.87,3,2,811.29,Sunday,True,False
m-033,2026-04-06,1277.14,2,1,638.57,Monday,False,False
m-033,2026-04-07,539.82,1,1,539.82,Tuesday,False,False
m-033,2026-04-08,3159.0,2,1,1579.5,Wednesday,False,False
m-033,2026-04-09,4583.48,4,3,1145.87,Thursday,False,False
m-033,2026-04-10,3487.5,4,3,871.88,Friday,False,False
m-033,2026-04-11,7097.41,5,2,1419.48,Saturday,True,False
m-033,2026-04-12,3691.29,6,2,615.22,Sunday,True,False
m-033,2026-04-13,2146.44,3,3,715.48,Monday,False,False
m-033,2026-04-14,794.69,1,0,794.69,Tuesday,False,False
m-033,2026-04-16,1630.56,2,2,815.28,Thursday,False,False
m-033,2026-04-17,1343.13,2,2,671.56,Friday,False,False
m-033,2026-04-18,3438.7,6,5,573.12,Saturday,True,False
m-033,2026-04-19,12227.33,7,6,1746.76,Sunday,True,False
m-033,2026-04-20,539.82,1,0,539.82,Monday,False,False
m-033,2026-04-21,4003.49,3,2,1334.5,Tuesday,False,False
m-033,2026-04-22,2008.11,3,2,669.37,Wednesday,False,False
m-033,2026-04-23,7515.05,3,2,2505.02,Thursday,False,False
m-033,2026-04-24,2611.65,4,3,652.91,Friday,False,False
m-033,2026-04-25,7081.07,7,3,1011.58,Saturday,True,False
m-033,2026-04-26,4939.68,2,1,2469.84,Sunday,True,False
m-033,2026-04-27,3378.68,2,1,1689.34,Monday,False,False
m-033,2026-04-28,2364.31,1,1,2364.31,Tuesday,False,False
m-033,2026-04-29,4546.88,6,5,757.81,Wednesday,False,False
m-033,2026-04-30,8654.58,4,2,2163.64,Thursday,False,False
m-033,2026-05-01,2466.43,3,1,822.14,Friday,False,False
m-033,2026-05-02,2389.14,5,4,477.83,Saturday,True,False
m-033,2026-05-03,4583.48,4,4,1145.87,Sunday,True,False
m-033,2026-05-04,7457.53,5,3,1491.51,Monday,False,False
m-033,2026-05-05,4713.19,4,3,1178.3,Tuesday,False,False
m-033,2026-05-06,1492.03,3,3,497.34,Wednesday,False,False
m-033,2026-05-07,1334.51,2,2,667.26,Thursday,False,False
m-033,2026-05-08,4307.15,3,2,1435.72,Friday,False,False
m-033,2026-05-09,6927.53,5,3,1385.51,Saturday,True,False
m-033,2026-05-10,5767.83,5,2,1153.57,Sunday,True,False
m-033,2026-05-13,835.87,1,1,835.87,Wednesday,False,False
m-033,2026-05-14,803.31,1,1,803.31,Thursday,False,False
m-033,2026-05-15,5609.58,7,6,801.37,Friday,False,False
m-033,2026-05-16,11867.21,7,4,1695.32,Saturday,True,False
m-033,2026-05-17,3061.65,3,3,1020.55,Sunday,True,False
m-033,2026-05-18,5682.49,8,6,710.31,Monday,False,False
m-033,2026-05-19,1151.98,2,2,575.99,Tuesday,False,False
m-033,2026-05-20,3252.8,3,2,1084.27,Wednesday,False,False
m-033,2026-05-21,4205.93,3,3,1401.98,Thursday,False,False
m-033,2026-05-22,5775.55,3,2,1925.18,Friday,False,False
m-033,2026-05-23,5419.35,5,4,1083.87,Saturday,True,False
m-033,2026-05-24,3698.82,3,1,1232.94,Sunday,True,False
m-033,2026-05-25,3655.01,3,2,1218.34,Monday,False,False
m-033,2026-05-27,3962.31,3,2,1320.77,Wednesday,False,False
m-033,2026-05-28,1143.36,2,1,571.68,Thursday,False,False
m-033,2026-05-29,3272.71,3,1,1090.9,Friday,False,False
m-033,2026-05-30,2973.69,4,3,743.42,Saturday,True,False
m-033,2026-05-31,1343.13,2,1,671.56,Sunday,True,False
m-033,2026-06-01,2677.64,4,4,669.41,Monday,False,False
m-033,2026-06-02,4748.38,4,1,1187.1,Tuesday,False,False
m-033,2026-06-03,7981.16,6,3,1330.19,Wednesday,False,False
m-033,2026-06-04,2517.85,3,3,839.28,Thursday,False,False
m-033,2026-06-05,2295.34,4,3,573.84,Friday,False,False
m-033,2026-06-06,1277.14,2,2,638.57,Saturday,True,False
m-033,2026-06-07,6911.19,7,5,987.31,Sunday,True,False
m-033,2026-06-08,11367.56,6,6,1894.59,Monday,False,False
m-033,2026-06-09,3443.95,3,3,1147.98,Tuesday,False,False
m-033,2026-06-10,3006.25,4,2,751.56,Wednesday,False,False
m-033,2026-06-11,2575.37,1,1,2575.37,Thursday,False,False
m-033,2026-06-12,7349.61,5,4,1469.92,Friday,False,False
m-033,2026-06-13,6591.2,7,6,941.6,Saturday,True,False
m-033,2026-06-14,3507.67,3,0,1169.22,Sunday,True,False
m-033,2026-06-15,5248.07,5,4,1049.61,Monday,False,False
m-033,2026-06-16,4173.37,3,1,1391.12,Tuesday,False,False
m-033,2026-06-17,2304.16,3,2,768.05,Wednesday,False,False
m-033,2026-06-18,5991.34,6,4,998.56,Thursday,False,False
m-033,2026-06-19,4575.87,4,2,1143.97,Friday,False,False
m-033,2026-06-21,2433.87,3,2,811.29,Sunday,True,False
m-033,2026-06-22,4310.98,4,3,1077.74,Monday,False,False
m-033,2026-06-24,2904.13,2,1,1452.06,Wednesday,False,False
m-033,2026-06-25,3115.19,2,2,1557.6,Thursday,False,False
m-033,2026-06-26,5261.63,5,3,1052.33,Friday,False,False
m-033,2026-06-27,7596.95,8,4,949.62,Saturday,True,False
m-033,2026-06-28,5657.09,3,3,1885.7,Sunday,True,False
m-033,2026-06-29,4839.36,4,4,1209.84,Monday,False,False
m-033,2026-06-30,4267.17,4,3,1066.79,Tuesday,False,False
m-033,2026-07-02,2575.37,1,0,2575.37,Thursday,False,False
m-033,2026-07-03,1589.38,2,0,794.69,Friday,False,False
m-033,2026-07-04,3678.45,5,4,735.69,Saturday,True,False
m-033,2026-07-05,2936.58,4,2,734.14,Sunday,True,False
m-033,2026-07-06,9105.33,7,3,1300.76,Monday,False,False
m-033,2026-07-07,835.87,1,1,835.87,Tuesday,False,False
m-033,2026-07-08,2527.67,4,2,631.92,Wednesday,False,False
m-033,2026-07-09,1691.8,3,3,563.93,Thursday,False,False
m-033,2026-07-10,4825.99,5,4,965.2,Friday,False,False
m-033,2026-07-11,794.69,1,0,794.69,Saturday,True,False
m-033,2026-07-12,6477.53,6,4,1079.59,Sunday,True,False
m-033,2026-07-13,803.31,1,1,803.31,Monday,False,False
m-033,2026-07-14,8658.41,5,5,1731.68,Tuesday,False,False
m-033,2026-07-15,8690.86,7,4,1241.55,Wednesday,False,False
m-033,2026-07-16,3655.01,3,3,1218.34,Thursday,False,False
m-033,2026-07-17,2271.6,3,0,757.2,Friday,False,False
m-033,2026-07-18,6833.92,5,3,1366.78,Saturday,True,False
m-033,2026-07-19,1816.96,3,2,605.65,Sunday,True,False
m-033,2026-07-20,4392.33,4,2,1098.08,Monday,False,False
m-033,2026-07-21,7599.93,5,3,1519.99,Tuesday,False,False
m-033,2026-07-22,539.82,1,1,539.82,Wednesday,False,False
m-033,2026-07-23,348.67,1,1,348.67,Thursday,False,False
m-033,2026-07-24,3516.29,3,3,1172.1,Friday,False,False
m-033,2026-07-25,4444.76,4,2,1111.19,Saturday,True,False
m-033,2026-07-26,4688.38,4,2,1172.1,Sunday,True,False
m-033,2026-07-27,6611.42,4,3,1652.86,Monday,False,False
m-033,2026-07-28,539.82,1,0,539.82,Tuesday,False,False
m-033,2026-07-29,3115.19,2,1,1557.6,Wednesday,False,False
m-033,2026-07-30,4088.67,4,3,1022.17,Thursday,False,False
m-033,2026-07-31,9105.52,8,6,1138.19,Friday,False,False
m-033,2026-08-01,9365.29,5,2,1873.06,Saturday,True,False
m-033,2026-08-02,5421.98,5,3,1084.4,Sunday,True,False
m-033,2026-08-03,1343.13,2,0,671.56,Monday,False,False
m-033,2026-08-04,9003.25,5,2,1800.65,Tuesday,False,False
m-033,2026-08-05,3792.62,4,3,948.16,Wednesday,False,False
m-033,2026-08-06,2749.98,4,2,687.5,Thursday,False,False
m-033,2026-08-07,3074.91,4,4,768.73,Friday,False,False
m-033,2026-08-08,12219.62,7,4,1745.66,Saturday,True,False
m-033,2026-08-09,2611.65,4,3,652.91,Sunday,True,False
m-033,2026-08-10,2936.58,4,3,734.14,Monday,False,False
m-033,2026-08-11,5734.37,3,3,1911.46,Tuesday,False,False
m-033,2026-08-12,5825.39,6,4,970.9,Wednesday,False,False
m-033,2026-08-13,4221.25,3,3,1407.08,Thursday,False,False
m-033,2026-08-14,4728.62,2,1,2364.31,Friday,False,False
m-033,2026-08-15,4843.27,8,5,605.41,Saturday,True,True
m-033,2026-08-16,2782.54,4,3,695.64,Sunday,True,False
m-033,2026-08-17,1375.69,2,2,687.84,Monday,False,False
m-033,2026-08-18,6226.49,7,5,889.5,Tuesday,False,False
m-033,2026-08-19,2924.04,2,2,1462.02,Wednesday,False,False
m-033,2026-08-20,1606.62,2,2,803.31,Thursday,False,False
m-033,2026-08-21,3528.68,4,2,882.17,Friday,False,False
m-033,2026-08-22,5009.24,4,4,1252.31,Saturday,True,False
m-033,2026-08-23,4298.53,3,2,1432.84,Sunday,True,False
m-033,2026-08-24,2916.32,4,3,729.08,Monday,False,False
m-033,2026-08-25,7007.68,4,2,1751.92,Tuesday,False,False
m-033,2026-08-26,5313.19,5,5,1062.64,Wednesday,False,False
m-033,2026-08-27,1955.29,3,2,651.76,Thursday,False,False
m-033,2026-08-28,2575.37,1,1,2575.37,Friday,False,True
m-033,2026-08-29,5775.55,3,0,1925.18,Saturday,True,False
m-033,2026-08-30,3503.84,2,2,1751.92,Sunday,True,False
m-033,2026-08-31,6485.25,4,2,1621.31,Monday,False,False
m-033,2026-09-01,2773.92,4,2,693.48,Tuesday,False,False
m-033,2026-09-02,2304.16,3,1,768.05,Wednesday,False,False
m-033,2026-09-03,4525.96,6,4,754.33,Thursday,False,False
m-033,2026-09-04,794.69,1,1,794.69,Friday,False,False
m-033,2026-09-05,3292.78,2,2,1646.39,Saturday,True,False
m-033,2026-09-06,539.82,1,1,539.82,Sunday,True,False
m-033,2026-09-07,1671.74,2,2,835.87,Monday,False,False
m-033,2026-09-08,5954.05,3,2,1984.68,Tuesday,False,False
m-033,2026-09-09,5150.74,2,2,2575.37,Wednesday,False,False
m-033,2026-09-10,8858.18,5,4,1771.64,Thursday,False,False
m-033,2026-09-11,2575.37,1,1,2575.37,Friday,False,False
m-033,2026-09-12,2904.13,2,2,1452.06,Saturday,True,False
m-033,2026-09-13,888.49,2,2,444.24,Sunday,True,False
m-033,2026-09-14,7515.05,3,2,2505.02,Monday,False,False
m-033,2026-09-15,539.82,1,1,539.82,Tuesday,False,False
m-033,2026-09-16,7089.69,7,6,1012.81,Wednesday,False,False
m-033,2026-09-17,794.69,1,1,794.69,Thursday,False,False
m-034,2025-09-18,650.14,4,1,162.54,Thursday,False,False
m-034,2025-09-19,210.49,3,2,70.16,Friday,False,False
m-034,2025-09-20,367.57,5,3,73.51,Saturday,True,False
m-034,2025-09-21,445.58,6,3,74.26,Sunday,True,False
m-034,2025-09-22,316.82,3,2,105.61,Monday,False,False
m-034,2025-09-23,301.95,4,3,75.49,Tuesday,False,False
m-034,2025-09-24,382.57,4,2,95.64,Wednesday,False,False
m-034,2025-09-25,212.12,3,2,70.71,Thursday,False,False
m-034,2025-09-26,50.82,1,0,50.82,Friday,False,False
m-034,2025-09-27,512.98,5,4,102.6,Saturday,True,False
m-034,2025-09-28,866.73,6,5,144.46,Sunday,True,False
m-034,2025-09-29,151.25,2,1,75.62,Monday,False,False
m-034,2025-09-30,171.44,3,3,57.15,Tuesday,False,False
m-034,2025-10-01,446.68,4,2,111.67,Wednesday,False,False
m-034,2025-10-02,356.56,2,2,178.28,Thursday,False,False
m-034,2025-10-04,302.9,3,1,100.97,Saturday,True,False
m-034,2025-10-05,529.51,3,2,176.5,Sunday,True,False
m-034,2025-10-06,378.9,1,1,378.9,Monday,False,False
m-034,2025-10-07,100.43,1,1,100.43,Tuesday,False,False
m-034,2025-10-08,593.35,6,5,98.89,Wednesday,False,False
m-034,2025-10-09,261.08,4,3,65.27,Thursday,False,False
m-034,2025-10-10,256.48,1,0,256.48,Friday,False,False
m-034,2025-10-11,456.99,5,4,91.4,Saturday,True,False
m-034,2025-10-12,391.79,5,4,78.36,Sunday,True,False
m-034,2025-10-13,696.05,5,2,139.21,Monday,False,False
m-034,2025-10-14,237.1,3,2,79.03,Tuesday,False,False
m-034,2025-10-15,216.58,3,2,72.19,Wednesday,False,False
m-034,2025-10-16,100.43,1,0,100.43,Thursday,False,False
m-034,2025-10-17,91.71,1,0,91.71,Friday,False,False
m-034,2025-10-18,35.29,1,0,35.29,Saturday,True,False
m-034,2025-10-20,335.32,5,3,67.06,Monday,False,True
m-034,2025-10-21,1641.37,7,5,234.48,Tuesday,False,True
m-034,2025-10-22,120.06,3,3,40.02,Wednesday,False,True
m-034,2025-10-23,181.45,2,2,90.72,Thursday,False,False
m-034,2025-10-24,157.06,1,1,157.06,Friday,False,False
m-034,2025-10-25,427.26,3,2,142.42,Saturday,True,False
m-034,2025-10-26,709.32,6,3,118.22,Sunday,True,False
m-034,2025-10-27,1059.09,2,2,529.54,Monday,False,False
m-034,2025-10-28,593.56,4,3,148.39,Tuesday,False,False
m-034,2025-10-29,273.24,3,1,91.08,Wednesday,False,False
m-034,2025-10-30,480.44,6,5,80.07,Thursday,False,False
m-034,2025-10-31,532.19,6,4,88.7,Friday,False,False
m-034,2025-11-01,888.73,4,3,222.18,Saturday,True,False
m-034,2025-11-02,254.81,3,1,84.94,Sunday,True,False
m-034,2025-11-03,270.77,3,2,90.26,Monday,False,False
m-034,2025-11-04,1179.73,9,5,131.08,Tuesday,False,False
m-034,2025-11-05,97.09,2,2,48.54,Wednesday,False,False
m-034,2025-11-06,459.76,3,1,153.25,Thursday,False,False
m-034,2025-11-07,441.94,5,4,88.39,Friday,False,False
m-034,2025-11-08,551.67,7,4,78.81,Saturday,True,False
m-034,2025-11-09,252.14,5,3,50.43,Sunday,True,False
m-034,2025-11-10,1043.63,8,4,130.45,Monday,False,False
m-034,2025-11-11,159.39,3,3,53.13,Tuesday,False,False
m-034,2025-11-13,105.25,2,1,52.62,Thursday,False,False
m-034,2025-11-14,876.15,6,6,146.02,Friday,False,False
m-034,2025-11-15,397.33,4,3,99.33,Saturday,True,False
m-034,2025-11-16,296.71,5,5,59.34,Sunday,True,False
m-034,2025-11-17,192.36,2,1,96.18,Monday,False,False
m-034,2025-11-18,306.64,4,3,76.66,Tuesday,False,False
m-034,2025-11-19,885.09,7,5,126.44,Wednesday,False,False
m-034,2025-11-20,200.86,2,1,100.43,Thursday,False,False
m-034,2025-11-21,426.49,4,2,106.62,Friday,False,False
m-034,2025-11-22,398.61,5,3,79.72,Saturday,True,False
m-034,2025-11-23,541.25,6,4,90.21,Sunday,True,False
m-034,2025-11-24,186.69,4,2,46.67,Monday,False,False
m-034,2025-11-25,120.21,2,2,60.1,Tuesday,False,False
m-034,2025-11-27,558.78,2,0,279.39,Thursday,False,False
m-034,2025-11-28,436.93,4,3,109.23,Friday,False,False
m-034,2025-11-29,347.1,3,2,115.7,Saturday,True,False
m-034,2025-11-30,311.08,4,3,77.77,Sunday,True,False
m-034,2025-12-01,106.25,2,2,53.12,Monday,False,False
m-034,2025-12-02,372.23,4,2,93.06,Tuesday,False,False
m-034,2025-12-03,93.49,1,0,93.49,Wednesday,False,False
m-034,2025-12-04,209.27,3,3,69.76,Thursday,False,False
m-034,2025-12-05,475.38,6,6,79.23,Friday,False,False
m-034,2025-12-06,622.16,4,2,155.54,Saturday,True,False
m-034,2025-12-07,218.43,3,2,72.81,Sunday,True,False
m-034,2025-12-08,417.66,2,1,208.83,Monday,False,False
m-034,2025-12-09,417.71,4,4,104.43,Tuesday,False,False
m-034,2025-12-10,41.79,1,0,41.79,Wednesday,False,False
m-034,2025-12-11,174.92,2,1,87.46,Thursday,False,False
m-034,2025-12-12,230.76,3,1,76.92,Friday,False,False
m-034,2025-12-13,789.67,7,5,112.81,Saturday,True,False
m-034,2025-12-14,155.35,3,2,51.78,Sunday,True,False
m-034,2025-12-15,93.49,1,0,93.49,Monday,False,False
m-034,2025-12-16,146.56,1,1,146.56,Tuesday,False,False
m-034,2025-12-17,378.12,3,0,126.04,Wednesday,False,False
m-034,2025-12-18,591.74,4,3,147.94,Thursday,False,False
m-034,2025-12-19,561.71,4,4,140.43,Friday,False,False
m-034,2025-12-20,763.67,8,8,95.46,Saturday,True,False
m-034,2025-12-21,65.94,1,1,65.94,Sunday,True,False
m-034,2025-12-22,189.45,1,1,189.45,Monday,False,False
m-034,2025-12-23,345.32,3,0,115.11,Tuesday,False,False
m-034,2025-12-24,503.2,4,4,125.8,Wednesday,False,False
m-034,2025-12-25,119.33,3,1,39.78,Thursday,False,True
m-034,2025-12-26,374.92,3,2,124.97,Friday,False,False
m-034,2025-12-27,480.08,3,3,160.03,Saturday,True,False
m-034,2025-12-28,239.28,3,2,79.76,Sunday,True,False
m-034,2025-12-29,338.56,3,2,112.85,Monday,False,False
m-034,2025-12-31,1225.08,8,6,153.14,Wednesday,False,True
m-034,2026-01-01,224.74,2,1,112.37,Thursday,False,True
m-034,2026-01-02,788.62,5,2,157.72,Friday,False,False
m-034,2026-01-03,641.99,3,1,214.0,Saturday,True,False
m-034,2026-01-04,405.8,4,3,101.45,Sunday,True,False
m-034,2026-01-05,904.6,4,3,226.15,Monday,False,False
m-034,2026-01-06,202.06,3,2,67.35,Tuesday,False,False
m-034,2026-01-07,291.77,2,1,145.89,Wednesday,False,False
m-034,2026-01-08,267.3,2,2,133.65,Thursday,False,False
m-034,2026-01-09,126.72,3,2,42.24,Friday,False,False
m-034,2026-01-10,551.21,7,3,78.74,Saturday,True,False
m-034,2026-01-11,907.46,10,6,90.75,Sunday,True,False
m-034,2026-01-12,169.36,3,2,56.45,Monday,False,False
m-034,2026-01-13,559.17,4,2,139.79,Tuesday,False,False
m-034,2026-01-14,834.95,6,4,139.16,Wednesday,False,True
m-034,2026-01-15,91.71,1,1,91.71,Thursday,False,False
m-034,2026-01-16,536.2,3,2,178.73,Friday,False,False
m-034,2026-01-17,407.16,5,5,81.43,Saturday,True,False
m-034,2026-01-18,585.81,6,4,97.64,Sunday,True,False
m-034,2026-01-19,519.7,5,2,103.94,Monday,False,False
m-034,2026-01-20,202.63,3,3,67.54,Tuesday,False,False
m-034,2026-01-22,280.85,4,3,70.21,Thursday,False,False
m-034,2026-01-23,189.45,1,1,189.45,Friday,False,False
m-034,2026-01-24,358.11,4,3,89.53,Saturday,True,False
m-034,2026-01-25,207.2,3,3,69.07,Sunday,True,False
m-034,2026-01-26,180.47,3,3,60.16,Monday,False,False
m-034,2026-01-27,554.19,3,1,184.73,Tuesday,False,False
m-034,2026-01-28,141.97,2,0,70.98,Wednesday,False,False
m-034,2026-01-29,434.69,2,2,217.35,Thursday,False,False
m-034,2026-01-30,427.26,3,3,142.42,Friday,False,False
m-034,2026-01-31,314.12,2,1,157.06,Saturday,True,False
m-034,2026-02-01,331.29,2,2,165.64,Sunday,True,False
m-034,2026-02-02,362.13,4,4,90.53,Monday,False,False
m-034,2026-02-03,624.05,5,4,124.81,Tuesday,False,False
m-034,2026-02-04,125.37,1,0,125.37,Wednesday,False,False
m-034,2026-02-05,183.42,1,1,183.42,Thursday,False,False
m-034,2026-02-06,273.03,3,3,91.01,Friday,False,False
m-034,2026-02-07,267.12,3,2,89.04,Saturday,True,False
m-034,2026-02-08,334.74,3,3,111.58,Sunday,True,False
m-034,2026-02-09,669.14,6,3,111.52,Monday,False,False
m-034,2026-02-10,228.67,2,2,114.34,Tuesday,False,False
m-034,2026-02-11,1020.52,4,3,255.13,Wednesday,False,False
m-034,2026-02-12,253.57,2,2,126.78,Thursday,False,False
m-034,2026-02-13,481.57,4,3,120.39,Friday,False,False
m-034,2026-02-14,204.66,4,4,51.16,Saturday,True,False
m-034,2026-02-15,590.58,7,6,84.37,Sunday,True,False
m-034,2026-02-16,147.04,3,2,49.01,Monday,False,False
m-034,2026-02-17,347.49,5,3,69.5,Tuesday,False,False
m-034,2026-02-18,169.56,2,2,84.78,Wednesday,False,False
m-034,2026-02-19,298.51,3,3,99.5,Thursday,False,False
m-034,2026-02-20,192.9,3,2,64.3,Friday,False,False
m-034,2026-02-21,169.37,3,2,56.46,Saturday,True,False
m-034,2026-02-22,478.06,5,4,95.61,Sunday,True,False
m-034,2026-02-23,264.83,3,1,88.28,Monday,False,False
m-034,2026-02-24,184.01,3,1,61.34,Tuesday,False,False
m-034,2026-02-25,224.41,2,2,112.2,Wednesday,False,False
m-034,2026-02-26,51.8,1,1,51.8,Thursday,False,False
m-034,2026-02-27,175.29,2,1,87.64,Friday,False,False
m-034,2026-02-28,453.55,6,5,75.59,Saturday,True,False
m-034,2026-03-01,461.02,6,5,76.84,Sunday,True,False
m-034,2026-03-02,287.99,4,1,72.0,Monday,False,False
m-034,2026-03-03,424.78,2,2,212.39,Tuesday,False,False
m-034,2026-03-04,344.52,3,3,114.84,Wednesday,False,True
m-034,2026-03-05,417.03,3,2,139.01,Thursday,False,False
m-034,2026-03-06,64.12,1,0,64.12,Friday,False,False
m-034,2026-03-07,481.4,5,3,96.28,Saturday,True,False
m-034,2026-03-08,526.58,6,4,87.76,Sunday,True,False
m-034,2026-03-09,130.98,2,2,65.49,Monday,False,False
m-034,2026-03-11,295.55,3,3,98.52,Wednesday,False,False
m-034,2026-03-12,712.78,7,5,101.83,Thursday,False,False
m-034,2026-03-13,290.22,4,4,72.55,Friday,False,False
m-034,2026-03-14,131.97,3,2,43.99,Saturday,True,False
m-034,2026-03-15,283.18,5,3,56.64,Sunday,True,False
m-034,2026-03-16,155.7,1,0,155.7,Monday,False,False
m-034,2026-03-17,688.62,5,2,137.72,Tuesday,False,False
m-034,2026-03-18,64.12,1,1,64.12,Wednesday,False,False
m-034,2026-03-19,227.15,3,3,75.72,Thursday,False,False
m-034,2026-03-20,342.99,4,2,85.75,Friday,False,True
m-034,2026-03-21,166.77,2,2,83.38,Saturday,True,False
m-034,2026-03-22,345.43,3,2,115.14,Sunday,True,False
m-034,2026-03-23,84.77,2,1,42.38,Monday,False,False
m-034,2026-03-24,763.15,5,4,152.63,Tuesday,False,False
m-034,2026-03-25,64.12,1,1,64.12,Wednesday,False,False
m-034,2026-03-26,326.93,2,1,163.46,Thursday,False,False
m-034,2026-03-27,289.86,3,1,96.62,Friday,False,False
m-034,2026-03-28,190.84,3,1,63.61,Saturday,True,False
m-034,2026-03-29,593.65,5,4,118.73,Sunday,True,False
m-034,2026-03-30,102.62,2,1,51.31,Monday,False,False
m-034,2026-03-31,712.75,5,3,142.55,Tuesday,False,False
m-034,2026-04-01,366.51,3,2,122.17,Wednesday,False,False
m-034,2026-04-02,35.29,1,1,35.29,Thursday,False,False
m-034,2026-04-03,119.64,2,2,59.82,Friday,False,False
m-034,2026-04-04,597.39,4,4,149.35,Saturday,True,False
m-034,2026-04-05,266.8,3,2,88.93,Sunday,True,False
m-034,2026-04-06,361.32,3,2,120.44,Monday,False,False
m-034,2026-04-07,273.61,3,3,91.2,Tuesday,False,False
m-034,2026-04-08,295.56,3,2,98.52,Wednesday,False,False
m-034,2026-04-09,291.09,2,2,145.54,Thursday,False,False
m-034,2026-04-10,183.72,2,1,91.86,Friday,False,False
m-034,2026-04-11,64.12,1,1,64.12,Saturday,True,False
m-034,2026-04-12,271.77,3,2,90.59,Sunday,True,False
m-034,2026-04-13,270.21,2,2,135.11,Monday,False,False
m-034,2026-04-14,282.16,4,4,70.54,Tuesday,False,False
m-034,2026-04-15,157.06,1,1,157.06,Wednesday,False,False
m-034,2026-04-16,482.76,3,3,160.92,Thursday,False,False
m-034,2026-04-18,677.28,8,5,84.66,Saturday,True,False
m-034,2026-04-19,276.39,4,2,69.1,Sunday,True,False
m-034,2026-04-20,189.45,1,1,189.45,Monday,False,False
m-034,2026-04-21,159.43,2,0,79.72,Tuesday,False,False
m-034,2026-04-22,86.41,2,1,43.2,Wednesday,False,False
m-034,2026-04-23,963.1,5,4,192.62,Thursday,False,False
m-034,2026-04-24,445.37,3,2,148.46,Friday,False,False
m-034,2026-04-25,507.78,4,2,126.94,Saturday,True,False
m-034,2026-04-26,368.99,3,1,123.0,Sunday,True,False
m-034,2026-04-27,146.56,1,1,146.56,Monday,False,False
m-034,2026-04-28,282.51,4,3,70.63,Tuesday,False,False
m-034,2026-04-29,174.92,2,1,87.46,Wednesday,False,False
m-034,2026-04-30,251.92,4,3,62.98,Thursday,False,False
m-034,2026-05-01,342.61,4,3,85.65,Friday,False,False
m-034,2026-05-02,763.83,6,2,127.3,Saturday,True,False
m-034,2026-05-03,160.37,3,2,53.46,Sunday,True,False
m-034,2026-05-04,942.31,3,3,314.1,Monday,False,False
m-034,2026-05-05,636.86,4,3,159.22,Tuesday,False,False
m-034,2026-05-07,73.28,1,0,73.28,Thursday,False,False
m-034,2026-05-08,359.79,5,4,71.96,Friday,False,False
m-034,2026-05-09,26.72,1,0,26.72,Saturday,True,False
m-034,2026-05-10,514.66,5,5,102.93,Sunday,True,False
m-034,2026-05-11,429.04,5,5,85.81,Monday,False,False
m-034,2026-05-12,78.53,1,1,78.53,Tuesday,False,False
m-034,2026-05-13,219.95,3,2,73.32,Wednesday,False,False
m-034,2026-05-14,449.74,5,4,89.95,Thursday,False,False
m-034,2026-05-15,506.7,4,3,126.67,Friday,False,False
m-034,2026-05-16,219.07,3,2,73.02,Saturday,True,False
m-034,2026-05-17,77.08,2,2,38.54,Sunday,True,False
m-034,2026-05-18,135.72,2,2,67.86,Monday,False,False
m-034,2026-05-19,548.61,4,3,137.15,Tuesday,False,False
m-034,2026-05-20,421.4,6,5,70.23,Wednesday,False,False
m-034,2026-05-21,602.03,6,4,100.34,Thursday,False,False
m-034,2026-05-22,613.05,3,2,204.35,Friday,False,False
m-034,2026-05-23,280.08,4,4,70.02,Saturday,True,False
m-034,2026-05-24,848.13,6,5,141.35,Sunday,True,False
m-034,2026-05-25,581.05,5,5,116.21,Monday,False,False
m-034,2026-05-27,618.11,3,2,206.04,Wednesday,False,False
m-034,2026-05-28,141.54,3,2,47.18,Thursday,False,False
m-034,2026-05-29,401.93,6,4,66.99,Friday,False,False
m-034,2026-05-30,529.91,4,3,132.48,Saturday,True,False
m-034,2026-05-31,521.26,8,3,65.16,Sunday,True,False
m-034,2026-06-01,35.29,1,1,35.29,Monday,False,False
m-034,2026-06-02,138.84,3,0,46.28,Tuesday,False,False
m-034,2026-06-03,931.34,5,2,186.27,Wednesday,False,False
m-034,2026-06-04,356.26,5,3,71.25,Thursday,False,False
m-034,2026-06-05,26.72,1,1,26.72,Friday,False,False
m-034,2026-06-06,265.37,4,2,66.34,Saturday,True,False
m-034,2026-06-07,629.69,6,5,104.95,Sunday,True,False
m-034,2026-06-08,77.85,1,0,77.85,Monday,False,False
m-034,2026-06-09,533.06,3,2,177.69,Tuesday,False,False
m-034,2026-06-10,268.16,3,2,89.39,Wednesday,False,False
m-034,2026-06-11,171.34,2,1,85.67,Thursday,False,False
m-034,2026-06-13,70.58,1,1,70.58,Saturday,True,False
m-034,2026-06-14,179.18,2,2,89.59,Sunday,True,False
m-034,2026-06-15,215.05,3,3,71.68,Monday,False,False
m-034,2026-06-16,200.69,3,2,66.9,Tuesday,False,False
m-034,2026-06-17,909.93,6,4,151.66,Wednesday,False,False
m-034,2026-06-18,432.17,3,3,144.06,Thursday,False,False
m-034,2026-06-19,74.76,2,1,37.38,Friday,False,False
m-034,2026-06-20,479.92,4,4,119.98,Saturday,True,False
m-034,2026-06-21,378.55,4,4,94.64,Sunday,True,False
m-034,2026-06-22,376.37,3,3,125.46,Monday,False,False
m-034,2026-06-23,170.2,4,2,42.55,Tuesday,False,False
m-034,2026-06-24,284.5,4,3,71.12,Wednesday,False,False
m-034,2026-06-25,132.97,3,3,44.32,Thursday,False,False
m-034,2026-06-26,328.71,3,3,109.57,Friday,False,False
m-034,2026-06-27,296.92,5,4,59.38,Saturday,True,False
m-034,2026-06-28,354.25,4,3,88.56,Sunday,True,False
m-034,2026-06-29,368.1,5,4,73.62,Monday,False,False
m-034,2026-06-30,26.72,1,0,26.72,Tuesday,False,False
m-034,2026-07-01,389.43,4,4,97.36,Wednesday,False,False
m-034,2026-07-02,199.4,3,2,66.47,Thursday,False,False
m-034,2026-07-03,1263.76,7,4,180.54,Friday,False,False
m-034,2026-07-04,947.25,2,1,473.62,Saturday,True,False
m-034,2026-07-05,477.34,5,4,95.47,Sunday,True,False
m-034,2026-07-06,310.67,3,3,103.56,Monday,False,False
m-034,2026-07-07,220.02,3,2,73.34,Tuesday,False,False
m-034,2026-07-08,78.53,1,0,78.53,Wednesday,False,False
m-034,2026-07-09,469.74,4,3,117.44,Thursday,False,False
m-034,2026-07-10,614.72,5,4,122.94,Friday,False,False
m-034,2026-07-12,510.72,2,1,255.36,Sunday,True,False
m-034,2026-07-13,625.51,6,2,104.25,Monday,False,False
m-034,2026-07-14,208.56,3,3,69.52,Tuesday,False,False
m-034,2026-07-15,50.82,1,1,50.82,Wednesday,False,False
m-034,2026-07-16,644.31,8,5,80.54,Thursday,False,False
m-034,2026-07-17,203.05,3,1,67.68,Friday,False,False
m-034,2026-07-18,127.0,2,1,63.5,Saturday,True,False
m-034,2026-07-19,554.52,3,3,184.84,Sunday,True,False
m-034,2026-07-20,26.72,1,1,26.72,Monday,False,False
m-034,2026-07-21,271.62,3,3,90.54,Tuesday,False,False
m-034,2026-07-22,910.33,8,6,113.79,Wednesday,False,False
m-034,2026-07-23,1615.69,7,2,230.81,Thursday,False,False
m-034,2026-07-24,41.79,1,1,41.79,Friday,False,False
m-034,2026-07-26,378.99,7,5,54.14,Sunday,True,False
m-034,2026-07-27,117.74,2,2,58.87,Monday,False,False
m-034,2026-07-28,301.29,1,1,301.29,Tuesday,False,False
m-034,2026-07-29,279.24,4,3,69.81,Wednesday,False,False
m-034,2026-07-30,398.31,3,1,132.77,Thursday,False,False
m-034,2026-07-31,397.23,3,2,132.41,Friday,False,False
m-034,2026-08-01,327.31,5,4,65.46,Saturday,True,False
m-034,2026-08-02,100.43,1,0,100.43,Sunday,True,False
m-034,2026-08-03,1234.25,8,5,154.28,Monday,False,False
m-034,2026-08-04,141.16,1,0,141.16,Tuesday,False,False
m-034,2026-08-05,315.03,4,3,78.76,Wednesday,False,False
m-034,2026-08-06,184.32,3,3,61.44,Thursday,False,False
m-034,2026-08-07,351.49,5,3,70.3,Friday,False,False
m-034,2026-08-08,293.05,2,2,146.52,Saturday,True,False
m-034,2026-08-09,416.44,4,3,104.11,Sunday,True,False
m-034,2026-08-10,142.65,2,2,71.32,Monday,False,False
m-034,2026-08-11,279.59,4,0,69.9,Tuesday,False,False
m-034,2026-08-12,172.22,2,1,86.11,Wednesday,False,False
m-034,2026-08-13,261.53,4,4,65.38,Thursday,False,False
m-034,2026-08-14,214.47,3,1,71.49,Friday,False,False
m-034,2026-08-15,1371.04,9,5,152.34,Saturday,True,True
m-034,2026-08-16,708.59,8,6,88.57,Sunday,True,False
m-034,2026-08-17,101.64,1,0,101.64,Monday,False,False
m-034,2026-08-19,91.71,1,1,91.71,Wednesday,False,False
m-034,2026-08-20,662.77,7,5,94.68,Thursday,False,False
m-034,2026-08-21,412.29,4,3,103.07,Friday,False,False
m-034,2026-08-22,146.56,1,1,146.56,Saturday,True,False
m-034,2026-08-23,339.71,4,2,84.93,Sunday,True,False
m-034,2026-08-24,1294.31,4,3,323.58,Monday,False,False
m-034,2026-08-25,578.87,4,1,144.72,Tuesday,False,False
m-034,2026-08-26,684.92,3,2,228.31,Wednesday,False,False
m-034,2026-08-27,470.61,2,1,235.3,Thursday,False,False
m-034,2026-08-28,416.46,4,3,104.12,Friday,False,True
m-034,2026-08-29,353.66,2,0,176.83,Saturday,True,False
m-034,2026-08-30,379.46,4,2,94.86,Sunday,True,False
m-034,2026-08-31,177.85,3,2,59.28,Monday,False,False
m-034,2026-09-02,171.34,2,1,85.67,Wednesday,False,False
m-034,2026-09-03,346.69,2,2,173.34,Thursday,False,False
m-034,2026-09-04,64.12,1,1,64.12,Friday,False,False
m-034,2026-09-05,783.29,6,5,130.55,Saturday,True,False
m-034,2026-09-06,342.18,5,4,68.44,Sunday,True,False
m-034,2026-09-07,410.53,3,2,136.84,Monday,False,False
m-034,2026-09-08,299.58,3,2,99.86,Tuesday,False,False
m-034,2026-09-09,493.58,3,3,164.53,Wednesday,False,False
m-034,2026-09-10,101.64,1,0,101.64,Thursday,False,False
m-034,2026-09-11,80.16,1,1,80.16,Friday,False,False
m-034,2026-09-12,352.11,4,3,88.03,Saturday,True,False
m-034,2026-09-13,617.27,5,4,123.45,Sunday,True,False
m-034,2026-09-14,720.15,4,2,180.04,Monday,False,False
m-034,2026-09-15,542.94,3,1,180.98,Tuesday,False,False
m-034,2026-09-16,977.31,6,3,162.89,Wednesday,False,False
m-034,2026-09-17,155.83,2,2,77.91,Thursday,False,False
m-035,2025-09-18,2222.07,2,1,1111.03,Thursday,False,False
m-035,2025-09-19,1297.45,2,0,648.72,Friday,False,False
m-035,2025-09-20,11848.61,9,6,1316.51,Saturday,True,False
m-035,2025-09-21,8825.0,7,4,1260.71,Sunday,True,False
m-035,2025-09-22,5246.38,5,1,1049.28,Monday,False,False
m-035,2025-09-23,6736.15,5,3,1347.23,Tuesday,False,False
m-035,2025-09-24,1315.1,1,1,1315.1,Wednesday,False,False
m-035,2025-09-25,4248.14,4,3,1062.03,Thursday,False,False
m-035,2025-09-26,5865.43,4,2,1466.36,Friday,False,False
m-035,2025-09-27,6517.41,4,2,1629.35,Saturday,True,False
m-035,2025-09-28,6255.01,5,2,1251.0,Sunday,True,False
m-035,2025-09-29,5202.31,3,2,1734.1,Monday,False,False
m-035,2025-09-30,1324.44,2,2,662.22,Tuesday,False,False
m-035,2025-10-01,1572.82,2,1,786.41,Wednesday,False,False
m-035,2025-10-02,9050.75,5,3,1810.15,Thursday,False,False
m-035,2025-10-03,1813.94,2,2,906.97,Friday,False,False
m-035,2025-10-04,11693.85,10,9,1169.38,Saturday,True,False
m-035,2025-10-05,5496.88,4,3,1374.22,Sunday,True,False
m-035,2025-10-06,4710.08,3,2,1570.03,Monday,False,False
m-035,2025-10-07,3731.65,4,4,932.91,Tuesday,False,False
m-035,2025-10-08,390.48,1,1,390.48,Wednesday,False,False
m-035,2025-10-09,2235.04,3,2,745.01,Thursday,False,False
m-035,2025-10-10,2887.92,3,1,962.64,Friday,False,False
m-035,2025-10-11,4768.26,4,2,1192.06,Saturday,True,False
m-035,2025-10-12,3464.97,3,1,1154.99,Sunday,True,False
m-035,2025-10-13,6615.29,5,3,1323.06,Monday,False,False
m-035,2025-10-16,1315.1,1,0,1315.1,Thursday,False,False
m-035,2025-10-17,2225.7,2,2,1112.85,Friday,False,False
m-035,2025-10-18,2688.29,3,1,896.1,Saturday,True,False
m-035,2025-10-19,2222.07,2,2,1111.03,Sunday,True,False
m-035,2025-10-20,5916.87,6,3,986.14,Monday,False,True
m-035,2025-10-21,3114.12,4,1,778.53,Tuesday,False,True
m-035,2025-10-22,8797.57,7,4,1256.8,Wednesday,False,True
m-035,2025-10-23,2884.29,3,2,961.43,Thursday,False,False
m-035,2025-10-24,3598.89,4,4,899.72,Friday,False,False
m-035,2025-10-25,10520.8,8,6,1315.1,Saturday,True,False
m-035,2025-10-26,4998.0,5,3,999.6,Sunday,True,False
m-035,2025-10-27,2727.27,3,2,909.09,Monday,False,False
m-035,2025-10-28,1154.45,1,0,1154.45,Tuesday,False,False
m-035,2025-10-29,4105.14,3,1,1368.38,Wednesday,False,False
m-035,2025-10-30,3376.52,3,2,1125.51,Thursday,False,False
m-035,2025-10-31,6850.61,4,1,1712.65,Friday,False,False
m-035,2025-11-01,3847.27,4,2,961.82,Saturday,True,False
m-035,2025-11-02,5227.83,6,5,871.3,Sunday,True,False
m-035,2025-11-03,5810.72,5,5,1162.14,Monday,False,False
m-035,2025-11-04,662.22,1,1,662.22,Tuesday,False,False
m-035,2025-11-05,1635.59,1,0,1635.59,Wednesday,False,False
m-035,2025-11-07,2469.55,2,2,1234.78,Friday,False,False
m-035,2025-11-08,11889.71,8,3,1486.21,Saturday,True,False
m-035,2025-11-09,6327.21,5,4,1265.44,Sunday,True,False
m-035,2025-11-10,2065.05,2,1,1032.53,Monday,False,False
m-035,2025-11-11,3857.66,3,3,1285.89,Tuesday,False,False
m-035,2025-11-12,1324.44,2,1,662.22,Wednesday,False,False
m-035,2025-11-13,2846.01,4,3,711.5,Thursday,False,False
m-035,2025-11-14,2367.8,3,3,789.27,Friday,False,False
m-035,2025-11-15,7192.34,5,3,1438.47,Saturday,True,False
m-035,2025-11-16,3867.0,4,2,966.75,Sunday,True,False
m-035,2025-11-17,2225.7,2,1,1112.85,Monday,False,False
m-035,2025-11-18,5135.91,4,3,1283.98,Tuesday,False,False
m-035,2025-11-19,3566.72,2,1,1783.36,Wednesday,False,False
m-035,2025-11-20,4425.63,3,1,1475.21,Thursday,False,False
m-035,2025-11-21,910.6,1,0,910.6,Friday,False,False
m-035,2025-11-22,3794.89,4,3,948.72,Saturday,True,False
m-035,2025-11-23,4047.86,2,1,2023.93,Sunday,True,False
m-035,2025-11-24,3453.16,3,1,1151.05,Monday,False,False
m-035,2025-11-25,3020.68,3,2,1006.89,Tuesday,False,False
m-035,2025-11-26,39880.79,2,2,19940.39,Wednesday,False,False
m-035,2025-11-27,4091.12,4,4,1022.78,Thursday,False,False
m-035,2025-11-28,5662.78,5,5,1132.56,Friday,False,False
m-035,2025-11-29,3571.0,4,2,892.75,Saturday,True,False
m-035,2025-11-30,7775.23,4,3,1943.81,Sunday,True,False
m-035,2025-12-01,390.48,1,1,390.48,Monday,False,False
m-035,2025-12-02,4710.08,3,2,1570.03,Tuesday,False,False
m-035,2025-12-03,3453.16,3,2,1151.05,Wednesday,False,False
m-035,2025-12-04,4907.43,6,4,817.91,Thursday,False,False
m-035,2025-12-05,4565.61,5,4,913.12,Friday,False,False
m-035,2025-12-06,4105.14,3,1,1368.38,Saturday,True,False
m-035,2025-12-07,1977.32,2,2,988.66,Sunday,True,False
m-035,2025-12-08,662.22,1,1,662.22,Monday,False,False
m-035,2025-12-09,1154.45,1,0,1154.45,Tuesday,False,False
m-035,2025-12-10,5012.11,4,3,1253.03,Wednesday,False,False
m-035,2025-12-11,2455.53,3,3,818.51,Thursday,False,False
m-035,2025-12-13,2950.69,2,1,1475.34,Saturday,True,False
m-035,2025-12-14,4438.34,3,3,1479.45,Sunday,True,False
m-035,2025-12-15,780.96,2,1,390.48,Monday,False,False
m-035,2025-12-16,5383.39,4,3,1345.85,Tuesday,False,False
m-035,2025-12-17,2616.18,3,2,872.06,Wednesday,False,False
m-035,2025-12-18,2367.8,3,3,789.27,Thursday,False,False
m-035,2025-12-19,2884.29,3,3,961.43,Friday,False,False
m-035,2025-12-20,4753.34,5,2,950.67,Saturday,True,False
m-035,2025-12-21,4681.23,5,3,936.25,Sunday,True,False
m-035,2025-12-22,3452.26,3,2,1150.75,Monday,False,False
m-035,2025-12-23,1635.59,1,1,1635.59,Tuesday,False,False
m-035,2025-12-24,1324.44,2,2,662.22,Wednesday,False,False
m-035,2025-12-25,3452.26,3,1,1150.75,Thursday,False,True
m-035,2025-12-26,6369.47,4,3,1592.37,Friday,False,False
m-035,2025-12-27,4634.34,3,3,1544.78,Saturday,True,False
m-035,2025-12-28,4910.36,5,2,982.07,Sunday,True,False
m-035,2025-12-29,2096.06,3,2,698.69,Monday,False,False
m-035,2025-12-30,6018.62,5,3,1203.72,Tuesday,False,False
m-035,2025-12-31,6356.76,4,4,1589.19,Wednesday,False,True
m-035,2026-01-01,8512.43,7,5,1216.06,Thursday,False,True
m-035,2026-01-02,1154.45,1,0,1154.45,Friday,False,False
m-035,2026-01-03,3456.79,3,1,1152.26,Saturday,True,False
m-035,2026-01-04,2026.07,2,1,1013.04,Sunday,True,False
m-035,2026-01-05,4819.7,6,4,803.28,Monday,False,False
m-035,2026-01-06,2451.9,3,3,817.3,Tuesday,False,False
m-035,2026-01-07,3842.74,4,2,960.68,Wednesday,False,False
m-035,2026-01-08,6196.92,4,1,1549.23,Thursday,False,False
m-035,2026-01-09,3180.52,3,2,1060.17,Friday,False,False
m-035,2026-01-10,5558.56,7,5,794.08,Saturday,True,False
m-035,2026-01-11,4233.22,5,5,846.64,Sunday,True,False
m-035,2026-01-12,1816.67,2,2,908.34,Monday,False,False
m-035,2026-01-13,5544.94,4,4,1386.24,Tuesday,False,False
m-035,2026-01-14,3278.4,4,2,819.6,Wednesday,False,True
m-035,2026-01-15,5100.56,4,3,1275.14,Thursday,False,False
m-035,2026-01-16,3074.49,2,0,1537.24,Friday,False,False
m-035,2026-01-17,4910.36,5,5,982.07,Saturday,True,False
m-035,2026-01-18,910.6,1,1,910.6,Sunday,True,False
m-035,2026-01-19,8268.58,7,5,1181.23,Monday,False,False
m-035,2026-01-20,1821.2,2,2,910.6,Tuesday,False,False
m-035,2026-01-21,1052.7,2,1,526.35,Wednesday,False,False
m-035,2026-01-22,5592.79,4,4,1398.2,Thursday,False,False
m-035,2026-01-23,906.97,1,1,906.97,Friday,False,False
m-035,2026-01-24,4785.06,5,4,957.01,Saturday,True,False
m-035,2026-01-25,9314.67,8,7,1164.33,Sunday,True,False
m-035,2026-01-26,4998.09,5,1,999.62,Monday,False,False
m-035,2026-01-27,1052.7,2,2,526.35,Tuesday,False,False
m-035,2026-01-28,5402.59,5,2,1080.52,Wednesday,False,False
m-035,2026-01-29,1635.59,1,1,1635.59,Thursday,False,False
m-035,2026-01-30,3713.35,3,1,1237.78,Friday,False,False
m-035,2026-01-31,2208.05,3,2,736.02,Saturday,True,False
m-035,2026-02-01,4948.44,5,4,989.69,Sunday,True,False
m-035,2026-02-02,3274.77,4,2,818.69,Monday,False,False
m-035,2026-02-03,6526.75,5,3,1305.35,Tuesday,False,False
m-035,2026-02-04,4233.47,3,3,1411.16,Wednesday,False,False
m-035,2026-02-05,4673.97,5,3,934.79,Thursday,False,False
m-035,2026-02-06,2731.8,3,2,910.6,Friday,False,False
m-035,2026-02-07,9089.37,7,5,1298.48,Saturday,True,False
m-035,2026-02-08,2065.05,2,2,1032.53,Sunday,True,False
m-035,2026-02-10,3215.87,3,3,1071.96,Tuesday,False,False
m-035,2026-02-11,4117.85,3,1,1372.62,Wednesday,False,False
m-035,2026-02-12,7397.65,6,4,1232.94,Thursday,False,False
m-035,2026-02-14,2887.92,3,2,962.64,Saturday,True,False
m-035,2026-02-15,4229.84,3,1,1409.95,Sunday,True,False
m-035,2026-02-16,1297.45,2,2,648.72,Monday,False,False
m-035,2026-02-17,5091.44,6,5,848.57,Tuesday,False,False
m-035,2026-02-18,5135.91,4,2,1283.98,Wednesday,False,False
m-035,2026-02-19,5910.72,5,4,1182.14,Thursday,False,False
m-035,2026-02-20,1315.1,1,1,1315.1,Friday,False,False
m-035,2026-02-21,3783.99,6,4,630.66,Saturday,True,False
m-035,2026-02-22,3376.52,3,3,1125.51,Sunday,True,False
m-035,2026-02-23,6787.84,5,4,1357.57,Monday,False,False
m-035,2026-02-24,5617.05,4,3,1404.26,Tuesday,False,False
m-035,2026-02-25,6703.67,7,6,957.67,Wednesday,False,False
m-035,2026-02-26,2096.06,3,3,698.69,Thursday,False,False
m-035,2026-02-27,2546.19,2,2,1273.1,Friday,False,False
m-035,2026-02-28,6560.67,6,3,1093.44,Saturday,True,False
m-035,2026-03-01,2207.15,3,3,735.72,Sunday,True,False
m-035,2026-03-02,3319.24,2,2,1659.62,Monday,False,False
m-035,2026-03-03,6403.85,5,3,1280.77,Tuesday,False,False
m-035,2026-03-04,7745.99,8,6,968.25,Wednesday,False,True
m-035,2026-03-06,3566.72,2,2,1783.36,Friday,False,False
m-035,2026-03-07,3857.66,3,2,1285.89,Saturday,True,False
m-035,2026-03-08,1817.57,2,2,908.79,Sunday,True,False
m-035,2026-03-09,3078.77,4,3,769.69,Monday,False,False
m-035,2026-03-10,2612.55,3,2,870.85,Tuesday,False,False
m-035,2026-03-11,4117.85,3,1,1372.62,Wednesday,False,False
m-035,2026-03-12,3074.49,2,2,1537.24,Thursday,False,False
m-035,2026-03-13,4498.59,7,6,642.66,Friday,False,False
m-035,2026-03-14,10823.85,9,6,1202.65,Saturday,True,False
m-035,2026-03-15,7666.92,6,2,1277.82,Sunday,True,False
m-035,2026-03-16,4502.23,5,3,900.45,Monday,False,False
m-035,2026-03-17,662.22,1,1,662.22,Tuesday,False,False
m-035,2026-03-18,5747.34,5,4,1149.47,Wednesday,False,False
m-035,2026-03-20,4710.08,3,1,1570.03,Friday,False,True
m-035,2026-03-21,13188.32,10,6,1318.83,Saturday,True,False
m-035,2026-03-22,3927.65,4,4,981.91,Sunday,True,False
m-035,2026-03-23,2235.04,3,1,745.01,Monday,False,False
m-035,2026-03-24,3193.23,3,3,1064.41,Tuesday,False,False
m-035,2026-03-25,3668.88,5,1,733.78,Wednesday,False,False
m-035,2026-03-26,3464.97,3,2,1154.99,Thursday,False,False
m-035,2026-03-27,4824.54,2,1,2412.27,Friday,False,False
m-035,2026-03-28,5136.81,4,4,1284.2,Saturday,True,False
m-035,2026-03-29,6068.44,6,4,1011.41,Sunday,True,False
m-035,2026-03-30,1315.1,1,1,1315.1,Monday,False,False
m-035,2026-03-31,8332.77,7,5,1190.4,Tuesday,False,False
m-035,2026-04-01,3322.87,2,1,1661.44,Wednesday,False,False
m-035,2026-04-02,780.96,2,1,390.48,Thursday,False,False
m-035,2026-04-03,9462.51,5,2,1892.5,Friday,False,False
m-035,2026-04-04,906.97,1,1,906.97,Saturday,True,False
m-035,2026-04-05,8229.64,5,4,1645.93,Sunday,True,False
m-035,2026-04-06,2225.7,2,0,1112.85,Monday,False,False
m-035,2026-04-07,2479.79,3,2,826.6,Tuesday,False,False
m-035,2026-04-08,4234.12,5,5,846.82,Wednesday,False,False
m-035,2026-04-09,7796.56,5,4,1559.31,Thursday,False,False
m-035,2026-04-11,6526.75,5,3,1305.35,Saturday,True,False
m-035,2026-04-12,4122.84,4,4,1030.71,Sunday,True,False
m-035,2026-04-13,6042.88,5,3,1208.58,Monday,False,False
m-035,2026-04-14,4477.32,3,3,1492.44,Tuesday,False,False
m-035,2026-04-15,1935.41,3,1,645.14,Wednesday,False,False
m-035,2026-04-16,2542.56,2,2,1271.28,Thursday,False,False
m-035,2026-04-17,3271.18,2,2,1635.59,Friday,False,False
m-035,2026-04-18,4257.48,5,3,851.5,Saturday,True,False
m-035,2026-04-19,1635.59,1,1,1635.59,Sunday,True,False
m-035,2026-04-20,5663.94,6,5,943.99,Monday,False,False
m-035,2026-04-21,15127.41,9,8,1680.82,Tuesday,False,False
m-035,2026-04-22,390.48,1,1,390.48,Wednesday,False,False
m-035,2026-04-23,4930.79,6,3,821.8,Thursday,False,False
m-035,2026-04-24,7438.25,6,5,1239.71,Friday,False,False
m-035,2026-04-25,8702.63,6,4,1450.44,Saturday,True,False
m-035,2026-04-26,3180.52,3,3,1060.17,Sunday,True,False
m-035,2026-04-27,1821.2,2,1,910.6,Monday,False,False
m-035,2026-04-28,4117.85,3,1,1372.62,Tuesday,False,False
m-035,2026-04-29,4647.31,4,3,1161.83,Wednesday,False,False
m-035,2026-05-01,2860.03,3,2,953.34,Friday,False,False
m-035,2026-05-02,6538.74,5,4,1307.75,Saturday,True,False
m-035,2026-05-03,4607.61,4,4,1151.9,Sunday,True,False
m-035,2026-05-04,6170.19,5,5,1234.04,Monday,False,False
m-035,2026-05-05,2222.07,2,1,1111.03,Tuesday,False,False
m-035,2026-05-06,1821.2,2,2,910.6,Wednesday,False,False
m-035,2026-05-07,3452.26,3,1,1150.75,Thursday,False,False
m-035,2026-05-08,910.6,1,0,910.6,Friday,False,False
m-035,2026-05-09,5514.58,5,3,1102.92,Saturday,True,False
m-035,2026-05-10,5602.22,5,2,1120.44,Sunday,True,False
m-035,2026-05-11,3074.49,2,1,1537.24,Monday,False,False
m-035,2026-05-12,1687.93,3,3,562.64,Tuesday,False,False
m-035,2026-05-13,3736.71,3,3,1245.57,Wednesday,False,False
m-035,2026-05-14,3030.02,4,3,757.5,Thursday,False,False
m-035,2026-05-15,8634.14,5,3,1726.83,Friday,False,False
m-035,2026-05-16,7973.04,7,3,1139.01,Saturday,True,False
m-035,2026-05-17,6601.27,6,4,1100.21,Sunday,True,False
m-035,2026-05-18,4691.62,4,4,1172.9,Monday,False,False
m-035,2026-05-19,1705.58,2,2,852.79,Tuesday,False,False
m-035,2026-05-20,1297.45,2,1,648.72,Wednesday,False,False
m-035,2026-05-21,3115.02,4,3,778.76,Thursday,False,False
m-035,2026-05-22,390.48,1,1,390.48,Friday,False,False
m-035,2026-05-23,3957.2,3,1,1319.07,Saturday,True,False
m-035,2026-05-24,9710.64,7,5,1387.23,Sunday,True,False
m-035,2026-05-25,2469.55,2,1,1234.78,Monday,False,False
m-035,2026-05-26,6771.5,5,3,1354.3,Tuesday,False,False
m-035,2026-05-27,3386.76,4,4,846.69,Wednesday,False,False
m-035,2026-05-28,1052.7,2,1,526.35,Thursday,False,False
m-035,2026-05-29,662.22,1,1,662.22,Friday,False,False
m-035,2026-05-30,910.6,1,1,910.6,Saturday,True,False
m-035,2026-05-31,2933.04,3,2,977.68,Sunday,True,False
m-035,2026-06-01,6907.89,5,3,1381.58,Monday,False,False
m-035,2026-06-02,4199.39,4,3,1049.85,Tuesday,False,False
m-035,2026-06-03,2790.04,2,2,1395.02,Wednesday,False,False
m-035,2026-06-04,3985.09,3,2,1328.36,Thursday,False,False
m-035,2026-06-05,5788.79,4,3,1447.2,Friday,False,False
m-035,2026-06-06,11352.19,7,5,1621.74,Saturday,True,False
m-035,2026-06-07,2723.64,3,3,907.88,Sunday,True,False
m-035,2026-06-08,4840.37,4,3,1210.09,Monday,False,False
m-035,2026-06-09,2225.7,2,2,1112.85,Tuesday,False,False
m-035,2026-06-10,8781.74,5,5,1756.35,Wednesday,False,False
m-035,2026-06-11,5861.8,4,4,1465.45,Thursday,False,False
m-035,2026-06-12,1301.08,2,1,650.54,Friday,False,False
m-035,2026-06-13,8164.75,7,5,1166.39,Saturday,True,False
m-035,2026-06-14,12827.04,8,6,1603.38,Sunday,True,False
m-035,2026-06-15,2612.55,3,2,870.85,Monday,False,False
m-035,2026-06-16,4287.12,4,2,1071.78,Tuesday,False,False
m-035,2026-06-17,1315.1,1,1,1315.1,Wednesday,False,False
m-035,2026-06-19,4509.49,5,5,901.9,Friday,False,False
m-035,2026-06-20,5248.5,4,3,1312.12,Saturday,True,False
m-035,2026-06-21,8017.77,5,5,1603.55,Sunday,True,False
m-035,2026-06-22,3204.78,3,3,1068.26,Monday,False,False
m-035,2026-06-23,5024.82,4,3,1256.2,Tuesday,False,False
m-035,2026-06-24,2790.04,2,1,1395.02,Wednesday,False,False
m-035,2026-06-25,7685.73,6,3,1280.96,Thursday,False,False
m-035,2026-06-26,1544.93,2,1,772.46,Friday,False,False
m-035,2026-06-27,6779.66,5,5,1355.93,Saturday,True,False
m-035,2026-06-28,1635.59,1,0,1635.59,Sunday,True,False
m-035,2026-06-29,906.97,1,1,906.97,Monday,False,False
m-035,2026-06-30,3271.18,2,2,1635.59,Tuesday,False,False
m-035,2026-07-01,3624.0,3,2,1208.0,Wednesday,False,False
m-035,2026-07-02,2222.07,2,2,1111.03,Thursday,False,False
m-035,2026-07-03,7367.1,4,4,1841.78,Friday,False,False
m-035,2026-07-04,910.6,1,1,910.6,Saturday,True,False
m-035,2026-07-05,3292.42,3,2,1097.47,Sunday,True,False
m-035,2026-07-06,9110.76,6,5,1518.46,Monday,False,False
m-035,2026-07-07,3566.72,2,1,1783.36,Tuesday,False,False
m-035,2026-07-08,390.48,1,1,390.48,Wednesday,False,False
m-035,2026-07-09,3857.66,3,2,1285.89,Thursday,False,False
m-035,2026-07-10,5348.94,4,2,1337.24,Friday,False,False
m-035,2026-07-11,1569.19,2,1,784.6,Saturday,True,False
m-035,2026-07-12,3366.13,4,4,841.53,Sunday,True,False
m-035,2026-07-13,910.6,1,1,910.6,Monday,False,False
m-035,2026-07-14,2936.67,3,1,978.89,Tuesday,False,False
m-035,2026-07-15,2204.42,3,3,734.81,Wednesday,False,False
m-035,2026-07-16,1813.94,2,2,906.97,Thursday,False,False
m-035,2026-07-17,6918.13,6,4,1153.02,Friday,False,False
m-035,2026-07-18,3727.37,2,1,1863.68,Saturday,True,False
m-035,2026-07-19,2960.03,3,1,986.68,Sunday,True,False
m-035,2026-07-20,2026.07,2,1,1013.04,Monday,False,False
m-035,2026-07-21,5580.08,4,3,1395.02,Tuesday,False,False
m-035,2026-07-22,4425.63,3,3,1475.21,Wednesday,False,False
m-035,2026-07-23,3933.4,3,3,1311.13,Thursday,False,False
m-035,2026-07-24,3522.25,4,4,880.56,Friday,False,False
m-035,2026-07-25,5521.84,5,5,1104.37,Saturday,True,False
m-035,2026-07-26,6527.65,5,4,1305.53,Sunday,True,False
m-035,2026-07-27,4824.54,2,1,2412.27,Monday,False,False
m-035,2026-07-28,9059.97,6,4,1510.0,Tuesday,False,False
m-035,2026-07-29,4508.33,4,2,1127.08,Wednesday,False,False
m-035,2026-07-30,1544.93,2,1,772.46,Thursday,False,False
m-035,2026-07-31,2616.18,3,2,872.06,Friday,False,False
m-035,2026-08-01,1705.58,2,0,852.79,Saturday,True,False
m-035,2026-08-02,6819.29,7,4,974.18,Sunday,True,False
m-035,2026-08-03,6341.08,6,4,1056.85,Monday,False,False
m-035,2026-08-05,3855.45,4,4,963.86,Wednesday,False,False
m-035,2026-08-06,1154.45,1,1,1154.45,Thursday,False,False
m-035,2026-08-07,2860.03,3,2,953.34,Friday,False,False
m-035,2026-08-08,1977.32,2,1,988.66,Saturday,True,False
m-035,2026-08-09,2207.15,3,2,735.72,Sunday,True,False
m-035,2026-08-10,1816.67,2,1,908.34,Monday,False,False
m-035,2026-08-11,7713.11,7,3,1101.87,Tuesday,False,False
m-035,2026-08-12,2802.75,2,2,1401.38,Wednesday,False,False
m-035,2026-08-13,4229.84,3,2,1409.95,Thursday,False,False
m-035,2026-08-14,23669.93,2,2,11834.96,Friday,False,False
m-035,2026-08-15,7839.12,6,3,1306.52,Saturday,True,True
m-035,2026-08-16,10979.05,9,5,1219.89,Sunday,True,False
m-035,2026-08-17,5566.87,5,3,1113.37,Monday,False,False
m-035,2026-08-18,1315.1,1,0,1315.1,Tuesday,False,False
m-035,2026-08-19,3624.0,3,2,1208.0,Wednesday,False,False
m-035,2026-08-20,6784.21,5,3,1356.84,Thursday,False,False
m-035,2026-08-21,2612.55,3,3,870.85,Friday,False,False
m-035,2026-08-22,2412.27,1,1,2412.27,Saturday,True,False
m-035,2026-08-23,8895.45,8,7,1111.93,Sunday,True,False
m-035,2026-08-24,3020.68,3,2,1006.89,Monday,False,False
m-035,2026-08-25,1315.1,1,1,1315.1,Tuesday,False,False
m-035,2026-08-26,2724.54,3,2,908.18,Wednesday,False,False
m-035,2026-08-27,1813.94,2,1,906.97,Thursday,False,False
m-035,2026-08-28,12255.26,10,7,1225.53,Friday,False,True
m-035,2026-08-29,2612.55,3,2,870.85,Saturday,True,False
m-035,2026-08-30,4473.69,3,1,1491.23,Sunday,True,False
m-035,2026-08-31,6345.67,4,2,1586.42,Monday,False,False
m-035,2026-09-01,5139.54,4,2,1284.88,Tuesday,False,False
m-035,2026-09-02,2936.67,3,3,978.89,Wednesday,False,False
m-035,2026-09-03,3278.4,4,3,819.6,Thursday,False,False
m-035,2026-09-04,6699.39,5,2,1339.88,Friday,False,False
m-035,2026-09-05,2616.18,3,1,872.06,Saturday,True,False
m-035,2026-09-06,2723.64,3,3,907.88,Sunday,True,False
m-035,2026-09-07,4248.14,4,2,1062.03,Monday,False,False
m-035,2026-09-08,1301.08,2,2,650.54,Tuesday,False,False
m-035,2026-09-09,1544.93,2,2,772.46,Wednesday,False,False
m-035,2026-09-10,2061.42,2,2,1030.71,Thursday,False,False
m-035,2026-09-11,2412.27,1,0,2412.27,Friday,False,False
m-035,2026-09-12,5144.07,4,1,1286.02,Saturday,True,False
m-035,2026-09-13,8709.12,7,6,1244.16,Sunday,True,False
m-035,2026-09-14,1705.58,2,1,852.79,Monday,False,False
m-035,2026-09-15,3566.72,2,2,1783.36,Tuesday,False,False
m-035,2026-09-16,2225.7,2,0,1112.85,Wednesday,False,False
m-035,2026-09-17,6998.55,4,2,1749.64,Thursday,False,False
m-036,2025-09-18,521.16,4,4,130.29,Thursday,False,False
m-036,2025-09-19,308.44,6,5,51.41,Friday,False,False
m-036,2025-09-20,683.5,6,2,113.92,Saturday,True,False
m-036,2025-09-21,204.93,2,1,102.46,Sunday,True,False
m-036,2025-09-22,125.88,1,1,125.88,Monday,False,False
m-036,2025-09-23,248.96,4,4,62.24,Tuesday,False,False
m-036,2025-09-24,582.12,5,5,116.42,Wednesday,False,False
m-036,2025-09-25,177.91,3,0,59.3,Thursday,False,False
m-036,2025-09-26,62.94,1,1,62.94,Friday,False,False
m-036,2025-09-27,1620.61,5,5,324.12,Saturday,True,False
m-036,2025-09-28,297.78,3,2,99.26,Sunday,True,False
m-036,2025-09-29,178.67,2,2,89.34,Monday,False,False
m-036,2025-09-30,230.15,4,2,57.54,Tuesday,False,False
m-036,2025-10-01,185.72,1,0,185.72,Wednesday,False,False
m-036,2025-10-02,560.11,3,2,186.7,Thursday,False,False
m-036,2025-10-04,515.42,6,4,85.9,Saturday,True,False
m-036,2025-10-05,145.65,2,2,72.82,Sunday,True,False
m-036,2025-10-06,680.88,3,1,226.96,Monday,False,False
m-036,2025-10-07,280.32,3,1,93.44,Tuesday,False,False
m-036,2025-10-08,699.85,2,2,349.92,Wednesday,False,False
m-036,2025-10-10,265.91,4,3,66.48,Friday,False,False
m-036,2025-10-11,317.77,3,1,105.92,Saturday,True,False
m-036,2025-10-12,770.56,5,4,154.11,Sunday,True,False
m-036,2025-10-13,743.16,2,1,371.58,Monday,False,False
m-036,2025-10-14,638.78,5,4,127.76,Tuesday,False,False
m-036,2025-10-15,475.45,4,3,118.86,Wednesday,False,False
m-036,2025-10-16,446.98,6,3,74.5,Thursday,False,False
m-036,2025-10-17,372.32,4,4,93.08,Friday,False,False
m-036,2025-10-18,221.34,3,2,73.78,Saturday,True,False
m-036,2025-10-19,848.44,6,3,141.41,Sunday,True,False
m-036,2025-10-20,504.83,5,3,100.97,Monday,False,True
m-036,2025-10-21,485.46,4,2,121.36,Tuesday,False,True
m-036,2025-10-22,432.05,5,3,86.41,Wednesday,False,True
m-036,2025-10-23,239.6,2,1,119.8,Thursday,False,False
m-036,2025-10-24,476.09,6,5,79.35,Friday,False,False
m-036,2025-10-25,893.4,2,0,446.7,Saturday,True,False
m-036,2025-10-26,862.55,8,6,107.82,Sunday,True,False
m-036,2025-10-27,467.18,5,4,93.44,Monday,False,False
m-036,2025-10-28,726.03,5,5,145.21,Tuesday,False,False
m-036,2025-10-29,420.94,3,2,140.31,Wednesday,False,False
m-036,2025-10-31,267.83,3,1,89.28,Friday,False,False
m-036,2025-11-01,285.06,3,0,95.02,Saturday,True,False
m-036,2025-11-02,553.08,4,4,138.27,Sunday,True,False
m-036,2025-11-03,60.78,1,0,60.78,Monday,False,False
m-036,2025-11-04,459.4,3,0,153.13,Tuesday,False,False
m-036,2025-11-05,694.08,3,2,231.36,Wednesday,False,False
m-036,2025-11-06,265.7,3,1,88.57,Thursday,False,False
m-036,2025-11-07,947.21,3,2,315.74,Friday,False,False
m-036,2025-11-08,464.3,2,1,232.15,Saturday,True,False
m-036,2025-11-09,461.16,4,3,115.29,Sunday,True,False
m-036,2025-11-10,366.8,3,2,122.27,Monday,False,False
m-036,2025-11-11,393.66,5,3,78.73,Tuesday,False,False
m-036,2025-11-12,272.76,3,2,90.92,Wednesday,False,False
m-036,2025-11-13,757.02,6,4,126.17,Thursday,False,False
m-036,2025-11-14,85.08,2,2,42.54,Friday,False,False
m-036,2025-11-15,613.53,6,5,102.26,Saturday,True,False
m-036,2025-11-16,494.98,6,4,82.5,Sunday,True,False
m-036,2025-11-17,134.82,2,2,67.41,Monday,False,False
m-036,2025-11-18,265.18,3,2,88.39,Tuesday,False,False
m-036,2025-11-19,213.91,3,3,71.3,Wednesday,False,False
m-036,2025-11-20,71.24,1,0,71.24,Thursday,False,False
m-036,2025-11-21,552.82,3,2,184.27,Friday,False,False
m-036,2025-11-22,936.18,6,5,156.03,Saturday,True,False
m-036,2025-11-23,301.92,4,4,75.48,Sunday,True,False
m-036,2025-11-24,1065.13,8,5,133.14,Monday,False,False
m-036,2025-11-25,940.93,6,6,156.82,Tuesday,False,False
m-036,2025-11-26,449.54,5,5,89.91,Wednesday,False,False
m-036,2025-11-27,41.96,1,0,41.96,Thursday,False,False
m-036,2025-11-28,282.22,3,3,94.07,Friday,False,False
m-036,2025-11-29,58.82,2,2,29.41,Saturday,True,False
m-036,2025-11-30,373.09,4,1,93.27,Sunday,True,False
m-036,2025-12-01,374.92,3,3,124.97,Monday,False,False
m-036,2025-12-02,183.4,2,0,91.7,Tuesday,False,False
m-036,2025-12-03,297.19,4,2,74.3,Wednesday,False,False
m-036,2025-12-04,185.79,1,1,185.79,Thursday,False,False
m-036,2025-12-05,70.39,2,2,35.2,Friday,False,False
m-036,2025-12-06,736.02,6,4,122.67,Saturday,True,False
m-036,2025-12-07,1523.09,6,5,253.85,Sunday,True,False
m-036,2025-12-08,478.34,4,4,119.58,Monday,False,False
m-036,2025-12-09,657.87,4,3,164.47,Tuesday,False,False
m-036,2025-12-10,179.77,3,2,59.92,Wednesday,False,False
m-036,2025-12-11,566.66,4,2,141.66,Thursday,False,False
m-036,2025-12-12,630.33,7,3,90.05,Friday,False,False
m-036,2025-12-13,512.49,4,3,128.12,Saturday,True,False
m-036,2025-12-14,977.67,5,3,195.53,Sunday,True,False
m-036,2025-12-15,209.27,2,2,104.64,Monday,False,False
m-036,2025-12-16,452.78,3,0,150.93,Tuesday,False,False
m-036,2025-12-17,655.75,6,3,109.29,Wednesday,False,False
m-036,2025-12-18,135.4,2,2,67.7,Thursday,False,False
m-036,2025-12-19,180.63,2,2,90.32,Friday,False,False
m-036,2025-12-20,396.13,3,3,132.04,Saturday,True,False
m-036,2025-12-21,223.9,4,4,55.98,Sunday,True,False
m-036,2025-12-22,357.34,5,2,71.47,Monday,False,False
m-036,2025-12-23,384.15,3,2,128.05,Tuesday,False,False
m-036,2025-12-24,175.74,3,3,58.58,Wednesday,False,False
m-036,2025-12-25,709.95,8,7,88.74,Thursday,False,True
m-036,2025-12-26,105.58,1,1,105.58,Friday,False,False
m-036,2025-12-27,178.57,2,2,89.28,Saturday,True,False
m-036,2025-12-28,321.19,3,1,107.06,Sunday,True,False
m-036,2025-12-29,180.63,2,2,90.32,Monday,False,False
m-036,2025-12-30,291.37,2,2,145.68,Tuesday,False,False
m-036,2025-12-31,1856.2,9,6,206.24,Wednesday,False,True
m-036,2026-01-01,1731.75,7,4,247.39,Thursday,False,True
m-036,2026-01-02,333.15,4,3,83.29,Friday,False,False
m-036,2026-01-03,427.18,4,3,106.8,Saturday,True,False
m-036,2026-01-04,899.43,4,2,224.86,Sunday,True,False
m-036,2026-01-05,924.03,4,2,231.01,Monday,False,False
m-036,2026-01-06,174.33,2,1,87.16,Tuesday,False,False
m-036,2026-01-07,263.01,2,2,131.5,Wednesday,False,False
m-036,2026-01-08,386.59,3,1,128.86,Thursday,False,False
m-036,2026-01-09,371.58,2,1,185.79,Friday,False,False
m-036,2026-01-10,1085.81,5,4,217.16,Saturday,True,False
m-036,2026-01-11,194.94,2,2,97.47,Sunday,True,False
m-036,2026-01-12,280.32,3,2,93.44,Monday,False,False
m-036,2026-01-13,149.64,3,1,49.88,Tuesday,False,False
m-036,2026-01-14,452.78,3,2,150.93,Wednesday,False,True
m-036,2026-01-15,642.45,4,3,160.61,Thursday,False,False
m-036,2026-01-16,530.64,5,4,106.13,Friday,False,False
m-036,2026-01-17,309.98,4,3,77.5,Saturday,True,False
m-036,2026-01-18,822.57,6,6,137.1,Sunday,True,False
m-036,2026-01-19,297.78,3,3,99.26,Monday,False,False
m-036,2026-01-20,170.15,2,1,85.08,Tuesday,False,False
m-036,2026-01-21,942.36,5,3,188.47,Wednesday,False,False
m-036,2026-01-22,760.89,7,5,108.7,Thursday,False,False
m-036,2026-01-23,1522.53,3,3,507.51,Friday,False,False
m-036,2026-01-24,430.7,5,4,86.14,Saturday,True,False
m-036,2026-01-25,360.94,2,2,180.47,Sunday,True,False
m-036,2026-01-26,678.14,7,6,96.88,Monday,False,False
m-036,2026-01-27,380.4,3,2,126.8,Tuesday,False,False
m-036,2026-01-28,473.35,5,4,94.67,Wednesday,False,False
m-036,2026-01-29,214.22,2,2,107.11,Thursday,False,False
m-036,2026-01-30,361.38,1,1,361.38,Friday,False,False
m-036,2026-01-31,443.11,4,3,110.78,Saturday,True,False
m-036,2026-02-01,162.17,2,1,81.08,Sunday,True,False
m-036,2026-02-02,551.43,5,4,110.29,Monday,False,False
m-036,2026-02-03,266.46,2,2,133.23,Tuesday,False,False
m-036,2026-02-04,109.38,1,0,109.38,Wednesday,False,False
m-036,2026-02-05,30.39,1,0,30.39,Thursday,False,False
m-036,2026-02-06,152.3,2,1,76.15,Friday,False,False
m-036,2026-02-07,644.34,7,5,92.05,Saturday,True,False
m-036,2026-02-08,101.63,2,2,50.82,Sunday,True,False
m-036,2026-02-09,331.02,2,1,165.51,Monday,False,False
m-036,2026-02-10,1458.39,4,3,364.6,Tuesday,False,False
m-036,2026-02-11,263.96,2,1,131.98,Wednesday,False,False
m-036,2026-02-12,286.73,4,4,71.68,Thursday,False,False
m-036,2026-02-13,346.39,3,3,115.46,Friday,False,False
m-036,2026-02-14,750.92,5,4,150.18,Saturday,True,False
m-036,2026-02-15,432.62,2,1,216.31,Sunday,True,False
m-036,2026-02-16,1173.25,7,6,167.61,Monday,False,False
m-036,2026-02-17,28.43,1,1,28.43,Tuesday,False,False
m-036,2026-02-18,241.31,3,1,80.44,Wednesday,False,False
m-036,2026-02-19,270.29,5,4,54.06,Thursday,False,False
m-036,2026-02-20,859.38,3,2,286.46,Friday,False,False
m-036,2026-02-21,193.51,3,1,64.5,Saturday,True,False
m-036,2026-02-22,203.03,2,2,101.52,Sunday,True,False
m-036,2026-02-23,340.25,7,6,48.61,Monday,False,False
m-036,2026-02-24,445.08,5,4,89.02,Tuesday,False,False
m-036,2026-02-25,289.98,2,1,144.99,Wednesday,False,False
m-036,2026-02-26,107.68,2,1,53.84,Thursday,False,False
m-036,2026-02-27,746.4,5,3,149.28,Friday,False,False
m-036,2026-02-28,743.16,1,1,743.16,Saturday,True,False
m-036,2026-03-01,142.03,2,1,71.02,Sunday,True,False
m-036,2026-03-02,648.09,7,4,92.58,Monday,False,False
m-036,2026-03-03,655.21,6,5,109.2,Tuesday,False,False
m-036,2026-03-04,488.47,5,4,97.69,Wednesday,False,True
m-036,2026-03-05,446.59,5,2,89.32,Thursday,False,False
m-036,2026-03-06,173.98,3,2,57.99,Friday,False,False
m-036,2026-03-07,435.73,6,4,72.62,Saturday,True,False
m-036,2026-03-08,997.32,6,2,166.22,Sunday,True,False
m-036,2026-03-09,791.91,5,4,158.38,Monday,False,False
m-036,2026-03-10,92.86,1,1,92.86,Tuesday,False,False
m-036,2026-03-11,388.47,4,3,97.12,Wednesday,False,False
m-036,2026-03-12,243.1,2,1,121.55,Thursday,False,False
m-036,2026-03-13,451.94,3,3,150.65,Friday,False,False
m-036,2026-03-14,223.54,3,3,74.51,Saturday,True,False
m-036,2026-03-15,779.53,4,3,194.88,Sunday,True,False
m-036,2026-03-16,652.37,6,3,108.73,Monday,False,False
m-036,2026-03-17,474.46,7,3,67.78,Tuesday,False,False
m-036,2026-03-18,1250.19,4,3,312.55,Wednesday,False,False
m-036,2026-03-19,119.6,3,1,39.87,Thursday,False,False
m-036,2026-03-20,217.13,3,3,72.38,Friday,False,True
m-036,2026-03-21,365.81,5,4,73.16,Saturday,True,False
m-036,2026-03-22,740.68,7,5,105.81,Sunday,True,False
m-036,2026-03-23,134.82,2,0,67.41,Monday,False,False
m-036,2026-03-24,882.42,6,5,147.07,Tuesday,False,False
m-036,2026-03-25,754.58,3,3,251.53,Wednesday,False,False
m-036,2026-03-26,205.58,2,1,102.79,Thursday,False,False
m-036,2026-03-27,395.82,4,2,98.96,Friday,False,False
m-036,2026-03-28,1116.09,5,4,223.22,Saturday,True,False
m-036,2026-03-29,550.29,6,5,91.71,Sunday,True,False
m-036,2026-03-30,424.49,6,2,70.75,Monday,False,False
m-036,2026-03-31,494.08,6,4,82.35,Tuesday,False,False
m-036,2026-04-01,275.08,2,2,137.54,Wednesday,False,False
m-036,2026-04-02,142.15,2,1,71.08,Thursday,False,False
m-036,2026-04-03,265.97,3,3,88.66,Friday,False,False
m-036,2026-04-04,177.93,4,3,44.48,Saturday,True,False
m-036,2026-04-05,1031.07,10,8,103.11,Sunday,True,False
m-036,2026-04-06,374.86,4,2,93.72,Monday,False,False
m-036,2026-04-07,920.73,8,5,115.09,Tuesday,False,False
m-036,2026-04-08,281.09,4,2,70.27,Wednesday,False,False
m-036,2026-04-09,440.83,4,4,110.21,Thursday,False,False
m-036,2026-04-10,536.88,4,4,134.22,Friday,False,False
m-036,2026-04-11,661.2,4,3,165.3,Saturday,True,False
m-036,2026-04-12,1866.53,5,3,373.31,Sunday,True,False
m-036,2026-04-13,747.64,7,5,106.81,Monday,False,False
m-036,2026-04-14,517.08,5,4,103.42,Tuesday,False,False
m-036,2026-04-15,56.86,1,0,56.86,Wednesday,False,False
m-036,2026-04-16,408.18,4,3,102.04,Thursday,False,False
m-036,2026-04-17,237.78,3,0,79.26,Friday,False,False
m-036,2026-04-18,743.44,2,2,371.72,Saturday,True,False
m-036,2026-04-19,359.05,6,5,59.84,Sunday,True,False
m-036,2026-04-20,313.76,3,2,104.59,Monday,False,False
m-036,2026-04-21,484.59,5,2,96.92,Tuesday,False,False
m-036,2026-04-22,494.83,3,1,164.94,Wednesday,False,False
m-036,2026-04-23,569.52,6,3,94.92,Thursday,False,False
m-036,2026-04-24,150.24,1,0,150.24,Friday,False,False
m-036,2026-04-25,316.25,4,3,79.06,Saturday,True,False
m-036,2026-04-26,284.63,3,2,94.88,Sunday,True,False
m-036,2026-04-27,587.76,2,1,293.88,Monday,False,False
m-036,2026-04-28,640.85,4,2,160.21,Tuesday,False,False
m-036,2026-04-29,429.92,3,2,143.31,Wednesday,False,False
m-036,2026-04-30,225.87,3,2,75.29,Thursday,False,False
m-036,2026-05-01,543.71,4,3,135.93,Friday,False,False
m-036,2026-05-02,892.49,7,4,127.5,Saturday,True,False
m-036,2026-05-03,633.7,4,2,158.43,Sunday,True,False
m-036,2026-05-04,924.06,4,3,231.02,Monday,False,False
m-036,2026-05-05,180.63,2,1,90.32,Tuesday,False,False
m-036,2026-05-06,150.24,1,0,150.24,Wednesday,False,False
m-036,2026-05-07,460.91,4,2,115.23,Thursday,False,False
m-036,2026-05-08,93.33,2,2,46.66,Friday,False,False
m-036,2026-05-09,988.15,6,4,164.69,Saturday,True,False
m-036,2026-05-10,131.98,2,1,65.99,Sunday,True,False
m-036,2026-05-11,216.11,2,1,108.06,Monday,False,False
m-036,2026-05-12,1491.32,6,3,248.55,Tuesday,False,False
m-036,2026-05-13,232.44,1,0,232.44,Wednesday,False,False
m-036,2026-05-14,420.94,2,1,210.47,Thursday,False,False
m-036,2026-05-16,1274.21,9,5,141.58,Saturday,True,False
m-036,2026-05-17,238.72,3,3,79.57,Sunday,True,False
m-036,2026-05-18,28.43,1,1,28.43,Monday,False,False
m-036,2026-05-19,170.15,2,1,85.08,Tuesday,False,False
m-036,2026-05-20,260.67,4,4,65.17,Wednesday,False,False
m-036,2026-05-21,314.58,4,3,78.64,Thursday,False,False
m-036,2026-05-22,786.68,3,2,262.23,Friday,False,False
m-036,2026-05-23,241.39,3,2,80.46,Saturday,True,False
m-036,2026-05-24,298.26,4,2,74.56,Sunday,True,False
m-036,2026-05-25,868.64,6,3,144.77,Monday,False,False
m-036,2026-05-26,1006.74,6,3,167.79,Tuesday,False,False
m-036,2026-05-27,120.46,1,0,120.46,Wednesday,False,False
m-036,2026-05-28,350.38,4,2,87.6,Thursday,False,False
m-036,2026-05-29,30.39,1,1,30.39,Friday,False,False
m-036,2026-05-30,89.36,1,1,89.36,Saturday,True,False
m-036,2026-05-31,511.62,3,2,170.54,Sunday,True,False
m-036,2026-06-01,204.93,2,2,102.46,Monday,False,False
m-036,2026-06-02,797.58,4,2,199.4,Tuesday,False,False
m-036,2026-06-03,309.16,2,1,154.58,Wednesday,False,False
m-036,2026-06-04,330.42,3,1,110.14,Thursday,False,False
m-036,2026-06-05,898.07,5,5,179.61,Friday,False,False
m-036,2026-06-06,537.05,4,2,134.26,Saturday,True,False
m-036,2026-06-07,347.28,4,3,86.82,Sunday,True,False
m-036,2026-06-08,83.12,2,2,41.56,Monday,False,False
m-036,2026-06-09,499.57,6,3,83.26,Tuesday,False,False
m-036,2026-06-10,1202.02,5,3,240.4,Wednesday,False,False
m-036,2026-06-11,696.07,5,3,139.21,Thursday,False,False
m-036,2026-06-12,329.69,4,4,82.42,Friday,False,False
m-036,2026-06-13,427.11,3,2,142.37,Saturday,True,False
m-036,2026-06-14,510.89,4,2,127.72,Sunday,True,False
m-036,2026-06-15,256.93,2,1,128.46,Monday,False,False
m-036,2026-06-16,410.55,4,2,102.64,Tuesday,False,False
m-036,2026-06-17,528.01,2,1,264.0,Wednesday,False,False
m-036,2026-06-18,3191.04,2,2,1595.52,Thursday,False,False
m-036,2026-06-19,290.16,5,3,58.03,Friday,False,False
m-036,2026-06-20,1079.33,4,2,269.83,Saturday,True,False
m-036,2026-06-21,208.35,2,1,104.18,Sunday,True,False
m-036,2026-06-22,101.63,2,2,50.82,Monday,False,False
m-036,2026-06-23,402.19,5,2,80.44,Tuesday,False,False
m-036,2026-06-24,970.24,4,2,242.56,Wednesday,False,False
m-036,2026-06-25,846.33,5,4,169.27,Thursday,False,False
m-036,2026-06-26,678.89,7,4,96.98,Friday,False,False
m-036,2026-06-27,486.55,3,2,162.18,Saturday,True,False
m-036,2026-06-28,1161.97,6,6,193.66,Sunday,True,False
m-036,2026-06-29,620.71,4,2,155.18,Monday,False,False
m-036,2026-06-30,413.47,3,2,137.82,Tuesday,False,False
m-036,2026-07-01,100.07,2,1,50.04,Wednesday,False,False
m-036,2026-07-02,58.82,2,1,29.41,Thursday,False,False
m-036,2026-07-03,378.36,5,4,75.67,Friday,False,False
m-036,2026-07-04,221.79,4,4,55.45,Saturday,True,False
m-036,2026-07-05,324.78,5,4,64.96,Sunday,True,False
m-036,2026-07-06,152.3,2,1,76.15,Monday,False,False
m-036,2026-07-07,1272.03,7,7,181.72,Tuesday,False,False
m-036,2026-07-08,450.72,2,1,225.36,Wednesday,False,False
m-036,2026-07-09,1235.2,3,3,411.73,Thursday,False,False
m-036,2026-07-10,81.22,2,1,40.61,Friday,False,False
m-036,2026-07-11,759.08,5,3,151.82,Saturday,True,False
m-036,2026-07-12,519.62,4,1,129.9,Sunday,True,False
m-036,2026-07-13,245.13,4,3,61.28,Monday,False,False
m-036,2026-07-14,630.88,5,5,126.18,Tuesday,False,False
m-036,2026-07-15,658.06,6,4,109.68,Wednesday,False,False
m-036,2026-07-16,246.34,2,2,123.17,Thursday,False,False
m-036,2026-07-17,230.43,3,2,76.81,Friday,False,False
m-036,2026-07-18,285.64,3,3,95.21,Saturday,True,False
m-036,2026-07-19,1272.78,6,6,212.13,Sunday,True,False
m-036,2026-07-20,750.34,5,3,150.07,Monday,False,False
m-036,2026-07-21,164.1,2,1,82.05,Tuesday,False,False
m-036,2026-07-22,337.04,3,1,112.35,Wednesday,False,False
m-036,2026-07-23,598.95,4,3,149.74,Thursday,False,False
m-036,2026-07-24,979.06,7,5,139.87,Friday,False,False
m-036,2026-07-25,308.64,4,3,77.16,Saturday,True,False
m-036,2026-07-26,799.62,8,7,99.95,Sunday,True,False
m-036,2026-07-27,492.06,3,2,164.02,Monday,False,False
m-036,2026-07-28,478.08,6,4,79.68,Tuesday,False,False
m-036,2026-07-29,306.25,2,1,153.12,Wednesday,False,False
m-036,2026-07-30,417.66,2,1,208.83,Thursday,False,False
m-036,2026-07-31,83.12,2,1,41.56,Friday,False,False
m-036,2026-08-01,755.97,7,6,108.0,Saturday,True,False
m-036,2026-08-02,261.85,3,1,87.28,Sunday,True,False
m-036,2026-08-03,1016.88,5,5,203.38,Monday,False,False
m-036,2026-08-04,371.36,4,2,92.84,Tuesday,False,False
m-036,2026-08-05,184.44,2,2,92.22,Wednesday,False,False
m-036,2026-08-06,687.38,6,3,114.56,Thursday,False,False
m-036,2026-08-07,261.28,3,2,87.09,Friday,False,False
m-036,2026-08-08,273.83,2,1,136.92,Saturday,True,False
m-036,2026-08-09,273.83,2,2,136.92,Sunday,True,False
m-036,2026-08-10,134.18,2,0,67.09,Monday,False,False
m-036,2026-08-11,617.37,4,2,154.34,Tuesday,False,False
m-036,2026-08-12,885.64,2,0,442.82,Wednesday,False,False
m-036,2026-08-13,998.08,4,2,249.52,Thursday,False,False
m-036,2026-08-14,190.86,4,2,47.72,Friday,False,False
m-036,2026-08-15,1956.13,12,7,163.01,Saturday,True,True
m-036,2026-08-16,170.58,3,3,56.86,Sunday,True,False
m-036,2026-08-17,424.22,3,2,141.41,Monday,False,False
m-036,2026-08-18,121.05,2,2,60.52,Tuesday,False,False
m-036,2026-08-19,235.34,2,2,117.67,Wednesday,False,False
m-036,2026-08-20,321.7,4,1,80.42,Thursday,False,False
m-036,2026-08-21,837.51,5,4,167.5,Friday,False,False
m-036,2026-08-22,803.71,6,4,133.95,Saturday,True,False
m-036,2026-08-23,874.03,6,3,145.67,Sunday,True,False
m-036,2026-08-24,513.61,3,2,171.2,Monday,False,False
m-036,2026-08-25,181.29,4,2,45.32,Tuesday,False,False
m-036,2026-08-26,314.95,4,3,78.74,Wednesday,False,False
m-036,2026-08-27,130.08,2,1,65.04,Thursday,False,False
m-036,2026-08-28,444.53,5,4,88.91,Friday,False,True
m-036,2026-08-29,100.07,2,1,50.04,Saturday,True,False
m-036,2026-08-30,91.37,2,1,45.68,Sunday,True,False
m-036,2026-08-31,275.15,2,2,137.57,Monday,False,False
m-036,2026-09-01,274.32,3,3,91.44,Tuesday,False,False
m-036,2026-09-02,350.83,3,2,116.94,Wednesday,False,False
m-036,2026-09-03,562.74,3,2,187.58,Thursday,False,False
m-036,2026-09-04,1270.44,6,5,211.74,Friday,False,False
m-036,2026-09-05,159.74,3,2,53.25,Saturday,True,False
m-036,2026-09-06,1120.5,6,5,186.75,Sunday,True,False
m-036,2026-09-07,239.71,3,2,79.9,Monday,False,False
m-036,2026-09-08,264.01,4,1,66.0,Tuesday,False,False
m-036,2026-09-09,498.94,4,3,124.74,Wednesday,False,False
m-036,2026-09-10,638.52,5,3,127.7,Thursday,False,False
m-036,2026-09-11,393.81,5,3,78.76,Friday,False,False
m-036,2026-09-12,333.78,2,2,166.89,Saturday,True,False
m-036,2026-09-13,584.78,4,2,146.2,Sunday,True,False
m-036,2026-09-14,301.52,3,1,100.51,Monday,False,False
m-036,2026-09-15,260.3,2,1,130.15,Tuesday,False,False
m-036,2026-09-16,185.79,1,1,185.79,Wednesday,False,False
m-036,2026-09-17,245.63,3,3,81.88,Thursday,False,False
m-037,2025-09-18,299.98,4,2,75.0,Thursday,False,False
m-037,2025-09-19,157.83,1,1,157.83,Friday,False,False
m-037,2025-09-20,701.34,5,4,140.27,Saturday,True,False
m-037,2025-09-21,164.7,1,1,164.7,Sunday,True,False
m-037,2025-09-22,113.66,2,0,56.83,Monday,False,False
m-037,2025-09-23,341.2,2,2,170.6,Tuesday,False,False
m-037,2025-09-24,513.16,4,4,128.29,Wednesday,False,False
m-037,2025-09-25,274.8,3,1,91.6,Thursday,False,False
m-037,2025-09-26,506.36,3,3,168.79,Friday,False,False
m-037,2025-09-28,113.81,2,0,56.9,Sunday,True,False
m-037,2025-09-29,932.02,7,6,133.15,Monday,False,False
m-037,2025-09-30,186.58,4,3,46.64,Tuesday,False,False
m-037,2025-10-01,178.48,3,3,59.49,Wednesday,False,False
m-037,2025-10-02,305.93,3,3,101.98,Thursday,False,False
m-037,2025-10-03,48.34,1,1,48.34,Friday,False,False
m-037,2025-10-04,49.63,1,1,49.63,Saturday,True,False
m-037,2025-10-05,1153.79,7,5,164.83,Sunday,True,False
m-037,2025-10-06,198.2,2,2,99.1,Monday,False,False
m-037,2025-10-07,176.7,3,3,58.9,Tuesday,False,False
m-037,2025-10-08,128.85,1,1,128.85,Wednesday,False,False
m-037,2025-10-09,138.74,2,2,69.37,Thursday,False,False
m-037,2025-10-10,853.78,3,2,284.59,Friday,False,False
m-037,2025-10-11,393.58,2,2,196.79,Saturday,True,False
m-037,2025-10-12,895.66,7,3,127.95,Sunday,True,False
m-037,2025-10-13,44.95,1,1,44.95,Monday,False,False
m-037,2025-10-14,598.74,5,4,119.75,Tuesday,False,False
m-037,2025-10-15,470.85,4,2,117.71,Wednesday,False,False
m-037,2025-10-16,211.97,2,2,105.98,Thursday,False,False
m-037,2025-10-17,450.03,5,3,90.01,Friday,False,False
m-037,2025-10-18,973.04,6,4,162.17,Saturday,True,False
m-037,2025-10-19,1029.86,4,3,257.46,Sunday,True,False
m-037,2025-10-20,757.47,6,4,126.24,Monday,False,True
m-037,2025-10-21,913.59,8,6,114.2,Tuesday,False,True
m-037,2025-10-22,519.83,6,3,86.64,Wednesday,False,True
m-037,2025-10-23,1092.31,5,5,218.46,Thursday,False,False
m-037,2025-10-25,693.57,6,0,115.59,Saturday,True,False
m-037,2025-10-26,238.62,3,0,79.54,Sunday,True,False
m-037,2025-10-27,94.22,2,2,47.11,Monday,False,False
m-037,2025-10-28,209.6,4,4,52.4,Tuesday,False,False
m-037,2025-10-29,148.32,2,2,74.16,Wednesday,False,False
m-037,2025-10-30,450.46,4,2,112.62,Thursday,False,False
m-037,2025-10-31,129.51,3,1,43.17,Friday,False,False
m-037,2025-11-01,947.44,7,3,135.35,Saturday,True,False
m-037,2025-11-02,291.5,4,4,72.88,Sunday,True,False
m-037,2025-11-03,824.99,3,1,275.0,Monday,False,False
m-037,2025-11-04,427.24,5,3,85.45,Tuesday,False,False
m-037,2025-11-05,355.38,3,1,118.46,Wednesday,False,False
m-037,2025-11-06,743.49,3,0,247.83,Thursday,False,False
m-037,2025-11-07,357.51,4,3,89.38,Friday,False,False
m-037,2025-11-08,317.0,2,1,158.5,Saturday,True,False
m-037,2025-11-09,113.81,2,2,56.9,Sunday,True,False
m-037,2025-11-10,764.45,10,6,76.45,Monday,False,False
m-037,2025-11-11,143.92,3,2,47.97,Tuesday,False,False
m-037,2025-11-12,278.53,2,1,139.26,Wednesday,False,False
m-037,2025-11-13,608.71,4,2,152.18,Thursday,False,False
m-037,2025-11-14,94.5,1,1,94.5,Friday,False,False
m-037,2025-11-15,657.15,6,5,109.52,Saturday,True,False
m-037,2025-11-16,590.81,4,3,147.7,Sunday,True,False
m-037,2025-11-17,81.17,2,2,40.58,Monday,False,False
m-037,2025-11-18,658.8,1,1,658.8,Tuesday,False,False
m-037,2025-11-19,702.91,6,4,117.15,Wednesday,False,False
m-037,2025-11-21,442.61,4,3,110.65,Friday,False,False
m-037,2025-11-22,778.31,7,5,111.19,Saturday,True,False
m-037,2025-11-23,543.34,7,3,77.62,Sunday,True,False
m-037,2025-11-24,90.76,1,1,90.76,Monday,False,False
m-037,2025-11-25,357.9,3,3,119.3,Tuesday,False,False
m-037,2025-11-26,618.32,7,7,88.33,Wednesday,False,False
m-037,2025-11-27,648.05,4,1,162.01,Thursday,False,False
m-037,2025-11-28,747.41,4,3,186.85,Friday,False,False
m-037,2025-11-29,870.69,6,4,145.12,Saturday,True,False
m-037,2025-11-30,206.67,2,2,103.34,Sunday,True,False
m-037,2025-12-01,332.29,3,1,110.76,Monday,False,False
m-037,2025-12-02,311.09,4,3,77.77,Tuesday,False,False
m-037,2025-12-03,542.92,4,3,135.73,Wednesday,False,False
m-037,2025-12-04,565.14,7,1,80.73,Thursday,False,False
m-037,2025-12-05,734.96,4,3,183.74,Friday,False,False
m-037,2025-12-06,314.81,5,3,62.96,Saturday,True,False
m-037,2025-12-07,826.51,7,5,118.07,Sunday,True,False
m-037,2025-12-08,357.42,5,4,71.48,Monday,False,False
m-037,2025-12-09,96.36,2,1,48.18,Tuesday,False,False
m-037,2025-12-10,847.07,6,3,141.18,Wednesday,False,False
m-037,2025-12-11,386.15,4,4,96.54,Thursday,False,False
m-037,2025-12-12,1181.13,4,3,295.28,Friday,False,False
m-037,2025-12-13,545.04,4,4,136.26,Saturday,True,False
m-037,2025-12-14,164.7,1,1,164.7,Sunday,True,False
m-037,2025-12-15,457.85,3,1,152.62,Monday,False,False
m-037,2025-12-16,257.54,2,2,128.77,Tuesday,False,False
m-037,2025-12-17,478.73,4,2,119.68,Wednesday,False,False
m-037,2025-12-18,392.49,6,5,65.42,Thursday,False,False
m-037,2025-12-19,758.29,6,4,126.38,Friday,False,False
m-037,2025-12-20,424.02,3,2,141.34,Saturday,True,False
m-037,2025-12-21,672.91,5,3,134.58,Sunday,True,False
m-037,2025-12-22,368.8,2,1,184.4,Monday,False,False
m-037,2025-12-23,509.2,2,0,254.6,Tuesday,False,False
m-037,2025-12-24,978.63,6,4,163.1,Wednesday,False,False
m-037,2025-12-25,659.16,7,5,94.17,Thursday,False,True
m-037,2025-12-26,407.5,5,3,81.5,Friday,False,False
m-037,2025-12-27,257.7,1,1,257.7,Saturday,True,False
m-037,2025-12-28,787.21,6,4,131.2,Sunday,True,False
m-037,2025-12-29,315.16,3,3,105.05,Monday,False,False
m-037,2025-12-30,862.79,6,3,143.8,Tuesday,False,False
m-037,2025-12-31,458.67,5,4,91.73,Wednesday,False,True
m-037,2026-01-01,461.56,3,1,153.85,Thursday,False,True
m-037,2026-01-02,992.54,4,1,248.14,Friday,False,False
m-037,2026-01-03,693.5,5,4,138.7,Saturday,True,False
m-037,2026-01-04,592.44,8,7,74.05,Sunday,True,False
m-037,2026-01-05,477.5,3,3,159.17,Monday,False,False
m-037,2026-01-06,368.72,3,2,122.91,Tuesday,False,False
m-037,2026-01-07,224.72,3,3,74.91,Wednesday,False,False
m-037,2026-01-08,269.55,5,2,53.91,Thursday,False,False
m-037,2026-01-09,262.67,3,2,87.56,Friday,False,False
m-037,2026-01-10,412.94,3,3,137.65,Saturday,True,False
m-037,2026-01-11,115.04,2,1,57.52,Sunday,True,False
m-037,2026-01-12,45.38,1,1,45.38,Monday,False,False
m-037,2026-01-13,94.5,1,1,94.5,Tuesday,False,False
m-037,2026-01-14,741.27,6,5,123.54,Wednesday,False,True
m-037,2026-01-15,178.48,2,2,89.24,Thursday,False,False
m-037,2026-01-16,306.04,3,2,102.01,Friday,False,False
m-037,2026-01-17,1270.8,5,3,254.16,Saturday,True,False
m-037,2026-01-19,211.19,3,2,70.4,Monday,False,False
m-037,2026-01-20,367.5,3,2,122.5,Tuesday,False,False
m-037,2026-01-21,332.34,2,1,166.17,Wednesday,False,False
m-037,2026-01-22,461.74,5,5,92.35,Thursday,False,False
m-037,2026-01-23,177.19,2,0,88.6,Friday,False,False
m-037,2026-01-24,690.94,5,3,138.19,Saturday,True,False
m-037,2026-01-25,477.32,5,5,95.46,Sunday,True,False
m-037,2026-01-27,218.9,4,2,54.72,Tuesday,False,False
m-037,2026-01-28,128.88,2,1,64.44,Wednesday,False,False
m-037,2026-01-29,545.4,5,2,109.08,Thursday,False,False
m-037,2026-01-30,139.88,2,2,69.94,Friday,False,False
m-037,2026-01-31,254.47,4,1,63.62,Saturday,True,False
m-037,2026-02-01,830.83,4,2,207.71,Sunday,True,False
m-037,2026-02-02,219.18,3,2,73.06,Monday,False,False
m-037,2026-02-03,341.9,3,3,113.97,Tuesday,False,False
m-037,2026-02-04,202.78,2,2,101.39,Wednesday,False,False
m-037,2026-02-05,202.85,4,3,50.71,Thursday,False,False
m-037,2026-02-06,49.63,1,0,49.63,Friday,False,False
m-037,2026-02-07,233.63,3,1,77.88,Saturday,True,False
m-037,2026-02-08,1097.68,4,3,274.42,Sunday,True,False
m-037,2026-02-09,1176.65,9,6,130.74,Monday,False,False
m-037,2026-02-10,832.85,6,3,138.81,Tuesday,False,False
m-037,2026-02-11,257.21,2,1,128.61,Wednesday,False,False
m-037,2026-02-12,494.14,3,3,164.71,Thursday,False,False
m-037,2026-02-13,341.57,4,2,85.39,Friday,False,False
m-037,2026-02-14,241.08,3,3,80.36,Saturday,True,False
m-037,2026-02-15,178.85,3,1,59.62,Sunday,True,False
m-037,2026-02-16,260.18,2,1,130.09,Monday,False,False
m-037,2026-02-17,527.32,6,5,87.89,Tuesday,False,False
m-037,2026-02-18,525.74,4,4,131.44,Wednesday,False,False
m-037,2026-02-19,294.34,2,1,147.17,Thursday,False,False
m-037,2026-02-20,189.0,1,1,189.0,Friday,False,False
m-037,2026-02-21,206.17,2,1,103.08,Saturday,True,False
m-037,2026-02-22,1145.59,4,4,286.4,Sunday,True,False
m-037,2026-02-24,250.5,1,1,250.5,Tuesday,False,False
m-037,2026-02-26,178.14,3,2,59.38,Thursday,False,False
m-037,2026-02-27,386.69,3,3,128.9,Friday,False,False
m-037,2026-02-28,310.18,4,2,77.54,Saturday,True,False
m-037,2026-03-01,222.94,4,2,55.74,Sunday,True,False
m-037,2026-03-02,184.48,2,2,92.24,Monday,False,False
m-037,2026-03-03,128.85,1,1,128.85,Tuesday,False,False
m-037,2026-03-04,304.89,5,2,60.98,Wednesday,False,True
m-037,2026-03-05,441.7,3,3,147.23,Thursday,False,False
m-037,2026-03-06,428.98,3,1,142.99,Friday,False,False
m-037,2026-03-07,304.02,3,1,101.34,Saturday,True,False
m-037,2026-03-09,630.25,4,2,157.56,Monday,False,False
m-037,2026-03-10,302.46,5,3,60.49,Tuesday,False,False
m-037,2026-03-11,297.36,3,3,99.12,Wednesday,False,False
m-037,2026-03-12,129.86,3,2,43.29,Thursday,False,False
m-037,2026-03-13,93.72,2,2,46.86,Friday,False,False
m-037,2026-03-14,257.7,2,1,128.85,Saturday,True,False
m-037,2026-03-15,352.28,4,4,88.07,Sunday,True,False
m-037,2026-03-16,442.2,4,2,110.55,Monday,False,False
m-037,2026-03-18,48.34,1,1,48.34,Wednesday,False,False
m-037,2026-03-19,193.05,3,1,64.35,Thursday,False,False
m-037,2026-03-20,421.4,5,4,84.28,Friday,False,True
m-037,2026-03-21,67.0,1,1,67.0,Saturday,True,False
m-037,2026-03-22,514.02,5,4,102.8,Sunday,True,False
m-037,2026-03-23,619.68,4,2,154.92,Monday,False,False
m-037,2026-03-24,367.62,4,2,91.9,Tuesday,False,False
m-037,2026-03-25,238.31,2,1,119.16,Wednesday,False,False
m-037,2026-03-26,589.69,6,5,98.28,Thursday,False,False
m-037,2026-03-28,606.45,6,5,101.08,Saturday,True,False
m-037,2026-03-29,519.5,6,5,86.58,Sunday,True,False
m-037,2026-03-30,484.96,4,3,121.24,Monday,False,False
m-037,2026-03-31,292.14,3,2,97.38,Tuesday,False,False
m-037,2026-04-01,98.47,2,0,49.24,Wednesday,False,False
m-037,2026-04-02,602.34,2,2,301.17,Thursday,False,False
m-037,2026-04-03,48.34,1,1,48.34,Friday,False,False
m-037,2026-04-04,377.62,4,4,94.4,Saturday,True,False
m-037,2026-04-05,808.83,8,6,101.1,Sunday,True,False
m-037,2026-04-06,567.35,9,5,63.04,Monday,False,False
m-037,2026-04-07,318.64,2,2,159.32,Tuesday,False,False
m-037,2026-04-08,97.68,2,2,48.84,Wednesday,False,False
m-037,2026-04-09,63.08,1,0,63.08,Thursday,False,False
m-037,2026-04-10,257.36,4,2,64.34,Friday,False,False
m-037,2026-04-11,129.64,2,1,64.82,Saturday,True,False
m-037,2026-04-12,679.68,8,5,84.96,Sunday,True,False
m-037,2026-04-13,223.9,2,2,111.95,Monday,False,False
m-037,2026-04-14,739.56,4,2,184.89,Tuesday,False,False
m-037,2026-04-15,64.82,1,1,64.82,Wednesday,False,False
m-037,2026-04-16,757.03,7,5,108.15,Thursday,False,False
m-037,2026-04-18,406.96,5,3,81.39,Saturday,True,False
m-037,2026-04-19,607.87,6,4,101.31,Sunday,True,False
m-037,2026-04-20,290.82,3,2,96.94,Monday,False,False
m-037,2026-04-21,356.65,5,3,71.33,Tuesday,False,False
m-037,2026-04-22,128.36,1,1,128.36,Wednesday,False,False
m-037,2026-04-23,97.68,1,1,97.68,Thursday,False,False
m-037,2026-04-24,711.41,4,3,177.85,Friday,False,False
m-037,2026-04-25,240.1,4,3,60.03,Saturday,True,False
m-037,2026-04-26,480.59,5,4,96.12,Sunday,True,False
m-037,2026-04-27,560.86,6,4,93.48,Monday,False,False
m-037,2026-04-29,315.66,1,1,315.66,Wednesday,False,False
m-037,2026-04-30,142.63,3,3,47.54,Thursday,False,False
m-037,2026-05-01,157.83,1,1,157.83,Friday,False,False
m-037,2026-05-02,438.91,5,4,87.78,Saturday,True,False
m-037,2026-05-03,157.83,1,1,157.83,Sunday,True,False
m-037,2026-05-04,736.63,5,4,147.33,Monday,False,False
m-037,2026-05-05,305.84,5,2,61.17,Tuesday,False,False
m-037,2026-05-06,145.02,1,1,145.02,Wednesday,False,False
m-037,2026-05-07,142.63,3,3,47.54,Thursday,False,False
m-037,2026-05-08,64.18,1,0,64.18,Friday,False,False
m-037,2026-05-09,652.83,6,5,108.8,Saturday,True,False
m-037,2026-05-10,223.35,2,2,111.68,Sunday,True,False
m-037,2026-05-11,115.84,3,2,38.61,Monday,False,False
m-037,2026-05-12,226.56,4,2,56.64,Tuesday,False,False
m-037,2026-05-13,1020.45,6,4,170.08,Wednesday,False,False
m-037,2026-05-14,207.46,2,2,103.73,Thursday,False,False
m-037,2026-05-15,44.95,1,1,44.95,Friday,False,False
m-037,2026-05-16,327.89,5,3,65.58,Saturday,True,False
m-037,2026-05-17,315.16,5,4,63.03,Sunday,True,False
m-037,2026-05-18,629.2,4,3,157.3,Monday,False,False
m-037,2026-05-19,94.62,1,0,94.62,Tuesday,False,False
m-037,2026-05-20,643.76,3,3,214.59,Wednesday,False,False
m-037,2026-05-21,160.54,3,2,53.51,Thursday,False,False
m-037,2026-05-22,418.52,5,2,83.7,Friday,False,False
m-037,2026-05-23,222.65,2,2,111.32,Saturday,True,False
m-037,2026-05-24,259.71,3,2,86.57,Sunday,True,False
m-037,2026-05-25,947.12,7,7,135.3,Monday,False,False
m-037,2026-05-26,2186.67,4,2,546.67,Tuesday,False,False
m-037,2026-05-27,408.17,3,2,136.06,Wednesday,False,False
m-037,2026-05-28,529.63,5,2,105.93,Thursday,False,False
m-037,2026-05-29,785.12,6,5,130.85,Friday,False,False
m-037,2026-05-30,297.04,3,1,99.01,Saturday,True,False
m-037,2026-05-31,162.38,3,3,54.13,Sunday,True,False
m-037,2026-06-01,293.02,3,3,97.67,Monday,False,False
m-037,2026-06-02,277.41,4,2,69.35,Tuesday,False,False
m-037,2026-06-03,897.42,6,6,149.57,Wednesday,False,False
m-037,2026-06-04,825.58,4,1,206.4,Thursday,False,False
m-037,2026-06-05,347.18,2,2,173.59,Friday,False,False
m-037,2026-06-06,248.2,2,2,124.1,Saturday,True,False
m-037,2026-06-07,744.58,8,7,93.07,Sunday,True,False
m-037,2026-06-08,194.46,1,1,194.46,Monday,False,False
m-037,2026-06-09,657.65,4,3,164.41,Tuesday,False,False
m-037,2026-06-10,317.0,3,3,105.67,Wednesday,False,False
m-037,2026-06-11,33.5,1,0,33.5,Thursday,False,False
m-037,2026-06-12,392.95,6,5,65.49,Friday,False,False
m-037,2026-06-13,473.49,2,2,236.74,Saturday,True,False
m-037,2026-06-14,571.45,6,5,95.24,Sunday,True,False
m-037,2026-06-15,627.01,5,4,125.4,Monday,False,False
m-037,2026-06-16,64.18,1,0,64.18,Tuesday,False,False
m-037,2026-06-17,174.23,2,2,87.12,Wednesday,False,False
m-037,2026-06-18,551.74,6,6,91.96,Thursday,False,False
m-037,2026-06-19,164.7,1,1,164.7,Friday,False,False
m-037,2026-06-20,177.34,3,2,59.11,Saturday,True,False
m-037,2026-06-21,619.81,8,5,77.48,Sunday,True,False
m-037,2026-06-22,523.07,4,2,130.77,Monday,False,False
m-037,2026-06-23,196.22,3,2,65.41,Tuesday,False,False
m-037,2026-06-24,377.74,3,3,125.91,Wednesday,False,False
m-037,2026-06-25,95.72,2,2,47.86,Thursday,False,False
m-037,2026-06-26,171.11,2,2,85.56,Friday,False,False
m-037,2026-06-27,474.12,5,4,94.82,Saturday,True,False
m-037,2026-06-28,554.94,5,5,110.99,Sunday,True,False
m-037,2026-06-29,173.4,2,2,86.7,Monday,False,False
m-037,2026-06-30,49.63,1,1,49.63,Tuesday,False,False
m-037,2026-07-01,90.33,2,2,45.17,Wednesday,False,False
m-037,2026-07-02,670.23,4,2,167.56,Thursday,False,False
m-037,2026-07-03,31.54,1,1,31.54,Friday,False,False
m-037,2026-07-04,239.78,5,3,47.96,Saturday,True,False
m-037,2026-07-05,144.13,2,0,72.06,Sunday,True,False
m-037,2026-07-06,406.59,4,1,101.65,Monday,False,False
m-037,2026-07-07,263.96,2,1,131.98,Tuesday,False,False
m-037,2026-07-08,139.88,2,1,69.94,Wednesday,False,False
m-037,2026-07-09,83.5,1,1,83.5,Thursday,False,False
m-037,2026-07-10,222.65,2,2,111.32,Friday,False,False
m-037,2026-07-11,427.99,6,4,71.33,Saturday,True,False
m-037,2026-07-12,184.4,2,1,92.2,Sunday,True,False
m-037,2026-07-13,148.32,2,0,74.16,Monday,False,False
m-037,2026-07-14,703.3,4,3,175.82,Tuesday,False,False
m-037,2026-07-15,227.96,2,1,113.98,Wednesday,False,False
m-037,2026-07-16,216.26,3,1,72.09,Thursday,False,False
m-037,2026-07-17,128.0,2,2,64.0,Friday,False,False
m-037,2026-07-18,596.52,4,3,149.13,Saturday,True,False
m-037,2026-07-19,256.85,3,3,85.62,Sunday,True,False
m-037,2026-07-20,157.83,1,1,157.83,Monday,False,False
m-037,2026-07-21,67.0,1,1,67.0,Tuesday,False,False
m-037,2026-07-22,855.53,8,6,106.94,Wednesday,False,False
m-037,2026-07-23,164.7,1,0,164.7,Thursday,False,False
m-037,2026-07-24,49.63,1,1,49.63,Friday,False,False
m-037,2026-07-25,300.42,5,5,60.08,Saturday,True,False
m-037,2026-07-26,273.77,3,3,91.26,Sunday,True,False
m-037,2026-07-27,177.84,3,2,59.28,Monday,False,False
m-037,2026-07-28,762.73,3,2,254.24,Tuesday,False,False
m-037,2026-07-29,158.68,2,2,79.34,Wednesday,False,False
m-037,2026-07-30,530.68,3,3,176.89,Thursday,False,False
m-037,2026-07-31,1460.93,7,4,208.7,Friday,False,False
m-037,2026-08-01,326.04,4,3,81.51,Saturday,True,False
m-037,2026-08-02,289.98,5,4,58.0,Sunday,True,False
m-037,2026-08-03,690.55,5,2,138.11,Monday,False,False
m-037,2026-08-04,556.99,2,2,278.5,Tuesday,False,False
m-037,2026-08-05,303.85,5,4,60.77,Wednesday,False,False
m-037,2026-08-06,80.38,2,2,40.19,Thursday,False,False
m-037,2026-08-07,385.57,2,1,192.79,Friday,False,False
m-037,2026-08-08,333.93,4,1,83.48,Saturday,True,False
m-037,2026-08-09,507.77,5,5,101.55,Sunday,True,False
m-037,2026-08-10,386.55,2,0,193.27,Monday,False,False
m-037,2026-08-11,93.29,2,0,46.64,Tuesday,False,False
m-037,2026-08-12,605.3,3,1,201.77,Wednesday,False,False
m-037,2026-08-13,359.51,3,2,119.84,Thursday,False,False
m-037,2026-08-14,1206.59,6,3,201.1,Friday,False,False
m-037,2026-08-15,271.91,3,3,90.64,Saturday,True,True
m-037,2026-08-16,315.04,2,2,157.52,Sunday,True,False
m-037,2026-08-17,367.48,4,2,91.87,Monday,False,False
m-037,2026-08-18,79.88,2,2,39.94,Tuesday,False,False
m-037,2026-08-19,571.58,4,2,142.9,Wednesday,False,False
m-037,2026-08-20,884.09,10,6,88.41,Thursday,False,False
m-037,2026-08-21,855.02,6,6,142.5,Friday,False,False
m-037,2026-08-22,257.3,3,3,85.77,Saturday,True,False
m-037,2026-08-23,597.24,3,2,199.08,Sunday,True,False
m-037,2026-08-24,212.5,3,1,70.83,Monday,False,False
m-037,2026-08-25,224.14,2,1,112.07,Tuesday,False,False
m-037,2026-08-26,530.05,5,3,106.01,Wednesday,False,False
m-037,2026-08-27,538.31,2,2,269.15,Thursday,False,False
m-037,2026-08-28,1127.73,7,6,161.1,Friday,False,True
m-037,2026-08-29,563.51,5,3,112.7,Saturday,True,False
m-037,2026-08-30,191.33,2,2,95.66,Sunday,True,False
m-037,2026-08-31,443.19,4,2,110.8,Monday,False,False
m-037,2026-09-01,136.14,1,0,136.14,Tuesday,False,False
m-037,2026-09-02,672.83,5,2,134.57,Wednesday,False,False
m-037,2026-09-03,633.75,7,5,90.54,Thursday,False,False
m-037,2026-09-04,79.88,2,1,39.94,Friday,False,False
m-037,2026-09-05,431.73,5,3,86.35,Saturday,True,False
m-037,2026-09-06,672.71,8,4,84.09,Sunday,True,False
m-037,2026-09-07,439.5,2,1,219.75,Monday,False,False
m-037,2026-09-08,1218.39,8,7,152.3,Tuesday,False,False
m-037,2026-09-09,1133.55,6,3,188.93,Wednesday,False,False
m-037,2026-09-10,454.93,4,2,113.73,Thursday,False,False
m-037,2026-09-11,97.68,1,0,97.68,Friday,False,False
m-037,2026-09-12,874.24,8,7,109.28,Saturday,True,False
m-037,2026-09-13,609.37,5,5,121.87,Sunday,True,False
m-037,2026-09-14,338.26,3,2,112.75,Monday,False,False
m-037,2026-09-16,177.99,2,1,89.0,Wednesday,False,False
m-037,2026-09-17,685.32,5,3,137.06,Thursday,False,False
m-038,2025-09-18,492.25,4,3,123.06,Thursday,False,False
m-038,2025-09-20,172.06,1,1,172.06,Saturday,True,False
m-038,2025-09-21,447.35,3,2,149.12,Sunday,True,False
m-038,2025-09-22,214.26,2,2,107.13,Monday,False,False
m-038,2025-09-23,447.04,4,2,111.76,Tuesday,False,False
m-038,2025-09-24,145.43,2,1,72.72,Wednesday,False,False
m-038,2025-09-25,576.59,5,3,115.32,Thursday,False,False
m-038,2025-09-26,537.71,2,1,268.86,Friday,False,False
m-038,2025-09-27,534.39,4,3,133.6,Saturday,True,False
m-038,2025-09-28,274.98,3,3,91.66,Sunday,True,False
m-038,2025-09-29,903.36,3,3,301.12,Monday,False,False
m-038,2025-09-30,84.4,2,2,42.2,Tuesday,False,False
m-038,2025-10-01,129.55,1,1,129.55,Wednesday,False,False
m-038,2025-10-02,145.43,2,2,72.72,Thursday,False,False
m-038,2025-10-03,744.17,4,3,186.04,Friday,False,False
m-038,2025-10-04,1140.62,7,6,162.95,Saturday,True,False
m-038,2025-10-05,516.18,3,2,172.06,Sunday,True,False
m-038,2025-10-06,274.98,3,2,91.66,Monday,False,False
m-038,2025-10-07,103.23,1,1,103.23,Tuesday,False,False
m-038,2025-10-08,129.55,1,1,129.55,Wednesday,False,False
m-038,2025-10-10,428.52,4,2,107.13,Friday,False,False
m-038,2025-10-11,876.73,4,3,219.18,Saturday,True,False
m-038,2025-10-12,301.3,3,3,100.43,Sunday,True,False
m-038,2025-10-13,903.05,4,3,225.76,Monday,False,False
m-038,2025-10-14,343.81,3,2,114.6,Tuesday,False,False
m-038,2025-10-15,1136.14,5,5,227.23,Wednesday,False,False
m-038,2025-10-16,206.46,2,2,103.23,Thursday,False,False
m-038,2025-10-17,960.76,6,5,160.13,Friday,False,False
m-038,2025-10-18,214.26,2,0,107.13,Saturday,True,False
m-038,2025-10-19,214.26,2,1,107.13,Sunday,True,False
m-038,2025-10-20,1159.51,7,6,165.64,Monday,False,True
m-038,2025-10-21,275.29,2,2,137.65,Tuesday,False,True
m-038,2025-10-22,343.81,3,3,114.6,Wednesday,False,True
m-038,2025-10-23,979.96,5,4,195.99,Thursday,False,False
m-038,2025-10-24,667.26,3,2,222.42,Friday,False,False
m-038,2025-10-25,881.52,5,4,176.3,Saturday,True,False
m-038,2025-10-26,683.14,4,1,170.78,Sunday,True,False
m-038,2025-10-27,876.73,4,3,219.18,Monday,False,False
m-038,2025-10-28,1090.99,6,4,181.83,Tuesday,False,False
m-038,2025-10-29,666.95,4,2,166.74,Wednesday,False,False
m-038,2025-10-30,274.98,3,2,91.66,Thursday,False,False
m-038,2025-10-31,1045.78,6,5,174.3,Friday,False,False
m-038,2025-11-01,1093.63,5,2,218.73,Saturday,True,False
m-038,2025-11-02,809.68,6,5,134.95,Sunday,True,False
m-038,2025-11-03,1312.68,8,5,164.08,Monday,False,False
m-038,2025-11-04,1136.14,5,5,227.23,Tuesday,False,False
m-038,2025-11-05,942.55,5,3,188.51,Wednesday,False,False
m-038,2025-11-06,579.91,3,2,193.3,Thursday,False,False
m-038,2025-11-07,171.75,2,1,85.88,Friday,False,False
m-038,2025-11-08,666.95,4,1,166.74,Saturday,True,False
m-038,2025-11-09,1562.51,7,7,223.22,Sunday,True,False
m-038,2025-11-10,468.88,2,0,234.44,Monday,False,False
m-038,2025-11-11,1075.11,5,4,215.02,Tuesday,False,False
m-038,2025-11-12,343.81,3,3,114.6,Wednesday,False,False
m-038,2025-11-13,1372.24,5,5,274.45,Thursday,False,False
m-038,2025-11-14,847.4,5,3,169.48,Friday,False,False
m-038,2025-11-15,489.24,5,3,97.85,Saturday,True,False
m-038,2025-11-16,794.17,5,4,158.83,Sunday,True,False
m-038,2025-11-17,84.4,2,1,42.2,Monday,False,False
m-038,2025-11-18,1204.66,6,3,200.78,Tuesday,False,False
m-038,2025-11-19,365.65,1,0,365.65,Wednesday,False,False
m-038,2025-11-20,989.85,6,4,164.98,Thursday,False,False
m-038,2025-11-21,344.12,2,1,172.06,Friday,False,False
m-038,2025-11-22,770.18,5,5,154.04,Saturday,True,False
m-038,2025-11-23,847.4,5,3,169.48,Sunday,True,False
m-038,2025-11-24,537.71,2,0,268.86,Monday,False,False
m-038,2025-11-25,725.34,5,4,145.07,Tuesday,False,False
m-038,2025-11-26,624.75,3,2,208.25,Wednesday,False,False
m-038,2025-11-27,365.65,1,1,365.65,Thursday,False,False
m-038,2025-11-28,754.3,4,3,188.58,Friday,False,False
m-038,2025-11-29,661.3,6,3,110.22,Saturday,True,False
m-038,2025-11-30,1356.05,5,3,271.21,Sunday,True,False
m-038,2025-12-01,404.84,3,2,134.95,Monday,False,False
m-038,2025-12-02,958.43,6,4,159.74,Tuesday,False,False
m-038,2025-12-03,213.95,3,2,71.32,Wednesday,False,False
m-038,2025-12-04,683.14,4,2,170.78,Thursday,False,False
m-038,2025-12-05,214.26,2,2,107.13,Friday,False,False
m-038,2025-12-06,1372.24,5,3,274.45,Saturday,True,False
m-038,2025-12-07,912.6,8,4,114.08,Sunday,True,False
m-038,2025-12-08,1247.48,5,4,249.5,Monday,False,False
m-038,2025-12-10,365.65,1,0,365.65,Wednesday,False,False
m-038,2025-12-11,751.97,4,4,187.99,Thursday,False,False
m-038,2025-12-12,839.01,5,4,167.8,Friday,False,False
m-038,2025-12-13,362.33,3,1,120.78,Saturday,True,False
m-038,2025-12-14,1909.64,8,6,238.7,Sunday,True,False
m-038,2025-12-15,709.15,5,3,141.83,Monday,False,False
m-038,2025-12-16,42.2,1,1,42.2,Tuesday,False,False
m-038,2025-12-17,815.7,4,2,203.92,Wednesday,False,False
m-038,2025-12-18,511.08,3,1,170.36,Thursday,False,False
m-038,2025-12-19,1620.9,8,5,202.61,Friday,False,False
m-038,2025-12-20,709.77,3,1,236.59,Saturday,True,False
m-038,2025-12-21,592.78,5,4,118.56,Sunday,True,False
m-038,2025-12-22,1136.14,5,4,227.23,Monday,False,False
m-038,2025-12-23,103.23,1,1,103.23,Tuesday,False,False
m-038,2025-12-24,275.29,2,2,137.65,Wednesday,False,False
m-038,2025-12-25,592.78,5,5,118.56,Thursday,False,True
m-038,2025-12-26,206.46,2,2,103.23,Friday,False,False
m-038,2025-12-27,42.2,1,1,42.2,Saturday,True,False
m-038,2025-12-28,1032.91,4,2,258.23,Sunday,True,False
m-038,2025-12-29,834.53,3,3,278.18,Monday,False,False
m-038,2025-12-30,592.78,5,3,118.56,Tuesday,False,False
m-038,2025-12-31,725.34,5,3,145.07,Wednesday,False,True
m-038,2026-01-01,579.91,3,3,193.3,Thursday,False,True
m-038,2026-01-02,447.04,4,1,111.76,Friday,False,False
m-038,2026-01-03,378.21,4,1,94.55,Saturday,True,False
m-038,2026-01-04,129.55,1,0,129.55,Sunday,True,False
m-038,2026-01-05,206.46,2,2,103.23,Monday,False,False
m-038,2026-01-06,187.63,3,2,62.54,Tuesday,False,False
m-038,2026-01-07,553.28,4,3,138.32,Wednesday,False,False
m-038,2026-01-08,275.29,2,2,137.65,Thursday,False,False
m-038,2026-01-09,1260.04,8,3,157.5,Friday,False,False
m-038,2026-01-10,709.46,4,3,177.36,Saturday,True,False
m-038,2026-01-11,786.06,6,4,131.01,Sunday,True,False
m-038,2026-01-12,903.05,4,3,225.76,Monday,False,False
m-038,2026-01-13,600.58,5,3,120.12,Tuesday,False,False
m-038,2026-01-14,881.52,5,5,176.3,Wednesday,False,True
m-038,2026-01-15,468.88,2,2,234.44,Thursday,False,False
m-038,2026-01-16,687.93,5,4,137.59,Friday,False,False
m-038,2026-01-17,640.94,3,1,213.65,Saturday,True,False
m-038,2026-01-18,881.21,6,3,146.87,Sunday,True,False
m-038,2026-01-19,731.3,2,2,365.65,Monday,False,False
m-038,2026-01-20,683.14,4,4,170.78,Tuesday,False,False
m-038,2026-01-21,232.78,2,1,116.39,Wednesday,False,False
m-038,2026-01-22,259.1,2,1,129.55,Thursday,False,False
m-038,2026-01-23,275.29,2,2,137.65,Friday,False,False
m-038,2026-01-24,839.01,5,5,167.8,Saturday,True,False
m-038,2026-01-25,557.76,6,5,92.96,Sunday,True,False
m-038,2026-01-26,1226.5,4,4,306.62,Monday,False,False
m-038,2026-01-27,301.61,2,1,150.8,Tuesday,False,False
m-038,2026-01-28,945.56,4,4,236.39,Wednesday,False,False
m-038,2026-01-29,407.85,2,1,203.92,Thursday,False,False
m-038,2026-01-30,378.21,4,1,94.55,Friday,False,False
m-038,2026-01-31,1269.01,4,3,317.25,Saturday,True,False
m-038,2026-02-01,847.4,5,4,169.48,Sunday,True,False
m-038,2026-02-02,1032.91,4,2,258.23,Monday,False,False
m-038,2026-02-03,145.43,2,0,72.72,Tuesday,False,False
m-038,2026-02-04,624.75,3,2,208.25,Wednesday,False,False
m-038,2026-02-05,640.63,4,2,160.16,Thursday,False,False
m-038,2026-02-06,773.5,3,3,257.83,Friday,False,False
m-038,2026-02-07,317.49,3,0,105.83,Saturday,True,False
m-038,2026-02-08,773.5,3,2,257.83,Sunday,True,False
m-038,2026-02-09,534.39,4,4,133.6,Monday,False,False
m-038,2026-02-10,232.78,2,1,116.39,Tuesday,False,False
m-038,2026-02-11,407.85,2,2,203.92,Wednesday,False,False
m-038,2026-02-13,274.98,3,2,91.66,Friday,False,False
m-038,2026-02-14,1501.48,7,5,214.5,Saturday,True,False
m-038,2026-02-15,602.91,5,5,120.58,Sunday,True,False
m-038,2026-02-16,579.91,3,3,193.3,Monday,False,False
m-038,2026-02-17,886.59,7,6,126.66,Tuesday,False,False
m-038,2026-02-18,103.23,1,0,103.23,Wednesday,False,False
m-038,2026-02-19,172.06,1,1,172.06,Thursday,False,False
m-038,2026-02-20,634.98,6,2,105.83,Friday,False,False
m-038,2026-02-21,640.94,3,2,213.65,Saturday,True,False
m-038,2026-02-22,359.69,4,3,89.92,Sunday,True,False
m-038,2026-02-23,145.43,2,2,72.72,Monday,False,False
m-038,2026-02-24,878.51,6,6,146.42,Tuesday,False,False
m-038,2026-02-25,172.06,1,0,172.06,Wednesday,False,False
m-038,2026-02-26,42.2,1,1,42.2,Thursday,False,False
m-038,2026-02-27,365.65,1,1,365.65,Friday,False,False
m-038,2026-02-28,683.14,4,2,170.78,Saturday,True,False
m-038,2026-03-01,365.65,1,0,365.65,Sunday,True,False
m-038,2026-03-02,431.16,3,2,143.72,Monday,False,False
m-038,2026-03-03,900.04,5,2,180.01,Tuesday,False,False
m-038,2026-03-04,2009.86,10,8,200.99,Wednesday,False,True
m-038,2026-03-05,537.4,3,3,179.13,Thursday,False,False
m-038,2026-03-06,812.38,6,3,135.4,Friday,False,False
m-038,2026-03-07,511.08,3,2,170.36,Saturday,True,False
m-038,2026-03-08,683.14,4,3,170.78,Sunday,True,False
m-038,2026-03-09,990.4,4,1,247.6,Monday,False,False
m-038,2026-03-10,640.94,3,2,213.65,Tuesday,False,False
m-038,2026-03-11,206.46,2,2,103.23,Wednesday,False,False
m-038,2026-03-12,431.16,3,2,143.72,Thursday,False,False
m-038,2026-03-13,42.2,1,1,42.2,Friday,False,False
m-038,2026-03-14,468.88,2,2,234.44,Saturday,True,False
m-038,2026-03-15,103.23,1,1,103.23,Sunday,True,False
m-038,2026-03-16,727.98,4,4,182.0,Monday,False,False
m-038,2026-03-17,378.21,4,3,94.55,Tuesday,False,False
m-038,2026-03-18,537.71,2,1,268.86,Wednesday,False,False
m-038,2026-03-19,103.23,1,1,103.23,Thursday,False,False
m-038,2026-03-20,945.56,4,2,236.39,Friday,False,True
m-038,2026-03-21,667.26,3,3,222.42,Saturday,True,False
m-038,2026-03-22,1604.71,8,7,200.59,Sunday,True,False
m-038,2026-03-23,709.46,4,4,177.36,Monday,False,False
m-038,2026-03-24,129.55,1,0,129.55,Tuesday,False,False
m-038,2026-03-25,709.77,3,3,236.59,Wednesday,False,False
m-038,2026-03-26,667.26,3,3,222.42,Thursday,False,False
m-038,2026-03-27,172.06,1,1,172.06,Friday,False,False
m-038,2026-03-28,232.78,2,1,116.39,Saturday,True,False
m-038,2026-03-29,1292.01,6,4,215.34,Sunday,True,False
m-038,2026-03-30,640.63,4,3,160.16,Monday,False,False
m-038,2026-03-31,873.72,5,4,174.74,Tuesday,False,False
m-038,2026-04-01,1011.38,5,1,202.28,Wednesday,False,False
m-038,2026-04-02,812.69,5,4,162.54,Thursday,False,False
m-038,2026-04-03,727.98,4,4,182.0,Friday,False,False
m-038,2026-04-04,232.78,2,2,116.39,Saturday,True,False
m-038,2026-04-05,717.54,5,2,143.51,Sunday,True,False
m-038,2026-04-06,717.54,5,4,143.51,Monday,False,False
m-038,2026-04-07,171.75,2,1,85.88,Tuesday,False,False
m-038,2026-04-08,576.9,4,2,144.23,Wednesday,False,False
m-038,2026-04-09,145.43,2,1,72.72,Thursday,False,False
m-038,2026-04-10,42.2,1,1,42.2,Friday,False,False
m-038,2026-04-11,976.95,6,4,162.83,Saturday,True,False
m-038,2026-04-12,903.36,3,2,301.12,Sunday,True,False
m-038,2026-04-13,1824.93,7,5,260.7,Monday,False,False
m-038,2026-04-14,84.4,2,1,42.2,Tuesday,False,False
m-038,2026-04-15,1178.34,6,3,196.39,Wednesday,False,False
m-038,2026-04-16,450.05,3,1,150.02,Thursday,False,False
m-038,2026-04-17,796.81,4,3,199.2,Friday,False,False
m-038,2026-04-18,365.65,1,1,365.65,Saturday,True,False
m-038,2026-04-19,985.06,5,2,197.01,Sunday,True,False
m-038,2026-04-20,232.78,2,0,116.39,Monday,False,False
m-038,2026-04-21,431.16,3,1,143.72,Tuesday,False,False
m-038,2026-04-22,274.98,3,2,91.66,Wednesday,False,False
m-038,2026-04-23,171.75,2,2,85.88,Thursday,False,False
m-038,2026-04-24,511.08,3,3,170.36,Friday,False,False
m-038,2026-04-25,834.53,3,2,278.18,Saturday,True,False
m-038,2026-04-26,259.1,2,1,129.55,Sunday,True,False
m-038,2026-04-27,301.3,3,1,100.43,Monday,False,False
m-038,2026-04-28,301.61,2,2,150.8,Tuesday,False,False
m-038,2026-04-29,272.03,5,2,54.41,Wednesday,False,False
m-038,2026-05-01,834.53,3,2,278.18,Friday,False,False
m-038,2026-05-02,365.65,1,0,365.65,Saturday,True,False
m-038,2026-05-03,450.05,3,2,150.02,Sunday,True,False
m-038,2026-05-04,407.85,2,1,203.92,Monday,False,False
m-038,2026-05-05,103.23,1,1,103.23,Tuesday,False,False
m-038,2026-05-06,365.65,1,1,365.65,Wednesday,False,False
m-038,2026-05-07,256.46,3,2,85.49,Thursday,False,False
m-038,2026-05-08,937.76,4,3,234.44,Friday,False,False
m-038,2026-05-09,1289.68,6,3,214.95,Saturday,True,False
m-038,2026-05-10,640.94,3,2,213.65,Sunday,True,False
m-038,2026-05-11,172.06,1,1,172.06,Monday,False,False
m-038,2026-05-12,42.2,1,1,42.2,Tuesday,False,False
m-038,2026-05-13,1117.31,6,3,186.22,Wednesday,False,False
m-038,2026-05-14,796.81,4,3,199.2,Thursday,False,False
m-038,2026-05-15,42.2,1,1,42.2,Friday,False,False
m-038,2026-05-16,667.26,3,1,222.42,Saturday,True,False
m-038,2026-05-17,447.04,4,3,111.76,Sunday,True,False
m-038,2026-05-18,624.75,3,2,208.25,Monday,False,False
m-038,2026-05-19,301.61,2,1,150.8,Tuesday,False,False
m-038,2026-05-20,709.77,3,2,236.59,Wednesday,False,False
m-038,2026-05-21,42.2,1,1,42.2,Thursday,False,False
m-038,2026-05-22,365.65,1,0,365.65,Friday,False,False
m-038,2026-05-23,598.43,3,3,199.48,Saturday,True,False
m-038,2026-05-24,1368.92,7,5,195.56,Sunday,True,False
m-038,2026-05-25,365.65,1,0,365.65,Monday,False,False
m-038,2026-05-26,365.65,1,0,365.65,Tuesday,False,False
m-038,2026-05-27,301.3,3,2,100.43,Wednesday,False,False
m-038,2026-05-28,378.21,4,3,94.55,Thursday,False,False
m-038,2026-05-29,508.07,4,3,127.02,Friday,False,False
m-038,2026-05-30,1389.9,8,7,173.74,Saturday,True,False
m-038,2026-05-31,404.84,3,2,134.95,Sunday,True,False
m-038,2026-06-01,1109.82,5,3,221.96,Monday,False,False
m-038,2026-06-02,876.73,4,4,219.18,Tuesday,False,False
m-038,2026-06-03,365.65,1,1,365.65,Wednesday,False,False
m-038,2026-06-04,420.41,5,3,84.08,Thursday,False,False
m-038,2026-06-05,344.12,2,0,172.06,Friday,False,False
m-038,2026-06-06,1808.19,9,7,200.91,Saturday,True,False
m-038,2026-06-07,1048.48,6,5,174.75,Sunday,True,False
m-038,2026-06-08,794.17,5,3,158.83,Monday,False,False
m-038,2026-06-09,786.37,5,1,157.27,Tuesday,False,False
m-038,2026-06-10,103.23,1,1,103.23,Wednesday,False,False
m-038,2026-06-11,968.56,6,5,161.43,Thursday,False,False
m-038,2026-06-12,301.3,3,2,100.43,Friday,False,False
m-038,2026-06-13,773.5,3,3,257.83,Saturday,True,False
m-038,2026-06-14,1350.4,7,4,192.91,Sunday,True,False
m-038,2026-06-15,987.76,5,3,197.55,Monday,False,False
m-038,2026-06-16,301.3,3,3,100.43,Tuesday,False,False
m-038,2026-06-17,860.85,3,2,286.95,Wednesday,False,False
m-038,2026-06-18,404.84,3,1,134.95,Thursday,False,False
m-038,2026-06-19,876.73,4,1,219.18,Friday,False,False
m-038,2026-06-20,511.08,3,2,170.36,Saturday,True,False
m-038,2026-06-21,8001.49,5,2,1600.3,Sunday,True,False
m-038,2026-06-22,1308.2,6,4,218.03,Monday,False,False
m-038,2026-06-23,549.96,6,3,91.66,Tuesday,False,False
m-038,2026-06-24,103.23,1,1,103.23,Wednesday,False,False
m-038,2026-06-25,722.64,5,5,144.53,Thursday,False,False
m-038,2026-06-26,1139.15,4,4,284.79,Friday,False,False
m-038,2026-06-27,386.32,3,2,128.77,Saturday,True,False
m-038,2026-06-28,206.46,2,2,103.23,Sunday,True,False
m-038,2026-06-29,171.75,2,1,85.88,Monday,False,False
m-038,2026-06-30,301.61,2,1,150.8,Tuesday,False,False
m-038,2026-07-01,317.49,3,2,105.83,Wednesday,False,False
m-038,2026-07-02,598.43,3,2,199.48,Thursday,False,False
m-038,2026-07-03,103.23,1,0,103.23,Friday,False,False
m-038,2026-07-04,1376.72,7,6,196.67,Saturday,True,False
m-038,2026-07-05,213.95,3,2,71.32,Sunday,True,False
m-038,2026-07-06,619.1,5,4,123.82,Monday,False,False
m-038,2026-07-07,232.78,2,2,116.39,Tuesday,False,False
m-038,2026-07-08,855.2,5,5,171.04,Wednesday,False,False
m-038,2026-07-09,42.2,1,0,42.2,Thursday,False,False
m-038,2026-07-10,407.85,2,1,203.92,Friday,False,False
m-038,2026-07-11,576.59,5,4,115.32,Saturday,True,False
m-038,2026-07-12,447.04,4,2,111.76,Sunday,True,False
m-038,2026-07-13,317.49,3,1,105.83,Monday,False,False
m-038,2026-07-14,790.85,7,4,112.98,Tuesday,False,False
m-038,2026-07-15,770.49,4,3,192.62,Wednesday,False,False
m-038,2026-07-16,3716.28,3,3,1238.76,Thursday,False,False
m-038,2026-07-17,1220.85,6,5,203.48,Friday,False,False
m-038,2026-07-18,1152.02,6,6,192.0,Saturday,True,False
m-038,2026-07-19,650.55,8,3,81.32,Sunday,True,False
m-038,2026-07-20,619.1,5,4,123.82,Monday,False,False
m-038,2026-07-21,232.78,2,1,116.39,Tuesday,False,False
m-038,2026-07-22,553.28,4,3,138.32,Wednesday,False,False
m-038,2026-07-23,274.98,3,2,91.66,Thursday,False,False
m-038,2026-07-24,404.84,3,1,134.95,Friday,False,False
m-038,2026-07-25,743.86,5,4,148.77,Saturday,True,False
m-038,2026-07-26,709.77,3,1,236.59,Sunday,True,False
m-038,2026-07-27,701.66,4,3,175.42,Monday,False,False
m-038,2026-07-28,365.65,1,1,365.65,Tuesday,False,False
m-038,2026-07-29,103.23,1,1,103.23,Wednesday,False,False
m-038,2026-07-30,751.66,5,3,150.33,Thursday,False,False
m-038,2026-07-31,259.1,2,2,129.55,Friday,False,False
m-038,2026-08-01,640.63,4,2,160.16,Saturday,True,False
m-038,2026-08-02,508.07,4,3,127.02,Sunday,True,False
m-038,2026-08-03,187.63,3,2,62.54,Monday,False,False
m-038,2026-08-04,447.35,3,2,149.12,Tuesday,False,False
m-038,2026-08-05,683.14,4,3,170.78,Wednesday,False,False
m-038,2026-08-06,572.11,3,3,190.7,Thursday,False,False
m-038,2026-08-07,145.43,2,2,72.72,Friday,False,False
m-038,2026-08-08,256.46,3,2,85.49,Saturday,True,False
m-038,2026-08-09,420.72,4,3,105.18,Sunday,True,False
m-038,2026-08-10,172.06,1,1,172.06,Monday,False,False
m-038,2026-08-11,511.08,3,3,170.36,Tuesday,False,False
m-038,2026-08-12,1138.29,7,4,162.61,Wednesday,False,False
m-038,2026-08-13,1067.31,5,3,213.46,Thursday,False,False
m-038,2026-08-14,378.52,3,2,126.17,Friday,False,False
m-038,2026-08-15,854.89,6,4,142.48,Saturday,True,True
m-038,2026-08-16,731.3,2,2,365.65,Sunday,True,False
m-038,2026-08-17,640.94,3,2,213.65,Monday,False,False
m-038,2026-08-18,904.83,6,5,150.8,Tuesday,False,False
m-038,2026-08-19,42.2,1,0,42.2,Wednesday,False,False
m-038,2026-08-20,274.98,3,2,91.66,Thursday,False,False
m-038,2026-08-21,705.83,7,5,100.83,Friday,False,False
m-038,2026-08-22,764.53,7,7,109.22,Saturday,True,False
m-038,2026-08-23,1501.79,6,5,250.3,Sunday,True,False
m-038,2026-08-24,722.33,6,5,120.39,Monday,False,False
m-038,2026-08-25,881.52,5,4,176.3,Tuesday,False,False
m-038,2026-08-26,401.58,6,4,66.93,Wednesday,False,False
m-038,2026-08-27,259.1,2,2,129.55,Thursday,False,False
m-038,2026-08-28,1262.37,8,7,157.8,Friday,False,True
m-038,2026-08-29,1006.28,5,2,201.26,Saturday,True,False
m-038,2026-08-30,1213.05,6,6,202.18,Sunday,True,False
m-038,2026-08-31,172.06,1,1,172.06,Monday,False,False
m-038,2026-09-01,214.26,2,1,107.13,Tuesday,False,False
m-038,2026-09-02,558.38,4,3,139.6,Wednesday,False,False
m-038,2026-09-03,743.86,5,3,148.77,Thursday,False,False
m-038,2026-09-04,701.66,4,1,175.42,Friday,False,False
m-038,2026-09-05,468.88,2,1,234.44,Saturday,True,False
m-038,2026-09-06,404.84,3,3,134.95,Sunday,True,False
m-038,2026-09-07,731.3,2,1,365.65,Monday,False,False
m-038,2026-09-08,731.3,2,1,365.65,Tuesday,False,False
m-038,2026-09-09,206.46,2,2,103.23,Wednesday,False,False
m-038,2026-09-10,103.23,1,1,103.23,Thursday,False,False
m-038,2026-09-11,1268.7,5,4,253.74,Friday,False,False
m-038,2026-09-12,701.66,4,4,175.42,Saturday,True,False
m-038,2026-09-13,343.81,3,2,114.6,Sunday,True,False
m-038,2026-09-14,743.86,5,3,148.77,Monday,False,False
m-038,2026-09-15,317.49,3,2,105.83,Tuesday,False,False
m-038,2026-09-16,701.66,4,2,175.42,Wednesday,False,False
m-038,2026-09-17,365.65,1,1,365.65,Thursday,False,False
m-039,2025-09-18,239.15,2,1,119.57,Thursday,False,False
m-039,2025-09-19,719.09,4,1,179.77,Friday,False,False
m-039,2025-09-20,698.47,7,4,99.78,Saturday,True,False
m-039,2025-09-21,398.17,2,1,199.08,Sunday,True,False
m-039,2025-09-22,465.48,5,1,93.1,Monday,False,False
m-039,2025-09-23,270.14,2,2,135.07,Tuesday,False,False
m-039,2025-09-24,351.91,2,2,175.96,Wednesday,False,False
m-039,2025-09-25,628.01,6,4,104.67,Thursday,False,False
m-039,2025-09-26,621.42,5,3,124.28,Friday,False,False
m-039,2025-09-27,539.65,5,3,107.93,Saturday,True,False
m-039,2025-09-28,526.2,2,2,263.1,Sunday,True,False
m-039,2025-09-29,183.78,2,2,91.89,Monday,False,False
m-039,2025-09-30,362.03,3,2,120.68,Tuesday,False,False
m-039,2025-10-01,270.14,2,1,135.07,Wednesday,False,False
m-039,2025-10-02,263.1,1,1,263.1,Thursday,False,False
m-039,2025-10-03,591.44,6,3,98.57,Friday,False,False
m-039,2025-10-04,787.03,6,4,131.17,Saturday,True,False
m-039,2025-10-05,1107.95,8,5,138.49,Sunday,True,False
m-039,2025-10-06,135.07,1,1,135.07,Monday,False,False
m-039,2025-10-07,490.06,3,3,163.35,Tuesday,False,False
m-039,2025-10-08,104.08,1,1,104.08,Wednesday,False,False
m-039,2025-10-09,405.21,3,2,135.07,Thursday,False,False
m-039,2025-10-10,443.8,3,1,147.93,Friday,False,False
m-039,2025-10-11,362.03,3,2,120.68,Saturday,True,False
m-039,2025-10-12,331.04,3,2,110.35,Sunday,True,False
m-039,2025-10-13,405.21,3,1,135.07,Monday,False,False
m-039,2025-10-14,398.17,2,0,199.08,Tuesday,False,False
m-039,2025-10-15,594.14,4,3,148.54,Wednesday,False,False
m-039,2025-10-16,991.68,7,3,141.67,Thursday,False,False
m-039,2025-10-17,135.07,1,1,135.07,Friday,False,False
m-039,2025-10-18,1129.83,8,7,141.23,Saturday,True,False
m-039,2025-10-19,591.06,4,1,147.76,Sunday,True,False
m-039,2025-10-20,223.88,2,1,111.94,Monday,False,True
m-039,2025-10-21,606.33,4,3,151.58,Tuesday,False,True
m-039,2025-10-22,502.25,3,3,167.42,Wednesday,False,True
m-039,2025-10-23,287.86,3,2,95.95,Thursday,False,False
m-039,2025-10-24,857.62,7,5,122.52,Friday,False,False
m-039,2025-10-25,1347.3,8,5,168.41,Saturday,True,False
m-039,2025-10-26,1213.11,8,7,151.64,Sunday,True,False
m-039,2025-10-27,545.81,5,4,109.16,Monday,False,False
m-039,2025-10-28,435.12,4,4,108.78,Tuesday,False,False
m-039,2025-10-29,630.28,3,2,210.09,Wednesday,False,False
m-039,2025-10-30,594.14,4,2,148.54,Thursday,False,False
m-039,2025-10-31,223.88,2,2,111.94,Friday,False,False
m-039,2025-11-01,490.06,3,3,163.35,Saturday,True,False
m-039,2025-11-02,453.92,4,4,113.48,Sunday,True,False
m-039,2025-11-03,270.14,2,2,135.07,Monday,False,False
m-039,2025-11-04,639.77,5,3,127.95,Tuesday,False,False
m-039,2025-11-05,223.88,2,2,111.94,Wednesday,False,False
m-039,2025-11-06,668.31,4,3,167.08,Thursday,False,False
m-039,2025-11-07,594.14,4,3,148.54,Friday,False,False
m-039,2025-11-08,459.07,3,2,153.02,Saturday,True,False
m-039,2025-11-09,814.06,5,4,162.81,Sunday,True,False
m-039,2025-11-10,88.81,1,1,88.81,Monday,False,False
m-039,2025-11-11,878.11,4,4,219.53,Tuesday,False,False
m-039,2025-11-12,455.99,3,3,152.0,Wednesday,False,False
m-039,2025-11-13,1178.16,7,5,168.31,Thursday,False,False
m-039,2025-11-14,331.04,3,2,110.35,Friday,False,False
m-039,2025-11-15,180.7,2,1,90.35,Saturday,True,False
m-039,2025-11-16,713.74,7,3,101.96,Sunday,True,False
m-039,2025-11-17,91.89,1,1,91.89,Monday,False,False
m-039,2025-11-18,622.05,4,4,155.51,Tuesday,False,False
m-039,2025-11-19,606.33,4,4,151.58,Wednesday,False,False
m-039,2025-11-20,398.17,2,1,199.08,Thursday,False,False
m-039,2025-11-21,1267.6,7,6,181.09,Friday,False,False
m-039,2025-11-22,354.99,2,1,177.5,Saturday,True,False
m-039,2025-11-23,636.69,5,2,127.34,Sunday,True,False
m-039,2025-11-24,651.96,5,4,130.39,Monday,False,False
m-039,2025-11-25,630.28,3,1,210.09,Tuesday,False,False
m-039,2025-11-28,269.51,3,3,89.84,Friday,False,False
m-039,2025-11-29,281.7,3,3,93.9,Saturday,True,False
m-039,2025-11-30,315.77,3,3,105.26,Sunday,True,False
m-039,2025-12-01,318.85,3,3,106.28,Monday,False,False
m-039,2025-12-02,270.14,2,2,135.07,Tuesday,False,False
m-039,2025-12-04,631.54,6,6,105.26,Thursday,False,False
m-039,2025-12-05,903.3,7,4,129.04,Friday,False,False
m-039,2025-12-06,502.25,3,2,167.42,Saturday,True,False
m-039,2025-12-07,704.63,7,5,100.66,Sunday,True,False
m-039,2025-12-08,450.21,5,3,90.04,Monday,False,False
m-039,2025-12-09,563.15,4,3,140.79,Tuesday,False,False
m-039,2025-12-10,180.7,2,2,90.35,Wednesday,False,False
m-039,2025-12-12,226.96,2,1,113.48,Friday,False,False
m-039,2025-12-13,183.78,2,1,91.89,Saturday,True,False
m-039,2025-12-14,455.99,3,2,152.0,Sunday,True,False
m-039,2025-12-15,459.07,3,2,153.02,Monday,False,False
m-039,2025-12-16,404.58,4,2,101.14,Tuesday,False,False
m-039,2025-12-17,208.16,2,2,104.08,Wednesday,False,False
m-039,2025-12-18,915.06,6,5,152.51,Thursday,False,False
m-039,2025-12-19,239.15,2,1,119.57,Friday,False,False
m-039,2025-12-20,860.57,7,3,122.94,Saturday,True,False
m-039,2025-12-21,354.99,2,1,177.5,Sunday,True,False
m-039,2025-12-22,312.69,3,2,104.23,Monday,False,False
m-039,2025-12-23,104.08,1,1,104.08,Tuesday,False,False
m-039,2025-12-25,716.82,7,7,102.4,Thursday,False,True
m-039,2025-12-26,872.76,7,5,124.68,Friday,False,False
m-039,2025-12-27,710.41,5,5,142.08,Saturday,True,False
m-039,2025-12-28,622.05,4,4,155.51,Sunday,True,False
m-039,2025-12-29,618.09,3,1,206.03,Monday,False,False
m-039,2025-12-30,459.07,3,3,153.02,Tuesday,False,False
m-039,2025-12-31,649.89,6,4,108.32,Wednesday,False,True
m-039,2026-01-01,1506.32,8,6,188.29,Thursday,False,True
m-039,2026-01-02,686.03,5,2,137.21,Friday,False,False
m-039,2026-01-03,1327.31,10,8,132.73,Saturday,True,False
m-039,2026-01-04,135.07,1,1,135.07,Sunday,True,False
m-039,2026-01-05,463.03,4,4,115.76,Monday,False,False
m-039,2026-01-06,351.91,2,2,175.96,Tuesday,False,False
m-039,2026-01-07,526.2,2,1,263.1,Wednesday,False,False
m-039,2026-01-08,465.48,5,4,93.1,Thursday,False,False
m-039,2026-01-09,354.99,2,2,177.5,Friday,False,False
m-039,2026-01-10,239.15,2,1,119.57,Saturday,True,False
m-039,2026-01-11,1436.11,9,4,159.57,Sunday,True,False
m-039,2026-01-12,466.11,4,3,116.53,Monday,False,False
m-039,2026-01-13,893.38,4,2,223.35,Tuesday,False,False
m-039,2026-01-14,636.69,5,1,127.34,Wednesday,False,True
m-039,2026-01-16,713.94,5,3,142.79,Friday,False,False
m-039,2026-01-17,544.8,4,3,136.2,Saturday,True,False
m-039,2026-01-18,296.97,3,1,98.99,Sunday,True,False
m-039,2026-01-19,502.25,3,2,167.42,Monday,False,False
m-039,2026-01-20,269.51,3,3,89.84,Tuesday,False,False
m-039,2026-01-21,591.06,4,3,147.76,Wednesday,False,False
m-039,2026-01-22,591.06,4,4,147.77,Thursday,False,False
m-039,2026-01-23,331.04,3,3,110.35,Friday,False,False
m-039,2026-01-24,446.88,3,1,148.96,Saturday,True,False
m-039,2026-01-25,976.41,7,4,139.49,Sunday,True,False
m-039,2026-01-26,679.87,5,2,135.97,Monday,False,False
m-039,2026-01-27,263.1,1,0,263.1,Tuesday,False,False
m-039,2026-01-28,263.1,1,0,263.1,Wednesday,False,False
m-039,2026-01-29,554.92,5,5,110.98,Thursday,False,False
m-039,2026-01-30,404.58,4,4,101.14,Friday,False,False
m-039,2026-01-31,1144.29,5,3,228.86,Saturday,True,False
m-039,2026-02-01,682.95,5,4,136.59,Sunday,True,False
m-039,2026-02-02,642.85,5,3,128.57,Monday,False,False
m-039,2026-02-03,104.08,1,1,104.08,Tuesday,False,False
m-039,2026-02-04,239.15,2,2,119.57,Wednesday,False,False
m-039,2026-02-05,523.93,5,5,104.79,Thursday,False,False
m-039,2026-02-06,354.99,2,2,177.5,Friday,False,False
m-039,2026-02-07,2970.33,5,5,594.07,Saturday,True,False
m-039,2026-02-08,798.79,5,3,159.76,Sunday,True,False
m-039,2026-02-09,281.7,3,1,93.9,Monday,False,False
m-039,2026-02-10,91.89,1,1,91.89,Tuesday,False,False
m-039,2026-02-11,637.32,4,1,159.33,Wednesday,False,False
m-039,2026-02-12,798.79,5,3,159.76,Thursday,False,False
m-039,2026-02-13,270.14,2,2,135.07,Friday,False,False
m-039,2026-02-14,578.87,4,4,144.72,Saturday,True,False
m-039,2026-02-15,192.89,2,2,96.44,Sunday,True,False
m-039,2026-02-16,263.1,1,0,263.1,Monday,False,False
m-039,2026-02-17,354.99,2,1,177.5,Tuesday,False,False
m-039,2026-02-18,379.75,4,4,94.94,Wednesday,False,False
m-039,2026-02-19,177.62,2,2,88.81,Thursday,False,False
m-039,2026-02-20,497.1,4,2,124.28,Friday,False,False
m-039,2026-02-21,655.04,5,2,131.01,Saturday,True,False
m-039,2026-02-22,489.86,5,4,97.97,Sunday,True,False
m-039,2026-02-23,502.25,3,2,167.42,Monday,False,False
m-039,2026-02-24,661.27,3,3,220.42,Tuesday,False,False
m-039,2026-02-26,404.58,4,3,101.14,Thursday,False,False
m-039,2026-02-27,818.02,6,5,136.34,Friday,False,False
m-039,2026-02-28,135.07,1,1,135.07,Saturday,True,False
m-039,2026-03-01,135.07,1,1,135.07,Sunday,True,False
m-039,2026-03-02,281.7,3,3,93.9,Monday,False,False
m-039,2026-03-03,902.87,6,5,150.48,Tuesday,False,False
m-039,2026-03-04,783.95,6,6,130.66,Wednesday,False,True
m-039,2026-03-05,455.99,3,1,152.0,Thursday,False,False
m-039,2026-03-06,471.26,3,2,157.09,Friday,False,False
m-039,2026-03-07,706.9,4,2,176.73,Saturday,True,False
m-039,2026-03-08,453.29,5,4,90.66,Sunday,True,False
m-039,2026-03-09,946.05,6,3,157.67,Monday,False,False
m-039,2026-03-10,781.25,8,7,97.66,Tuesday,False,False
m-039,2026-03-11,486.98,3,2,162.33,Wednesday,False,False
m-039,2026-03-12,845.93,6,4,140.99,Thursday,False,False
m-039,2026-03-13,180.7,2,1,90.35,Friday,False,False
m-039,2026-03-14,953.09,7,3,136.16,Saturday,True,False
m-039,2026-03-15,756.49,6,5,126.08,Sunday,True,False
m-039,2026-03-16,1196.96,7,5,170.99,Monday,False,False
m-039,2026-03-17,269.51,3,1,89.84,Tuesday,False,False
m-039,2026-03-19,351.91,2,1,175.96,Thursday,False,False
m-039,2026-03-20,967.73,8,4,120.97,Friday,False,True
m-039,2026-03-21,732.09,7,4,104.58,Saturday,True,False
m-039,2026-03-22,774.84,6,5,129.14,Sunday,True,False
m-039,2026-03-23,135.07,1,1,135.07,Monday,False,False
m-039,2026-03-24,695.14,5,5,139.03,Tuesday,False,False
m-039,2026-03-25,135.07,1,0,135.07,Wednesday,False,False
m-039,2026-03-26,459.07,3,2,153.02,Thursday,False,False
m-039,2026-03-27,135.07,1,1,135.07,Friday,False,False
m-039,2026-03-28,88.81,1,0,88.81,Saturday,True,False
m-039,2026-03-29,284.78,3,2,94.93,Sunday,True,False
m-039,2026-03-30,354.99,2,2,177.5,Monday,False,False
m-039,2026-03-31,490.06,3,2,163.35,Tuesday,False,False
m-039,2026-04-01,263.1,1,1,263.1,Wednesday,False,False
m-039,2026-04-02,88.81,1,1,88.81,Thursday,False,False
m-039,2026-04-03,567.11,5,3,113.42,Friday,False,False
m-039,2026-04-04,686.03,5,2,137.21,Saturday,True,False
m-039,2026-04-05,455.99,3,3,152.0,Sunday,True,False
m-039,2026-04-06,750.89,7,6,107.27,Monday,False,False
m-039,2026-04-07,490.06,3,3,163.35,Tuesday,False,False
m-039,2026-04-08,662.08,6,6,110.35,Wednesday,False,False
m-039,2026-04-09,398.17,2,2,199.08,Thursday,False,False
m-039,2026-04-10,598.1,5,4,119.62,Friday,False,False
m-039,2026-04-11,710.41,5,2,142.08,Saturday,True,False
m-039,2026-04-12,753.41,6,5,125.57,Sunday,True,False
m-039,2026-04-13,180.7,2,1,90.35,Monday,False,False
m-039,2026-04-14,327.96,3,3,109.32,Tuesday,False,False
m-039,2026-04-15,208.16,2,2,104.08,Wednesday,False,False
m-039,2026-04-16,490.06,3,3,163.35,Thursday,False,False
m-039,2026-04-17,772.39,5,3,154.48,Friday,False,False
m-039,2026-04-18,354.99,2,2,177.5,Saturday,True,False
m-039,2026-04-19,1034.86,7,5,147.84,Sunday,True,False
m-039,2026-04-20,296.97,3,3,98.99,Monday,False,False
m-039,2026-04-22,208.16,2,0,104.08,Wednesday,False,False
m-039,2026-04-24,502.25,3,3,167.42,Friday,False,False
m-039,2026-04-25,404.13,4,4,101.03,Saturday,True,False
m-039,2026-04-26,911.98,6,6,152.0,Sunday,True,False
m-039,2026-04-27,398.17,2,2,199.08,Monday,False,False
m-039,2026-04-28,569.56,6,4,94.93,Tuesday,False,False
m-039,2026-04-29,367.18,2,2,183.59,Wednesday,False,False
m-039,2026-04-30,630.28,3,3,210.09,Thursday,False,False
m-039,2026-05-01,331.04,3,3,110.35,Friday,False,False
m-039,2026-05-02,455.99,3,3,152.0,Saturday,True,False
m-039,2026-05-03,367.18,2,1,183.59,Sunday,True,False
m-039,2026-05-04,1023.1,8,6,127.89,Monday,False,False
m-039,2026-05-05,296.97,3,2,98.99,Tuesday,False,False
m-039,2026-05-06,91.89,1,0,91.89,Wednesday,False,False
m-039,2026-05-07,135.07,1,1,135.07,Thursday,False,False
m-039,2026-05-08,440.72,3,1,146.91,Friday,False,False
m-039,2026-05-09,693.07,6,4,115.51,Saturday,True,False
m-039,2026-05-10,463.03,4,3,115.76,Sunday,True,False
m-039,2026-05-11,486.98,3,2,162.33,Monday,False,False
m-039,2026-05-12,615.01,3,3,205.0,Tuesday,False,False
m-039,2026-05-13,940.9,7,5,134.41,Wednesday,False,False
m-039,2026-05-14,104.08,1,0,104.08,Thursday,False,False
m-039,2026-05-15,747.81,7,6,106.83,Friday,False,False
m-039,2026-05-16,686.28,7,5,98.04,Saturday,True,False
m-039,2026-05-17,362.03,3,3,120.68,Sunday,True,False
m-039,2026-05-18,287.86,3,2,95.95,Monday,False,False
m-039,2026-05-19,664.6,5,2,132.92,Tuesday,False,False
m-039,2026-05-20,560.07,4,3,140.02,Wednesday,False,False
m-039,2026-05-21,263.1,1,1,263.1,Thursday,False,False
m-039,2026-05-22,315.77,3,3,105.26,Friday,False,False
m-039,2026-05-23,195.97,2,0,97.98,Saturday,True,False
m-039,2026-05-24,239.15,2,2,119.57,Sunday,True,False
m-039,2026-05-25,223.88,2,1,111.94,Monday,False,False
m-039,2026-05-26,584.83,6,1,97.47,Tuesday,False,False
m-039,2026-05-27,462.4,5,5,92.48,Wednesday,False,False
m-039,2026-05-28,750.08,4,3,187.52,Thursday,False,False
m-039,2026-05-29,91.89,1,1,91.89,Friday,False,False
m-039,2026-05-30,284.78,3,1,94.93,Saturday,True,False
m-039,2026-05-31,878.11,4,2,219.53,Sunday,True,False
m-039,2026-06-01,493.39,5,3,98.68,Monday,False,False
m-039,2026-06-02,575.79,4,4,143.95,Tuesday,False,False
m-039,2026-06-03,900.42,5,4,180.08,Wednesday,False,False
m-039,2026-06-04,771.76,6,6,128.63,Thursday,False,False
m-039,2026-06-05,398.17,2,2,199.08,Friday,False,False
m-039,2026-06-06,888.23,5,5,177.65,Saturday,True,False
m-039,2026-06-08,682.95,5,4,136.59,Monday,False,False
m-039,2026-06-09,701.55,7,6,100.22,Tuesday,False,False
m-039,2026-06-11,183.78,2,2,91.89,Thursday,False,False
m-039,2026-06-13,1064.97,6,3,177.5,Saturday,True,False
m-039,2026-06-14,591.06,4,4,147.77,Sunday,True,False
m-039,2026-06-15,195.97,2,2,97.98,Monday,False,False
m-039,2026-06-16,674.27,6,4,112.38,Tuesday,False,False
m-039,2026-06-17,376.67,4,4,94.17,Wednesday,False,False
m-039,2026-06-18,135.07,1,0,135.07,Thursday,False,False
m-039,2026-06-19,398.17,2,1,199.08,Friday,False,False
m-039,2026-06-20,542.73,5,4,108.55,Saturday,True,False
m-039,2026-06-21,269.51,3,3,89.84,Sunday,True,False
m-039,2026-06-22,351.91,2,2,175.96,Monday,False,False
m-039,2026-06-24,331.04,3,3,110.35,Wednesday,False,False
m-039,2026-06-25,1138.94,8,8,142.37,Thursday,False,False
m-039,2026-06-26,682.95,5,3,136.59,Friday,False,False
m-039,2026-06-28,459.07,3,2,153.02,Sunday,True,False
m-039,2026-06-29,667.68,5,2,133.54,Monday,False,False
m-039,2026-06-30,949.13,6,4,158.19,Tuesday,False,False
m-039,2026-07-01,385.78,4,1,96.44,Wednesday,False,False
m-039,2026-07-02,502.25,3,2,167.42,Thursday,False,False
m-039,2026-07-03,315.77,3,3,105.26,Friday,False,False
m-039,2026-07-04,912.99,7,5,130.43,Saturday,True,False
m-039,2026-07-05,358.32,4,2,89.58,Sunday,True,False
m-039,2026-07-06,296.97,3,2,98.99,Monday,False,False
m-039,2026-07-07,404.58,4,2,101.14,Tuesday,False,False
m-039,2026-07-08,367.18,2,0,183.59,Wednesday,False,False
m-039,2026-07-09,226.96,2,2,113.48,Thursday,False,False
m-039,2026-07-10,354.99,2,1,177.5,Friday,False,False
m-039,2026-07-11,703.82,4,3,175.96,Saturday,True,False
m-039,2026-07-12,195.97,2,2,97.98,Sunday,True,False
m-039,2026-07-14,270.14,2,0,135.07,Tuesday,False,False
m-039,2026-07-15,135.07,1,0,135.07,Wednesday,False,False
m-039,2026-07-16,239.15,2,1,119.57,Thursday,False,False
m-039,2026-07-17,404.58,4,4,101.14,Friday,False,False
m-039,2026-07-18,575.79,4,3,143.95,Saturday,True,False
m-039,2026-07-19,331.04,3,2,110.35,Sunday,True,False
m-039,2026-07-20,91.89,1,1,91.89,Monday,False,False
m-039,2026-07-21,272.59,3,2,90.86,Tuesday,False,False
m-039,2026-07-22,942.97,6,3,157.16,Wednesday,False,False
m-039,2026-07-23,651.96,5,3,130.39,Thursday,False,False
m-039,2026-07-24,722.17,4,4,180.54,Friday,False,False
m-039,2026-07-25,373.59,4,4,93.4,Saturday,True,False
m-039,2026-07-26,1142.02,8,6,142.75,Sunday,True,False
m-039,2026-07-27,492.94,5,5,98.59,Monday,False,False
m-039,2026-07-29,91.89,1,1,91.89,Wednesday,False,False
m-039,2026-07-30,374.22,3,2,124.74,Thursday,False,False
m-039,2026-07-31,533.24,3,1,177.75,Friday,False,False
m-039,2026-08-01,88.81,1,1,88.81,Saturday,True,False
m-039,2026-08-02,1255.41,7,5,179.34,Sunday,True,False
m-039,2026-08-03,135.07,1,0,135.07,Monday,False,False
m-039,2026-08-04,486.98,3,1,162.33,Tuesday,False,False
m-039,2026-08-05,970.0,5,4,194.0,Wednesday,False,False
m-039,2026-08-06,327.96,3,3,109.32,Thursday,False,False
m-039,2026-08-07,508.66,5,3,101.73,Friday,False,False
m-039,2026-08-08,713.94,5,4,142.79,Saturday,True,False
m-039,2026-08-09,450.84,4,4,112.71,Sunday,True,False
m-039,2026-08-10,899.79,6,4,149.96,Monday,False,False
m-039,2026-08-11,223.88,2,1,111.94,Tuesday,False,False
m-039,2026-08-12,615.82,6,4,102.64,Wednesday,False,False
m-039,2026-08-13,192.89,2,2,96.44,Thursday,False,False
m-039,2026-08-14,591.06,4,4,147.76,Friday,False,False
m-039,2026-08-15,980.12,6,5,163.35,Saturday,True,True
m-039,2026-08-16,648.88,5,3,129.78,Sunday,True,False
m-039,2026-08-17,88.81,1,0,88.81,Monday,False,False
m-039,2026-08-18,679.87,5,4,135.97,Tuesday,False,False
m-039,2026-08-19,486.98,3,2,162.33,Wednesday,False,False
m-039,2026-08-20,263.1,1,0,263.1,Thursday,False,False
m-039,2026-08-21,486.98,3,2,162.33,Friday,False,False
m-039,2026-08-22,706.9,4,0,176.73,Saturday,True,False
m-039,2026-08-23,973.96,6,5,162.33,Sunday,True,False
m-039,2026-08-24,208.16,2,1,104.08,Monday,False,False
m-039,2026-08-26,1983.32,6,4,330.55,Wednesday,False,False
m-039,2026-08-27,104.08,1,0,104.08,Thursday,False,False
m-039,2026-08-28,435.12,4,3,108.78,Friday,False,True
m-039,2026-08-29,636.69,5,4,127.34,Saturday,True,False
m-039,2026-08-30,269.51,3,3,89.84,Sunday,True,False
m-039,2026-08-31,354.99,2,1,177.5,Monday,False,False
m-039,2026-09-01,239.15,2,2,119.57,Tuesday,False,False
m-039,2026-09-03,594.14,4,3,148.54,Thursday,False,False
m-039,2026-09-04,459.07,3,3,153.02,Friday,False,False
m-039,2026-09-05,637.32,4,2,159.33,Saturday,True,False
m-039,2026-09-06,903.75,7,4,129.11,Sunday,True,False
m-039,2026-09-07,91.89,1,0,91.89,Monday,False,False
m-039,2026-09-08,416.77,4,2,104.19,Tuesday,False,False
m-039,2026-09-09,729.21,5,4,145.84,Wednesday,False,False
m-039,2026-09-10,331.04,3,2,110.35,Thursday,False,False
m-039,2026-09-11,753.16,4,4,188.29,Friday,False,False
m-039,2026-09-12,713.94,5,3,142.79,Saturday,True,False
m-039,2026-09-13,753.16,4,3,188.29,Sunday,True,False
m-039,2026-09-14,331.04,3,2,110.35,Monday,False,False
m-039,2026-09-15,135.07,1,0,135.07,Tuesday,False,False
m-039,2026-09-16,88.81,1,0,88.81,Wednesday,False,False
m-039,2026-09-17,492.94,5,3,98.59,Thursday,False,False
m-040,2025-09-18,4415.49,7,6,630.78,Thursday,False,False
m-040,2025-09-19,1184.34,7,5,169.19,Friday,False,False
m-040,2025-09-20,1015.18,5,5,203.04,Saturday,True,False
m-040,2025-09-21,4026.92,8,6,503.36,Sunday,True,False
m-040,2025-09-22,1230.27,4,1,307.57,Monday,False,False
m-040,2025-09-23,356.73,3,1,118.91,Tuesday,False,False
m-040,2025-09-24,1574.21,8,6,196.78,Wednesday,False,False
m-040,2025-09-25,342.88,4,1,85.72,Thursday,False,False
m-040,2025-09-26,1508.17,5,3,301.63,Friday,False,False
m-040,2025-09-27,3691.19,6,4,615.2,Saturday,True,False
m-040,2025-09-28,368.66,5,3,73.73,Sunday,True,False
m-040,2025-09-29,343.83,1,0,343.83,Monday,False,False
m-040,2025-09-30,229.22,1,0,229.22,Tuesday,False,False
m-040,2025-10-01,1517.54,3,2,505.85,Wednesday,False,False
m-040,2025-10-02,3685.73,5,4,737.15,Thursday,False,False
m-040,2025-10-03,273.58,4,4,68.4,Friday,False,False
m-040,2025-10-04,222.03,3,3,74.01,Saturday,True,False
m-040,2025-10-05,548.69,3,3,182.9,Sunday,True,False
m-040,2025-10-06,1395.7,5,3,279.14,Monday,False,False
m-040,2025-10-07,208.49,3,2,69.5,Tuesday,False,False
m-040,2025-10-08,1602.74,3,3,534.25,Wednesday,False,False
m-040,2025-10-09,589.97,3,3,196.66,Thursday,False,False
m-040,2025-10-10,987.99,4,2,247.0,Friday,False,False
m-040,2025-10-11,4815.11,10,7,481.51,Saturday,True,False
m-040,2025-10-12,406.6,3,1,135.53,Sunday,True,False
m-040,2025-10-13,516.32,2,1,258.16,Monday,False,False
m-040,2025-10-14,3278.42,5,2,655.68,Tuesday,False,False
m-040,2025-10-15,1402.8,7,5,200.4,Wednesday,False,False
m-040,2025-10-16,2890.98,5,5,578.2,Thursday,False,False
m-040,2025-10-17,1500.06,4,2,375.02,Friday,False,False
m-040,2025-10-18,2704.1,8,2,338.01,Saturday,True,False
m-040,2025-10-19,574.12,1,1,574.12,Sunday,True,False
m-040,2025-10-20,1954.37,7,4,279.2,Monday,False,True
m-040,2025-10-21,1978.28,9,5,219.81,Tuesday,False,True
m-040,2025-10-22,1161.99,6,4,193.66,Wednesday,False,True
m-040,2025-10-23,975.83,2,1,487.92,Thursday,False,False
m-040,2025-10-24,695.67,4,3,173.92,Friday,False,False
m-040,2025-10-25,982.77,3,2,327.59,Saturday,True,False
m-040,2025-10-26,815.38,5,4,163.08,Sunday,True,False
m-040,2025-10-27,538.84,4,4,134.71,Monday,False,False
m-040,2025-10-28,704.01,3,2,234.67,Tuesday,False,False
m-040,2025-10-29,1230.25,6,5,205.04,Wednesday,False,False
m-040,2025-10-30,647.14,2,2,323.57,Thursday,False,False
m-040,2025-10-31,671.23,3,1,223.74,Friday,False,False
m-040,2025-11-02,2550.87,6,3,425.14,Sunday,True,False
m-040,2025-11-03,813.3,4,3,203.32,Monday,False,False
m-040,2025-11-04,793.18,2,2,396.59,Tuesday,False,False
m-040,2025-11-05,947.75,7,5,135.39,Wednesday,False,False
m-040,2025-11-06,4046.64,6,5,674.44,Thursday,False,False
m-040,2025-11-07,1199.79,3,2,399.93,Friday,False,False
m-040,2025-11-08,2428.34,5,3,485.67,Saturday,True,False
m-040,2025-11-09,2490.7,8,5,311.34,Sunday,True,False
m-040,2025-11-10,262.33,5,2,52.47,Monday,False,False
m-040,2025-11-11,932.9,3,2,310.97,Tuesday,False,False
m-040,2025-11-12,252.37,3,3,84.12,Wednesday,False,False
m-040,2025-11-13,1035.6,4,2,258.9,Thursday,False,False
m-040,2025-11-14,167.84,2,2,83.92,Friday,False,False
m-040,2025-11-15,1043.77,4,3,260.94,Saturday,True,False
m-040,2025-11-16,454.5,1,1,454.5,Sunday,True,False
m-040,2025-11-17,2768.1,4,3,692.02,Monday,False,False
m-040,2025-11-18,373.29,2,2,186.64,Tuesday,False,False
m-040,2025-11-19,1412.95,3,2,470.98,Wednesday,False,False
m-040,2025-11-20,1353.2,4,3,338.3,Thursday,False,False
m-040,2025-11-21,1823.74,5,2,364.75,Friday,False,False
m-040,2025-11-22,938.89,4,3,234.72,Saturday,True,False
m-040,2025-11-23,1748.71,4,2,437.18,Sunday,True,False
m-040,2025-11-24,262.07,4,1,65.52,Monday,False,False
m-040,2025-11-25,833.74,3,1,277.91,Tuesday,False,False
m-040,2025-11-26,356.3,2,1,178.15,Wednesday,False,False
m-040,2025-11-27,178.15,2,1,89.07,Thursday,False,False
m-040,2025-11-29,2658.18,11,7,241.65,Saturday,True,False
m-040,2025-11-30,291.99,3,3,97.33,Sunday,True,False
m-040,2025-12-01,83.92,2,2,41.96,Monday,False,False
m-040,2025-12-02,146.98,2,1,73.49,Tuesday,False,False
m-040,2025-12-03,745.54,2,2,372.77,Wednesday,False,False
m-040,2025-12-04,906.76,4,2,226.69,Thursday,False,False
m-040,2025-12-05,2153.48,5,5,430.7,Friday,False,False
m-040,2025-12-06,3619.23,7,5,517.03,Saturday,True,False
m-040,2025-12-07,1607.24,5,4,321.45,Sunday,True,False
m-040,2025-12-08,1531.8,4,3,382.95,Monday,False,False
m-040,2025-12-09,1090.44,3,1,363.48,Tuesday,False,False
m-040,2025-12-10,249.14,3,1,83.05,Wednesday,False,False
m-040,2025-12-11,784.85,3,2,261.62,Thursday,False,False
m-040,2025-12-12,619.42,3,2,206.47,Friday,False,False
m-040,2025-12-13,176.12,3,3,58.71,Saturday,True,False
m-040,2025-12-14,2497.46,5,4,499.49,Sunday,True,False
m-040,2025-12-15,574.12,1,0,574.12,Monday,False,False
m-040,2025-12-16,1886.88,2,1,943.44,Tuesday,False,False
m-040,2025-12-17,180.44,3,2,60.15,Wednesday,False,False
m-040,2025-12-18,32.37,1,1,32.37,Thursday,False,False
m-040,2025-12-19,366.04,4,3,91.51,Friday,False,False
m-040,2025-12-20,485.63,3,3,161.88,Saturday,True,False
m-040,2025-12-21,1614.69,4,3,403.67,Sunday,True,False
m-040,2025-12-22,1527.21,8,4,190.9,Monday,False,False
m-040,2025-12-23,253.2,4,1,63.3,Tuesday,False,False
m-040,2025-12-24,1811.62,4,3,452.9,Wednesday,False,False
m-040,2025-12-25,1060.99,4,3,265.25,Thursday,False,True
m-040,2025-12-26,2524.34,6,4,420.72,Friday,False,False
m-040,2025-12-27,531.46,3,2,177.15,Saturday,True,False
m-040,2025-12-28,257.52,2,1,128.76,Sunday,True,False
m-040,2025-12-29,778.95,5,3,155.79,Monday,False,False
m-040,2025-12-30,1233.35,4,3,308.34,Tuesday,False,False
m-040,2025-12-31,750.43,4,2,187.61,Wednesday,False,True
m-040,2026-01-01,1154.5,6,5,192.42,Thursday,False,True
m-040,2026-01-02,343.83,1,1,343.83,Friday,False,False
m-040,2026-01-03,529.55,3,2,176.52,Saturday,True,False
m-040,2026-01-04,2076.21,4,3,519.05,Sunday,True,False
m-040,2026-01-05,426.81,4,4,106.7,Monday,False,False
m-040,2026-01-06,150.1,2,2,75.05,Tuesday,False,False
m-040,2026-01-07,75.05,1,0,75.05,Wednesday,False,False
m-040,2026-01-08,2066.27,3,1,688.76,Thursday,False,False
m-040,2026-01-09,2304.72,6,2,384.12,Friday,False,False
m-040,2026-01-10,1442.49,5,2,288.5,Saturday,True,False
m-040,2026-01-11,573.05,3,3,191.02,Sunday,True,False
m-040,2026-01-12,574.12,1,1,574.12,Monday,False,False
m-040,2026-01-13,810.32,4,2,202.58,Tuesday,False,False
m-040,2026-01-14,2672.68,4,4,668.17,Wednesday,False,True
m-040,2026-01-15,225.15,1,1,225.15,Thursday,False,False
m-040,2026-01-16,1099.54,4,3,274.88,Friday,False,False
m-040,2026-01-17,1004.9,5,3,200.98,Saturday,True,False
m-040,2026-01-18,856.21,2,0,428.1,Sunday,True,False
m-040,2026-01-19,1212.06,4,1,303.02,Monday,False,False
m-040,2026-01-20,401.71,1,0,401.71,Tuesday,False,False
m-040,2026-01-21,302.3,2,2,151.15,Wednesday,False,False
m-040,2026-01-22,148.07,2,2,74.04,Thursday,False,False
m-040,2026-01-23,454.5,1,0,454.5,Friday,False,False
m-040,2026-01-24,1601.5,4,4,400.38,Saturday,True,False
m-040,2026-01-25,1610.91,5,5,322.18,Sunday,True,False
m-040,2026-01-26,2657.72,6,4,442.95,Monday,False,False
m-040,2026-01-27,1254.8,4,2,313.7,Tuesday,False,False
m-040,2026-01-28,137.76,2,1,68.88,Wednesday,False,False
m-040,2026-01-29,517.08,5,3,103.42,Thursday,False,False
m-040,2026-01-31,2880.46,8,5,360.06,Saturday,True,False
m-040,2026-02-01,803.42,1,1,803.42,Sunday,True,False
m-040,2026-02-02,167.84,2,1,83.92,Monday,False,False
m-040,2026-02-03,1525.94,5,4,305.19,Tuesday,False,False
m-040,2026-02-04,2673.83,5,4,534.77,Wednesday,False,False
m-040,2026-02-05,187.63,2,0,93.82,Thursday,False,False
m-040,2026-02-06,628.96,2,0,314.48,Friday,False,False
m-040,2026-02-07,1588.06,5,3,317.61,Saturday,True,False
m-040,2026-02-08,1369.33,4,3,342.33,Sunday,True,False
m-040,2026-02-09,826.11,5,2,165.22,Monday,False,False
m-040,2026-02-10,527.52,3,3,175.84,Tuesday,False,False
m-040,2026-02-11,516.32,2,2,258.16,Wednesday,False,False
m-040,2026-02-12,300.2,2,2,150.1,Thursday,False,False
m-040,2026-02-13,1347.12,4,3,336.78,Friday,False,False
m-040,2026-02-14,979.52,5,5,195.9,Saturday,True,False
m-040,2026-02-15,551.81,3,2,183.94,Sunday,True,False
m-040,2026-02-16,1808.89,5,3,361.78,Monday,False,False
m-040,2026-02-17,1826.75,5,4,365.35,Tuesday,False,False
m-040,2026-02-18,1137.09,4,2,284.27,Wednesday,False,False
m-040,2026-02-19,1743.55,4,3,435.89,Thursday,False,False
m-040,2026-02-20,690.41,3,1,230.14,Friday,False,False
m-040,2026-02-21,775.77,4,4,193.94,Saturday,True,False
m-040,2026-02-22,1448.51,3,2,482.84,Sunday,True,False
m-040,2026-02-23,154.65,1,1,154.65,Monday,False,False
m-040,2026-02-24,292.08,3,1,97.36,Tuesday,False,False
m-040,2026-02-25,721.1,3,3,240.37,Wednesday,False,False
m-040,2026-02-26,1362.26,4,4,340.56,Thursday,False,False
m-040,2026-02-27,75.05,1,1,75.05,Friday,False,False
m-040,2026-02-28,559.57,4,3,139.89,Saturday,True,False
m-040,2026-03-01,1162.85,4,4,290.71,Sunday,True,False
m-040,2026-03-02,1359.96,6,3,226.66,Monday,False,False
m-040,2026-03-03,1684.94,5,4,336.99,Tuesday,False,False
m-040,2026-03-04,2435.43,6,4,405.9,Wednesday,False,True
m-040,2026-03-05,126.6,2,1,63.3,Thursday,False,False
m-040,2026-03-06,227.67,3,1,75.89,Friday,False,False
m-040,2026-03-07,2328.9,5,3,465.78,Saturday,True,False
m-040,2026-03-08,1490.96,4,1,372.74,Sunday,True,False
m-040,2026-03-09,1166.38,5,2,233.28,Monday,False,False
m-040,2026-03-11,229.22,1,1,229.22,Wednesday,False,False
m-040,2026-03-12,780.32,3,2,260.11,Thursday,False,False
m-040,2026-03-14,485.0,3,2,161.67,Saturday,True,False
m-040,2026-03-15,401.71,1,1,401.71,Sunday,True,False
m-040,2026-03-16,1502.09,5,4,300.42,Monday,False,False
m-040,2026-03-17,1457.5,5,3,291.5,Tuesday,False,False
m-040,2026-03-18,551.81,2,2,275.9,Wednesday,False,False
m-040,2026-03-19,401.71,1,1,401.71,Thursday,False,False
m-040,2026-03-20,4619.43,11,7,419.95,Friday,False,True
m-040,2026-03-21,1761.27,6,5,293.54,Saturday,True,False
m-040,2026-03-22,414.27,3,2,138.09,Sunday,True,False
m-040,2026-03-23,1349.12,4,3,337.28,Monday,False,False
m-040,2026-03-24,1938.43,4,4,484.61,Tuesday,False,False
m-040,2026-03-25,791.83,4,3,197.96,Wednesday,False,False
m-040,2026-03-26,1658.23,3,3,552.74,Thursday,False,False
m-040,2026-03-27,73.02,1,1,73.02,Friday,False,False
m-040,2026-03-28,1399.67,4,3,349.92,Saturday,True,False
m-040,2026-03-29,2605.93,7,7,372.28,Sunday,True,False
m-040,2026-03-30,1946.65,4,4,486.66,Monday,False,False
m-040,2026-03-31,300.27,2,2,150.14,Tuesday,False,False
m-040,2026-04-01,806.11,5,2,161.22,Wednesday,False,False
m-040,2026-04-03,1057.07,3,1,352.36,Friday,False,False
m-040,2026-04-04,187.63,2,0,93.82,Saturday,True,False
m-040,2026-04-05,1606.45,7,5,229.49,Sunday,True,False
m-040,2026-04-06,401.71,1,1,401.71,Monday,False,False
m-040,2026-04-07,330.35,2,1,165.18,Tuesday,False,False
m-040,2026-04-08,1675.76,4,1,418.94,Wednesday,False,False
m-040,2026-04-09,126.6,2,1,63.3,Thursday,False,False
m-040,2026-04-10,434.08,2,1,217.04,Friday,False,False
m-040,2026-04-11,510.73,6,5,85.12,Saturday,True,False
m-040,2026-04-12,5239.57,11,7,476.32,Sunday,True,False
m-040,2026-04-13,2293.31,8,6,286.66,Monday,False,False
m-040,2026-04-14,2296.48,1,1,2296.48,Tuesday,False,False
m-040,2026-04-15,292.08,1,1,292.08,Wednesday,False,False
m-040,2026-04-16,1606.84,1,1,1606.84,Thursday,False,False
m-040,2026-04-17,1035.58,5,1,207.12,Friday,False,False
m-040,2026-04-18,2821.63,9,4,313.51,Saturday,True,False
m-040,2026-04-19,681.75,2,1,340.88,Sunday,True,False
m-040,2026-04-20,681.75,1,0,681.75,Monday,False,False
m-040,2026-04-21,2185.86,4,3,546.46,Tuesday,False,False
m-040,2026-04-22,5494.12,3,1,1831.37,Wednesday,False,False
m-040,2026-04-23,529.55,2,2,264.77,Thursday,False,False
m-040,2026-04-24,1582.32,3,2,527.44,Friday,False,False
m-040,2026-04-25,1283.71,4,4,320.93,Saturday,True,False
m-040,2026-04-26,1333.72,7,6,190.53,Sunday,True,False
m-040,2026-04-27,187.02,2,2,93.51,Monday,False,False
m-040,2026-04-28,1237.5,2,0,618.75,Tuesday,False,False
m-040,2026-04-29,294.11,2,0,147.06,Wednesday,False,False
m-040,2026-04-30,229.22,2,2,114.61,Thursday,False,False
m-040,2026-05-01,707.29,6,3,117.88,Friday,False,False
m-040,2026-05-02,229.7,3,1,76.57,Saturday,True,False
m-040,2026-05-03,1057.07,4,3,264.27,Sunday,True,False
m-040,2026-05-04,3371.59,5,4,674.32,Monday,False,False
m-040,2026-05-05,1242.22,5,4,248.44,Tuesday,False,False
m-040,2026-05-06,2806.47,7,7,400.92,Wednesday,False,False
m-040,2026-05-07,434.08,2,2,217.04,Thursday,False,False
m-040,2026-05-08,780.98,4,3,195.24,Friday,False,False
m-040,2026-05-09,2079.52,4,3,519.88,Saturday,True,False
m-040,2026-05-10,3131.94,7,5,447.42,Sunday,True,False
m-040,2026-05-11,229.22,1,1,229.22,Monday,False,False
m-040,2026-05-12,527.52,2,2,263.76,Tuesday,False,False
m-040,2026-05-14,844.57,4,3,211.14,Thursday,False,False
m-040,2026-05-15,1006.11,4,3,251.53,Friday,False,False
m-040,2026-05-16,343.83,1,1,343.83,Saturday,True,False
m-040,2026-05-17,2523.73,3,3,841.24,Sunday,True,False
m-040,2026-05-19,1705.84,4,2,426.46,Tuesday,False,False
m-040,2026-05-20,375.32,3,2,125.11,Wednesday,False,False
m-040,2026-05-21,51.55,1,0,51.55,Thursday,False,False
m-040,2026-05-22,803.42,2,2,401.71,Friday,False,False
m-040,2026-05-23,199.62,3,2,66.54,Saturday,True,False
m-040,2026-05-24,1478.59,3,2,492.86,Sunday,True,False
m-040,2026-05-25,107.42,2,2,53.71,Monday,False,False
m-040,2026-05-26,4240.87,5,4,848.17,Tuesday,False,False
m-040,2026-05-27,977.42,3,3,325.81,Wednesday,False,False
m-040,2026-05-28,1156.27,5,1,231.25,Thursday,False,False
m-040,2026-05-29,178.15,2,1,89.07,Friday,False,False
m-040,2026-05-30,3265.73,8,5,408.22,Saturday,True,False
m-040,2026-05-31,803.42,1,0,803.42,Sunday,True,False
m-040,2026-06-01,1861.14,7,6,265.88,Monday,False,False
m-040,2026-06-02,2640.31,5,4,528.06,Tuesday,False,False
m-040,2026-06-03,548.69,3,3,182.9,Wednesday,False,False
m-040,2026-06-04,733.3,3,1,244.43,Thursday,False,False
m-040,2026-06-05,548.69,3,3,182.9,Friday,False,False
m-040,2026-06-06,178.15,3,2,59.38,Saturday,True,False
m-040,2026-06-07,3256.12,6,3,542.69,Sunday,True,False
m-040,2026-06-08,1296.9,4,3,324.22,Monday,False,False
m-040,2026-06-09,1127.59,5,4,225.52,Tuesday,False,False
m-040,2026-06-10,2353.37,3,3,784.46,Wednesday,False,False
m-040,2026-06-11,647.14,2,1,323.57,Thursday,False,False
m-040,2026-06-12,2399.58,4,3,599.9,Friday,False,False
m-040,2026-06-13,2902.11,5,3,580.42,Saturday,True,False
m-040,2026-06-14,1283.78,4,2,320.94,Sunday,True,False
m-040,2026-06-15,302.3,2,1,151.15,Monday,False,False
m-040,2026-06-16,658.6,3,3,219.53,Tuesday,False,False
m-040,2026-06-17,393.83,3,2,131.28,Wednesday,False,False
m-040,2026-06-18,377.35,2,1,188.68,Thursday,False,False
m-040,2026-06-19,1692.75,6,5,282.12,Friday,False,False
m-040,2026-06-20,2017.62,6,4,336.27,Saturday,True,False
m-040,2026-06-21,409.72,3,3,136.57,Sunday,True,False
m-040,2026-06-22,856.21,2,1,428.1,Monday,False,False
m-040,2026-06-23,2725.4,6,5,454.23,Tuesday,False,False
m-040,2026-06-24,199.62,3,3,66.54,Wednesday,False,False
m-040,2026-06-25,631.41,4,3,157.85,Thursday,False,False
m-040,2026-06-26,504.81,2,1,252.4,Friday,False,False
m-040,2026-06-27,474.73,2,2,237.36,Saturday,True,False
m-040,2026-06-28,1891.77,6,3,315.3,Sunday,True,False
m-040,2026-06-29,539.45,4,2,134.86,Monday,False,False
m-040,2026-06-30,178.15,3,2,59.38,Tuesday,False,False
m-040,2026-07-01,1030.67,2,2,515.34,Wednesday,False,False
m-040,2026-07-03,1571.76,4,4,392.94,Friday,False,False
m-040,2026-07-04,1945.48,3,2,648.49,Saturday,True,False
m-040,2026-07-05,1223.29,3,0,407.76,Sunday,True,False
m-040,2026-07-06,1483.93,3,2,494.64,Monday,False,False
m-040,2026-07-07,733.3,3,3,244.43,Tuesday,False,False
m-040,2026-07-08,834.16,5,2,166.83,Wednesday,False,False
m-040,2026-07-09,2321.66,5,3,464.33,Thursday,False,False
m-040,2026-07-10,681.75,1,1,681.75,Friday,False,False
m-040,2026-07-11,1324.26,6,4,220.71,Saturday,True,False
m-040,2026-07-12,2038.24,5,3,407.65,Sunday,True,False
m-040,2026-07-13,212.81,4,1,53.2,Monday,False,False
m-040,2026-07-14,107.42,2,2,53.71,Tuesday,False,False
m-040,2026-07-15,647.14,2,2,323.57,Wednesday,False,False
m-040,2026-07-16,553.58,3,3,184.53,Thursday,False,False
m-040,2026-07-17,219.06,2,0,109.53,Friday,False,False
m-040,2026-07-18,787.14,4,3,196.78,Saturday,True,False
m-040,2026-07-19,524.33,4,3,131.08,Sunday,True,False
m-040,2026-07-20,680.51,3,0,226.84,Monday,False,False
m-040,2026-07-21,1620.88,5,5,324.18,Tuesday,False,False
m-040,2026-07-22,105.39,2,2,52.69,Wednesday,False,False
m-040,2026-07-23,1417.92,5,5,283.58,Thursday,False,False
m-040,2026-07-24,1040.57,4,3,260.14,Friday,False,False
m-040,2026-07-25,522.3,5,5,104.46,Saturday,True,False
m-040,2026-07-26,695.58,5,3,139.12,Sunday,True,False
m-040,2026-07-27,743.57,3,2,247.86,Monday,False,False
m-040,2026-07-29,1855.11,6,4,309.18,Wednesday,False,False
m-040,2026-07-30,222.03,3,2,74.01,Thursday,False,False
m-040,2026-07-31,803.42,1,0,803.42,Friday,False,False
m-040,2026-08-01,1804.43,3,1,601.48,Saturday,True,False
m-040,2026-08-02,3540.12,8,6,442.52,Sunday,True,False
m-040,2026-08-03,1612.5,5,4,322.5,Monday,False,False
m-040,2026-08-04,574.12,1,1,574.12,Tuesday,False,False
m-040,2026-08-05,176.12,2,1,88.06,Wednesday,False,False
m-040,2026-08-06,599.61,5,4,119.92,Thursday,False,False
m-040,2026-08-07,220.0,3,1,73.33,Friday,False,False
m-040,2026-08-08,1327.65,5,2,265.53,Saturday,True,False
m-040,2026-08-09,1020.43,4,3,255.11,Sunday,True,False
m-040,2026-08-10,892.32,5,2,178.46,Monday,False,False
m-040,2026-08-11,458.44,1,1,458.44,Tuesday,False,False
m-040,2026-08-12,341.86,2,1,170.93,Wednesday,False,False
m-040,2026-08-13,434.08,2,2,217.04,Thursday,False,False
m-040,2026-08-14,854.97,3,3,284.99,Friday,False,False
m-040,2026-08-15,3960.85,9,7,440.09,Saturday,True,True
m-040,2026-08-16,343.63,3,3,114.54,Sunday,True,False
m-040,2026-08-17,375.32,3,3,125.11,Monday,False,False
m-040,2026-08-18,872.88,5,3,174.58,Tuesday,False,False
m-040,2026-08-19,269.26,2,1,134.63,Wednesday,False,False
m-040,2026-08-20,491.9,3,1,163.97,Thursday,False,False
m-040,2026-08-21,877.43,5,2,175.49,Friday,False,False
m-040,2026-08-22,1463.51,7,6,209.07,Saturday,True,False
m-040,2026-08-23,1102.27,4,2,275.57,Sunday,True,False
m-040,2026-08-24,2410.26,2,0,1205.13,Monday,False,False
m-040,2026-08-25,114.61,1,1,114.61,Tuesday,False,False
m-040,2026-08-26,574.12,1,0,574.12,Wednesday,False,False
m-040,2026-08-27,1205.13,1,1,1205.13,Thursday,False,False
m-040,2026-08-28,859.69,5,0,171.94,Friday,False,True
m-040,2026-08-29,1551.62,5,4,310.32,Saturday,True,False
m-040,2026-08-30,376.2,2,2,188.1,Sunday,True,False
m-040,2026-08-31,1011.82,7,4,144.55,Monday,False,False
m-040,2026-09-01,1288.03,4,3,322.01,Tuesday,False,False
m-040,2026-09-02,1165.46,6,3,194.24,Wednesday,False,False
m-040,2026-09-03,656.15,4,3,164.04,Thursday,False,False
m-040,2026-09-04,1885.32,7,3,269.33,Friday,False,False
m-040,2026-09-05,2166.74,7,4,309.53,Saturday,True,False
m-040,2026-09-06,739.44,4,3,184.86,Sunday,True,False
m-040,2026-09-07,276.7,3,2,92.23,Monday,False,False
m-040,2026-09-09,330.54,4,3,82.64,Wednesday,False,False
m-040,2026-09-10,623.11,5,2,124.62,Thursday,False,False
m-040,2026-09-11,541.32,4,3,135.33,Friday,False,False
m-040,2026-09-12,1067.08,4,3,266.77,Saturday,True,False
m-040,2026-09-13,2428.42,4,3,607.1,Sunday,True,False
m-040,2026-09-14,1400.69,6,5,233.45,Monday,False,False
m-040,2026-09-15,454.5,2,2,227.25,Tuesday,False,False
m-040,2026-09-16,4059.47,8,6,507.43,Wednesday,False,False
m-040,2026-09-17,1197.25,4,2,299.31,Thursday,False,False
m-041,2025-09-18,1032.78,3,3,344.26,Thursday,False,False
m-041,2025-09-19,129.78,1,1,129.78,Friday,False,False
m-041,2025-09-20,822.56,5,2,164.51,Saturday,True,False
m-041,2025-09-22,373.96,2,1,186.98,Monday,False,False
m-041,2025-09-23,1907.13,6,5,317.85,Tuesday,False,False
m-041,2025-09-24,863.34,4,3,215.84,Wednesday,False,False
m-041,2025-09-25,428.81,3,2,142.94,Thursday,False,False
m-041,2025-09-26,651.5,3,1,217.17,Friday,False,False
m-041,2025-09-27,625.29,2,1,312.64,Saturday,True,False
m-041,2025-09-28,586.77,4,2,146.69,Sunday,True,False
m-041,2025-09-29,733.87,3,3,244.62,Monday,False,False
m-041,2025-09-30,740.12,2,1,370.06,Tuesday,False,False
m-041,2025-10-01,916.15,5,4,183.23,Wednesday,False,False
m-041,2025-10-02,974.44,2,2,487.22,Thursday,False,False
m-041,2025-10-04,758.49,4,3,189.62,Saturday,True,False
m-041,2025-10-05,1353.53,3,3,451.18,Sunday,True,False
m-041,2025-10-06,12760.6,7,4,1822.94,Monday,False,False
m-041,2025-10-07,305.17,1,1,305.17,Tuesday,False,False
m-041,2025-10-08,638.65,2,2,319.32,Wednesday,False,False
m-041,2025-10-09,1171.06,5,5,234.21,Thursday,False,False
m-041,2025-10-10,583.8,1,0,583.8,Friday,False,False
m-041,2025-10-11,804.84,5,3,160.97,Saturday,True,False
m-041,2025-10-12,895.52,3,2,298.51,Sunday,True,False
m-041,2025-10-13,1359.55,6,3,226.59,Monday,False,False
m-041,2025-10-15,1278.22,3,2,426.07,Wednesday,False,False
m-041,2025-10-16,1386.59,3,1,462.2,Thursday,False,False
m-041,2025-10-17,620.14,2,2,310.07,Friday,False,False
m-041,2025-10-18,3153.02,7,3,450.43,Saturday,True,False
m-041,2025-10-19,2274.21,6,4,379.04,Sunday,True,False
m-041,2025-10-20,2558.19,11,6,232.56,Monday,False,True
m-041,2025-10-21,1419.7,6,4,236.62,Tuesday,False,True
m-041,2025-10-22,1461.09,5,4,292.22,Wednesday,False,True
m-041,2025-10-24,164.12,1,1,164.12,Friday,False,False
m-041,2025-10-25,246.18,1,1,246.18,Saturday,True,False
m-041,2025-10-26,549.01,3,2,183.0,Sunday,True,False
m-041,2025-10-27,85.28,2,1,42.64,Monday,False,False
m-041,2025-10-28,570.01,3,1,190.0,Tuesday,False,False
m-041,2025-10-29,828.42,4,2,207.1,Wednesday,False,False
m-041,2025-10-30,85.28,2,2,42.64,Thursday,False,False
m-041,2025-10-31,1591.34,3,2,530.45,Friday,False,False
m-041,2025-11-01,85.28,2,1,42.64,Saturday,True,False
m-041,2025-11-02,1363.63,4,2,340.91,Sunday,True,False
m-041,2025-11-03,703.44,3,2,234.48,Monday,False,False
m-041,2025-11-04,650.57,3,3,216.86,Tuesday,False,False
m-041,2025-11-05,811.02,2,2,405.51,Wednesday,False,False
m-041,2025-11-06,417.95,4,3,104.49,Thursday,False,False
m-041,2025-11-07,357.44,1,0,357.44,Friday,False,False
m-041,2025-11-08,412.83,5,4,82.57,Saturday,True,False
m-041,2025-11-09,1256.91,5,3,251.38,Sunday,True,False
m-041,2025-11-10,382.63,3,2,127.54,Monday,False,False
m-041,2025-11-11,356.49,3,3,118.83,Tuesday,False,False
m-041,2025-11-12,857.8,4,2,214.45,Wednesday,False,False
m-041,2025-11-13,2073.26,5,5,414.65,Thursday,False,False
m-041,2025-11-14,193.46,2,1,96.73,Friday,False,False
m-041,2025-11-15,2294.11,6,3,382.35,Saturday,True,False
m-041,2025-11-16,848.4,2,2,424.2,Sunday,True,False
m-041,2025-11-17,543.23,1,1,543.23,Monday,False,False
m-041,2025-11-18,1264.33,3,2,421.44,Tuesday,False,False
m-041,2025-11-19,401.9,3,3,133.97,Wednesday,False,False
m-041,2025-11-20,1298.38,5,4,259.68,Thursday,False,False
m-041,2025-11-21,54.85,1,1,54.85,Friday,False,False
m-041,2025-11-22,127.16,2,1,63.58,Saturday,True,False
m-041,2025-11-23,621.11,3,3,207.04,Sunday,True,False
m-041,2025-11-24,646.87,5,2,129.37,Monday,False,False
m-041,2025-11-25,485.81,3,2,161.94,Tuesday,False,False
m-041,2025-11-26,620.94,4,4,155.24,Wednesday,False,False
m-041,2025-11-27,665.19,3,1,221.73,Thursday,False,False
m-041,2025-11-28,487.22,2,1,243.61,Friday,False,False
m-041,2025-11-29,2011.59,7,5,287.37,Saturday,True,False
m-041,2025-11-30,2667.21,4,3,666.8,Sunday,True,False
m-041,2025-12-01,1723.82,4,3,430.96,Monday,False,False
m-041,2025-12-02,1174.39,4,3,293.6,Tuesday,False,False
m-041,2025-12-03,60.86,2,1,30.43,Wednesday,False,False
m-041,2025-12-04,997.57,2,2,498.78,Thursday,False,False
m-041,2025-12-05,346.75,2,1,173.38,Friday,False,False
m-041,2025-12-06,1973.71,6,4,328.95,Saturday,True,False
m-041,2025-12-07,1037.43,5,5,207.49,Sunday,True,False
m-041,2025-12-08,1638.02,4,3,409.5,Monday,False,False
m-041,2025-12-09,1086.35,3,3,362.12,Tuesday,False,False
m-041,2025-12-10,390.18,3,2,130.06,Wednesday,False,False
m-041,2025-12-11,30.43,1,1,30.43,Thursday,False,False
m-041,2025-12-12,921.05,2,1,460.52,Friday,False,False
m-041,2025-12-13,1470.76,5,4,294.15,Saturday,True,False
m-041,2025-12-14,2002.87,7,7,286.12,Sunday,True,False
m-041,2025-12-15,381.1,2,1,190.55,Monday,False,False
m-041,2025-12-16,1932.03,6,5,322.0,Tuesday,False,False
m-041,2025-12-17,490.04,3,2,163.35,Wednesday,False,False
m-041,2025-12-18,2560.71,7,5,365.82,Thursday,False,False
m-041,2025-12-19,54.58,1,1,54.58,Friday,False,False
m-041,2025-12-20,570.52,2,2,285.26,Saturday,True,False
m-041,2025-12-21,193.46,4,1,48.36,Sunday,True,False
m-041,2025-12-22,259.56,2,2,129.78,Monday,False,False
m-041,2025-12-23,1084.76,7,5,154.97,Tuesday,False,False
m-041,2025-12-24,1284.16,3,2,428.05,Wednesday,False,False
m-041,2025-12-25,348.64,4,3,87.16,Thursday,False,True
m-041,2025-12-26,1064.95,3,2,354.98,Friday,False,False
m-041,2025-12-27,760.85,5,4,152.17,Saturday,True,False
m-041,2025-12-28,2371.9,7,5,338.84,Sunday,True,False
m-041,2025-12-30,1181.1,5,3,236.22,Tuesday,False,False
m-041,2025-12-31,2052.16,7,7,293.17,Wednesday,False,True
m-041,2026-01-01,687.91,4,3,171.98,Thursday,False,True
m-041,2026-01-02,1292.61,5,3,258.52,Friday,False,False
m-041,2026-01-03,903.25,3,3,301.08,Saturday,True,False
m-041,2026-01-04,848.4,2,1,424.2,Sunday,True,False
m-041,2026-01-05,747.09,4,4,186.77,Monday,False,False
m-041,2026-01-06,714.88,1,0,714.88,Tuesday,False,False
m-041,2026-01-07,182.01,4,3,45.5,Wednesday,False,False
m-041,2026-01-08,1331.88,2,2,665.94,Thursday,False,False
m-041,2026-01-09,1631.11,4,3,407.78,Friday,False,False
m-041,2026-01-10,1433.44,4,1,358.36,Saturday,True,False
m-041,2026-01-11,1122.51,5,2,224.5,Sunday,True,False
m-041,2026-01-13,862.42,3,3,287.47,Tuesday,False,False
m-041,2026-01-14,2595.6,5,4,519.12,Wednesday,False,True
m-041,2026-01-15,265.84,3,0,88.61,Thursday,False,False
m-041,2026-01-16,1525.85,3,1,508.62,Friday,False,False
m-041,2026-01-17,82.06,1,1,82.06,Saturday,True,False
m-041,2026-01-18,2213.18,6,5,368.86,Sunday,True,False
m-041,2026-01-19,306.7,1,1,306.7,Monday,False,False
m-041,2026-01-20,517.01,3,2,172.34,Tuesday,False,False
m-041,2026-01-21,317.47,2,1,158.74,Wednesday,False,False
m-041,2026-01-22,614.23,2,1,307.11,Thursday,False,False
m-041,2026-01-23,1492.6,4,3,373.15,Friday,False,False
m-041,2026-01-24,1075.98,9,9,119.55,Saturday,True,False
m-041,2026-01-25,781.01,5,3,156.2,Sunday,True,False
m-041,2026-01-26,365.19,3,3,121.73,Monday,False,False
m-041,2026-01-27,736.38,5,3,147.28,Tuesday,False,False
m-041,2026-01-28,525.08,5,5,105.02,Wednesday,False,False
m-041,2026-01-29,96.73,2,2,48.36,Thursday,False,False
m-041,2026-01-30,413.56,4,3,103.39,Friday,False,False
m-041,2026-01-31,994.91,6,4,165.82,Saturday,True,False
m-041,2026-02-01,3340.52,2,1,1670.26,Sunday,True,False
m-041,2026-02-02,605.89,3,1,201.96,Monday,False,False
m-041,2026-02-03,552.15,3,3,184.05,Tuesday,False,False
m-041,2026-02-04,726.85,3,3,242.28,Wednesday,False,False
m-041,2026-02-05,1049.77,5,5,209.95,Thursday,False,False
m-041,2026-02-06,307.84,2,2,153.92,Friday,False,False
m-041,2026-02-07,492.36,2,2,246.18,Saturday,True,False
m-041,2026-02-08,521.99,3,2,174.0,Sunday,True,False
m-041,2026-02-09,406.87,4,1,101.72,Monday,False,False
m-041,2026-02-10,398.49,3,2,132.83,Tuesday,False,False
m-041,2026-02-11,583.8,1,1,583.8,Wednesday,False,False
m-041,2026-02-12,66.3,1,1,66.3,Thursday,False,False
m-041,2026-02-13,576.57,4,3,144.14,Friday,False,False
m-041,2026-02-15,4367.37,8,5,545.92,Sunday,True,False
m-041,2026-02-16,664.9,3,3,221.63,Monday,False,False
m-041,2026-02-17,373.96,2,2,186.98,Tuesday,False,False
m-041,2026-02-18,700.3,3,2,233.43,Wednesday,False,False
m-041,2026-02-19,965.2,6,4,160.87,Thursday,False,False
m-041,2026-02-20,1626.12,3,2,542.04,Friday,False,False
m-041,2026-02-21,1258.17,7,6,179.74,Saturday,True,False
m-041,2026-02-22,1572.43,5,4,314.49,Sunday,True,False
m-041,2026-02-23,129.78,1,1,129.78,Monday,False,False
m-041,2026-02-24,54.58,1,0,54.58,Tuesday,False,False
m-041,2026-02-25,1315.96,3,2,438.65,Wednesday,False,False
m-041,2026-02-26,2166.34,5,2,433.27,Thursday,False,False
m-041,2026-02-27,1348.4,5,5,269.68,Friday,False,False
m-041,2026-02-28,1422.66,3,2,474.22,Saturday,True,False
m-041,2026-03-01,753.26,3,3,251.09,Sunday,True,False
m-041,2026-03-02,389.34,1,1,389.34,Monday,False,False
m-041,2026-03-03,665.94,3,2,221.98,Tuesday,False,False
m-041,2026-03-04,1121.33,4,4,280.33,Wednesday,False,True
m-041,2026-03-05,316.38,4,3,79.1,Thursday,False,False
m-041,2026-03-06,423.74,2,2,211.87,Friday,False,False
m-041,2026-03-07,1229.19,5,1,245.84,Saturday,True,False
m-041,2026-03-08,304.25,3,3,101.42,Sunday,True,False
m-041,2026-03-09,609.53,4,3,152.38,Monday,False,False
m-041,2026-03-10,665.19,2,1,332.6,Tuesday,False,False
m-041,2026-03-12,82.06,1,1,82.06,Thursday,False,False
m-041,2026-03-13,901.9,3,3,300.63,Friday,False,False
m-041,2026-03-14,998.21,4,4,249.55,Saturday,True,False
m-041,2026-03-15,590.32,4,1,147.58,Sunday,True,False
m-041,2026-03-16,393.45,4,0,98.36,Monday,False,False
m-041,2026-03-17,216.55,1,1,216.55,Tuesday,False,False
m-041,2026-03-18,1091.08,5,4,218.22,Wednesday,False,False
m-041,2026-03-20,2017.61,6,4,336.27,Friday,False,True
m-041,2026-03-21,837.29,5,1,167.46,Saturday,True,False
m-041,2026-03-22,1077.76,4,2,269.44,Sunday,True,False
m-041,2026-03-24,2778.38,8,5,347.3,Tuesday,False,False
m-041,2026-03-25,510.79,2,2,255.4,Wednesday,False,False
m-041,2026-03-26,440.2,3,3,146.73,Thursday,False,False
m-041,2026-03-27,54.58,1,1,54.58,Friday,False,False
m-041,2026-03-28,809.24,4,4,202.31,Saturday,True,False
m-041,2026-03-29,255.84,3,2,85.28,Sunday,True,False
m-041,2026-03-30,957.76,2,1,478.88,Monday,False,False
m-041,2026-03-31,187.45,2,2,93.72,Tuesday,False,False
m-041,2026-04-02,865.6,4,3,216.4,Thursday,False,False
m-041,2026-04-03,1439.79,6,3,239.96,Friday,False,False
m-041,2026-04-04,790.21,3,2,263.4,Saturday,True,False
m-041,2026-04-05,1428.67,4,2,357.17,Sunday,True,False
m-041,2026-04-06,1124.5,5,4,224.9,Monday,False,False
m-041,2026-04-07,645.05,4,2,161.26,Tuesday,False,False
m-041,2026-04-08,1885.87,3,2,628.62,Wednesday,False,False
m-041,2026-04-09,487.22,2,2,243.61,Thursday,False,False
m-041,2026-04-10,803.2,2,1,401.6,Friday,False,False
m-041,2026-04-11,1261.31,4,3,315.33,Saturday,True,False
m-041,2026-04-12,761.34,2,2,380.67,Sunday,True,False
m-041,2026-04-13,977.39,3,3,325.8,Monday,False,False
m-041,2026-04-14,3454.43,6,4,575.74,Tuesday,False,False
m-041,2026-04-15,2083.11,3,3,694.37,Wednesday,False,False
m-041,2026-04-16,1549.58,5,4,309.92,Thursday,False,False
m-041,2026-04-17,747.92,2,2,373.96,Friday,False,False
m-041,2026-04-18,505.05,4,3,126.26,Saturday,True,False
m-041,2026-04-19,863.04,3,3,287.68,Sunday,True,False
m-041,2026-04-20,60.86,1,1,60.86,Monday,False,False
m-041,2026-04-21,2373.16,5,4,474.63,Tuesday,False,False
m-041,2026-04-22,2276.14,6,4,379.36,Wednesday,False,False
m-041,2026-04-23,2875.41,6,4,479.23,Thursday,False,False
m-041,2026-04-24,2615.97,4,3,653.99,Friday,False,False
m-041,2026-04-25,1939.07,5,5,387.81,Saturday,True,False
m-041,2026-04-26,954.51,3,2,318.17,Sunday,True,False
m-041,2026-04-27,759.78,2,2,379.89,Monday,False,False
m-041,2026-04-28,1615.55,2,2,807.78,Tuesday,False,False
m-041,2026-04-29,364.99,4,2,91.25,Wednesday,False,False
m-041,2026-04-30,851.4,4,2,212.85,Thursday,False,False
m-041,2026-05-01,313.48,4,3,78.37,Friday,False,False
m-041,2026-05-02,1151.84,5,3,230.37,Saturday,True,False
m-041,2026-05-03,723.87,3,3,241.29,Sunday,True,False
m-041,2026-05-04,465.38,3,2,155.13,Monday,False,False
m-041,2026-05-05,253.48,2,1,126.74,Tuesday,False,False
m-041,2026-05-06,1012.52,4,4,253.13,Wednesday,False,False
m-041,2026-05-07,988.19,4,3,247.05,Thursday,False,False
m-041,2026-05-08,1875.01,3,2,625.0,Friday,False,False
m-041,2026-05-09,1003.85,4,3,250.96,Saturday,True,False
m-041,2026-05-10,305.17,1,1,305.17,Sunday,True,False
m-041,2026-05-11,613.4,1,1,613.4,Monday,False,False
m-041,2026-05-12,54.58,1,1,54.58,Tuesday,False,False
m-041,2026-05-13,289.99,3,2,96.66,Wednesday,False,False
m-041,2026-05-14,2408.93,5,4,481.79,Thursday,False,False
m-041,2026-05-15,197.77,3,2,65.92,Friday,False,False
m-041,2026-05-16,1844.9,10,6,184.49,Saturday,True,False
m-041,2026-05-17,259.56,1,1,259.56,Sunday,True,False
m-041,2026-05-18,82.06,1,1,82.06,Monday,False,False
m-041,2026-05-19,869.41,5,4,173.88,Tuesday,False,False
m-041,2026-05-20,414.87,2,0,207.44,Wednesday,False,False
m-041,2026-05-21,652.39,4,4,163.1,Thursday,False,False
m-041,2026-05-22,441.53,3,2,147.18,Friday,False,False
m-041,2026-05-23,1139.67,4,4,284.92,Saturday,True,False
m-041,2026-05-24,3057.52,4,2,764.38,Sunday,True,False
m-041,2026-05-25,576.84,3,2,192.28,Monday,False,False
m-041,2026-05-26,569.28,3,0,189.76,Tuesday,False,False
m-041,2026-05-27,553.98,4,2,138.5,Wednesday,False,False
m-041,2026-05-28,414.87,2,2,207.44,Thursday,False,False
m-041,2026-05-29,759.24,3,2,253.08,Friday,False,False
m-041,2026-05-30,380.75,4,1,95.19,Saturday,True,False
m-041,2026-05-31,2477.92,5,3,495.58,Sunday,True,False
m-041,2026-06-01,54.85,1,0,54.85,Monday,False,False
m-041,2026-06-02,2438.27,6,2,406.38,Tuesday,False,False
m-041,2026-06-03,790.98,3,2,263.66,Wednesday,False,False
m-041,2026-06-04,1570.12,8,5,196.26,Thursday,False,False
m-041,2026-06-05,1155.1,3,3,385.03,Friday,False,False
m-041,2026-06-06,1237.78,8,7,154.72,Saturday,True,False
m-041,2026-06-07,30.43,1,1,30.43,Sunday,True,False
m-041,2026-06-08,859.97,4,3,214.99,Monday,False,False
m-041,2026-06-09,997.03,5,4,199.41,Tuesday,False,False
m-041,2026-06-10,160.21,2,1,80.1,Wednesday,False,False
m-041,2026-06-11,371.47,2,2,185.74,Thursday,False,False
m-041,2026-06-12,1919.64,7,2,274.23,Friday,False,False
m-041,2026-06-13,2207.42,6,4,367.9,Saturday,True,False
m-041,2026-06-14,1237.84,3,2,412.61,Sunday,True,False
m-041,2026-06-15,1761.0,5,5,352.2,Monday,False,False
m-041,2026-06-16,598.69,4,3,149.67,Tuesday,False,False
m-041,2026-06-17,1458.12,4,3,364.53,Wednesday,False,False
m-041,2026-06-18,2308.63,6,3,384.77,Thursday,False,False
m-041,2026-06-19,357.44,1,1,357.44,Friday,False,False
m-041,2026-06-20,129.78,1,1,129.78,Saturday,True,False
m-041,2026-06-21,1355.05,3,2,451.68,Sunday,True,False
m-041,2026-06-22,625.92,4,3,156.48,Monday,False,False
m-041,2026-06-23,442.72,3,2,147.57,Tuesday,False,False
m-041,2026-06-24,3858.16,5,4,771.63,Wednesday,False,False
m-041,2026-06-25,2539.18,3,1,846.39,Thursday,False,False
m-041,2026-06-26,1828.59,3,1,609.53,Friday,False,False
m-041,2026-06-27,1458.51,5,1,291.7,Saturday,True,False
m-041,2026-06-28,1382.42,5,3,276.48,Sunday,True,False
m-041,2026-06-29,66.3,1,0,66.3,Monday,False,False
m-041,2026-06-30,2442.16,7,6,348.88,Tuesday,False,False
m-041,2026-07-01,766.45,4,3,191.61,Wednesday,False,False
m-041,2026-07-02,2999.35,6,6,499.89,Thursday,False,False
m-041,2026-07-03,353.46,3,3,117.82,Friday,False,False
m-041,2026-07-04,461.92,4,3,115.48,Saturday,True,False
m-041,2026-07-05,1210.47,3,1,403.49,Sunday,True,False
m-041,2026-07-06,967.6,5,4,193.52,Monday,False,False
m-041,2026-07-07,332.46,2,1,166.23,Tuesday,False,False
m-041,2026-07-08,1554.16,3,2,518.05,Wednesday,False,False
m-041,2026-07-09,274.25,2,2,137.12,Thursday,False,False
m-041,2026-07-10,295.63,2,2,147.82,Friday,False,False
m-041,2026-07-11,849.82,3,2,283.27,Saturday,True,False
m-041,2026-07-12,1939.4,4,2,484.85,Sunday,True,False
m-041,2026-07-13,1622.01,5,4,324.4,Monday,False,False
m-041,2026-07-14,2599.0,5,1,519.8,Tuesday,False,False
m-041,2026-07-15,54.85,1,1,54.85,Wednesday,False,False
m-041,2026-07-16,1008.78,3,3,336.26,Thursday,False,False
m-041,2026-07-17,519.38,3,2,173.13,Friday,False,False
m-041,2026-07-18,782.36,4,4,195.59,Saturday,True,False
m-041,2026-07-19,1062.35,3,3,354.12,Sunday,True,False
m-041,2026-07-21,543.23,1,1,543.23,Tuesday,False,False
m-041,2026-07-22,609.53,2,0,304.76,Wednesday,False,False
m-041,2026-07-23,1725.39,5,4,345.08,Thursday,False,False
m-041,2026-07-24,66.3,1,1,66.3,Friday,False,False
m-041,2026-07-25,1116.89,2,1,558.45,Saturday,True,False
m-041,2026-07-26,978.75,4,1,244.69,Sunday,True,False
m-041,2026-07-27,955.52,3,3,318.51,Monday,False,False
m-041,2026-07-28,2469.58,4,3,617.4,Tuesday,False,False
m-041,2026-07-29,2619.89,6,3,436.65,Wednesday,False,False
m-041,2026-07-30,2136.91,5,3,427.38,Thursday,False,False
m-041,2026-08-01,707.35,2,1,353.68,Saturday,True,False
m-041,2026-08-02,1747.16,7,5,249.59,Sunday,True,False
m-041,2026-08-03,608.04,4,3,152.01,Monday,False,False
m-041,2026-08-04,2390.05,3,3,796.68,Tuesday,False,False
m-041,2026-08-05,139.86,3,2,46.62,Wednesday,False,False
m-041,2026-08-06,259.56,1,1,259.56,Thursday,False,False
m-041,2026-08-07,1034.07,4,2,258.52,Friday,False,False
m-041,2026-08-08,2178.99,6,4,363.16,Saturday,True,False
m-041,2026-08-09,1238.58,4,2,309.65,Sunday,True,False
m-041,2026-08-10,2518.06,6,4,419.68,Monday,False,False
m-041,2026-08-11,1303.01,3,1,434.34,Tuesday,False,False
m-041,2026-08-12,332.46,2,2,166.23,Wednesday,False,False
m-041,2026-08-13,597.07,2,2,298.53,Thursday,False,False
m-041,2026-08-14,659.85,4,1,164.96,Friday,False,False
m-041,2026-08-15,2196.88,8,7,274.61,Saturday,True,True
m-041,2026-08-16,3678.31,7,6,525.47,Sunday,True,False
m-041,2026-08-17,291.9,1,1,291.9,Monday,False,False
m-041,2026-08-18,298.61,2,1,149.3,Tuesday,False,False
m-041,2026-08-20,305.17,1,1,305.17,Thursday,False,False
m-041,2026-08-21,54.58,1,0,54.58,Friday,False,False
m-041,2026-08-22,1692.78,4,2,423.2,Saturday,True,False
m-041,2026-08-23,1877.46,8,7,234.68,Sunday,True,False
m-041,2026-08-24,27.29,1,0,27.29,Monday,False,False
m-041,2026-08-25,1284.42,4,3,321.1,Tuesday,False,False
m-041,2026-08-26,913.97,6,5,152.33,Wednesday,False,False
m-041,2026-08-27,2172.38,3,3,724.13,Thursday,False,False
m-041,2026-08-28,1439.34,6,4,239.89,Friday,False,True
m-041,2026-08-29,524.82,3,1,174.94,Saturday,True,False
m-041,2026-08-30,960.98,3,3,320.33,Sunday,True,False
m-041,2026-08-31,216.55,1,0,216.55,Monday,False,False
m-041,2026-09-01,1842.67,3,2,614.22,Tuesday,False,False
m-041,2026-09-02,314.41,2,2,157.21,Wednesday,False,False
m-041,2026-09-03,1829.71,7,6,261.39,Thursday,False,False
m-041,2026-09-04,610.34,2,2,305.17,Friday,False,False
m-041,2026-09-05,1258.11,2,2,629.06,Saturday,True,False
m-041,2026-09-06,1384.8,3,3,461.6,Sunday,True,False
m-041,2026-09-07,2837.68,4,3,709.42,Monday,False,False
m-041,2026-09-08,1984.49,7,7,283.5,Tuesday,False,False
m-041,2026-09-09,700.3,3,1,233.43,Wednesday,False,False
m-041,2026-09-10,1180.87,3,2,393.62,Thursday,False,False
m-041,2026-09-11,2778.26,7,6,396.89,Friday,False,False
m-041,2026-09-12,1530.3,9,8,170.03,Saturday,True,False
m-041,2026-09-13,2278.48,7,5,325.5,Sunday,True,False
m-041,2026-09-14,684.06,3,2,228.02,Monday,False,False
m-041,2026-09-15,306.7,2,2,153.35,Tuesday,False,False
m-041,2026-09-16,2097.59,5,3,419.52,Wednesday,False,False
m-041,2026-09-17,692.23,4,4,173.06,Thursday,False,False
m-042,2025-09-18,61.16,1,0,61.16,Thursday,False,False
m-042,2025-09-19,166.02,2,1,83.01,Friday,False,False
m-042,2025-09-20,599.53,3,2,199.84,Saturday,True,False
m-042,2025-09-21,271.75,4,3,67.94,Sunday,True,False
m-042,2025-09-22,1059.93,9,7,117.77,Monday,False,False
m-042,2025-09-23,422.08,4,4,105.52,Tuesday,False,False
m-042,2025-09-24,859.38,7,6,122.77,Wednesday,False,False
m-042,2025-09-25,206.47,3,2,68.82,Thursday,False,False
m-042,2025-09-26,333.04,3,1,111.01,Friday,False,False
m-042,2025-09-27,295.19,4,2,73.8,Saturday,True,False
m-042,2025-09-28,488.86,4,3,122.21,Sunday,True,False
m-042,2025-09-29,371.33,4,4,92.83,Monday,False,False
m-042,2025-09-30,571.45,2,2,285.73,Tuesday,False,False
m-042,2025-10-01,373.25,4,2,93.31,Wednesday,False,False
m-042,2025-10-02,162.18,2,2,81.09,Thursday,False,False
m-042,2025-10-03,344.61,3,3,114.87,Friday,False,False
m-042,2025-10-04,417.78,4,4,104.44,Saturday,True,False
m-042,2025-10-05,370.1,3,3,123.37,Sunday,True,False
m-042,2025-10-06,377.43,3,3,125.81,Monday,False,False
m-042,2025-10-07,581.3,3,3,193.77,Tuesday,False,False
m-042,2025-10-08,317.42,3,2,105.81,Wednesday,False,False
m-042,2025-10-09,766.92,10,8,76.69,Thursday,False,False
m-042,2025-10-10,44.49,1,1,44.49,Friday,False,False
m-042,2025-10-11,438.49,5,5,87.7,Saturday,True,False
m-042,2025-10-12,221.62,3,3,73.87,Sunday,True,False
m-042,2025-10-13,477.69,3,1,159.23,Monday,False,False
m-042,2025-10-15,65.24,1,1,65.24,Wednesday,False,False
m-042,2025-10-16,392.28,3,2,130.76,Thursday,False,False
m-042,2025-10-17,302.34,2,1,151.17,Friday,False,False
m-042,2025-10-18,208.33,3,2,69.44,Saturday,True,False
m-042,2025-10-19,1057.19,6,5,176.2,Sunday,True,False
m-042,2025-10-20,735.65,6,6,122.61,Monday,False,True
m-042,2025-10-21,329.9,4,2,82.48,Tuesday,False,True
m-042,2025-10-22,439.09,5,3,87.82,Wednesday,False,True
m-042,2025-10-23,91.43,2,0,45.72,Thursday,False,False
m-042,2025-10-24,983.07,6,5,163.84,Friday,False,False
m-042,2025-10-25,777.57,7,3,111.08,Saturday,True,False
m-042,2025-10-26,542.03,6,3,90.34,Sunday,True,False
m-042,2025-10-27,453.0,5,4,90.6,Monday,False,False
m-042,2025-10-28,233.57,2,2,116.78,Tuesday,False,False
m-042,2025-10-29,107.89,2,2,53.94,Wednesday,False,False
m-042,2025-10-30,338.29,4,3,84.57,Thursday,False,False
m-042,2025-11-01,840.31,7,6,120.04,Saturday,True,False
m-042,2025-11-02,402.66,5,3,80.53,Sunday,True,False
m-042,2025-11-03,645.38,5,3,129.08,Monday,False,False
m-042,2025-11-04,518.56,5,2,103.71,Tuesday,False,False
m-042,2025-11-05,43.16,1,1,43.16,Wednesday,False,False
m-042,2025-11-06,623.85,3,2,207.95,Thursday,False,False
m-042,2025-11-07,65.24,1,1,65.24,Friday,False,False
m-042,2025-11-08,623.7,6,3,103.95,Saturday,True,False
m-042,2025-11-09,588.5,3,2,196.17,Sunday,True,False
m-042,2025-11-10,76.62,1,1,76.62,Monday,False,False
m-042,2025-11-11,105.03,2,2,52.52,Tuesday,False,False
m-042,2025-11-12,86.32,2,2,43.16,Wednesday,False,False
m-042,2025-11-13,294.61,3,3,98.2,Thursday,False,False
m-042,2025-11-14,147.48,3,2,49.16,Friday,False,False
m-042,2025-11-15,789.17,5,5,157.83,Saturday,True,False
m-042,2025-11-17,717.08,4,2,179.27,Monday,False,False
m-042,2025-11-18,530.53,3,2,176.84,Tuesday,False,False
m-042,2025-11-19,730.97,6,5,121.83,Wednesday,False,False
m-042,2025-11-20,43.16,1,1,43.16,Thursday,False,False
m-042,2025-11-21,195.05,3,1,65.02,Friday,False,False
m-042,2025-11-22,301.12,3,2,100.37,Saturday,True,False
m-042,2025-11-23,305.23,3,2,101.74,Sunday,True,False
m-042,2025-11-24,397.75,5,3,79.55,Monday,False,False
m-042,2025-11-26,106.63,1,1,106.63,Wednesday,False,False
m-042,2025-11-27,276.03,2,1,138.01,Thursday,False,False
m-042,2025-11-28,222.52,3,2,74.17,Friday,False,False
m-042,2025-11-29,527.49,7,5,75.36,Saturday,True,False
m-042,2025-11-30,979.91,5,3,195.98,Sunday,True,False
m-042,2025-12-01,266.39,4,3,66.6,Monday,False,False
m-042,2025-12-02,207.84,2,1,103.92,Tuesday,False,False
m-042,2025-12-03,250.57,3,3,83.52,Wednesday,False,False
m-042,2025-12-04,130.81,2,2,65.4,Thursday,False,False
m-042,2025-12-05,44.49,1,1,44.49,Friday,False,False
m-042,2025-12-06,388.66,3,3,129.55,Saturday,True,False
m-042,2025-12-07,198.6,2,1,99.3,Sunday,True,False
m-042,2025-12-08,215.8,3,2,71.93,Monday,False,False
m-042,2025-12-09,458.41,4,4,114.6,Tuesday,False,False
m-042,2025-12-10,298.71,5,3,59.74,Wednesday,False,False
m-042,2025-12-11,386.78,5,5,77.36,Thursday,False,False
m-042,2025-12-12,401.21,4,4,100.3,Friday,False,False
m-042,2025-12-13,563.92,5,3,112.78,Saturday,True,False
m-042,2025-12-14,425.28,3,3,141.76,Sunday,True,False
m-042,2025-12-15,375.56,5,4,75.11,Monday,False,False
m-042,2025-12-16,157.13,4,4,39.28,Tuesday,False,False
m-042,2025-12-17,495.14,3,2,165.05,Wednesday,False,False
m-042,2025-12-18,207.54,2,1,103.77,Thursday,False,False
m-042,2025-12-19,504.99,2,2,252.5,Friday,False,False
m-042,2025-12-20,576.4,5,3,115.28,Saturday,True,False
m-042,2025-12-21,516.01,4,3,129.0,Sunday,True,False
m-042,2025-12-22,234.18,4,3,58.54,Monday,False,False
m-042,2025-12-23,613.28,5,3,122.66,Tuesday,False,False
m-042,2025-12-24,537.99,3,1,179.33,Wednesday,False,False
m-042,2025-12-25,655.64,5,4,131.13,Thursday,False,True
m-042,2025-12-27,39.21,1,1,39.21,Saturday,True,False
m-042,2025-12-28,816.67,5,3,163.33,Sunday,True,False
m-042,2025-12-29,416.51,4,3,104.13,Monday,False,False
m-042,2025-12-30,375.77,4,2,93.94,Tuesday,False,False
m-042,2025-12-31,596.8,6,4,99.47,Wednesday,False,True
m-042,2026-01-01,522.87,5,3,104.57,Thursday,False,True
m-042,2026-01-02,893.64,7,6,127.66,Friday,False,False
m-042,2026-01-03,256.64,3,2,85.55,Saturday,True,False
m-042,2026-01-04,724.05,7,3,103.44,Sunday,True,False
m-042,2026-01-05,106.63,1,1,106.63,Monday,False,False
m-042,2026-01-06,754.84,7,7,107.83,Tuesday,False,False
m-042,2026-01-07,177.54,3,2,59.18,Wednesday,False,False
m-042,2026-01-08,332.66,4,3,83.16,Thursday,False,False
m-042,2026-01-09,426.52,1,1,426.52,Friday,False,False
m-042,2026-01-10,364.05,3,2,121.35,Saturday,True,False
m-042,2026-01-11,362.02,5,3,72.4,Sunday,True,False
m-042,2026-01-12,118.86,1,1,118.86,Monday,False,False
m-042,2026-01-13,287.19,2,2,143.6,Tuesday,False,False
m-042,2026-01-14,964.68,10,9,96.47,Wednesday,False,True
m-042,2026-01-15,160.34,2,2,80.17,Thursday,False,False
m-042,2026-01-16,237.72,1,1,237.72,Friday,False,False
m-042,2026-01-17,70.91,2,2,35.46,Saturday,True,False
m-042,2026-01-18,208.64,4,3,52.16,Sunday,True,False
m-042,2026-01-19,773.02,3,2,257.67,Monday,False,False
m-042,2026-01-20,928.25,6,3,154.71,Tuesday,False,False
m-042,2026-01-21,535.73,5,2,107.15,Wednesday,False,False
m-042,2026-01-22,212.8,3,0,70.93,Thursday,False,False
m-042,2026-01-23,287.89,4,3,71.97,Friday,False,False
m-042,2026-01-24,194.14,2,2,97.07,Saturday,True,False
m-042,2026-01-25,118.02,2,2,59.01,Sunday,True,False
m-042,2026-01-26,551.15,4,3,137.79,Monday,False,False
m-042,2026-01-27,30.27,1,1,30.27,Tuesday,False,False
m-042,2026-01-28,809.94,4,2,202.48,Wednesday,False,False
m-042,2026-01-29,307.02,3,3,102.34,Thursday,False,False
m-042,2026-01-30,481.61,4,3,120.4,Friday,False,False
m-042,2026-01-31,30.27,1,1,30.27,Saturday,True,False
m-042,2026-02-01,312.16,5,3,62.43,Sunday,True,False
m-042,2026-02-02,597.35,4,3,149.34,Monday,False,False
m-042,2026-02-03,406.15,4,3,101.54,Tuesday,False,False
m-042,2026-02-04,185.02,3,2,61.67,Wednesday,False,False
m-042,2026-02-05,116.59,2,0,58.29,Thursday,False,False
m-042,2026-02-06,674.72,6,5,112.45,Friday,False,False
m-042,2026-02-07,287.19,2,2,143.6,Saturday,True,False
m-042,2026-02-08,186.82,3,3,62.27,Sunday,True,False
m-042,2026-02-09,492.1,2,2,246.05,Monday,False,False
m-042,2026-02-11,546.13,5,4,109.23,Wednesday,False,False
m-042,2026-02-12,406.23,3,2,135.41,Thursday,False,False
m-042,2026-02-13,250.7,3,1,83.57,Friday,False,False
m-042,2026-02-14,682.87,6,5,113.81,Saturday,True,False
m-042,2026-02-15,357.08,4,2,89.27,Sunday,True,False
m-042,2026-02-16,454.49,4,4,113.62,Monday,False,False
m-042,2026-02-17,150.14,2,2,75.07,Tuesday,False,False
m-042,2026-02-18,31.7,1,1,31.7,Wednesday,False,False
m-042,2026-02-19,480.66,4,2,120.16,Thursday,False,False
m-042,2026-02-20,868.96,5,4,173.79,Friday,False,False
m-042,2026-02-21,175.64,3,2,58.55,Saturday,True,False
m-042,2026-02-22,244.04,2,2,122.02,Sunday,True,False
m-042,2026-02-23,592.41,6,6,98.74,Monday,False,False
m-042,2026-02-24,600.1,4,1,150.02,Tuesday,False,False
m-042,2026-02-25,494.82,4,3,123.7,Wednesday,False,False
m-042,2026-02-26,184.45,3,3,61.48,Thursday,False,False
m-042,2026-02-27,171.87,2,1,85.94,Friday,False,False
m-042,2026-03-01,407.44,4,2,101.86,Sunday,True,False
m-042,2026-03-02,807.1,5,3,161.42,Monday,False,False
m-042,2026-03-03,192.25,3,2,64.08,Tuesday,False,False
m-042,2026-03-04,351.81,6,5,58.63,Wednesday,False,True
m-042,2026-03-05,656.55,4,3,164.14,Thursday,False,False
m-042,2026-03-06,440.44,3,2,146.81,Friday,False,False
m-042,2026-03-07,928.42,8,7,116.05,Saturday,True,False
m-042,2026-03-08,601.9,5,5,120.38,Sunday,True,False
m-042,2026-03-09,226.64,2,1,113.32,Monday,False,False
m-042,2026-03-10,284.86,4,4,71.22,Tuesday,False,False
m-042,2026-03-11,979.1,5,4,195.82,Wednesday,False,False
m-042,2026-03-12,231.26,3,3,77.09,Thursday,False,False
m-042,2026-03-13,100.78,1,1,100.78,Friday,False,False
m-042,2026-03-14,175.54,3,3,58.51,Saturday,True,False
m-042,2026-03-15,1106.3,6,5,184.38,Sunday,True,False
m-042,2026-03-16,362.2,2,2,181.1,Monday,False,False
m-042,2026-03-17,175.36,3,2,58.45,Tuesday,False,False
m-042,2026-03-18,464.36,3,2,154.79,Wednesday,False,False
m-042,2026-03-19,278.42,3,3,92.81,Thursday,False,False
m-042,2026-03-20,369.79,6,5,61.63,Friday,False,True
m-042,2026-03-21,538.8,4,4,134.7,Saturday,True,False
m-042,2026-03-22,565.07,6,4,94.18,Sunday,True,False
m-042,2026-03-23,482.89,4,1,120.72,Monday,False,False
m-042,2026-03-24,338.29,4,3,84.57,Tuesday,False,False
m-042,2026-03-25,578.59,6,4,96.43,Wednesday,False,False
m-042,2026-03-26,532.17,4,1,133.04,Thursday,False,False
m-042,2026-03-27,356.58,1,1,356.58,Friday,False,False
m-042,2026-03-28,716.92,3,3,238.97,Saturday,True,False
m-042,2026-03-29,329.58,2,2,164.79,Sunday,True,False
m-042,2026-03-30,330.35,3,2,110.12,Monday,False,False
m-042,2026-03-31,492.52,3,2,164.17,Tuesday,False,False
m-042,2026-04-01,481.33,4,3,120.33,Wednesday,False,False
m-042,2026-04-02,118.86,1,1,118.86,Thursday,False,False
m-042,2026-04-03,552.74,5,4,110.55,Friday,False,False
m-042,2026-04-04,1128.41,8,6,141.05,Saturday,True,False
m-042,2026-04-05,43.16,1,1,43.16,Sunday,True,False
m-042,2026-04-06,145.27,2,2,72.64,Monday,False,False
m-042,2026-04-07,382.43,3,3,127.48,Tuesday,False,False
m-042,2026-04-08,126.8,1,1,126.8,Wednesday,False,False
m-042,2026-04-09,1142.48,7,2,163.21,Thursday,False,False
m-042,2026-04-10,83.7,2,2,41.85,Friday,False,False
m-042,2026-04-11,287.01,4,3,71.75,Saturday,True,False
m-042,2026-04-12,387.58,4,3,96.9,Sunday,True,False
m-042,2026-04-13,223.41,1,1,223.41,Monday,False,False
m-042,2026-04-14,227.71,2,2,113.86,Tuesday,False,False
m-042,2026-04-15,74.47,1,1,74.47,Wednesday,False,False
m-042,2026-04-16,319.11,2,2,159.56,Thursday,False,False
m-042,2026-04-17,416.55,5,2,83.31,Friday,False,False
m-042,2026-04-18,160.34,3,1,53.45,Saturday,True,False
m-042,2026-04-19,428.8,4,4,107.2,Sunday,True,False
m-042,2026-04-20,567.99,4,4,142.0,Monday,False,False
m-042,2026-04-21,82.37,2,2,41.18,Tuesday,False,False
m-042,2026-04-22,529.42,6,4,88.24,Wednesday,False,False
m-042,2026-04-23,31.7,1,0,31.7,Thursday,False,False
m-042,2026-04-24,382.95,4,4,95.74,Friday,False,False
m-042,2026-04-25,31.7,1,0,31.7,Saturday,True,False
m-042,2026-04-26,697.06,5,4,139.41,Sunday,True,False
m-042,2026-04-27,205.18,2,1,102.59,Monday,False,False
m-042,2026-04-28,435.45,3,2,145.15,Tuesday,False,False
m-042,2026-04-29,260.13,2,1,130.06,Wednesday,False,False
m-042,2026-04-30,714.9,7,4,102.13,Thursday,False,False
m-042,2026-05-01,539.53,4,3,134.88,Friday,False,False
m-042,2026-05-03,112.64,3,3,37.55,Sunday,True,False
m-042,2026-05-04,554.15,5,4,110.83,Monday,False,False
m-042,2026-05-05,447.94,5,2,89.59,Tuesday,False,False
m-042,2026-05-06,337.72,4,3,84.43,Wednesday,False,False
m-042,2026-05-07,106.63,1,0,106.63,Thursday,False,False
m-042,2026-05-08,237.88,2,2,118.94,Friday,False,False
m-042,2026-05-09,665.22,3,1,221.74,Saturday,True,False
m-042,2026-05-10,574.66,6,3,95.78,Sunday,True,False
m-042,2026-05-12,376.4,4,1,94.1,Tuesday,False,False
m-042,2026-05-13,381.66,3,2,127.22,Wednesday,False,False
m-042,2026-05-14,550.68,6,4,91.78,Thursday,False,False
m-042,2026-05-15,607.89,7,4,86.84,Friday,False,False
m-042,2026-05-16,350.37,6,5,58.4,Saturday,True,False
m-042,2026-05-17,312.58,4,3,78.14,Sunday,True,False
m-042,2026-05-18,575.66,4,2,143.92,Monday,False,False
m-042,2026-05-19,582.58,5,5,116.52,Tuesday,False,False
m-042,2026-05-20,403.12,2,1,201.56,Wednesday,False,False
m-042,2026-05-21,406.76,4,3,101.69,Thursday,False,False
m-042,2026-05-22,343.86,4,4,85.96,Friday,False,False
m-042,2026-05-23,694.1,5,2,138.82,Saturday,True,False
m-042,2026-05-24,1012.38,8,6,126.55,Sunday,True,False
m-042,2026-05-25,367.43,5,4,73.49,Monday,False,False
m-042,2026-05-26,208.62,3,3,69.54,Tuesday,False,False
m-042,2026-05-27,128.19,2,2,64.1,Wednesday,False,False
m-042,2026-05-28,176.99,3,1,59.0,Thursday,False,False
m-042,2026-05-29,369.89,2,2,184.94,Friday,False,False
m-042,2026-05-30,502.13,4,4,125.53,Saturday,True,False
m-042,2026-05-31,1317.78,6,6,219.63,Sunday,True,False
m-042,2026-06-01,194.72,2,1,97.36,Monday,False,False
m-042,2026-06-02,44.49,1,0,44.49,Tuesday,False,False
m-042,2026-06-03,65.24,1,1,65.24,Wednesday,False,False
m-042,2026-06-04,803.0,5,4,160.6,Thursday,False,False
m-042,2026-06-05,414.07,3,1,138.02,Friday,False,False
m-042,2026-06-06,344.8,5,3,68.96,Saturday,True,False
m-042,2026-06-07,1036.62,9,6,115.18,Sunday,True,False
m-042,2026-06-08,256.91,4,4,64.23,Monday,False,False
m-042,2026-06-09,198.94,2,1,99.47,Tuesday,False,False
m-042,2026-06-10,476.37,3,3,158.79,Wednesday,False,False
m-042,2026-06-11,176.99,3,3,59.0,Thursday,False,False
m-042,2026-06-12,673.16,4,1,168.29,Friday,False,False
m-042,2026-06-13,790.57,8,7,98.82,Saturday,True,False
m-042,2026-06-14,402.28,4,4,100.57,Sunday,True,False
m-042,2026-06-15,175.25,2,1,87.62,Monday,False,False
m-042,2026-06-16,272.78,3,1,90.93,Tuesday,False,False
m-042,2026-06-17,339.22,4,3,84.8,Wednesday,False,False
m-042,2026-06-18,193.33,2,1,96.66,Thursday,False,False
m-042,2026-06-19,100.78,1,0,100.78,Friday,False,False
m-042,2026-06-20,634.51,8,5,79.31,Saturday,True,False
m-042,2026-06-21,923.9,6,3,153.98,Sunday,True,False
m-042,2026-06-23,370.0,4,3,92.5,Tuesday,False,False
m-042,2026-06-24,472.59,5,4,94.52,Wednesday,False,False
m-042,2026-06-25,243.4,3,2,81.13,Thursday,False,False
m-042,2026-06-26,823.72,3,3,274.57,Friday,False,False
m-042,2026-06-27,360.29,4,4,90.07,Saturday,True,False
m-042,2026-06-28,305.68,4,3,76.42,Sunday,True,False
m-042,2026-06-29,126.72,2,1,63.36,Monday,False,False
m-042,2026-07-01,87.65,2,2,43.82,Wednesday,False,False
m-042,2026-07-02,261.9,2,2,130.95,Thursday,False,False
m-042,2026-07-03,168.33,1,0,168.33,Friday,False,False
m-042,2026-07-04,531.83,3,2,177.28,Saturday,True,False
m-042,2026-07-05,568.43,4,3,142.11,Sunday,True,False
m-042,2026-07-06,161.32,2,1,80.66,Monday,False,False
m-042,2026-07-07,426.42,6,6,71.07,Tuesday,False,False
m-042,2026-07-08,261.96,4,4,65.49,Wednesday,False,False
m-042,2026-07-09,100.78,1,1,100.78,Thursday,False,False
m-042,2026-07-10,695.27,5,4,139.05,Friday,False,False
m-042,2026-07-11,491.57,6,5,81.93,Saturday,True,False
m-042,2026-07-12,396.23,5,3,79.25,Sunday,True,False
m-042,2026-07-13,429.91,4,3,107.48,Monday,False,False
m-042,2026-07-15,625.71,6,4,104.29,Wednesday,False,False
m-042,2026-07-16,118.86,1,0,118.86,Thursday,False,False
m-042,2026-07-18,575.9,5,5,115.18,Saturday,True,False
m-042,2026-07-19,571.54,7,5,81.65,Sunday,True,False
m-042,2026-07-20,947.3,5,5,189.46,Monday,False,False
m-042,2026-07-21,303.42,3,2,101.14,Tuesday,False,False
m-042,2026-07-22,579.99,2,1,290.0,Wednesday,False,False
m-042,2026-07-23,341.55,2,2,170.77,Thursday,False,False
m-042,2026-07-24,193.33,2,1,96.66,Friday,False,False
m-042,2026-07-25,882.34,5,4,176.47,Saturday,True,False
m-042,2026-07-26,799.94,7,5,114.28,Sunday,True,False
m-042,2026-07-27,621.84,5,2,124.37,Monday,False,False
m-042,2026-07-28,39.21,1,1,39.21,Tuesday,False,False
m-042,2026-07-29,319.89,1,1,319.89,Wednesday,False,False
m-042,2026-07-31,249.91,3,1,83.3,Friday,False,False
m-042,2026-08-01,608.44,7,7,86.92,Saturday,True,False
m-042,2026-08-02,762.55,7,6,108.94,Sunday,True,False
m-042,2026-08-03,747.79,3,3,249.26,Monday,False,False
m-042,2026-08-04,671.2,5,3,134.24,Tuesday,False,False
m-042,2026-08-05,712.66,5,4,142.53,Wednesday,False,False
m-042,2026-08-06,190.56,3,0,63.52,Thursday,False,False
m-042,2026-08-07,196.44,3,3,65.48,Friday,False,False
m-042,2026-08-08,31.7,1,0,31.7,Saturday,True,False
m-042,2026-08-09,87.65,2,1,43.82,Sunday,True,False
m-042,2026-08-10,175.25,2,0,87.62,Monday,False,False
m-042,2026-08-11,197.18,3,2,65.73,Tuesday,False,False
m-042,2026-08-12,465.84,4,3,116.46,Wednesday,False,False
m-042,2026-08-13,126.8,1,1,126.8,Thursday,False,False
m-042,2026-08-14,415.08,2,2,207.54,Friday,False,False
m-042,2026-08-15,500.64,5,5,100.13,Saturday,True,True
m-042,2026-08-16,790.95,4,0,197.74,Sunday,True,False
m-042,2026-08-17,83.7,2,2,41.85,Monday,False,False
m-042,2026-08-18,177.54,3,3,59.18,Tuesday,False,False
m-042,2026-08-19,193.43,2,0,96.72,Wednesday,False,False
m-042,2026-08-20,122.32,2,1,61.16,Thursday,False,False
m-042,2026-08-21,581.13,6,4,96.86,Friday,False,False
m-042,2026-08-22,304.55,5,2,60.91,Saturday,True,False
m-042,2026-08-23,1005.95,6,5,167.66,Sunday,True,False
m-042,2026-08-24,168.33,1,1,168.33,Monday,False,False
m-042,2026-08-25,337.91,4,3,84.48,Tuesday,False,False
m-042,2026-08-27,650.48,7,5,92.93,Thursday,False,False
m-042,2026-08-28,426.27,6,4,71.04,Friday,False,True
m-042,2026-08-29,921.21,5,3,184.24,Saturday,True,False
m-042,2026-08-30,504.26,4,2,126.06,Sunday,True,False
m-042,2026-08-31,216.33,3,2,72.11,Monday,False,False
m-042,2026-09-01,618.87,3,3,206.29,Tuesday,False,False
m-042,2026-09-02,137.78,2,2,68.89,Wednesday,False,False
m-042,2026-09-03,644.1,3,3,214.7,Thursday,False,False
m-042,2026-09-05,840.46,6,3,140.08,Saturday,True,False
m-042,2026-09-06,775.75,4,3,193.94,Sunday,True,False
m-042,2026-09-07,655.62,5,3,131.12,Monday,False,False
m-042,2026-09-08,508.98,5,3,101.8,Tuesday,False,False
m-042,2026-09-09,246.34,3,2,82.11,Wednesday,False,False
m-042,2026-09-10,364.73,3,3,121.58,Thursday,False,False
m-042,2026-09-11,1073.36,8,5,134.17,Friday,False,False
m-042,2026-09-12,295.74,3,1,98.58,Saturday,True,False
m-042,2026-09-13,403.12,1,1,403.12,Sunday,True,False
m-042,2026-09-14,548.15,2,1,274.08,Monday,False,False
m-042,2026-09-15,237.72,1,0,237.72,Tuesday,False,False
m-042,2026-09-16,555.87,4,4,138.97,Wednesday,False,False
m-042,2026-09-17,175.02,2,2,87.51,Thursday,False,False
m-043,2025-09-18,2908.47,6,4,484.75,Thursday,False,False
m-043,2025-09-19,2679.47,3,1,893.16,Friday,False,False
m-043,2025-09-20,3793.35,3,2,1264.45,Saturday,True,False
m-043,2025-09-21,336.04,1,0,336.04,Sunday,True,False
m-043,2025-09-22,1829.2,3,3,609.73,Monday,False,False
m-043,2025-09-23,7048.43,8,6,881.05,Tuesday,False,False
m-043,2025-09-24,7581.7,8,3,947.71,Wednesday,False,False
m-043,2025-09-25,3457.31,2,1,1728.66,Thursday,False,False
m-043,2025-09-26,2003.97,2,2,1001.98,Friday,False,False
m-043,2025-09-27,2685.14,4,2,671.28,Saturday,True,False
m-043,2025-09-28,3467.95,2,1,1733.98,Sunday,True,False
m-043,2025-09-29,5556.14,5,4,1111.23,Monday,False,False
m-043,2025-10-01,3248.87,3,3,1082.96,Wednesday,False,False
m-043,2025-10-02,3107.69,3,3,1035.9,Thursday,False,False
m-043,2025-10-03,1225.65,2,1,612.83,Friday,False,False
m-043,2025-10-04,5352.67,5,4,1070.53,Saturday,True,False
m-043,2025-10-05,3737.83,3,3,1245.94,Sunday,True,False
m-043,2025-10-06,1170.13,2,2,585.07,Monday,False,False
m-043,2025-10-07,1559.32,2,0,779.66,Tuesday,False,False
m-043,2025-10-08,1159.49,2,1,579.74,Wednesday,False,False
m-043,2025-10-09,3467.95,2,2,1733.98,Thursday,False,False
m-043,2025-10-10,1789.86,2,2,894.93,Friday,False,False
m-043,2025-10-11,2115.26,3,2,705.09,Saturday,True,False
m-043,2025-10-12,2567.7,1,1,2567.7,Sunday,True,False
m-043,2025-10-13,2674.5,4,1,668.62,Monday,False,False
m-043,2025-10-14,3224.96,6,3,537.49,Tuesday,False,False
m-043,2025-10-15,1103.72,1,1,1103.72,Wednesday,False,False
m-043,2025-10-16,3366.37,6,5,561.06,Thursday,False,False
m-043,2025-10-17,1817.69,4,4,454.42,Friday,False,False
m-043,2025-10-18,4932.23,8,3,616.53,Saturday,True,False
m-043,2025-10-20,4666.53,4,4,1166.63,Monday,False,True
m-043,2025-10-21,7872.95,8,6,984.12,Tuesday,False,True
m-043,2025-10-22,6497.74,6,4,1082.96,Wednesday,False,True
m-043,2025-10-23,4352.59,4,1,1088.15,Thursday,False,False
m-043,2025-10-24,4485.16,5,5,897.03,Friday,False,False
m-043,2025-10-25,4830.04,5,4,966.01,Saturday,True,False
m-043,2025-10-26,7635.13,7,4,1090.73,Sunday,True,False
m-043,2025-10-27,2059.74,3,2,686.58,Monday,False,False
m-043,2025-10-28,4138.48,4,4,1034.62,Tuesday,False,False
m-043,2025-10-29,605.92,2,2,302.96,Wednesday,False,False
m-043,2025-10-30,4333.11,5,4,866.62,Thursday,False,False
m-043,2025-10-31,2115.26,3,2,705.09,Friday,False,False
m-043,2025-11-01,2174.08,3,2,724.69,Saturday,True,False
m-043,2025-11-02,4778.3,6,4,796.38,Sunday,True,False
m-043,2025-11-03,2795.61,4,4,698.9,Monday,False,False
m-043,2025-11-04,1170.13,2,2,585.07,Tuesday,False,False
m-043,2025-11-05,4907.71,4,3,1226.93,Wednesday,False,False
m-043,2025-11-06,5299.52,6,5,883.25,Thursday,False,False
m-043,2025-11-07,1765.41,4,2,441.35,Friday,False,False
m-043,2025-11-08,889.61,1,1,889.61,Saturday,True,False
m-043,2025-11-09,1851.05,3,3,617.02,Sunday,True,False
m-043,2025-11-10,1636.94,3,2,545.65,Monday,False,False
m-043,2025-11-11,1103.72,1,1,1103.72,Tuesday,False,False
m-043,2025-11-12,2471.03,4,4,617.76,Wednesday,False,False
m-043,2025-11-13,4007.46,3,1,1335.82,Thursday,False,False
m-043,2025-11-15,5516.18,6,4,919.36,Saturday,True,False
m-043,2025-11-16,4127.02,3,1,1375.67,Sunday,True,False
m-043,2025-11-17,1993.33,2,0,996.66,Monday,False,False
m-043,2025-11-18,1300.9,2,2,650.45,Tuesday,False,False
m-043,2025-11-19,5861.93,5,4,1172.39,Wednesday,False,False
m-043,2025-11-20,269.88,1,0,269.88,Thursday,False,False
m-043,2025-11-21,1623.13,5,2,324.63,Friday,False,False
m-043,2025-11-22,1311.54,2,2,655.77,Saturday,True,False
m-043,2025-11-23,6100.0,7,5,871.43,Sunday,True,False
m-043,2025-11-24,1851.05,3,2,617.02,Monday,False,False
m-043,2025-11-25,2652.4,3,2,884.13,Tuesday,False,False
m-043,2025-11-26,1373.6,2,1,686.8,Wednesday,False,False
m-043,2025-11-27,1895.36,3,2,631.79,Thursday,False,False
m-043,2025-11-28,3727.19,3,3,1242.4,Friday,False,False
m-043,2025-11-29,3315.03,3,2,1105.01,Saturday,True,False
m-043,2025-11-30,1926.3,3,2,642.1,Sunday,True,False
m-043,2025-12-01,4775.14,3,1,1591.71,Monday,False,False
m-043,2025-12-02,3226.77,2,0,1613.38,Tuesday,False,False
m-043,2025-12-03,2978.99,2,2,1489.5,Wednesday,False,False
m-043,2025-12-04,3949.88,6,5,658.31,Thursday,False,False
m-043,2025-12-05,2949.35,4,3,737.34,Friday,False,False
m-043,2025-12-06,2955.08,5,4,591.02,Saturday,True,False
m-043,2025-12-07,8654.38,6,5,1442.4,Sunday,True,False
m-043,2025-12-08,889.61,1,1,889.61,Monday,False,False
m-043,2025-12-09,3457.31,2,0,1728.66,Tuesday,False,False
m-043,2025-12-11,1070.36,2,1,535.18,Thursday,False,False
m-043,2025-12-12,4907.71,4,4,1226.93,Friday,False,False
m-043,2025-12-13,3671.42,2,1,1835.71,Saturday,True,False
m-043,2025-12-14,4310.14,5,3,862.03,Sunday,True,False
m-043,2025-12-15,3671.42,2,0,1835.71,Monday,False,False
m-043,2025-12-16,269.88,1,1,269.88,Tuesday,False,False
m-043,2025-12-17,5427.92,5,3,1085.58,Wednesday,False,False
m-043,2025-12-18,6526.67,7,6,932.38,Thursday,False,False
m-043,2025-12-19,1789.86,2,1,894.93,Friday,False,False
m-043,2025-12-20,6400.39,5,3,1280.08,Saturday,True,False
m-043,2025-12-21,1559.32,2,2,779.66,Sunday,True,False
m-043,2025-12-22,3963.94,5,4,792.79,Monday,False,False
m-043,2025-12-23,1300.9,2,2,650.45,Tuesday,False,False
m-043,2025-12-25,7290.0,6,4,1215.0,Thursday,False,True
m-043,2025-12-26,822.58,2,1,411.29,Friday,False,False
m-043,2025-12-27,336.04,1,0,336.04,Saturday,True,False
m-043,2025-12-28,6478.74,8,3,809.84,Sunday,True,False
m-043,2025-12-29,659.07,1,1,659.07,Monday,False,False
m-043,2025-12-30,2599.5,5,5,519.9,Tuesday,False,False
m-043,2025-12-31,3540.52,7,5,505.79,Wednesday,False,True
m-043,2026-01-01,1331.15,3,1,443.72,Thursday,False,True
m-043,2026-01-02,1103.72,1,1,1103.72,Friday,False,False
m-043,2026-01-03,3793.35,3,3,1264.45,Saturday,True,False
m-043,2026-01-04,4007.46,3,0,1335.82,Sunday,True,False
m-043,2026-01-05,659.07,1,1,659.07,Monday,False,False
m-043,2026-01-06,1159.49,2,2,579.74,Tuesday,False,False
m-043,2026-01-07,1515.01,2,1,757.5,Wednesday,False,False
m-043,2026-01-08,4127.02,3,1,1375.67,Thursday,False,False
m-043,2026-01-09,1762.79,2,1,881.4,Friday,False,False
m-043,2026-01-10,4147.93,6,5,691.32,Saturday,True,False
m-043,2026-01-11,4700.63,7,6,671.52,Sunday,True,False
m-043,2026-01-12,1103.72,1,1,1103.72,Monday,False,False
m-043,2026-01-13,1340.24,3,1,446.75,Tuesday,False,False
m-043,2026-01-14,2032.67,3,2,677.56,Wednesday,False,True
m-043,2026-01-15,4775.14,3,1,1591.71,Thursday,False,False
m-043,2026-01-16,1993.33,2,0,996.66,Friday,False,False
m-043,2026-01-17,2567.7,1,1,2567.7,Saturday,True,False
m-043,2026-01-18,2488.27,4,2,622.07,Sunday,True,False
m-043,2026-01-19,2304.23,5,4,460.85,Monday,False,False
m-043,2026-01-20,4989.56,4,4,1247.39,Tuesday,False,False
m-043,2026-01-21,3083.55,6,5,513.93,Wednesday,False,False
m-043,2026-01-22,2837.58,2,1,1418.79,Thursday,False,False
m-043,2026-01-23,1993.33,2,0,996.66,Friday,False,False
m-043,2026-01-24,4667.83,6,5,777.97,Saturday,True,False
m-043,2026-01-25,2808.62,5,4,561.72,Sunday,True,False
m-043,2026-01-26,1515.01,2,0,757.5,Monday,False,False
m-043,2026-01-27,889.61,1,1,889.61,Tuesday,False,False
m-043,2026-01-28,1103.72,1,1,1103.72,Wednesday,False,False
m-043,2026-01-29,1318.14,2,1,659.07,Thursday,False,False
m-043,2026-01-30,4527.67,4,3,1131.92,Friday,False,False
m-043,2026-01-31,3351.55,5,3,670.31,Saturday,True,False
m-043,2026-02-01,6310.67,10,5,631.07,Sunday,True,False
m-043,2026-02-02,2125.9,3,2,708.63,Monday,False,False
m-043,2026-02-03,3202.55,4,3,800.64,Tuesday,False,False
m-043,2026-02-04,3027.78,5,4,605.56,Wednesday,False,False
m-043,2026-02-05,1722.83,3,3,574.28,Thursday,False,False
m-043,2026-02-06,9284.52,6,5,1547.42,Friday,False,False
m-043,2026-02-07,3457.31,2,2,1728.66,Saturday,True,False
m-043,2026-02-08,5434.21,4,3,1358.55,Sunday,True,False
m-043,2026-02-09,2165.24,4,2,541.31,Monday,False,False
m-043,2026-02-10,1300.9,2,1,650.45,Tuesday,False,False
m-043,2026-02-11,1559.32,2,1,779.66,Wednesday,False,False
m-043,2026-02-12,6509.0,4,3,1627.25,Thursday,False,False
m-043,2026-02-13,336.04,1,1,336.04,Friday,False,False
m-043,2026-02-14,3585.39,5,3,717.08,Saturday,True,False
m-043,2026-02-16,2835.77,6,5,472.63,Monday,False,False
m-043,2026-02-17,889.61,1,1,889.61,Tuesday,False,False
m-043,2026-02-18,3444.04,5,5,688.81,Wednesday,False,False
m-043,2026-02-19,93433.61,6,5,15572.27,Thursday,False,False
m-043,2026-02-20,269.88,1,1,269.88,Friday,False,False
m-043,2026-02-21,1762.79,2,2,881.4,Saturday,True,False
m-043,2026-02-22,4029.48,7,6,575.64,Sunday,True,False
m-043,2026-02-23,8238.43,7,5,1176.92,Monday,False,False
m-043,2026-02-24,9577.66,7,4,1368.24,Tuesday,False,False
m-043,2026-02-25,2003.97,2,2,1001.98,Wednesday,False,False
m-043,2026-02-28,747.33,2,1,373.66,Saturday,True,False
m-043,2026-03-01,10240.77,8,7,1280.1,Sunday,True,False
m-043,2026-03-02,3390.28,3,3,1130.09,Monday,False,False
m-043,2026-03-03,2125.9,3,3,708.63,Tuesday,False,False
m-043,2026-03-04,13527.48,13,10,1040.58,Wednesday,False,True
m-043,2026-03-05,6834.32,8,7,854.29,Thursday,False,False
m-043,2026-03-06,4211.18,4,3,1052.8,Friday,False,False
m-043,2026-03-07,2892.96,5,4,578.59,Saturday,True,False
m-043,2026-03-08,2368.96,5,3,473.79,Sunday,True,False
m-043,2026-03-09,3726.93,7,6,532.42,Monday,False,False
m-043,2026-03-11,5836.66,6,2,972.78,Wednesday,False,False
m-043,2026-03-12,1083.37,3,3,361.12,Thursday,False,False
m-043,2026-03-13,2472.58,4,3,618.14,Friday,False,False
m-043,2026-03-14,889.61,1,1,889.61,Saturday,True,False
m-043,2026-03-16,1017.21,3,2,339.07,Monday,False,False
m-043,2026-03-17,4290.53,4,3,1072.63,Tuesday,False,False
m-043,2026-03-18,605.92,2,2,302.96,Wednesday,False,False
m-043,2026-03-19,6653.57,7,4,950.51,Thursday,False,False
m-043,2026-03-20,2955.02,5,3,591.0,Friday,False,True
m-043,2026-03-21,3777.73,9,8,419.75,Saturday,True,False
m-043,2026-03-22,2567.7,1,1,2567.7,Sunday,True,False
m-043,2026-03-23,4343.5,4,3,1085.88,Monday,False,False
m-043,2026-03-24,900.25,1,1,900.25,Tuesday,False,False
m-043,2026-03-25,4666.53,4,3,1166.63,Wednesday,False,False
m-043,2026-03-26,5471.44,3,2,1823.81,Thursday,False,False
m-043,2026-03-27,2240.49,4,0,560.12,Friday,False,False
m-043,2026-03-28,4741.78,4,3,1185.44,Saturday,True,False
m-043,2026-03-29,5489.98,5,2,1098.0,Sunday,True,False
m-043,2026-03-30,2262.34,4,3,565.58,Monday,False,False
m-043,2026-04-01,2837.58,2,2,1418.79,Wednesday,False,False
m-043,2026-04-02,8446.56,5,3,1689.31,Thursday,False,False
m-043,2026-04-03,1908.37,4,4,477.09,Friday,False,False
m-043,2026-04-04,1959.97,3,2,653.32,Saturday,True,False
m-043,2026-04-05,659.07,1,0,659.07,Sunday,True,False
m-043,2026-04-06,1548.68,2,1,774.34,Monday,False,False
m-043,2026-04-07,2207.75,3,3,735.92,Tuesday,False,False
m-043,2026-04-08,6000.79,5,3,1200.16,Wednesday,False,False
m-043,2026-04-09,900.25,1,1,900.25,Thursday,False,False
m-043,2026-04-10,539.76,2,1,269.88,Friday,False,False
m-043,2026-04-11,3713.61,5,3,742.72,Saturday,True,False
m-043,2026-04-13,4627.44,4,4,1156.86,Monday,False,False
m-043,2026-04-14,4768.85,4,2,1192.21,Tuesday,False,False
m-043,2026-04-15,5129.16,8,5,641.14,Wednesday,False,False
m-043,2026-04-16,4469.33,5,2,893.87,Thursday,False,False
m-043,2026-04-17,4082.71,3,2,1360.9,Friday,False,False
m-043,2026-04-18,5770.5,6,3,961.75,Saturday,True,False
m-043,2026-04-19,7526.21,7,4,1075.17,Sunday,True,False
m-043,2026-04-20,1712.19,3,3,570.73,Monday,False,False
m-043,2026-04-21,1070.36,2,1,535.18,Tuesday,False,False
m-043,2026-04-22,1970.61,3,3,656.87,Wednesday,False,False
m-043,2026-04-23,2187.34,5,5,437.47,Thursday,False,False
m-043,2026-04-24,336.04,1,1,336.04,Friday,False,False
m-043,2026-04-25,3467.95,2,2,1733.98,Saturday,True,False
m-043,2026-04-26,928.95,2,0,464.48,Sunday,True,False
m-043,2026-04-27,4177.82,5,3,835.56,Monday,False,False
m-043,2026-04-28,3671.42,2,2,1835.71,Tuesday,False,False
m-043,2026-04-29,5100.79,5,3,1020.16,Wednesday,False,False
m-043,2026-04-30,1070.36,2,1,535.18,Thursday,False,False
m-043,2026-05-02,928.95,2,0,464.48,Saturday,True,False
m-043,2026-05-03,5593.85,5,5,1118.77,Sunday,True,False
m-043,2026-05-04,4937.2,7,5,705.31,Monday,False,False
m-043,2026-05-05,4330.49,3,2,1443.5,Tuesday,False,False
m-043,2026-05-07,681.17,2,2,340.58,Thursday,False,False
m-043,2026-05-08,8999.25,11,6,818.11,Friday,False,False
m-043,2026-05-09,995.11,2,2,497.56,Saturday,True,False
m-043,2026-05-10,8148.05,9,8,905.34,Sunday,True,False
m-043,2026-05-11,6436.3,4,2,1609.07,Monday,False,False
m-043,2026-05-12,1225.65,2,1,612.83,Tuesday,False,False
m-043,2026-05-13,1236.29,2,2,618.14,Wednesday,False,False
m-043,2026-05-14,5392.01,6,4,898.67,Thursday,False,False
m-043,2026-05-15,4982.96,4,3,1245.74,Friday,False,False
m-043,2026-05-16,5731.16,5,4,1146.23,Saturday,True,False
m-043,2026-05-17,3565.66,5,4,713.13,Sunday,True,False
m-043,2026-05-18,659.07,1,0,659.07,Monday,False,False
m-043,2026-05-19,889.61,1,1,889.61,Tuesday,False,False
m-043,2026-05-20,1236.29,2,1,618.14,Wednesday,False,False
m-043,2026-05-21,1236.29,2,1,618.14,Thursday,False,False
m-043,2026-05-22,1159.49,2,2,579.74,Friday,False,False
m-043,2026-05-23,2934.67,7,7,419.24,Saturday,True,False
m-043,2026-05-24,5622.55,6,4,937.09,Sunday,True,False
m-043,2026-05-25,4514.09,6,3,752.35,Monday,False,False
m-043,2026-05-26,1559.32,2,2,779.66,Tuesday,False,False
m-043,2026-05-27,2207.44,2,1,1103.72,Wednesday,False,False
m-043,2026-05-28,3311.16,3,2,1103.72,Thursday,False,False
m-043,2026-05-29,2306.65,4,2,576.66,Friday,False,False
m-043,2026-05-30,5166.33,7,3,738.05,Saturday,True,False
m-043,2026-05-31,2471.03,4,2,617.76,Sunday,True,False
m-043,2026-06-01,1092.46,3,3,364.15,Monday,False,False
m-043,2026-06-02,5135.4,2,2,2567.7,Tuesday,False,False
m-043,2026-06-03,2032.67,3,1,677.56,Wednesday,False,False
m-043,2026-06-04,7550.66,5,5,1510.13,Thursday,False,False
m-043,2026-06-05,2059.74,3,1,686.58,Friday,False,False
m-043,2026-06-06,928.95,2,1,464.48,Saturday,True,False
m-043,2026-06-07,889.61,1,1,889.61,Sunday,True,False
m-043,2026-06-08,1311.54,2,2,655.77,Monday,False,False
m-043,2026-06-09,8749.24,7,7,1249.89,Tuesday,False,False
m-043,2026-06-10,411.29,1,0,411.29,Wednesday,False,False
m-043,2026-06-11,2567.7,1,0,2567.7,Thursday,False,False
m-043,2026-06-12,4830.91,4,3,1207.73,Friday,False,False
m-043,2026-06-13,3793.83,4,3,948.46,Saturday,True,False
m-043,2026-06-14,5675.39,4,4,1418.85,Sunday,True,False
m-043,2026-06-15,3152.2,6,4,525.37,Monday,False,False
m-043,2026-06-16,3315.03,3,3,1105.01,Tuesday,False,False
m-043,2026-06-17,605.92,2,0,302.96,Wednesday,False,False
m-043,2026-06-18,2757.9,4,4,689.48,Thursday,False,False
m-043,2026-06-19,7696.8,9,5,855.2,Friday,False,False
m-043,2026-06-20,2262.34,4,3,565.58,Saturday,True,False
m-043,2026-06-21,2123.48,4,3,530.87,Sunday,True,False
m-043,2026-06-22,1494.66,4,4,373.66,Monday,False,False
m-043,2026-06-23,5741.32,4,3,1435.33,Tuesday,False,False
m-043,2026-06-24,4560.41,5,4,912.08,Wednesday,False,False
m-043,2026-06-25,1534.87,4,2,383.72,Thursday,False,False
m-043,2026-06-26,1439.76,2,1,719.88,Friday,False,False
m-043,2026-06-28,2780.0,5,4,556.0,Sunday,True,False
m-043,2026-06-29,1225.65,2,1,612.83,Monday,False,False
m-043,2026-06-30,12164.35,11,9,1105.85,Tuesday,False,False
m-043,2026-07-01,3619.06,5,3,723.81,Wednesday,False,False
m-043,2026-07-02,2207.75,3,2,735.92,Thursday,False,False
m-043,2026-07-03,4178.05,5,4,835.61,Friday,False,False
m-043,2026-07-04,4602.12,7,4,657.45,Saturday,True,False
m-043,2026-07-05,4949.6,5,5,989.92,Sunday,True,False
m-043,2026-07-06,3296.03,5,2,659.21,Monday,False,False
m-043,2026-07-07,1225.65,2,1,612.83,Tuesday,False,False
m-043,2026-07-08,1506.17,3,3,502.06,Wednesday,False,False
m-043,2026-07-09,4346.92,3,2,1448.97,Thursday,False,False
m-043,2026-07-10,5794.47,3,3,1931.49,Friday,False,False
m-043,2026-07-11,1712.19,3,3,570.73,Saturday,True,False
m-043,2026-07-12,4352.59,4,2,1088.15,Sunday,True,False
m-043,2026-07-13,4299.98,6,5,716.66,Monday,False,False
m-043,2026-07-14,4200.77,4,4,1050.19,Tuesday,False,False
m-043,2026-07-15,4183.84,5,3,836.77,Wednesday,False,False
m-043,2026-07-16,747.33,2,1,373.66,Thursday,False,False
m-043,2026-07-17,1236.29,2,1,618.14,Friday,False,False
m-043,2026-07-18,4375.23,6,5,729.2,Saturday,True,False
m-043,2026-07-19,8457.51,6,5,1409.58,Sunday,True,False
m-043,2026-07-20,2201.15,3,1,733.72,Monday,False,False
m-043,2026-07-21,1588.02,3,3,529.34,Tuesday,False,False
m-043,2026-07-23,1515.01,2,1,757.5,Thursday,False,False
m-043,2026-07-24,4475.0,6,3,745.83,Friday,False,False
m-043,2026-07-25,1581.42,3,3,527.14,Saturday,True,False
m-043,2026-07-26,4452.42,4,3,1113.1,Sunday,True,False
m-043,2026-07-27,4602.12,7,6,657.45,Monday,False,False
m-043,2026-07-28,995.11,2,2,497.56,Tuesday,False,False
m-043,2026-07-29,269.88,1,1,269.88,Wednesday,False,False
m-043,2026-07-30,659.07,1,0,659.07,Thursday,False,False
m-043,2026-07-31,809.64,3,3,269.88,Friday,False,False
m-043,2026-08-01,6630.54,7,5,947.22,Saturday,True,False
m-043,2026-08-02,1895.36,3,1,631.79,Sunday,True,False
m-043,2026-08-03,1818.56,3,2,606.19,Monday,False,False
m-043,2026-08-04,3103.03,5,2,620.61,Tuesday,False,False
m-043,2026-08-05,605.92,2,1,302.96,Wednesday,False,False
m-043,2026-08-06,4693.6,4,2,1173.4,Thursday,False,False
m-043,2026-08-07,2567.7,1,1,2567.7,Friday,False,False
m-043,2026-08-08,889.61,1,1,889.61,Saturday,True,False
m-043,2026-08-09,5622.55,6,5,937.09,Sunday,True,False
m-043,2026-08-10,1373.6,2,2,686.8,Monday,False,False
m-043,2026-08-11,1439.76,2,1,719.88,Tuesday,False,False
m-043,2026-08-12,4972.32,4,3,1243.08,Wednesday,False,False
m-043,2026-08-13,2567.7,1,1,2567.7,Thursday,False,False
m-043,2026-08-15,5690.01,8,8,711.25,Saturday,True,True
m-043,2026-08-16,2609.89,4,2,652.47,Sunday,True,False
m-043,2026-08-17,5720.52,5,3,1144.1,Monday,False,False
m-043,2026-08-18,681.17,2,1,340.58,Tuesday,False,False
m-043,2026-08-19,3012.09,5,3,602.42,Wednesday,False,False
m-043,2026-08-20,4082.71,3,2,1360.9,Thursday,False,False
m-043,2026-08-21,2174.08,3,1,724.69,Friday,False,False
m-043,2026-08-22,1198.83,3,3,399.61,Saturday,True,False
m-043,2026-08-23,269.88,1,1,269.88,Sunday,True,False
m-043,2026-08-24,4299.98,6,1,716.66,Monday,False,False
m-043,2026-08-25,3638.06,3,2,1212.69,Tuesday,False,False
m-043,2026-08-26,3467.95,2,2,1733.98,Wednesday,False,False
m-043,2026-08-27,5450.64,4,2,1362.66,Thursday,False,False
m-043,2026-08-28,2296.01,4,3,574.0,Friday,False,True
m-043,2026-08-29,411.29,1,1,411.29,Saturday,True,False
m-043,2026-08-30,7594.97,5,2,1518.99,Sunday,True,False
m-043,2026-08-31,2837.58,2,1,1418.79,Monday,False,False
m-043,2026-09-01,1103.72,1,1,1103.72,Tuesday,False,False
m-043,2026-09-02,4328.68,7,5,618.38,Wednesday,False,False
m-043,2026-09-03,1779.22,2,2,889.61,Thursday,False,False
m-043,2026-09-04,2318.11,5,5,463.62,Friday,False,False
m-043,2026-09-05,1406.4,3,2,468.8,Saturday,True,False
m-043,2026-09-06,3248.87,3,1,1082.96,Sunday,True,False
m-043,2026-09-07,2567.7,1,1,2567.7,Monday,False,False
m-043,2026-09-09,2499.73,5,5,499.95,Wednesday,False,False
m-043,2026-09-10,1159.49,2,1,579.74,Thursday,False,False
m-043,2026-09-11,3295.16,6,2,549.19,Friday,False,False
m-043,2026-09-12,539.76,2,0,269.88,Saturday,True,False
m-043,2026-09-13,4897.07,4,3,1224.27,Sunday,True,False
m-043,2026-09-14,7811.45,6,4,1301.91,Monday,False,False
m-043,2026-09-15,2337.59,4,3,584.4,Tuesday,False,False
m-043,2026-09-16,889.61,1,1,889.61,Wednesday,False,False
m-044,2025-09-18,2587.57,5,3,517.51,Thursday,False,False
m-044,2025-09-19,320.33,1,1,320.33,Friday,False,False
m-044,2025-09-20,1089.68,5,3,217.94,Saturday,True,False
m-044,2025-09-21,2533.75,5,3,506.75,Sunday,True,False
m-044,2025-09-23,619.11,6,3,103.18,Tuesday,False,False
m-044,2025-09-24,1010.47,4,3,252.62,Wednesday,False,False
m-044,2025-09-25,2519.8,5,2,503.96,Thursday,False,False
m-044,2025-09-26,524.5,2,1,262.25,Friday,False,False
m-044,2025-09-27,445.63,3,3,148.54,Saturday,True,False
m-044,2025-09-28,2480.19,7,2,354.31,Sunday,True,False
m-044,2025-09-29,672.7,2,2,336.35,Monday,False,False
m-044,2025-09-30,2172.76,7,4,310.39,Tuesday,False,False
m-044,2025-10-01,1190.6,1,1,1190.6,Wednesday,False,False
m-044,2025-10-02,179.39,1,0,179.39,Thursday,False,False
m-044,2025-10-03,1897.38,6,5,316.23,Friday,False,False
m-044,2025-10-04,976.88,5,4,195.38,Saturday,True,False
m-044,2025-10-05,3284.65,5,5,656.93,Sunday,True,False
m-044,2025-10-06,375.33,3,3,125.11,Monday,False,False
m-044,2025-10-07,93.6,1,1,93.6,Tuesday,False,False
m-044,2025-10-08,301.14,1,1,301.14,Wednesday,False,False
m-044,2025-10-10,865.26,3,2,288.42,Friday,False,False
m-044,2025-10-11,1444.13,3,0,481.38,Saturday,True,False
m-044,2025-10-12,443.05,4,2,110.76,Sunday,True,False
m-044,2025-10-13,1610.13,4,3,402.53,Monday,False,False
m-044,2025-10-14,354.1,2,2,177.05,Tuesday,False,False
m-044,2025-10-15,65.06,2,2,32.53,Wednesday,False,False
m-044,2025-10-16,202.51,3,3,67.5,Thursday,False,False
m-044,2025-10-17,948.57,3,2,316.19,Friday,False,False
m-044,2025-10-18,506.07,3,3,168.69,Saturday,True,False
m-044,2025-10-19,1165.48,4,4,291.37,Sunday,True,False
m-044,2025-10-20,1599.93,5,4,319.99,Monday,False,True
m-044,2025-10-21,3680.01,6,4,613.33,Tuesday,False,True
m-044,2025-10-22,1376.97,3,1,458.99,Wednesday,False,True
m-044,2025-10-23,792.63,3,3,264.21,Thursday,False,False
m-044,2025-10-24,1262.13,3,2,420.71,Friday,False,False
m-044,2025-10-25,219.62,3,2,73.21,Saturday,True,False
m-044,2025-10-26,2121.08,5,2,424.22,Sunday,True,False
m-044,2025-10-27,1335.26,6,3,222.54,Monday,False,False
m-044,2025-10-28,530.03,3,3,176.68,Tuesday,False,False
m-044,2025-10-29,867.51,2,1,433.76,Wednesday,False,False
m-044,2025-10-30,1188.16,3,2,396.05,Thursday,False,False
m-044,2025-10-31,1135.53,3,3,378.51,Friday,False,False
m-044,2025-11-01,1228.74,5,3,245.75,Saturday,True,False
m-044,2025-11-02,338.94,3,3,112.98,Sunday,True,False
m-044,2025-11-03,66.6,1,0,66.6,Monday,False,False
m-044,2025-11-04,2147.1,6,3,357.85,Tuesday,False,False
m-044,2025-11-05,384.81,4,1,96.2,Wednesday,False,False
m-044,2025-11-06,1300.11,5,4,260.02,Thursday,False,False
m-044,2025-11-07,1020.57,3,3,340.19,Friday,False,False
m-044,2025-11-08,1293.27,4,2,323.32,Saturday,True,False
m-044,2025-11-09,437.07,3,2,145.69,Sunday,True,False
m-044,2025-11-10,572.94,4,4,143.23,Monday,False,False
m-044,2025-11-11,436.91,3,3,145.64,Tuesday,False,False
m-044,2025-11-13,1274.6,4,3,318.65,Thursday,False,False
m-044,2025-11-14,1196.04,7,4,170.86,Friday,False,False
m-044,2025-11-15,184.38,3,2,61.46,Saturday,True,False
m-044,2025-11-16,1403.89,7,4,200.56,Sunday,True,False
m-044,2025-11-17,281.73,2,1,140.86,Monday,False,False
m-044,2025-11-18,1523.02,5,4,304.6,Tuesday,False,False
m-044,2025-11-19,38.7,1,1,38.7,Wednesday,False,False
m-044,2025-11-21,166.9,1,1,166.9,Friday,False,False
m-044,2025-11-22,1213.67,6,5,202.28,Saturday,True,False
m-044,2025-11-23,2433.9,7,4,347.7,Sunday,True,False
m-044,2025-11-24,320.33,1,1,320.33,Monday,False,False
m-044,2025-11-25,2039.7,3,2,679.9,Tuesday,False,False
m-044,2025-11-26,2030.34,6,4,338.39,Wednesday,False,False
m-044,2025-11-27,320.33,1,1,320.33,Thursday,False,False
m-044,2025-11-28,105.44,1,0,105.44,Friday,False,False
m-044,2025-11-29,1197.58,2,2,598.79,Saturday,True,False
m-044,2025-11-30,1073.25,6,4,178.88,Sunday,True,False
m-044,2025-12-01,745.25,5,4,149.05,Monday,False,False
m-044,2025-12-02,499.72,2,2,249.86,Tuesday,False,False
m-044,2025-12-03,1906.63,7,4,272.38,Wednesday,False,False
m-044,2025-12-04,1564.07,3,2,521.36,Thursday,False,False
m-044,2025-12-05,425.56,3,2,141.85,Friday,False,False
m-044,2025-12-06,2028.63,7,6,289.8,Saturday,True,False
m-044,2025-12-07,1158.42,5,4,231.68,Sunday,True,False
m-044,2025-12-08,495.44,2,0,247.72,Monday,False,False
m-044,2025-12-09,326.31,2,0,163.15,Tuesday,False,False
m-044,2025-12-10,151.97,2,0,75.98,Wednesday,False,False
m-044,2025-12-11,417.24,2,2,208.62,Thursday,False,False
m-044,2025-12-12,302.82,4,4,75.7,Friday,False,False
m-044,2025-12-13,1093.96,5,5,218.79,Saturday,True,False
m-044,2025-12-14,2002.97,8,4,250.37,Sunday,True,False
m-044,2025-12-15,1857.94,3,1,619.31,Monday,False,False
m-044,2025-12-16,1074.42,3,1,358.14,Tuesday,False,False
m-044,2025-12-17,273.59,1,0,273.59,Wednesday,False,False
m-044,2025-12-18,699.06,3,3,233.02,Thursday,False,False
m-044,2025-12-19,582.14,2,1,291.07,Friday,False,False
m-044,2025-12-20,1689.85,6,5,281.64,Saturday,True,False
m-044,2025-12-21,1978.74,5,4,395.75,Sunday,True,False
m-044,2025-12-22,793.17,3,3,264.39,Monday,False,False
m-044,2025-12-23,954.95,3,1,318.32,Tuesday,False,False
m-044,2025-12-24,535.65,3,3,178.55,Wednesday,False,False
m-044,2025-12-25,767.05,3,2,255.68,Thursday,False,True
m-044,2025-12-26,1523.91,5,4,304.78,Friday,False,False
m-044,2025-12-27,2015.43,5,4,403.09,Saturday,True,False
m-044,2025-12-28,1614.66,5,4,322.93,Sunday,True,False
m-044,2025-12-29,2135.87,6,5,355.98,Monday,False,False
m-044,2025-12-30,975.76,4,1,243.94,Tuesday,False,False
m-044,2025-12-31,1460.42,7,4,208.63,Wednesday,False,True
m-044,2026-01-01,3766.5,11,10,342.41,Thursday,False,True
m-044,2026-01-02,2112.06,4,3,528.02,Friday,False,False
m-044,2026-01-03,1797.79,5,3,359.56,Saturday,True,False
m-044,2026-01-04,1771.32,5,2,354.26,Sunday,True,False
m-044,2026-01-05,1581.27,3,2,527.09,Monday,False,False
m-044,2026-01-06,1833.23,5,5,366.65,Tuesday,False,False
m-044,2026-01-07,774.69,2,2,387.34,Wednesday,False,False
m-044,2026-01-08,756.88,5,2,151.38,Thursday,False,False
m-044,2026-01-09,1559.17,5,4,311.83,Friday,False,False
m-044,2026-01-10,719.07,4,3,179.77,Saturday,True,False
m-044,2026-01-11,2712.04,7,6,387.43,Sunday,True,False
m-044,2026-01-12,935.14,3,3,311.71,Monday,False,False
m-044,2026-01-13,1166.46,4,3,291.62,Tuesday,False,False
m-044,2026-01-15,2061.84,3,2,687.28,Thursday,False,False
m-044,2026-01-16,1131.35,4,4,282.84,Friday,False,False
m-044,2026-01-17,463.03,3,3,154.34,Saturday,True,False
m-044,2026-01-18,898.41,3,3,299.47,Sunday,True,False
m-044,2026-01-19,986.81,6,4,164.47,Monday,False,False
m-044,2026-01-20,688.9,2,1,344.45,Tuesday,False,False
m-044,2026-01-21,1117.78,4,2,279.44,Wednesday,False,False
m-044,2026-01-23,1236.08,4,3,309.02,Friday,False,False
m-044,2026-01-24,160.2,2,2,80.1,Saturday,True,False
m-044,2026-01-25,447.7,3,3,149.23,Sunday,True,False
m-044,2026-01-26,765.63,4,2,191.41,Monday,False,False
m-044,2026-01-27,1792.25,5,3,358.45,Tuesday,False,False
m-044,2026-01-28,1012.8,5,4,202.56,Wednesday,False,False
m-044,2026-01-29,1284.2,2,2,642.1,Thursday,False,False
m-044,2026-01-30,631.91,3,3,210.64,Friday,False,False
m-044,2026-01-31,853.83,4,3,213.46,Saturday,True,False
m-044,2026-02-01,893.87,3,3,297.96,Sunday,True,False
m-044,2026-02-02,1114.32,4,3,278.58,Monday,False,False
m-044,2026-02-03,621.66,2,2,310.83,Tuesday,False,False
m-044,2026-02-04,2121.69,7,5,303.1,Wednesday,False,False
m-044,2026-02-05,1780.21,4,3,445.05,Thursday,False,False
m-044,2026-02-06,424.09,3,3,141.36,Friday,False,False
m-044,2026-02-07,409.36,4,3,102.34,Saturday,True,False
m-044,2026-02-08,942.12,2,1,471.06,Sunday,True,False
m-044,2026-02-09,359.03,2,2,179.52,Monday,False,False
m-044,2026-02-10,965.11,7,7,137.87,Tuesday,False,False
m-044,2026-02-11,1679.79,7,5,239.97,Wednesday,False,False
m-044,2026-02-12,993.77,3,3,331.26,Thursday,False,False
m-044,2026-02-13,2445.82,4,2,611.45,Friday,False,False
m-044,2026-02-14,3744.27,6,3,624.04,Saturday,True,False
m-044,2026-02-15,2814.39,4,2,703.6,Sunday,True,False
m-044,2026-02-16,537.36,5,4,107.47,Monday,False,False
m-044,2026-02-17,26.36,1,1,26.36,Tuesday,False,False
m-044,2026-02-18,963.44,4,2,240.86,Wednesday,False,False
m-044,2026-02-20,440.75,5,2,88.15,Friday,False,False
m-044,2026-02-21,446.72,1,0,446.72,Saturday,True,False
m-044,2026-02-22,223.36,1,0,223.36,Sunday,True,False
m-044,2026-02-23,460.79,2,1,230.4,Monday,False,False
m-044,2026-02-24,1019.43,4,1,254.86,Tuesday,False,False
m-044,2026-02-25,994.12,5,5,198.82,Wednesday,False,False
m-044,2026-02-26,847.13,2,1,423.56,Thursday,False,False
m-044,2026-02-27,953.97,2,1,476.98,Friday,False,False
m-044,2026-02-28,853.77,4,3,213.44,Saturday,True,False
m-044,2026-03-01,2418.27,5,5,483.65,Sunday,True,False
m-044,2026-03-02,2654.79,2,1,1327.4,Monday,False,False
m-044,2026-03-03,58.37,1,1,58.37,Tuesday,False,False
m-044,2026-03-04,1311.15,8,6,163.89,Wednesday,False,True
m-044,2026-03-06,892.99,4,3,223.25,Friday,False,False
m-044,2026-03-07,1120.56,5,2,224.11,Saturday,True,False
m-044,2026-03-08,66.6,1,0,66.6,Sunday,True,False
m-044,2026-03-10,446.72,1,0,446.72,Tuesday,False,False
m-044,2026-03-11,320.33,1,1,320.33,Wednesday,False,False
m-044,2026-03-12,611.29,3,3,203.76,Thursday,False,False
m-044,2026-03-13,1802.08,5,4,360.42,Friday,False,False
m-044,2026-03-14,448.63,3,2,149.54,Saturday,True,False
m-044,2026-03-15,792.57,4,1,198.14,Sunday,True,False
m-044,2026-03-16,385.47,4,3,96.37,Monday,False,False
m-044,2026-03-17,585.88,3,3,195.29,Tuesday,False,False
m-044,2026-03-18,549.38,3,3,183.13,Wednesday,False,False
m-044,2026-03-19,351.77,3,1,117.26,Thursday,False,False
m-044,2026-03-20,617.44,2,2,308.72,Friday,False,True
m-044,2026-03-21,179.39,1,1,179.39,Saturday,True,False
m-044,2026-03-22,1068.94,4,2,267.24,Sunday,True,False
m-044,2026-03-23,959.72,5,5,191.94,Monday,False,False
m-044,2026-03-24,925.88,3,3,308.63,Tuesday,False,False
m-044,2026-03-25,200.83,3,1,66.94,Wednesday,False,False
m-044,2026-03-26,2216.61,7,4,316.66,Thursday,False,False
m-044,2026-03-27,1222.99,6,4,203.83,Friday,False,False
m-044,2026-03-28,538.17,2,1,269.08,Saturday,True,False
m-044,2026-03-29,1501.94,4,3,375.48,Sunday,True,False
m-044,2026-03-31,855.92,4,3,213.98,Tuesday,False,False
m-044,2026-04-01,347.4,3,3,115.8,Wednesday,False,False
m-044,2026-04-02,717.56,1,0,717.56,Thursday,False,False
m-044,2026-04-03,52.72,1,1,52.72,Friday,False,False
m-044,2026-04-04,1156.81,3,3,385.6,Saturday,True,False
m-044,2026-04-05,3153.85,3,2,1051.28,Sunday,True,False
m-044,2026-04-06,166.9,1,0,166.9,Monday,False,False
m-044,2026-04-07,273.59,1,1,273.59,Tuesday,False,False
m-044,2026-04-08,727.6,3,3,242.53,Wednesday,False,False
m-044,2026-04-09,764.67,4,3,191.17,Thursday,False,False
m-044,2026-04-10,376.75,4,3,94.19,Friday,False,False
m-044,2026-04-11,3449.99,7,4,492.86,Saturday,True,False
m-044,2026-04-12,367.19,2,2,183.59,Sunday,True,False
m-044,2026-04-13,1832.76,4,2,458.19,Monday,False,False
m-044,2026-04-14,1130.35,7,5,161.48,Tuesday,False,False
m-044,2026-04-15,3687.62,5,3,737.52,Wednesday,False,False
m-044,2026-04-16,268.71,2,2,134.36,Thursday,False,False
m-044,2026-04-17,2325.3,3,2,775.1,Friday,False,False
m-044,2026-04-18,753.96,4,4,188.49,Saturday,True,False
m-044,2026-04-19,2252.27,7,4,321.75,Sunday,True,False
m-044,2026-04-20,2184.32,5,5,436.86,Monday,False,False
m-044,2026-04-21,1229.22,3,2,409.74,Tuesday,False,False
m-044,2026-04-22,545.6,3,2,181.87,Wednesday,False,False
m-044,2026-04-23,800.07,6,5,133.34,Thursday,False,False
m-044,2026-04-24,609.23,4,2,152.31,Friday,False,False
m-044,2026-04-25,143.1,2,1,71.55,Saturday,True,False
m-044,2026-04-26,635.97,4,3,158.99,Sunday,True,False
m-044,2026-04-27,859.9,3,3,286.63,Monday,False,False
m-044,2026-04-28,272.99,2,1,136.5,Tuesday,False,False
m-044,2026-04-29,807.02,3,3,269.01,Wednesday,False,False
m-044,2026-04-30,1842.29,5,3,368.46,Thursday,False,False
m-044,2026-05-01,673.99,3,3,224.66,Friday,False,False
m-044,2026-05-02,551.89,3,2,183.96,Saturday,True,False
m-044,2026-05-03,3415.84,5,3,683.17,Sunday,True,False
m-044,2026-05-04,396.9,2,2,198.45,Monday,False,False
m-044,2026-05-05,331.46,4,4,82.86,Tuesday,False,False
m-044,2026-05-06,1339.05,6,5,223.18,Wednesday,False,False
m-044,2026-05-07,2426.09,5,2,485.22,Thursday,False,False
m-044,2026-05-08,166.9,1,1,166.9,Friday,False,False
m-044,2026-05-09,547.18,2,1,273.59,Saturday,True,False
m-044,2026-05-10,712.88,4,3,178.22,Sunday,True,False
m-044,2026-05-11,519.58,3,3,173.19,Monday,False,False
m-044,2026-05-12,2533.85,5,3,506.77,Tuesday,False,False
m-044,2026-05-13,1136.78,5,3,227.36,Wednesday,False,False
m-044,2026-05-14,896.44,2,1,448.22,Thursday,False,False
m-044,2026-05-15,1021.2,4,3,255.3,Friday,False,False
m-044,2026-05-16,1416.93,5,3,283.39,Saturday,True,False
m-044,2026-05-17,1094.36,1,1,1094.36,Sunday,True,False
m-044,2026-05-18,318.87,3,2,106.29,Monday,False,False
m-044,2026-05-19,595.3,1,0,595.3,Tuesday,False,False
m-044,2026-05-20,1440.88,4,3,360.22,Wednesday,False,False
m-044,2026-05-21,1897.07,4,1,474.27,Thursday,False,False
m-044,2026-05-23,1019.3,4,3,254.82,Saturday,True,False
m-044,2026-05-24,3040.81,8,7,380.1,Sunday,True,False
m-044,2026-05-25,1008.18,3,3,336.06,Monday,False,False
m-044,2026-05-26,808.04,4,3,202.01,Tuesday,False,False
m-044,2026-05-27,280.8,1,1,280.8,Wednesday,False,False
m-044,2026-05-29,26.36,1,1,26.36,Friday,False,False
m-044,2026-05-30,2069.04,6,4,344.84,Saturday,True,False
m-044,2026-05-31,1165.94,4,2,291.48,Sunday,True,False
m-044,2026-06-01,1042.0,2,1,521.0,Monday,False,False
m-044,2026-06-02,145.68,2,1,72.84,Tuesday,False,False
m-044,2026-06-04,358.78,1,1,358.78,Thursday,False,False
m-044,2026-06-05,934.29,5,5,186.86,Friday,False,False
m-044,2026-06-06,1074.77,4,3,268.69,Saturday,True,False
m-044,2026-06-07,946.19,4,3,236.55,Sunday,True,False
m-044,2026-06-08,877.62,7,6,125.37,Monday,False,False
m-044,2026-06-09,1015.22,4,2,253.8,Tuesday,False,False
m-044,2026-06-10,1190.6,1,1,1190.6,Wednesday,False,False
m-044,2026-06-12,333.8,1,1,333.8,Friday,False,False
m-044,2026-06-13,3291.82,8,5,411.48,Saturday,True,False
m-044,2026-06-14,1977.22,5,4,395.44,Sunday,True,False
m-044,2026-06-15,2520.6,4,3,630.15,Monday,False,False
m-044,2026-06-16,3020.48,4,2,755.12,Tuesday,False,False
m-044,2026-06-17,1106.51,5,2,221.3,Wednesday,False,False
m-044,2026-06-18,1399.1,4,4,349.78,Thursday,False,False
m-044,2026-06-19,1466.16,6,2,244.36,Friday,False,False
m-044,2026-06-20,273.59,1,0,273.59,Saturday,True,False
m-044,2026-06-21,1356.83,4,3,339.21,Sunday,True,False
m-044,2026-06-22,714.08,2,1,357.04,Monday,False,False
m-044,2026-06-23,1292.21,5,4,258.44,Tuesday,False,False
m-044,2026-06-24,715.07,3,3,238.36,Wednesday,False,False
m-044,2026-06-25,232.11,2,2,116.06,Thursday,False,False
m-044,2026-06-26,771.67,3,3,257.22,Friday,False,False
m-044,2026-06-27,1934.26,5,3,386.85,Saturday,True,False
m-044,2026-06-28,885.61,4,4,221.4,Sunday,True,False
m-044,2026-06-29,1510.93,2,1,755.46,Monday,False,False
m-044,2026-06-30,962.49,3,2,320.83,Tuesday,False,False
m-044,2026-07-01,941.37,5,3,188.27,Wednesday,False,False
m-044,2026-07-02,1945.44,3,1,648.48,Thursday,False,False
m-044,2026-07-03,389.69,3,3,129.9,Friday,False,False
m-044,2026-07-04,612.83,4,3,153.21,Saturday,True,False
m-044,2026-07-05,707.26,3,2,235.75,Sunday,True,False
m-044,2026-07-06,746.69,3,2,248.9,Monday,False,False
m-044,2026-07-07,658.58,4,4,164.64,Tuesday,False,False
m-044,2026-07-08,2054.03,3,2,684.68,Wednesday,False,False
m-044,2026-07-09,1321.87,4,2,330.47,Thursday,False,False
m-044,2026-07-10,84.73,2,1,42.36,Friday,False,False
m-044,2026-07-11,3269.9,5,4,653.98,Saturday,True,False
m-044,2026-07-12,601.13,2,1,300.56,Sunday,True,False
m-044,2026-07-13,413.29,3,2,137.76,Monday,False,False
m-044,2026-07-14,77.4,2,2,38.7,Tuesday,False,False
m-044,2026-07-15,1730.92,4,3,432.73,Wednesday,False,False
m-044,2026-07-16,789.74,3,1,263.25,Thursday,False,False
m-044,2026-07-17,400.76,2,2,200.38,Friday,False,False
m-044,2026-07-18,844.83,3,2,281.61,Saturday,True,False
m-044,2026-07-19,1429.32,7,5,204.19,Sunday,True,False
m-044,2026-07-20,1211.51,4,1,302.88,Monday,False,False
m-044,2026-07-21,3322.18,7,1,474.6,Tuesday,False,False
m-044,2026-07-22,535.27,4,3,133.82,Wednesday,False,False
m-044,2026-07-24,827.2,6,5,137.87,Friday,False,False
m-044,2026-07-25,2016.52,7,4,288.07,Saturday,True,False
m-044,2026-07-26,1102.98,3,2,367.66,Sunday,True,False
m-044,2026-07-27,2182.55,5,2,436.51,Monday,False,False
m-044,2026-07-28,2607.1,5,4,521.42,Tuesday,False,False
m-044,2026-07-29,133.2,1,0,133.2,Wednesday,False,False
m-044,2026-07-30,333.8,2,2,166.9,Thursday,False,False
m-044,2026-07-31,2097.62,4,4,524.4,Friday,False,False
m-044,2026-08-01,1157.05,7,5,165.29,Saturday,True,False
m-044,2026-08-02,2052.29,5,3,410.46,Sunday,True,False
m-044,2026-08-04,166.9,1,1,166.9,Tuesday,False,False
m-044,2026-08-05,1537.29,3,2,512.43,Wednesday,False,False
m-044,2026-08-06,26.36,1,0,26.36,Thursday,False,False
m-044,2026-08-07,223.36,1,0,223.36,Friday,False,False
m-044,2026-08-08,2153.43,5,2,430.69,Saturday,True,False
m-044,2026-08-09,2190.96,5,4,438.19,Sunday,True,False
m-044,2026-08-11,2369.42,9,6,263.27,Tuesday,False,False
m-044,2026-08-12,1744.76,4,3,436.19,Wednesday,False,False
m-044,2026-08-13,534.64,3,1,178.21,Thursday,False,False
m-044,2026-08-14,1397.42,2,2,698.71,Friday,False,False
m-044,2026-08-15,3060.75,6,5,510.12,Saturday,True,True
m-044,2026-08-16,980.25,3,2,326.75,Sunday,True,False
m-044,2026-08-17,241.71,2,1,120.86,Monday,False,False
m-044,2026-08-18,133.2,1,0,133.2,Tuesday,False,False
m-044,2026-08-19,2552.42,5,3,510.48,Wednesday,False,False
m-044,2026-08-20,1287.54,7,3,183.93,Thursday,False,False
m-044,2026-08-21,1399.1,3,3,466.37,Friday,False,False
m-044,2026-08-22,573.69,3,3,191.23,Saturday,True,False
m-044,2026-08-23,158.66,3,3,52.89,Sunday,True,False
m-044,2026-08-24,1126.78,2,2,563.39,Monday,False,False
m-044,2026-08-25,525.68,2,1,262.84,Tuesday,False,False
m-044,2026-08-26,446.72,2,1,223.36,Wednesday,False,False
m-044,2026-08-27,1427.92,3,2,475.97,Thursday,False,False
m-044,2026-08-28,376.75,4,2,94.19,Friday,False,True
m-044,2026-08-29,671.06,4,3,167.76,Saturday,True,False
m-044,2026-08-30,1412.96,4,4,353.24,Sunday,True,False
m-044,2026-08-31,392.17,2,2,196.08,Monday,False,False
m-044,2026-09-01,97.07,2,2,48.54,Tuesday,False,False
m-044,2026-09-02,592.26,2,0,296.13,Wednesday,False,False
m-044,2026-09-03,547.18,1,1,547.18,Thursday,False,False
m-044,2026-09-04,1254.57,5,2,250.91,Friday,False,False
m-044,2026-09-05,946.18,5,3,189.24,Saturday,True,False
m-044,2026-09-06,989.21,3,2,329.74,Sunday,True,False
m-044,2026-09-07,301.14,1,0,301.14,Monday,False,False
m-044,2026-09-08,1216.96,2,2,608.48,Tuesday,False,False
m-044,2026-09-09,640.18,3,3,213.39,Wednesday,False,False
m-044,2026-09-10,2011.05,7,5,287.29,Thursday,False,False
m-044,2026-09-11,347.15,3,1,115.72,Friday,False,False
m-044,2026-09-12,325.06,4,3,81.26,Saturday,True,False
m-044,2026-09-13,921.01,5,4,184.2,Sunday,True,False
m-044,2026-09-14,818.66,2,2,409.33,Monday,False,False
m-044,2026-09-15,93.6,1,1,93.6,Tuesday,False,False
m-044,2026-09-16,2603.3,8,6,325.41,Wednesday,False,False
m-044,2026-09-17,595.3,1,1,595.3,Thursday,False,False
m-045,2025-09-18,87.4,1,1,87.4,Thursday,False,False
m-045,2025-09-19,624.59,2,2,312.3,Friday,False,False
m-045,2025-09-20,183.91,3,1,61.3,Saturday,True,False
m-045,2025-09-21,386.98,4,3,96.74,Sunday,True,False
m-045,2025-09-22,433.18,3,2,144.39,Monday,False,False
m-045,2025-09-23,349.16,3,1,116.39,Tuesday,False,False
m-045,2025-09-24,693.89,4,2,173.47,Wednesday,False,False
m-045,2025-09-25,791.81,4,1,197.95,Thursday,False,False
m-045,2025-09-26,467.24,2,2,233.62,Friday,False,False
m-045,2025-09-27,848.57,5,4,169.71,Saturday,True,False
m-045,2025-09-28,287.25,3,2,95.75,Sunday,True,False
m-045,2025-09-29,506.95,2,2,253.48,Monday,False,False
m-045,2025-09-30,425.24,3,2,141.75,Tuesday,False,False
m-045,2025-10-01,634.18,4,3,158.55,Wednesday,False,False
m-045,2025-10-02,320.51,4,4,80.13,Thursday,False,False
m-045,2025-10-03,49.55,1,0,49.55,Friday,False,False
m-045,2025-10-04,651.48,2,2,325.74,Saturday,True,False
m-045,2025-10-05,402.95,3,3,134.32,Sunday,True,False
m-045,2025-10-06,102.8,1,1,102.8,Monday,False,False
m-045,2025-10-07,269.88,2,1,134.94,Tuesday,False,False
m-045,2025-10-08,269.87,3,2,89.96,Wednesday,False,False
m-045,2025-10-09,399.04,2,2,199.52,Thursday,False,False
m-045,2025-10-10,129.18,2,2,64.59,Friday,False,False
m-045,2025-10-11,509.58,4,2,127.4,Saturday,True,False
m-045,2025-10-12,524.73,5,3,104.95,Sunday,True,False
m-045,2025-10-13,326.67,4,2,81.67,Monday,False,False
m-045,2025-10-15,897.3,7,3,128.19,Wednesday,False,False
m-045,2025-10-16,625.08,3,2,208.36,Thursday,False,False
m-045,2025-10-17,50.26,1,0,50.26,Friday,False,False
m-045,2025-10-18,325.74,1,1,325.74,Saturday,True,False
m-045,2025-10-19,3425.46,5,2,685.09,Sunday,True,False
m-045,2025-10-20,899.55,4,3,224.89,Monday,False,True
m-045,2025-10-21,645.85,7,4,92.26,Tuesday,False,True
m-045,2025-10-22,521.93,4,4,130.48,Wednesday,False,True
m-045,2025-10-23,238.85,2,2,119.43,Thursday,False,False
m-045,2025-10-24,413.14,3,1,137.71,Friday,False,False
m-045,2025-10-25,635.92,4,2,158.98,Saturday,True,False
m-045,2025-10-26,592.15,5,2,118.43,Sunday,True,False
m-045,2025-10-27,357.0,5,3,71.4,Monday,False,False
m-045,2025-10-28,439.88,5,3,87.98,Tuesday,False,False
m-045,2025-10-29,341.89,5,5,68.38,Wednesday,False,False
m-045,2025-10-30,197.88,3,2,65.96,Thursday,False,False
m-045,2025-10-31,274.96,3,2,91.65,Friday,False,False
m-045,2025-11-01,793.38,6,3,132.23,Saturday,True,False
m-045,2025-11-02,841.63,7,5,120.23,Sunday,True,False
m-045,2025-11-03,126.46,2,2,63.23,Monday,False,False
m-045,2025-11-04,659.68,6,4,109.95,Tuesday,False,False
m-045,2025-11-05,297.25,4,3,74.31,Wednesday,False,False
m-045,2025-11-06,435.85,4,3,108.96,Thursday,False,False
m-045,2025-11-07,95.08,1,0,95.08,Friday,False,False
m-045,2025-11-08,510.88,4,2,127.72,Saturday,True,False
m-045,2025-11-09,541.89,6,6,90.32,Sunday,True,False
m-045,2025-11-10,1001.91,3,1,333.97,Monday,False,False
m-045,2025-11-11,144.2,2,2,72.1,Tuesday,False,False
m-045,2025-11-12,78.92,1,0,78.92,Wednesday,False,False
m-045,2025-11-13,242.49,3,1,80.83,Thursday,False,False
m-045,2025-11-15,541.9,6,4,90.32,Saturday,True,False
m-045,2025-11-16,713.42,5,3,142.68,Sunday,True,False
m-045,2025-11-17,567.53,3,1,189.18,Monday,False,False
m-045,2025-11-18,86.91,2,2,43.46,Tuesday,False,False
m-045,2025-11-19,612.88,5,2,122.58,Wednesday,False,False
m-045,2025-11-20,116.81,1,0,116.81,Thursday,False,False
m-045,2025-11-21,907.77,5,5,181.55,Friday,False,False
m-045,2025-11-22,1135.27,11,8,103.21,Saturday,True,False
m-045,2025-11-23,618.27,3,3,206.09,Sunday,True,False
m-045,2025-11-24,218.7,3,1,72.9,Monday,False,False
m-045,2025-11-25,453.68,3,3,151.23,Tuesday,False,False
m-045,2025-11-26,104.64,2,2,52.32,Wednesday,False,False
m-045,2025-11-27,94.65,1,1,94.65,Thursday,False,False
m-045,2025-11-28,977.39,5,3,195.48,Friday,False,False
m-045,2025-11-29,478.97,6,3,79.83,Saturday,True,False
m-045,2025-11-30,699.75,6,5,116.62,Sunday,True,False
m-045,2025-12-01,36.65,1,0,36.65,Monday,False,False
m-045,2025-12-02,361.99,4,4,90.5,Tuesday,False,False
m-045,2025-12-04,321.13,3,2,107.04,Thursday,False,False
m-045,2025-12-05,525.26,3,3,175.09,Friday,False,False
m-045,2025-12-06,325.19,3,1,108.4,Saturday,True,False
m-045,2025-12-07,593.56,5,3,118.71,Sunday,True,False
m-045,2025-12-08,650.81,6,5,108.47,Monday,False,False
m-045,2025-12-09,981.53,6,5,163.59,Tuesday,False,False
m-045,2025-12-10,188.87,2,2,94.44,Wednesday,False,False
m-045,2025-12-11,399.15,4,3,99.79,Thursday,False,False
m-045,2025-12-12,2404.22,5,5,480.84,Friday,False,False
m-045,2025-12-13,1008.13,5,4,201.63,Saturday,True,False
m-045,2025-12-14,825.92,5,2,165.18,Sunday,True,False
m-045,2025-12-15,205.36,3,3,68.45,Monday,False,False
m-045,2025-12-16,375.1,5,4,75.02,Tuesday,False,False
m-045,2025-12-17,276.05,3,3,92.02,Wednesday,False,False
m-045,2025-12-18,283.88,2,2,141.94,Thursday,False,False
m-045,2025-12-20,1466.14,9,6,162.9,Saturday,True,False
m-045,2025-12-21,159.85,2,1,79.92,Sunday,True,False
m-045,2025-12-22,204.94,3,1,68.31,Monday,False,False
m-045,2025-12-23,47.54,1,1,47.54,Tuesday,False,False
m-045,2025-12-24,162.87,1,1,162.87,Wednesday,False,False
m-045,2025-12-25,1470.99,11,8,133.73,Thursday,False,True
m-045,2025-12-26,452.9,6,3,75.48,Friday,False,False
m-045,2025-12-27,162.87,1,0,162.87,Saturday,True,False
m-045,2025-12-28,669.64,5,5,133.93,Sunday,True,False
m-045,2025-12-29,109.95,1,1,109.95,Monday,False,False
m-045,2025-12-30,828.62,5,4,165.72,Tuesday,False,False
m-045,2025-12-31,281.25,5,5,56.25,Wednesday,False,True
m-045,2026-01-01,304.75,2,1,152.38,Thursday,False,True
m-045,2026-01-02,463.31,3,3,154.44,Friday,False,False
m-045,2026-01-03,250.85,3,2,83.62,Saturday,True,False
m-045,2026-01-04,461.46,2,2,230.73,Sunday,True,False
m-045,2026-01-05,43.04,1,1,43.04,Monday,False,False
m-045,2026-01-07,811.95,4,4,202.99,Wednesday,False,False
m-045,2026-01-08,569.33,5,3,113.87,Thursday,False,False
m-045,2026-01-10,1119.89,8,6,139.99,Saturday,True,False
m-045,2026-01-11,300.63,5,4,60.13,Sunday,True,False
m-045,2026-01-12,157.84,1,1,157.84,Monday,False,False
m-045,2026-01-13,76.36,2,2,38.18,Tuesday,False,False
m-045,2026-01-14,970.39,7,6,138.63,Wednesday,False,True
m-045,2026-01-15,268.13,4,4,67.03,Thursday,False,False
m-045,2026-01-16,166.82,2,2,83.41,Friday,False,False
m-045,2026-01-17,431.2,5,4,86.24,Saturday,True,False
m-045,2026-01-18,865.52,6,5,144.25,Sunday,True,False
m-045,2026-01-19,133.62,2,1,66.81,Monday,False,False
m-045,2026-01-20,362.11,4,4,90.53,Tuesday,False,False
m-045,2026-01-21,421.47,5,4,84.29,Wednesday,False,False
m-045,2026-01-22,354.25,4,3,88.56,Thursday,False,False
m-045,2026-01-23,531.32,3,1,177.11,Friday,False,False
m-045,2026-01-24,95.08,1,1,95.08,Saturday,True,False
m-045,2026-01-25,230.86,2,2,115.43,Sunday,True,False
m-045,2026-01-26,270.54,4,1,67.63,Monday,False,False
m-045,2026-01-27,79.69,2,2,39.84,Tuesday,False,False
m-045,2026-01-28,181.72,2,2,90.86,Wednesday,False,False
m-045,2026-01-29,348.1,4,4,87.02,Thursday,False,False
m-045,2026-01-30,242.25,2,2,121.12,Friday,False,False
m-045,2026-01-31,468.34,3,3,156.11,Saturday,True,False
m-045,2026-02-01,341.01,5,5,68.2,Sunday,True,False
m-045,2026-02-02,214.51,3,2,71.5,Monday,False,False
m-045,2026-02-03,438.7,4,2,109.68,Tuesday,False,False
m-045,2026-02-04,322.41,2,2,161.2,Wednesday,False,False
m-045,2026-02-05,811.27,4,3,202.82,Thursday,False,False
m-045,2026-02-07,458.7,4,3,114.68,Saturday,True,False
m-045,2026-02-08,304.58,4,3,76.14,Sunday,True,False
m-045,2026-02-09,355.7,5,2,71.14,Monday,False,False
m-045,2026-02-10,299.33,5,3,59.87,Tuesday,False,False
m-045,2026-02-11,324.35,3,3,108.12,Wednesday,False,False
m-045,2026-02-12,237.76,2,1,118.88,Thursday,False,False
m-045,2026-02-13,605.42,2,2,302.71,Friday,False,False
m-045,2026-02-14,79.69,2,2,39.84,Saturday,True,False
m-045,2026-02-15,499.94,3,1,166.65,Sunday,True,False
m-045,2026-02-16,248.64,2,2,124.32,Monday,False,False
m-045,2026-02-17,286.31,2,2,143.16,Tuesday,False,False
m-045,2026-02-18,102.8,1,1,102.8,Wednesday,False,False
m-045,2026-02-19,325.74,1,1,325.74,Thursday,False,False
m-045,2026-02-20,127.11,2,1,63.56,Friday,False,False
m-045,2026-02-21,177.94,2,1,88.97,Saturday,True,False
m-045,2026-02-22,73.3,1,1,73.3,Sunday,True,False
m-045,2026-02-23,1240.58,9,4,137.84,Monday,False,False
m-045,2026-02-24,200.6,3,1,66.87,Tuesday,False,False
m-045,2026-02-25,173.57,2,1,86.78,Wednesday,False,False
m-045,2026-02-26,398.03,4,2,99.51,Thursday,False,False
m-045,2026-02-27,365.88,4,3,91.47,Friday,False,False
m-045,2026-02-28,336.94,4,3,84.24,Saturday,True,False
m-045,2026-03-01,615.98,5,3,123.2,Sunday,True,False
m-045,2026-03-02,449.56,4,3,112.39,Monday,False,False
m-045,2026-03-03,666.53,4,2,166.63,Tuesday,False,False
m-045,2026-03-04,333.15,3,3,111.05,Wednesday,False,True
m-045,2026-03-06,506.03,7,5,72.29,Friday,False,False
m-045,2026-03-07,715.07,6,5,119.18,Saturday,True,False
m-045,2026-03-08,643.38,4,4,160.84,Sunday,True,False
m-045,2026-03-09,429.55,6,5,71.59,Monday,False,False
m-045,2026-03-10,308.4,1,1,308.4,Tuesday,False,False
m-045,2026-03-11,463.63,4,3,115.91,Wednesday,False,False
m-045,2026-03-12,87.4,1,1,87.4,Thursday,False,False
m-045,2026-03-13,407.44,3,3,135.81,Friday,False,False
m-045,2026-03-14,346.77,4,2,86.69,Saturday,True,False
m-045,2026-03-15,1005.03,7,5,143.58,Sunday,True,False
m-045,2026-03-16,331.84,2,2,165.92,Monday,False,False
m-045,2026-03-17,272.39,3,3,90.8,Tuesday,False,False
m-045,2026-03-18,162.87,1,1,162.87,Wednesday,False,False
m-045,2026-03-19,571.08,5,3,114.22,Thursday,False,False
m-045,2026-03-21,163.07,3,2,54.36,Saturday,True,False
m-045,2026-03-22,714.34,4,3,178.58,Sunday,True,False
m-045,2026-03-23,668.31,7,6,95.47,Monday,False,False
m-045,2026-03-24,219.61,2,2,109.8,Tuesday,False,False
m-045,2026-03-25,508.15,5,5,101.63,Wednesday,False,False
m-045,2026-03-26,665.3,6,5,110.88,Thursday,False,False
m-045,2026-03-27,79.42,1,1,79.42,Friday,False,False
m-045,2026-03-28,1552.18,8,7,194.02,Saturday,True,False
m-045,2026-03-29,559.71,6,3,93.29,Sunday,True,False
m-045,2026-03-30,478.51,4,4,119.63,Monday,False,False
m-045,2026-03-31,202.58,2,2,101.29,Tuesday,False,False
m-045,2026-04-01,314.27,4,2,78.57,Wednesday,False,False
m-045,2026-04-02,334.45,4,3,83.61,Thursday,False,False
m-045,2026-04-03,87.4,1,1,87.4,Friday,False,False
m-045,2026-04-04,308.91,3,1,102.97,Saturday,True,False
m-045,2026-04-05,343.9,4,3,85.98,Sunday,True,False
m-045,2026-04-06,642.23,6,5,107.04,Monday,False,False
m-045,2026-04-07,468.66,4,4,117.16,Tuesday,False,False
m-045,2026-04-08,411.2,1,0,411.2,Wednesday,False,False
m-045,2026-04-09,206.78,3,3,68.93,Thursday,False,False
m-045,2026-04-10,405.59,5,2,81.12,Friday,False,False
m-045,2026-04-11,707.44,7,4,101.06,Saturday,True,False
m-045,2026-04-12,662.09,4,2,165.52,Sunday,True,False
m-045,2026-04-13,333.33,3,2,111.11,Monday,False,False
m-045,2026-04-14,459.18,3,3,153.06,Tuesday,False,False
m-045,2026-04-15,298.85,2,1,149.43,Wednesday,False,False
m-045,2026-04-16,307.93,3,2,102.64,Thursday,False,False
m-045,2026-04-17,603.91,3,2,201.3,Friday,False,False
m-045,2026-04-18,99.81,2,1,49.9,Saturday,True,False
m-045,2026-04-20,211.45,3,1,70.48,Monday,False,False
m-045,2026-04-21,591.17,5,3,118.23,Tuesday,False,False
m-045,2026-04-22,49.55,1,1,49.55,Wednesday,False,False
m-045,2026-04-23,453.59,4,2,113.4,Thursday,False,False
m-045,2026-04-24,698.54,4,2,174.64,Friday,False,False
m-045,2026-04-25,499.0,6,3,83.17,Saturday,True,False
m-045,2026-04-26,1242.62,9,4,138.07,Sunday,True,False
m-045,2026-04-27,322.37,3,2,107.46,Monday,False,False
m-045,2026-04-29,479.63,5,4,95.93,Wednesday,False,False
m-045,2026-04-30,468.98,5,3,93.8,Thursday,False,False
m-045,2026-05-01,175.69,2,1,87.84,Friday,False,False
m-045,2026-05-02,1051.12,5,5,210.22,Saturday,True,False
m-045,2026-05-03,342.47,4,3,85.62,Sunday,True,False
m-045,2026-05-04,375.49,3,3,125.16,Monday,False,False
m-045,2026-05-05,421.64,5,5,84.33,Tuesday,False,False
m-045,2026-05-06,203.72,3,3,67.91,Wednesday,False,False
m-045,2026-05-07,804.32,6,5,134.05,Thursday,False,False
m-045,2026-05-08,336.87,3,3,112.29,Friday,False,False
m-045,2026-05-09,242.25,2,1,121.12,Saturday,True,False
m-045,2026-05-10,560.92,4,2,140.23,Sunday,True,False
m-045,2026-05-11,544.59,6,6,90.76,Monday,False,False
m-045,2026-05-12,370.88,4,2,92.72,Tuesday,False,False
m-045,2026-05-14,702.99,5,4,140.6,Thursday,False,False
m-045,2026-05-15,406.79,3,3,135.6,Friday,False,False
m-045,2026-05-16,244.42,4,3,61.1,Saturday,True,False
m-045,2026-05-17,613.64,7,4,87.66,Sunday,True,False
m-045,2026-05-18,485.6,6,4,80.93,Monday,False,False
m-045,2026-05-19,932.23,6,5,155.37,Tuesday,False,False
m-045,2026-05-20,94.33,1,0,94.33,Wednesday,False,False
m-045,2026-05-21,115.57,2,1,57.78,Thursday,False,False
m-045,2026-05-22,255.15,2,1,127.57,Friday,False,False
m-045,2026-05-23,708.53,6,3,118.09,Saturday,True,False
m-045,2026-05-24,102.8,1,0,102.8,Sunday,True,False
m-045,2026-05-25,448.52,3,2,149.51,Monday,False,False
m-045,2026-05-26,162.32,2,0,81.16,Tuesday,False,False
m-045,2026-05-27,512.47,4,3,128.12,Wednesday,False,False
m-045,2026-05-28,188.66,2,1,94.33,Thursday,False,False
m-045,2026-05-30,552.02,5,4,110.4,Saturday,True,False
m-045,2026-05-31,216.79,3,2,72.26,Sunday,True,False
m-045,2026-06-01,410.78,5,4,82.16,Monday,False,False
m-045,2026-06-02,1036.4,7,7,148.06,Tuesday,False,False
m-045,2026-06-03,197.88,2,1,98.94,Wednesday,False,False
m-045,2026-06-04,273.59,2,1,136.79,Thursday,False,False
m-045,2026-06-05,1761.74,5,5,352.35,Friday,False,False
m-045,2026-06-06,776.7,9,5,86.3,Saturday,True,False
m-045,2026-06-07,671.41,6,5,111.9,Sunday,True,False
m-045,2026-06-09,89.97,2,1,44.98,Tuesday,False,False
m-045,2026-06-10,116.81,1,1,116.81,Wednesday,False,False
m-045,2026-06-11,419.79,4,3,104.95,Thursday,False,False
m-045,2026-06-13,808.43,7,4,115.49,Saturday,True,False
m-045,2026-06-14,317.78,2,1,158.89,Sunday,True,False
m-045,2026-06-15,485.85,5,3,97.17,Monday,False,False
m-045,2026-06-16,712.37,5,4,142.47,Tuesday,False,False
m-045,2026-06-17,441.31,4,1,110.33,Wednesday,False,False
m-045,2026-06-18,252.99,3,0,84.33,Thursday,False,False
m-045,2026-06-19,340.32,4,0,85.08,Friday,False,False
m-045,2026-06-20,183.59,3,2,61.2,Saturday,True,False
m-045,2026-06-21,529.86,6,4,88.31,Sunday,True,False
m-045,2026-06-22,261.72,3,3,87.24,Monday,False,False
m-045,2026-06-23,572.92,5,3,114.58,Tuesday,False,False
m-045,2026-06-24,293.31,3,3,97.77,Wednesday,False,False
m-045,2026-06-25,664.57,6,3,110.76,Thursday,False,False
m-045,2026-06-26,303.8,4,3,75.95,Friday,False,False
m-045,2026-06-27,500.83,3,2,166.94,Saturday,True,False
m-045,2026-06-28,420.36,2,1,210.18,Sunday,True,False
m-045,2026-06-29,552.04,5,2,110.41,Monday,False,False
m-045,2026-06-30,333.74,4,2,83.44,Tuesday,False,False
m-045,2026-07-01,413.14,2,2,206.57,Wednesday,False,False
m-045,2026-07-02,373.92,3,2,124.64,Thursday,False,False
m-045,2026-07-03,937.27,4,2,234.32,Friday,False,False
m-045,2026-07-04,385.6,3,1,128.53,Saturday,True,False
m-045,2026-07-05,814.76,8,5,101.84,Sunday,True,False
m-045,2026-07-06,678.83,4,3,169.71,Monday,False,False
m-045,2026-07-07,710.34,6,4,118.39,Tuesday,False,False
m-045,2026-07-08,489.03,3,2,163.01,Wednesday,False,False
m-045,2026-07-09,283.31,2,1,141.66,Thursday,False,False
m-045,2026-07-10,293.28,3,2,97.76,Friday,False,False
m-045,2026-07-11,141.29,2,2,70.64,Saturday,True,False
m-045,2026-07-12,311.52,3,2,103.84,Sunday,True,False
m-045,2026-07-13,407.11,3,3,135.7,Monday,False,False
m-045,2026-07-14,875.05,3,1,291.68,Tuesday,False,False
m-045,2026-07-15,590.66,5,3,118.13,Wednesday,False,False
m-045,2026-07-16,233.62,1,1,233.62,Thursday,False,False
m-045,2026-07-17,346.96,2,1,173.48,Friday,False,False
m-045,2026-07-18,1168.98,7,4,167.0,Saturday,True,False
m-045,2026-07-19,676.42,9,4,75.16,Sunday,True,False
m-045,2026-07-20,126.46,2,1,63.23,Monday,False,False
m-045,2026-07-21,186.31,2,0,93.16,Tuesday,False,False
m-045,2026-07-22,404.66,3,3,134.89,Wednesday,False,False
m-045,2026-07-23,76.36,2,1,38.18,Thursday,False,False
m-045,2026-07-24,97.8,2,2,48.9,Friday,False,False
m-045,2026-07-25,231.06,2,1,115.53,Saturday,True,False
m-045,2026-07-26,451.61,3,3,150.54,Sunday,True,False
m-045,2026-07-27,875.9,9,6,97.32,Monday,False,False
m-045,2026-07-28,698.83,4,3,174.71,Tuesday,False,False
m-045,2026-07-29,216.37,3,0,72.12,Wednesday,False,False
m-045,2026-07-30,137.66,2,2,68.83,Thursday,False,False
m-045,2026-07-31,504.98,3,2,168.33,Friday,False,False
m-045,2026-08-01,233.62,1,0,233.62,Saturday,True,False
m-045,2026-08-02,351.87,3,2,117.29,Sunday,True,False
m-045,2026-08-03,528.32,3,2,176.11,Monday,False,False
m-045,2026-08-04,43.04,1,1,43.04,Tuesday,False,False
m-045,2026-08-05,415.27,6,5,69.21,Wednesday,False,False
m-045,2026-08-06,355.11,4,2,88.78,Thursday,False,False
m-045,2026-08-07,660.34,5,4,132.07,Friday,False,False
m-045,2026-08-08,889.52,3,2,296.51,Saturday,True,False
m-045,2026-08-09,1035.15,5,2,207.03,Sunday,True,False
m-045,2026-08-10,258.6,3,3,86.2,Monday,False,False
m-045,2026-08-11,401.25,4,3,100.31,Tuesday,False,False
m-045,2026-08-12,570.19,6,4,95.03,Wednesday,False,False
m-045,2026-08-14,338.7,3,1,112.9,Friday,False,False
m-045,2026-08-15,413.72,4,2,103.43,Saturday,True,True
m-045,2026-08-16,531.1,5,2,106.22,Sunday,True,False
m-045,2026-08-17,551.41,5,4,110.28,Monday,False,False
m-045,2026-08-18,444.76,2,1,222.38,Tuesday,False,False
m-045,2026-08-19,186.92,3,3,62.31,Wednesday,False,False
m-045,2026-08-20,324.78,4,4,81.19,Thursday,False,False
m-045,2026-08-21,560.02,5,2,112.0,Friday,False,False
m-045,2026-08-22,145.84,2,1,72.92,Saturday,True,False
m-045,2026-08-23,94.33,1,0,94.33,Sunday,True,False
m-045,2026-08-24,78.92,1,0,78.92,Monday,False,False
m-045,2026-08-25,498.17,5,5,99.63,Tuesday,False,False
m-045,2026-08-26,173.57,2,2,86.78,Wednesday,False,False
m-045,2026-08-27,84.19,2,2,42.1,Thursday,False,False
m-045,2026-08-28,461.52,3,3,153.84,Friday,False,True
m-045,2026-08-29,239.71,2,1,119.85,Saturday,True,False
m-045,2026-08-30,664.64,9,6,73.85,Sunday,True,False
m-045,2026-08-31,148.65,1,1,148.65,Monday,False,False
m-045,2026-09-01,238.21,2,1,119.1,Tuesday,False,False
m-045,2026-09-02,570.04,3,3,190.01,Wednesday,False,False
m-045,2026-09-03,241.74,3,3,80.58,Thursday,False,False
m-045,2026-09-04,239.0,4,3,59.75,Friday,False,False
m-045,2026-09-06,468.25,3,2,156.08,Sunday,True,False
m-045,2026-09-07,408.21,4,3,102.05,Monday,False,False
m-045,2026-09-08,771.74,4,3,192.94,Tuesday,False,False
m-045,2026-09-09,257.2,2,0,128.6,Wednesday,False,False
m-045,2026-09-10,261.41,4,3,65.35,Thursday,False,False
m-045,2026-09-11,339.98,5,3,68.0,Friday,False,False
m-045,2026-09-12,349.86,4,4,87.46,Saturday,True,False
m-045,2026-09-13,322.92,3,0,107.64,Sunday,True,False
m-045,2026-09-14,580.5,3,1,193.5,Monday,False,False
m-045,2026-09-15,387.18,3,1,129.06,Tuesday,False,False
m-045,2026-09-16,89.26,2,2,44.63,Wednesday,False,False
m-045,2026-09-17,212.58,3,2,70.86,Thursday,False,False
m-046,2025-09-18,567.43,2,2,283.72,Thursday,False,False
m-046,2025-09-20,1267.49,5,4,253.5,Saturday,True,False
m-046,2025-09-21,244.0,1,1,244.0,Sunday,True,False
m-046,2025-09-22,1849.51,3,1,616.5,Monday,False,False
m-046,2025-09-23,2047.32,6,5,341.22,Tuesday,False,False
m-046,2025-09-24,1664.37,5,4,332.87,Wednesday,False,False
m-046,2025-09-25,183.0,1,1,183.0,Thursday,False,False
m-046,2025-09-26,463.94,1,1,463.94,Friday,False,False
m-046,2025-09-27,553.28,3,2,184.43,Saturday,True,False
m-046,2025-09-28,896.64,5,2,179.33,Sunday,True,False
m-046,2025-09-29,1681.49,4,3,420.37,Monday,False,False
m-046,2025-09-30,374.31,3,3,124.77,Tuesday,False,False
m-046,2025-10-01,1336.29,2,1,668.14,Wednesday,False,False
m-046,2025-10-02,902.09,2,0,451.04,Thursday,False,False
m-046,2025-10-03,94.63,2,0,47.32,Friday,False,False
m-046,2025-10-04,417.61,3,3,139.2,Saturday,True,False
m-046,2025-10-05,1122.83,2,2,561.42,Sunday,True,False
m-046,2025-10-06,516.27,3,2,172.09,Monday,False,False
m-046,2025-10-07,906.13,2,1,453.06,Tuesday,False,False
m-046,2025-10-08,1154.91,3,2,384.97,Wednesday,False,False
m-046,2025-10-09,2587.6,3,2,862.53,Thursday,False,False
m-046,2025-10-10,2111.12,3,2,703.71,Friday,False,False
m-046,2025-10-11,2037.54,4,1,509.38,Saturday,True,False
m-046,2025-10-12,1719.16,5,2,343.83,Sunday,True,False
m-046,2025-10-13,294.6,2,1,147.3,Monday,False,False
m-046,2025-10-14,217.61,1,1,217.61,Tuesday,False,False
m-046,2025-10-15,2748.05,5,5,549.61,Wednesday,False,False
m-046,2025-10-16,169.44,3,2,56.48,Thursday,False,False
m-046,2025-10-17,298.31,1,1,298.31,Friday,False,False
m-046,2025-10-18,648.58,2,2,324.29,Saturday,True,False
m-046,2025-10-19,2129.02,7,4,304.15,Sunday,True,False
m-046,2025-10-20,2252.63,3,3,750.88,Monday,False,True
m-046,2025-10-21,3706.57,12,10,308.88,Tuesday,False,True
m-046,2025-10-22,1585.41,10,6,158.54,Wednesday,False,True
m-046,2025-10-23,111.7,1,1,111.7,Thursday,False,False
m-046,2025-10-24,4286.4,6,2,714.4,Friday,False,False
m-046,2025-10-25,2392.79,2,2,1196.4,Saturday,True,False
m-046,2025-10-26,3455.37,5,3,691.07,Sunday,True,False
m-046,2025-10-27,351.55,2,1,175.77,Monday,False,False
m-046,2025-10-29,207.58,2,2,103.79,Wednesday,False,False
m-046,2025-10-30,557.13,2,2,278.56,Thursday,False,False
m-046,2025-10-31,1951.34,3,2,650.45,Friday,False,False
m-046,2025-11-01,329.31,2,1,164.66,Saturday,True,False
m-046,2025-11-02,4023.51,8,8,502.94,Sunday,True,False
m-046,2025-11-03,472.72,5,3,94.54,Monday,False,False
m-046,2025-11-05,1452.94,4,1,363.24,Wednesday,False,False
m-046,2025-11-06,1640.74,4,2,410.18,Thursday,False,False
m-046,2025-11-07,667.47,4,2,166.87,Friday,False,False
m-046,2025-11-08,1386.36,3,3,462.12,Saturday,True,False
m-046,2025-11-09,717.09,5,4,143.42,Sunday,True,False
m-046,2025-11-10,3410.89,8,6,426.36,Monday,False,False
m-046,2025-11-11,1189.64,5,5,237.93,Tuesday,False,False
m-046,2025-11-13,298.31,1,0,298.31,Thursday,False,False
m-046,2025-11-14,34.98,1,1,34.98,Friday,False,False
m-046,2025-11-15,3417.78,6,3,569.63,Saturday,True,False
m-046,2025-11-16,1370.05,5,3,274.01,Sunday,True,False
m-046,2025-11-17,1785.79,4,2,446.45,Monday,False,False
m-046,2025-11-18,445.43,1,1,445.43,Tuesday,False,False
m-046,2025-11-19,2883.59,4,3,720.9,Wednesday,False,False
m-046,2025-11-20,339.61,2,1,169.8,Thursday,False,False
m-046,2025-11-21,464.5,3,2,154.83,Friday,False,False
m-046,2025-11-22,1001.74,3,1,333.91,Saturday,True,False
m-046,2025-11-23,4875.67,7,4,696.52,Sunday,True,False
m-046,2025-11-24,181.65,2,0,90.82,Monday,False,False
m-046,2025-11-25,298.31,1,1,298.31,Tuesday,False,False
m-046,2025-11-27,2898.48,7,4,414.07,Thursday,False,False
m-046,2025-11-29,956.93,3,3,318.98,Saturday,True,False
m-046,2025-11-30,1238.45,6,5,206.41,Sunday,True,False
m-046,2025-12-01,61.0,1,1,61.0,Monday,False,False
m-046,2025-12-02,566.08,3,2,188.69,Tuesday,False,False
m-046,2025-12-03,1133.5,2,2,566.75,Wednesday,False,False
m-046,2025-12-04,1254.16,5,5,250.83,Thursday,False,False
m-046,2025-12-05,694.87,4,3,173.72,Friday,False,False
m-046,2025-12-06,918.24,5,2,183.65,Saturday,True,False
m-046,2025-12-07,3212.39,9,6,356.93,Sunday,True,False
m-046,2025-12-08,266.95,2,1,133.48,Monday,False,False
m-046,2025-12-09,45.52,1,1,45.52,Tuesday,False,False
m-046,2025-12-10,606.57,3,3,202.19,Wednesday,False,False
m-046,2025-12-11,533.31,4,0,133.33,Thursday,False,False
m-046,2025-12-12,1615.36,4,3,403.84,Friday,False,False
m-046,2025-12-13,2564.78,8,6,320.6,Saturday,True,False
m-046,2025-12-14,351.1,3,3,117.03,Sunday,True,False
m-046,2025-12-15,945.98,5,3,189.2,Monday,False,False
m-046,2025-12-16,746.31,4,1,186.58,Tuesday,False,False
m-046,2025-12-17,2326.91,3,3,775.64,Wednesday,False,False
m-046,2025-12-18,217.61,1,0,217.61,Thursday,False,False
m-046,2025-12-19,34.98,1,1,34.98,Friday,False,False
m-046,2025-12-20,3499.0,7,3,499.86,Saturday,True,False
m-046,2025-12-21,2378.07,4,2,594.52,Sunday,True,False
m-046,2025-12-22,2232.58,5,4,446.52,Monday,False,False
m-046,2025-12-23,1198.49,5,2,239.7,Tuesday,False,False
m-046,2025-12-24,122.0,2,0,61.0,Wednesday,False,False
m-046,2025-12-25,2047.82,5,4,409.56,Thursday,False,True
m-046,2025-12-26,1910.54,5,4,382.11,Friday,False,False
m-046,2025-12-27,582.61,3,0,194.2,Saturday,True,False
m-046,2025-12-28,336.17,5,3,67.23,Sunday,True,False
m-046,2025-12-29,785.41,5,3,157.08,Monday,False,False
m-046,2025-12-30,856.36,3,2,285.45,Tuesday,False,False
m-046,2025-12-31,403.44,3,2,134.48,Wednesday,False,True
m-046,2026-01-01,446.19,4,2,111.55,Thursday,False,True
m-046,2026-01-02,780.42,3,3,260.14,Friday,False,False
m-046,2026-01-03,764.53,2,1,382.27,Saturday,True,False
m-046,2026-01-04,1040.05,4,3,260.01,Sunday,True,False
m-046,2026-01-05,1036.71,4,2,259.18,Monday,False,False
m-046,2026-01-06,2533.3,4,3,633.33,Tuesday,False,False
m-046,2026-01-07,1952.71,3,3,650.9,Wednesday,False,False
m-046,2026-01-08,982.14,2,1,491.07,Thursday,False,False
m-046,2026-01-09,1305.33,5,2,261.07,Friday,False,False
m-046,2026-01-10,217.61,1,1,217.61,Saturday,True,False
m-046,2026-01-11,979.49,4,3,244.87,Sunday,True,False
m-046,2026-01-12,943.08,3,2,314.36,Monday,False,False
m-046,2026-01-13,966.7,3,2,322.23,Tuesday,False,False
m-046,2026-01-14,59.65,1,1,59.65,Wednesday,False,True
m-046,2026-01-15,913.52,2,2,456.76,Thursday,False,False
m-046,2026-01-16,929.91,2,0,464.96,Friday,False,False
m-046,2026-01-17,1126.89,5,1,225.38,Saturday,True,False
m-046,2026-01-18,1531.73,4,3,382.93,Sunday,True,False
m-046,2026-01-19,335.1,1,1,335.1,Monday,False,False
m-046,2026-01-20,842.43,2,1,421.22,Tuesday,False,False
m-046,2026-01-21,991.09,3,3,330.36,Wednesday,False,False
m-046,2026-01-22,791.41,2,1,395.7,Thursday,False,False
m-046,2026-01-23,298.31,1,1,298.31,Friday,False,False
m-046,2026-01-24,14886.58,6,5,2481.1,Saturday,True,False
m-046,2026-01-25,855.44,3,2,285.15,Sunday,True,False
m-046,2026-01-26,1677.66,5,3,335.53,Monday,False,False
m-046,2026-01-27,1189.17,2,2,594.58,Tuesday,False,False
m-046,2026-01-28,353.97,2,1,176.98,Wednesday,False,False
m-046,2026-01-29,1208.75,5,3,241.75,Thursday,False,False
m-046,2026-01-30,2969.61,5,1,593.92,Friday,False,False
m-046,2026-01-31,817.76,3,2,272.59,Saturday,True,False
m-046,2026-02-01,1776.84,6,3,296.14,Sunday,True,False
m-046,2026-02-02,455.37,2,1,227.68,Monday,False,False
m-046,2026-02-03,275.35,3,1,91.78,Tuesday,False,False
m-046,2026-02-04,736.09,3,3,245.36,Wednesday,False,False
m-046,2026-02-05,223.4,2,2,111.7,Thursday,False,False
m-046,2026-02-06,976.46,5,5,195.29,Friday,False,False
m-046,2026-02-07,1446.26,1,1,1446.26,Saturday,True,False
m-046,2026-02-08,445.43,1,0,445.43,Sunday,True,False
m-046,2026-02-09,510.88,4,3,127.72,Monday,False,False
m-046,2026-02-11,1685.2,6,3,280.87,Wednesday,False,False
m-046,2026-02-12,1508.89,2,0,754.44,Thursday,False,False
m-046,2026-02-13,1265.45,3,3,421.82,Friday,False,False
m-046,2026-02-14,976.96,3,2,325.65,Saturday,True,False
m-046,2026-02-15,547.53,5,4,109.51,Sunday,True,False
m-046,2026-02-16,1359.15,4,1,339.79,Monday,False,False
m-046,2026-02-17,2050.71,3,2,683.57,Tuesday,False,False
m-046,2026-02-18,714.35,5,4,142.87,Wednesday,False,False
m-046,2026-02-19,178.96,1,1,178.96,Thursday,False,False
m-046,2026-02-20,677.68,3,0,225.89,Friday,False,False
m-046,2026-02-21,3124.49,4,3,781.12,Saturday,True,False
m-046,2026-02-22,2224.53,5,3,444.91,Sunday,True,False
m-046,2026-02-23,1043.31,3,3,347.77,Monday,False,False
m-046,2026-02-24,342.7,3,1,114.23,Tuesday,False,False
m-046,2026-02-25,357.92,2,1,178.96,Wednesday,False,False
m-046,2026-02-26,2137.42,5,3,427.48,Thursday,False,False
m-046,2026-02-27,254.73,2,2,127.36,Friday,False,False
m-046,2026-02-28,701.63,4,2,175.41,Saturday,True,False
m-046,2026-03-01,474.62,3,2,158.21,Sunday,True,False
m-046,2026-03-02,1158.35,2,1,579.17,Monday,False,False
m-046,2026-03-03,445.43,1,1,445.43,Tuesday,False,False
m-046,2026-03-04,1908.71,5,3,381.74,Wednesday,False,True
m-046,2026-03-05,463.94,1,1,463.94,Thursday,False,False
m-046,2026-03-06,1531.59,4,3,382.9,Friday,False,False
m-046,2026-03-07,406.2,2,1,203.1,Saturday,True,False
m-046,2026-03-08,2082.46,6,3,347.08,Sunday,True,False
m-046,2026-03-09,3638.91,4,1,909.73,Monday,False,False
m-046,2026-03-10,1598.36,4,3,399.59,Tuesday,False,False
m-046,2026-03-11,3844.88,7,5,549.27,Wednesday,False,False
m-046,2026-03-12,708.32,2,1,354.16,Thursday,False,False
m-046,2026-03-13,890.59,3,3,296.86,Friday,False,False
m-046,2026-03-14,178.96,1,0,178.96,Saturday,True,False
m-046,2026-03-15,918.95,4,3,229.74,Sunday,True,False
m-046,2026-03-17,567.45,3,2,189.15,Tuesday,False,False
m-046,2026-03-18,1014.23,3,2,338.08,Wednesday,False,False
m-046,2026-03-19,994.22,2,0,497.11,Thursday,False,False
m-046,2026-03-20,1258.52,5,2,251.7,Friday,False,True
m-046,2026-03-21,1225.14,4,4,306.29,Saturday,True,False
m-046,2026-03-22,1551.2,3,2,517.07,Sunday,True,False
m-046,2026-03-23,1781.97,6,4,297.0,Monday,False,False
m-046,2026-03-24,217.61,1,1,217.61,Tuesday,False,False
m-046,2026-03-25,1271.55,3,3,423.85,Wednesday,False,False
m-046,2026-03-26,610.25,3,3,203.42,Thursday,False,False
m-046,2026-03-27,1391.03,5,3,278.21,Friday,False,False
m-046,2026-03-28,768.85,3,2,256.28,Saturday,True,False
m-046,2026-03-29,1613.34,6,2,268.89,Sunday,True,False
m-046,2026-03-30,4199.26,6,4,699.88,Monday,False,False
m-046,2026-03-31,624.38,3,1,208.13,Tuesday,False,False
m-046,2026-04-01,1126.02,6,5,187.67,Wednesday,False,False
m-046,2026-04-02,177.04,3,3,59.01,Thursday,False,False
m-046,2026-04-03,2528.22,6,5,421.37,Friday,False,False
m-046,2026-04-04,1815.26,6,4,302.54,Saturday,True,False
m-046,2026-04-05,1091.06,3,2,363.69,Sunday,True,False
m-046,2026-04-06,1231.39,4,4,307.85,Monday,False,False
m-046,2026-04-07,762.25,2,0,381.12,Tuesday,False,False
m-046,2026-04-08,364.29,3,1,121.43,Wednesday,False,False
m-046,2026-04-09,1248.07,3,1,416.02,Thursday,False,False
m-046,2026-04-10,183.0,1,0,183.0,Friday,False,False
m-046,2026-04-11,2189.27,7,4,312.75,Saturday,True,False
m-046,2026-04-12,989.89,4,2,247.47,Sunday,True,False
m-046,2026-04-13,906.13,3,2,302.04,Monday,False,False
m-046,2026-04-14,1808.91,5,4,361.78,Tuesday,False,False
m-046,2026-04-15,1604.15,4,3,401.04,Wednesday,False,False
m-046,2026-04-16,111.7,1,0,111.7,Thursday,False,False
m-046,2026-04-17,1315.88,5,1,263.18,Friday,False,False
m-046,2026-04-18,686.65,3,3,228.88,Saturday,True,False
m-046,2026-04-19,1698.28,4,1,424.57,Sunday,True,False
m-046,2026-04-20,2482.69,6,3,413.78,Monday,False,False
m-046,2026-04-21,774.74,3,2,258.25,Tuesday,False,False
m-046,2026-04-22,1081.05,2,1,540.52,Wednesday,False,False
m-046,2026-04-23,172.6,1,0,172.6,Thursday,False,False
m-046,2026-04-24,1774.21,4,3,443.55,Friday,False,False
m-046,2026-04-25,1924.32,7,6,274.9,Saturday,True,False
m-046,2026-04-26,852.74,4,3,213.18,Sunday,True,False
m-046,2026-04-27,515.87,3,1,171.96,Monday,False,False
m-046,2026-04-28,745.89,2,1,372.94,Tuesday,False,False
m-046,2026-04-29,2180.15,7,3,311.45,Wednesday,False,False
m-046,2026-04-30,1584.27,4,3,396.07,Thursday,False,False
m-046,2026-05-01,343.83,3,3,114.61,Friday,False,False
m-046,2026-05-02,1246.12,5,5,249.22,Saturday,True,False
m-046,2026-05-03,2474.1,6,5,412.35,Sunday,True,False
m-046,2026-05-04,2040.4,4,3,510.1,Monday,False,False
m-046,2026-05-05,1894.57,5,5,378.91,Tuesday,False,False
m-046,2026-05-06,1103.74,4,2,275.94,Wednesday,False,False
m-046,2026-05-07,95.98,2,2,47.99,Thursday,False,False
m-046,2026-05-08,456.9,2,1,228.45,Friday,False,False
m-046,2026-05-09,2100.14,6,4,350.02,Saturday,True,False
m-046,2026-05-10,411.2,2,2,205.6,Sunday,True,False
m-046,2026-05-11,217.61,1,1,217.61,Monday,False,False
m-046,2026-05-12,61.0,1,1,61.0,Tuesday,False,False
m-046,2026-05-13,283.05,2,1,141.52,Wednesday,False,False
m-046,2026-05-14,1253.36,4,3,313.34,Thursday,False,False
m-046,2026-05-15,723.13,1,0,723.13,Friday,False,False
m-046,2026-05-16,1267.9,4,3,316.98,Saturday,True,False
m-046,2026-05-17,1331.77,5,4,266.35,Sunday,True,False
m-046,2026-05-18,2066.41,9,7,229.6,Monday,False,False
m-046,2026-05-19,542.31,3,1,180.77,Tuesday,False,False
m-046,2026-05-20,172.7,2,2,86.35,Wednesday,False,False
m-046,2026-05-21,345.2,1,1,345.2,Thursday,False,False
m-046,2026-05-22,1689.71,4,3,422.43,Friday,False,False
m-046,2026-05-23,2567.77,5,5,513.55,Saturday,True,False
m-046,2026-05-24,743.74,2,2,371.87,Sunday,True,False
m-046,2026-05-25,1897.14,5,4,379.43,Monday,False,False
m-046,2026-05-26,1651.13,7,6,235.88,Tuesday,False,False
m-046,2026-05-27,1416.28,7,6,202.33,Wednesday,False,False
m-046,2026-05-28,2737.26,7,5,391.04,Thursday,False,False
m-046,2026-05-29,337.14,3,1,112.38,Friday,False,False
m-046,2026-05-30,1468.16,7,4,209.74,Saturday,True,False
m-046,2026-05-31,2195.15,5,2,439.03,Sunday,True,False
m-046,2026-06-01,433.69,3,3,144.56,Monday,False,False
m-046,2026-06-02,1398.45,3,3,466.15,Tuesday,False,False
m-046,2026-06-03,1127.18,3,2,375.73,Wednesday,False,False
m-046,2026-06-04,59.65,1,1,59.65,Thursday,False,False
m-046,2026-06-06,1997.63,6,1,332.94,Saturday,True,False
m-046,2026-06-07,3269.63,8,4,408.7,Sunday,True,False
m-046,2026-06-08,1599.77,3,3,533.26,Monday,False,False
m-046,2026-06-09,390.21,2,1,195.1,Tuesday,False,False
m-046,2026-06-10,172.6,1,0,172.6,Wednesday,False,False
m-046,2026-06-11,687.34,3,3,229.11,Thursday,False,False
m-046,2026-06-12,1993.09,7,3,284.73,Friday,False,False
m-046,2026-06-13,139.92,2,2,69.96,Saturday,True,False
m-046,2026-06-14,1342.21,7,4,191.74,Sunday,True,False
m-046,2026-06-16,2491.63,5,5,498.33,Tuesday,False,False
m-046,2026-06-17,608.19,5,3,121.64,Wednesday,False,False
m-046,2026-06-18,342.7,3,2,114.23,Thursday,False,False
m-046,2026-06-19,679.03,3,1,226.34,Friday,False,False
m-046,2026-06-20,445.91,3,3,148.64,Saturday,True,False
m-046,2026-06-21,298.31,1,0,298.31,Sunday,True,False
m-046,2026-06-22,954.54,2,1,477.27,Monday,False,False
m-046,2026-06-23,1602.81,5,4,320.56,Tuesday,False,False
m-046,2026-06-24,195.36,2,2,97.68,Wednesday,False,False
m-046,2026-06-25,992.44,2,2,496.22,Thursday,False,False
m-046,2026-06-26,1993.91,4,2,498.48,Friday,False,False
m-046,2026-06-27,530.28,2,2,265.14,Saturday,True,False
m-046,2026-06-28,2491.79,7,2,355.97,Sunday,True,False
m-046,2026-06-29,213.94,2,1,106.97,Monday,False,False
m-046,2026-06-30,1846.24,4,3,461.56,Tuesday,False,False
m-046,2026-07-01,419.33,3,3,139.78,Wednesday,False,False
m-046,2026-07-02,207.68,3,2,69.23,Thursday,False,False
m-046,2026-07-03,3275.8,6,4,545.97,Friday,False,False
m-046,2026-07-04,899.16,4,3,224.79,Saturday,True,False
m-046,2026-07-05,929.9,4,4,232.48,Sunday,True,False
m-046,2026-07-06,857.75,5,4,171.55,Monday,False,False
m-046,2026-07-07,778.72,3,2,259.57,Tuesday,False,False
m-046,2026-07-08,1583.16,5,4,316.63,Wednesday,False,False
m-046,2026-07-09,603.86,3,1,201.29,Thursday,False,False
m-046,2026-07-10,59.65,1,0,59.65,Friday,False,False
m-046,2026-07-11,2025.36,4,3,506.34,Saturday,True,False
m-046,2026-07-13,469.62,2,1,234.81,Monday,False,False
m-046,2026-07-15,2566.32,4,4,641.58,Wednesday,False,False
m-046,2026-07-16,1403.11,5,4,280.62,Thursday,False,False
m-046,2026-07-17,809.54,4,4,202.39,Friday,False,False
m-046,2026-07-18,1789.86,3,0,596.62,Saturday,True,False
m-046,2026-07-19,1980.25,6,2,330.04,Sunday,True,False
m-046,2026-07-20,864.35,3,3,288.12,Monday,False,False
m-046,2026-07-21,922.69,4,3,230.67,Tuesday,False,False
m-046,2026-07-22,2459.59,7,4,351.37,Wednesday,False,False
m-046,2026-07-23,3129.22,5,4,625.84,Thursday,False,False
m-046,2026-07-24,1188.56,6,4,198.09,Friday,False,False
m-046,2026-07-25,1392.67,5,1,278.53,Saturday,True,False
m-046,2026-07-26,1139.36,5,3,227.87,Sunday,True,False
m-046,2026-07-28,580.55,7,7,82.94,Tuesday,False,False
m-046,2026-07-29,290.66,2,2,145.33,Wednesday,False,False
m-046,2026-07-30,178.96,1,1,178.96,Thursday,False,False
m-046,2026-07-31,3569.26,4,2,892.32,Friday,False,False
m-046,2026-08-01,292.97,2,2,146.49,Saturday,True,False
m-046,2026-08-02,2633.19,5,4,526.64,Sunday,True,False
m-046,2026-08-03,677.4,2,2,338.7,Monday,False,False
m-046,2026-08-04,1397.29,2,2,698.64,Tuesday,False,False
m-046,2026-08-05,451.21,3,2,150.4,Wednesday,False,False
m-046,2026-08-06,617.48,5,3,123.5,Thursday,False,False
m-046,2026-08-07,2300.82,8,6,287.6,Friday,False,False
m-046,2026-08-08,1624.47,5,5,324.89,Saturday,True,False
m-046,2026-08-09,2098.7,7,6,299.81,Sunday,True,False
m-046,2026-08-10,761.36,3,1,253.79,Monday,False,False
m-046,2026-08-11,1152.12,5,4,230.42,Tuesday,False,False
m-046,2026-08-12,596.12,3,3,198.71,Wednesday,False,False
m-046,2026-08-13,1627.97,4,3,406.99,Thursday,False,False
m-046,2026-08-14,1273.05,5,3,254.61,Friday,False,False
m-046,2026-08-15,552.71,2,2,276.36,Saturday,True,True
m-046,2026-08-16,3610.18,8,8,451.27,Sunday,True,False
m-046,2026-08-17,959.14,2,1,479.57,Monday,False,False
m-046,2026-08-18,231.97,1,1,231.97,Tuesday,False,False
m-046,2026-08-19,421.62,4,3,105.4,Wednesday,False,False
m-046,2026-08-20,68.28,2,2,34.14,Thursday,False,False
m-046,2026-08-21,1548.74,5,3,309.75,Friday,False,False
m-046,2026-08-22,1545.9,4,1,386.48,Saturday,True,False
m-046,2026-08-23,1595.37,6,4,265.9,Sunday,True,False
m-046,2026-08-24,1315.05,5,2,263.01,Monday,False,False
m-046,2026-08-25,993.33,3,3,331.11,Tuesday,False,False
m-046,2026-08-26,252.59,2,2,126.3,Wednesday,False,False
m-046,2026-08-27,791.41,3,3,263.8,Thursday,False,False
m-046,2026-08-28,1446.26,1,0,1446.26,Friday,False,True
m-046,2026-08-29,1233.55,6,5,205.59,Saturday,True,False
m-046,2026-08-30,644.81,5,5,128.96,Sunday,True,False
m-046,2026-08-31,139.92,2,2,69.96,Monday,False,False
m-046,2026-09-01,1990.14,4,1,497.54,Tuesday,False,False
m-046,2026-09-02,810.55,3,1,270.18,Wednesday,False,False
m-046,2026-09-03,719.88,3,1,239.96,Thursday,False,False
m-046,2026-09-04,1449.45,3,1,483.15,Friday,False,False
m-046,2026-09-05,1903.83,5,2,380.77,Saturday,True,False
m-046,2026-09-06,1489.26,7,6,212.75,Sunday,True,False
m-046,2026-09-07,4028.75,5,4,805.75,Monday,False,False
m-046,2026-09-08,494.69,4,2,123.67,Tuesday,False,False
m-046,2026-09-09,1042.05,3,2,347.35,Wednesday,False,False
m-046,2026-09-10,143.41,3,1,47.8,Thursday,False,False
m-046,2026-09-11,374.03,3,1,124.68,Friday,False,False
m-046,2026-09-12,230.44,4,2,57.61,Saturday,True,False
m-046,2026-09-13,322.78,4,3,80.7,Sunday,True,False
m-046,2026-09-14,2471.57,3,3,823.86,Monday,False,False
m-046,2026-09-15,1246.58,5,5,249.32,Tuesday,False,False
m-046,2026-09-16,756.13,4,3,189.03,Wednesday,False,False
m-046,2026-09-17,1377.9,5,2,275.58,Thursday,False,False
m-047,2025-09-18,572.86,4,4,143.22,Thursday,False,False
m-047,2025-09-19,448.66,3,1,149.55,Friday,False,False
m-047,2025-09-20,335.45,3,3,111.82,Saturday,True,False
m-047,2025-09-21,337.17,5,3,67.43,Sunday,True,False
m-047,2025-09-22,252.42,3,2,84.14,Monday,False,False
m-047,2025-09-23,345.7,2,1,172.85,Tuesday,False,False
m-047,2025-09-24,159.74,1,1,159.74,Wednesday,False,False
m-047,2025-09-25,220.91,3,1,73.64,Thursday,False,False
m-047,2025-09-26,634.85,7,6,90.69,Friday,False,False
m-047,2025-09-27,1007.57,10,5,100.76,Saturday,True,False
m-047,2025-09-28,100.12,3,2,33.37,Sunday,True,False
m-047,2025-09-30,94.14,2,1,47.07,Tuesday,False,False
m-047,2025-10-01,217.44,4,2,54.36,Wednesday,False,False
m-047,2025-10-02,80.98,2,1,40.49,Thursday,False,False
m-047,2025-10-03,303.66,4,4,75.91,Friday,False,False
m-047,2025-10-04,286.6,4,0,71.65,Saturday,True,False
m-047,2025-10-05,1243.26,10,8,124.33,Sunday,True,False
m-047,2025-10-06,383.21,5,3,76.64,Monday,False,False
m-047,2025-10-07,346.42,4,2,86.6,Tuesday,False,False
m-047,2025-10-08,468.88,6,3,78.15,Wednesday,False,False
m-047,2025-10-10,79.87,1,0,79.87,Friday,False,False
m-047,2025-10-11,817.92,7,5,116.85,Saturday,True,False
m-047,2025-10-12,664.35,6,3,110.72,Sunday,True,False
m-047,2025-10-13,271.06,3,3,90.35,Monday,False,False
m-047,2025-10-14,36.72,1,0,36.72,Tuesday,False,False
m-047,2025-10-15,93.36,2,2,46.68,Wednesday,False,False
m-047,2025-10-16,113.64,2,1,56.82,Thursday,False,False
m-047,2025-10-17,468.62,6,3,78.1,Friday,False,False
m-047,2025-10-18,133.63,1,1,133.63,Saturday,True,False
m-047,2025-10-19,157.64,3,2,52.55,Sunday,True,False
m-047,2025-10-20,964.82,10,8,96.48,Monday,False,True
m-047,2025-10-21,963.68,7,5,137.67,Tuesday,False,True
m-047,2025-10-22,374.14,5,4,74.83,Wednesday,False,True
m-047,2025-10-23,531.74,3,2,177.25,Thursday,False,False
m-047,2025-10-24,196.06,2,2,98.03,Friday,False,False
m-047,2025-10-25,309.85,5,5,61.97,Saturday,True,False
m-047,2025-10-26,666.87,3,3,222.29,Sunday,True,False
m-047,2025-10-27,241.26,3,1,80.42,Monday,False,False
m-047,2025-10-28,95.9,1,1,95.9,Tuesday,False,False
m-047,2025-10-29,390.03,4,3,97.51,Wednesday,False,False
m-047,2025-10-30,330.28,3,2,110.09,Thursday,False,False
m-047,2025-11-01,196.74,2,0,98.37,Saturday,True,False
m-047,2025-11-02,373.37,4,4,93.34,Sunday,True,False
m-047,2025-11-03,57.42,1,1,57.42,Monday,False,False
m-047,2025-11-04,746.33,6,5,124.39,Tuesday,False,False
m-047,2025-11-05,683.91,8,4,85.49,Wednesday,False,False
m-047,2025-11-06,343.23,3,2,114.41,Thursday,False,False
m-047,2025-11-07,473.67,5,4,94.73,Friday,False,False
m-047,2025-11-08,347.14,5,3,69.43,Saturday,True,False
m-047,2025-11-09,205.78,4,3,51.44,Sunday,True,False
m-047,2025-11-10,49.86,1,1,49.86,Monday,False,False
m-047,2025-11-11,282.73,3,3,94.24,Tuesday,False,False
m-047,2025-11-12,630.4,4,3,157.6,Wednesday,False,False
m-047,2025-11-13,400.89,2,2,200.44,Thursday,False,False
m-047,2025-11-14,528.98,4,2,132.24,Friday,False,False
m-047,2025-11-15,334.62,7,7,47.8,Saturday,True,False
m-047,2025-11-16,491.99,4,3,123.0,Sunday,True,False
m-047,2025-11-17,159.74,1,1,159.74,Monday,False,False
m-047,2025-11-18,595.6,3,1,198.53,Tuesday,False,False
m-047,2025-11-19,299.16,2,1,149.58,Wednesday,False,False
m-047,2025-11-20,295.43,5,4,59.09,Thursday,False,False
m-047,2025-11-21,73.44,1,1,73.44,Friday,False,False
m-047,2025-11-22,522.05,5,4,104.41,Saturday,True,False
m-047,2025-11-23,183.49,2,1,91.74,Sunday,True,False
m-047,2025-11-24,170.8,2,2,85.4,Monday,False,False
m-047,2025-11-25,281.66,4,1,70.41,Tuesday,False,False
m-047,2025-11-26,355.97,4,3,88.99,Wednesday,False,False
m-047,2025-11-27,133.63,1,0,133.63,Thursday,False,False
m-047,2025-11-28,206.84,4,2,51.71,Friday,False,False
m-047,2025-11-29,207.07,2,1,103.54,Saturday,True,False
m-047,2025-11-30,574.98,7,5,82.14,Sunday,True,False
m-047,2025-12-01,490.69,4,3,122.67,Monday,False,False
m-047,2025-12-02,245.98,4,3,61.5,Tuesday,False,False
m-047,2025-12-03,534.52,2,1,267.26,Wednesday,False,False
m-047,2025-12-04,459.83,4,3,114.96,Thursday,False,False
m-047,2025-12-05,415.9,4,1,103.98,Friday,False,False
m-047,2025-12-06,953.43,10,8,95.34,Saturday,True,False
m-047,2025-12-07,260.54,5,4,52.11,Sunday,True,False
m-047,2025-12-08,251.53,3,1,83.84,Monday,False,False
m-047,2025-12-09,1353.03,7,4,193.29,Tuesday,False,False
m-047,2025-12-10,62.24,1,0,62.24,Wednesday,False,False
m-047,2025-12-11,648.09,5,4,129.62,Thursday,False,False
m-047,2025-12-12,970.72,6,3,161.79,Friday,False,False
m-047,2025-12-13,559.96,5,4,111.99,Saturday,True,False
m-047,2025-12-14,449.46,7,7,64.21,Sunday,True,False
m-047,2025-12-15,446.63,5,3,89.33,Monday,False,False
m-047,2025-12-16,944.38,7,5,134.91,Tuesday,False,False
m-047,2025-12-17,366.13,5,3,73.23,Wednesday,False,False
m-047,2025-12-18,219.18,3,2,73.06,Thursday,False,False
m-047,2025-12-19,346.05,4,4,86.51,Friday,False,False
m-047,2025-12-20,805.69,5,1,161.14,Saturday,True,False
m-047,2025-12-21,99.72,1,1,99.72,Sunday,True,False
m-047,2025-12-22,185.0,3,3,61.67,Monday,False,False
m-047,2025-12-23,501.72,4,2,125.43,Tuesday,False,False
m-047,2025-12-24,480.2,5,3,96.04,Wednesday,False,False
m-047,2025-12-25,631.63,7,7,90.23,Thursday,False,True
m-047,2025-12-26,325.03,3,1,108.34,Friday,False,False
m-047,2025-12-27,147.2,3,3,49.07,Saturday,True,False
m-047,2025-12-28,418.04,3,2,139.35,Sunday,True,False
m-047,2025-12-29,355.34,3,1,118.45,Monday,False,False
m-047,2025-12-30,488.3,3,3,162.77,Tuesday,False,False
m-047,2025-12-31,1323.48,11,10,120.32,Wednesday,False,True
m-047,2026-01-01,782.71,10,7,78.27,Thursday,False,True
m-047,2026-01-02,36.72,1,0,36.72,Friday,False,False
m-047,2026-01-03,135.68,2,2,67.84,Saturday,True,False
m-047,2026-01-04,229.68,3,3,76.56,Sunday,True,False
m-047,2026-01-05,434.53,5,4,86.91,Monday,False,False
m-047,2026-01-06,521.25,5,5,104.25,Tuesday,False,False
m-047,2026-01-07,79.87,1,0,79.87,Wednesday,False,False
m-047,2026-01-08,149.27,3,2,49.76,Thursday,False,False
m-047,2026-01-09,282.73,2,1,141.36,Friday,False,False
m-047,2026-01-11,311.43,4,3,77.86,Sunday,True,False
m-047,2026-01-13,237.83,4,2,59.46,Tuesday,False,False
m-047,2026-01-14,678.98,8,4,84.87,Wednesday,False,True
m-047,2026-01-15,320.36,2,2,160.18,Thursday,False,False
m-047,2026-01-16,498.0,6,4,83.0,Friday,False,False
m-047,2026-01-17,713.82,6,3,118.97,Saturday,True,False
m-047,2026-01-18,443.56,7,4,63.37,Sunday,True,False
m-047,2026-01-19,874.21,6,3,145.7,Monday,False,False
m-047,2026-01-20,362.52,2,1,181.26,Tuesday,False,False
m-047,2026-01-21,595.6,4,4,148.9,Wednesday,False,False
m-047,2026-01-22,287.7,2,2,143.85,Thursday,False,False
m-047,2026-01-23,314.17,5,3,62.83,Friday,False,False
m-047,2026-01-24,801.78,3,1,267.26,Saturday,True,False
m-047,2026-01-25,662.01,5,4,132.4,Sunday,True,False
m-047,2026-01-26,632.04,5,5,126.41,Monday,False,False
m-047,2026-01-27,475.05,4,4,118.76,Tuesday,False,False
m-047,2026-01-28,587.03,4,2,146.76,Wednesday,False,False
m-047,2026-01-29,437.53,5,2,87.51,Thursday,False,False
m-047,2026-01-30,30.31,1,0,30.31,Friday,False,False
m-047,2026-01-31,387.67,4,1,96.92,Saturday,True,False
m-047,2026-02-01,271.28,3,2,90.43,Sunday,True,False
m-047,2026-02-02,174.94,3,3,58.31,Monday,False,False
m-047,2026-02-03,618.5,5,5,123.7,Tuesday,False,False
m-047,2026-02-04,113.64,1,1,113.64,Wednesday,False,False
m-047,2026-02-05,156.52,3,2,52.17,Thursday,False,False
m-047,2026-02-06,692.66,4,3,173.16,Friday,False,False
m-047,2026-02-07,423.42,6,4,70.57,Saturday,True,False
m-047,2026-02-08,204.35,2,1,102.18,Sunday,True,False
m-047,2026-02-09,74.82,1,0,74.82,Monday,False,False
m-047,2026-02-10,213.5,2,1,106.75,Tuesday,False,False
m-047,2026-02-11,246.68,3,3,82.23,Wednesday,False,False
m-047,2026-02-12,204.55,3,1,68.18,Thursday,False,False
m-047,2026-02-13,303.74,5,5,60.75,Friday,False,False
m-047,2026-02-15,706.47,7,4,100.92,Sunday,True,False
m-047,2026-02-16,507.17,3,2,169.06,Monday,False,False
m-047,2026-02-17,379.15,2,2,189.58,Tuesday,False,False
m-047,2026-02-18,665.44,4,1,166.36,Wednesday,False,False
m-047,2026-02-19,288.78,3,2,96.26,Thursday,False,False
m-047,2026-02-20,149.98,3,1,49.99,Friday,False,False
m-047,2026-02-21,73.44,2,2,36.72,Saturday,True,False
m-047,2026-02-22,189.66,2,2,94.83,Sunday,True,False
m-047,2026-02-23,222.11,2,1,111.06,Monday,False,False
m-047,2026-02-24,324.68,2,2,162.34,Tuesday,False,False
m-047,2026-02-25,228.52,2,2,114.26,Wednesday,False,False
m-047,2026-02-26,452.84,3,2,150.95,Thursday,False,False
m-047,2026-02-27,30.31,1,1,30.31,Friday,False,False
m-047,2026-02-28,482.35,7,6,68.91,Saturday,True,False
m-047,2026-03-01,493.44,3,3,164.48,Sunday,True,False
m-047,2026-03-02,362.56,3,2,120.85,Monday,False,False
m-047,2026-03-03,127.02,2,2,63.51,Tuesday,False,False
m-047,2026-03-04,776.39,9,8,86.27,Wednesday,False,True
m-047,2026-03-05,185.0,3,2,61.67,Thursday,False,False
m-047,2026-03-06,214.61,3,1,71.54,Friday,False,False
m-047,2026-03-07,223.39,4,4,55.85,Saturday,True,False
m-047,2026-03-08,231.34,4,2,57.84,Sunday,True,False
m-047,2026-03-09,315.08,4,2,78.77,Monday,False,False
m-047,2026-03-10,68.19,2,2,34.1,Tuesday,False,False
m-047,2026-03-11,245.38,3,2,81.79,Wednesday,False,False
m-047,2026-03-12,285.19,3,1,95.06,Thursday,False,False
m-047,2026-03-13,416.76,3,3,138.92,Friday,False,False
m-047,2026-03-14,822.4,9,6,91.38,Saturday,True,False
m-047,2026-03-15,111.29,3,2,37.1,Sunday,True,False
m-047,2026-03-16,744.49,7,6,106.36,Monday,False,False
m-047,2026-03-17,332.56,5,2,66.51,Tuesday,False,False
m-047,2026-03-18,213.5,2,1,106.75,Wednesday,False,False
m-047,2026-03-19,353.25,3,1,117.75,Thursday,False,False
m-047,2026-03-20,549.29,5,3,109.86,Friday,False,True
m-047,2026-03-21,1027.97,9,7,114.22,Saturday,True,False
m-047,2026-03-22,347.7,5,4,69.54,Sunday,True,False
m-047,2026-03-24,238.01,4,3,59.5,Tuesday,False,False
m-047,2026-03-25,555.04,5,3,111.01,Wednesday,False,False
m-047,2026-03-26,177.08,2,1,88.54,Thursday,False,False
m-047,2026-03-27,511.28,3,1,170.43,Friday,False,False
m-047,2026-03-28,511.58,4,3,127.9,Saturday,True,False
m-047,2026-03-29,514.79,8,6,64.35,Sunday,True,False
m-047,2026-03-30,110.16,1,1,110.16,Monday,False,False
m-047,2026-03-31,149.64,1,1,149.64,Tuesday,False,False
m-047,2026-04-01,31.12,1,1,31.12,Wednesday,False,False
m-047,2026-04-02,417.11,6,4,69.52,Thursday,False,False
m-047,2026-04-03,69.1,1,1,69.1,Friday,False,False
m-047,2026-04-04,930.24,10,5,93.02,Saturday,True,False
m-047,2026-04-05,641.3,7,2,91.61,Sunday,True,False
m-047,2026-04-06,324.42,2,2,162.21,Monday,False,False
m-047,2026-04-07,649.01,6,3,108.17,Tuesday,False,False
m-047,2026-04-08,517.39,6,6,86.23,Wednesday,False,False
m-047,2026-04-09,435.53,4,4,108.88,Thursday,False,False
m-047,2026-04-10,90.93,1,0,90.93,Friday,False,False
m-047,2026-04-11,794.81,4,4,198.7,Saturday,True,False
m-047,2026-04-12,796.12,11,7,72.37,Sunday,True,False
m-047,2026-04-13,369.98,5,3,74.0,Monday,False,False
m-047,2026-04-14,303.13,5,2,60.63,Tuesday,False,False
m-047,2026-04-15,888.24,4,3,222.06,Wednesday,False,False
m-047,2026-04-16,308.71,2,2,154.36,Thursday,False,False
m-047,2026-04-17,160.34,3,2,53.45,Friday,False,False
m-047,2026-04-18,67.03,2,2,33.52,Saturday,True,False
m-047,2026-04-19,290.01,4,2,72.5,Sunday,True,False
m-047,2026-04-20,530.48,3,1,176.83,Monday,False,False
m-047,2026-04-21,229.68,1,1,229.68,Tuesday,False,False
m-047,2026-04-22,180.7,2,2,90.35,Wednesday,False,False
m-047,2026-04-23,105.72,3,3,35.24,Thursday,False,False
m-047,2026-04-24,259.45,4,3,64.86,Friday,False,False
m-047,2026-04-25,483.31,5,4,96.66,Saturday,True,False
m-047,2026-04-26,170.72,2,2,85.36,Sunday,True,False
m-047,2026-04-27,504.0,4,4,126.0,Monday,False,False
m-047,2026-04-28,189.08,3,2,63.03,Tuesday,False,False
m-047,2026-04-29,515.73,3,2,171.91,Wednesday,False,False
m-047,2026-04-30,189.66,2,1,94.83,Thursday,False,False
m-047,2026-05-01,199.5,2,2,99.75,Friday,False,False
m-047,2026-05-02,133.63,1,0,133.63,Saturday,True,False
m-047,2026-05-03,226.24,3,3,75.41,Sunday,True,False
m-047,2026-05-04,279.54,3,1,93.18,Monday,False,False
m-047,2026-05-05,196.46,3,3,65.49,Tuesday,False,False
m-047,2026-05-07,118.04,2,2,59.02,Thursday,False,False
m-047,2026-05-08,382.8,5,3,76.56,Friday,False,False
m-047,2026-05-09,153.31,2,2,76.66,Saturday,True,False
m-047,2026-05-10,354.19,7,4,50.6,Sunday,True,False
m-047,2026-05-11,67.84,2,2,33.92,Monday,False,False
m-047,2026-05-12,354.88,4,1,88.72,Tuesday,False,False
m-047,2026-05-13,30.31,1,0,30.31,Wednesday,False,False
m-047,2026-05-14,171.51,2,1,85.76,Thursday,False,False
m-047,2026-05-15,304.41,4,2,76.1,Friday,False,False
m-047,2026-05-16,351.09,5,3,70.22,Saturday,True,False
m-047,2026-05-17,57.42,1,0,57.42,Sunday,True,False
m-047,2026-05-18,98.5,2,2,49.25,Monday,False,False
m-047,2026-05-19,337.56,2,1,168.78,Tuesday,False,False
m-047,2026-05-20,342.08,2,2,171.04,Wednesday,False,False
m-047,2026-05-21,460.69,4,3,115.17,Thursday,False,False
m-047,2026-05-22,190.05,2,2,95.02,Friday,False,False
m-047,2026-05-23,67.03,2,1,33.52,Saturday,True,False
m-047,2026-05-25,260.8,2,2,130.4,Monday,False,False
m-047,2026-05-26,315.37,2,2,157.68,Tuesday,False,False
m-047,2026-05-27,162.36,2,2,81.18,Wednesday,False,False
m-047,2026-05-28,384.14,3,3,128.05,Thursday,False,False
m-047,2026-05-29,339.4,4,2,84.85,Friday,False,False
m-047,2026-05-30,129.27,3,1,43.09,Saturday,True,False
m-047,2026-05-31,832.79,7,4,118.97,Sunday,True,False
m-047,2026-06-01,133.63,1,0,133.63,Monday,False,False
m-047,2026-06-03,133.63,1,1,133.63,Wednesday,False,False
m-047,2026-06-04,228.14,3,3,76.05,Thursday,False,False
m-047,2026-06-05,267.41,3,3,89.14,Friday,False,False
m-047,2026-06-06,1382.39,11,7,125.67,Saturday,True,False
m-047,2026-06-07,444.05,5,5,88.81,Sunday,True,False
m-047,2026-06-08,342.03,6,5,57.0,Monday,False,False
m-047,2026-06-09,527.13,7,5,75.3,Tuesday,False,False
m-047,2026-06-10,62.24,2,1,31.12,Wednesday,False,False
m-047,2026-06-11,266.81,3,2,88.94,Thursday,False,False
m-047,2026-06-12,488.22,5,4,97.64,Friday,False,False
m-047,2026-06-13,318.47,5,2,63.69,Saturday,True,False
m-047,2026-06-14,453.26,3,2,151.09,Sunday,True,False
m-047,2026-06-15,821.21,4,2,205.3,Monday,False,False
m-047,2026-06-16,589.46,7,3,84.21,Tuesday,False,False
m-047,2026-06-17,351.11,4,3,87.78,Wednesday,False,False
m-047,2026-06-18,176.08,3,3,58.69,Thursday,False,False
m-047,2026-06-19,480.76,3,2,160.25,Friday,False,False
m-047,2026-06-20,122.05,2,1,61.03,Saturday,True,False
m-047,2026-06-21,288.4,5,3,57.68,Sunday,True,False
m-047,2026-06-22,229.45,3,2,76.48,Monday,False,False
m-047,2026-06-23,79.87,1,1,79.87,Tuesday,False,False
m-047,2026-06-24,191.8,1,1,191.8,Wednesday,False,False
m-047,2026-06-25,105.82,2,1,52.91,Thursday,False,False
m-047,2026-06-26,404.07,4,3,101.02,Friday,False,False
m-047,2026-06-27,826.04,4,4,206.51,Saturday,True,False
m-047,2026-06-28,296.8,3,3,98.93,Sunday,True,False
m-047,2026-06-29,133.78,2,2,66.89,Monday,False,False
m-047,2026-06-30,500.96,5,5,100.19,Tuesday,False,False
m-047,2026-07-01,480.76,3,2,160.25,Wednesday,False,False
m-047,2026-07-02,180.09,3,1,60.03,Thursday,False,False
m-047,2026-07-03,124.46,3,2,41.49,Friday,False,False
m-047,2026-07-04,31.12,1,1,31.12,Saturday,True,False
m-047,2026-07-05,266.54,3,2,88.85,Sunday,True,False
m-047,2026-07-06,393.52,4,3,98.38,Monday,False,False
m-047,2026-07-07,516.45,6,4,86.08,Tuesday,False,False
m-047,2026-07-09,325.75,6,5,54.29,Thursday,False,False
m-047,2026-07-10,630.39,7,3,90.06,Friday,False,False
m-047,2026-07-11,99.41,2,0,49.7,Saturday,True,False
m-047,2026-07-12,362.56,4,2,90.64,Sunday,True,False
m-047,2026-07-13,767.08,6,2,127.85,Monday,False,False
m-047,2026-07-14,73.44,1,1,73.44,Tuesday,False,False
m-047,2026-07-15,467.57,6,5,77.93,Wednesday,False,False
m-047,2026-07-16,106.98,2,1,53.49,Thursday,False,False
m-047,2026-07-17,211.44,3,2,70.48,Friday,False,False
m-047,2026-07-18,255.63,3,2,85.21,Saturday,True,False
m-047,2026-07-19,481.44,3,1,160.48,Sunday,True,False
m-047,2026-07-21,351.42,5,3,70.28,Tuesday,False,False
m-047,2026-07-22,283.04,5,4,56.61,Wednesday,False,False
m-047,2026-07-23,698.97,3,1,232.99,Thursday,False,False
m-047,2026-07-24,571.76,4,2,142.94,Friday,False,False
m-047,2026-07-25,267.26,2,0,133.63,Saturday,True,False
m-047,2026-07-26,151.56,3,2,50.52,Sunday,True,False
m-047,2026-07-27,482.41,4,2,120.6,Monday,False,False
m-047,2026-07-28,127.02,2,1,63.51,Tuesday,False,False
m-047,2026-07-29,926.0,7,6,132.29,Wednesday,False,False
m-047,2026-07-30,126.52,2,1,63.26,Thursday,False,False
m-047,2026-07-31,262.34,2,2,131.17,Friday,False,False
m-047,2026-08-01,204.9,3,2,68.3,Saturday,True,False
m-047,2026-08-02,511.56,5,2,102.31,Sunday,True,False
m-047,2026-08-03,197.11,4,1,49.28,Monday,False,False
m-047,2026-08-04,494.84,4,4,123.71,Tuesday,False,False
m-047,2026-08-05,30.31,1,1,30.31,Wednesday,False,False
m-047,2026-08-06,222.42,3,2,74.14,Thursday,False,False
m-047,2026-08-07,211.07,4,3,52.77,Friday,False,False
m-047,2026-08-08,49.86,1,1,49.86,Saturday,True,False
m-047,2026-08-09,313.22,3,0,104.41,Sunday,True,False
m-047,2026-08-10,404.07,4,3,101.02,Monday,False,False
m-047,2026-08-11,61.43,2,1,30.72,Tuesday,False,False
m-047,2026-08-12,30.31,1,0,30.31,Wednesday,False,False
m-047,2026-08-13,312.46,4,3,78.12,Thursday,False,False
m-047,2026-08-14,95.9,1,1,95.9,Friday,False,False
m-047,2026-08-15,619.41,6,6,103.24,Saturday,True,True
m-047,2026-08-16,550.39,6,4,91.73,Sunday,True,False
m-047,2026-08-17,180.72,3,2,60.24,Monday,False,False
m-047,2026-08-18,98.15,3,3,32.72,Tuesday,False,False
m-047,2026-08-19,1315.62,9,6,146.18,Wednesday,False,False
m-047,2026-08-20,374.42,5,4,74.88,Thursday,False,False
m-047,2026-08-21,118.96,2,1,59.48,Friday,False,False
m-047,2026-08-22,57.42,1,1,57.42,Saturday,True,False
m-047,2026-08-23,507.88,4,3,126.97,Sunday,True,False
m-047,2026-08-24,183.84,3,1,61.28,Monday,False,False
m-047,2026-08-25,336.26,4,4,84.06,Tuesday,False,False
m-047,2026-08-26,131.34,3,2,43.78,Wednesday,False,False
m-047,2026-08-27,574.44,6,4,95.74,Thursday,False,False
m-047,2026-08-28,434.32,6,4,72.39,Friday,False,True
m-047,2026-08-29,497.3,3,3,165.77,Saturday,True,False
m-047,2026-08-30,427.6,4,3,106.9,Sunday,True,False
m-047,2026-08-31,133.63,1,0,133.63,Monday,False,False
m-047,2026-09-01,431.2,2,1,215.6,Tuesday,False,False
m-047,2026-09-03,49.86,1,1,49.86,Thursday,False,False
m-047,2026-09-04,1104.29,6,4,184.05,Friday,False,False
m-047,2026-09-05,199.63,4,4,49.91,Saturday,True,False
m-047,2026-09-06,562.97,8,4,70.37,Sunday,True,False
m-047,2026-09-07,160.03,3,1,53.34,Monday,False,False
m-047,2026-09-08,60.62,1,1,60.62,Tuesday,False,False
m-047,2026-09-09,110.18,2,2,55.09,Wednesday,False,False
m-047,2026-09-10,153.32,2,0,76.66,Thursday,False,False
m-047,2026-09-11,267.26,1,1,267.26,Friday,False,False
m-047,2026-09-12,393.78,4,2,98.44,Saturday,True,False
m-047,2026-09-13,37.88,1,1,37.88,Sunday,True,False
m-047,2026-09-14,170.35,2,2,85.18,Monday,False,False
m-047,2026-09-15,612.37,6,4,102.06,Tuesday,False,False
m-047,2026-09-16,225.0,3,1,75.0,Wednesday,False,False
m-047,2026-09-17,325.04,4,3,81.26,Thursday,False,False
